,WELL,RFP_Intensity,GFP_Intensity,DAPI_Intensity,NucleusArea,CELL,DRUG_1,DRUG_TIME_MINUTES_1,DRUG_2,DRUG_TIME_MINUTES_2,EXPERIMENT,ROW,COLUMN,GFP_Intensity_BGS,RFP_Intensity_BGS,RFP_Intensity_Fraction,RFP_Intensity_Fraction2,DRUG_2_TIME_IN,RFP_Intensity_Decay,Log_RFP_Intensity_Decay,TIME_HR,DRUG_2_TIME_HOURS
21,D04,176.53468201818063,175.70326440452976,215.74253723738462,1642.7621604548326,HCT116 mChPOLR2A Clone 2,Vehicle,1440,Vehicle,30,250512_mACmChPOLR2A_Inhibitors_Chase,D,04,-0.26844333148829946,42.400123130524236,0.9904171795689812,0.9904171795689812,0,0.9904171795689812,-0.00962903111078786,0.5,0.0
22,D05,172.79532439531684,176.4067767934963,209.29970478883823,1713.1513255883228,HCT116 mChPOLR2A Clone 2,Vehicle,1440,Leptomycin 10 ng/mL,30,250512_mACmChPOLR2A_Inhibitors_Chase,D,05,0.43506905747824476,38.66076550766044,0.9030701683625367,0.9030701683625367,30,0.9030701683625367,-0.10195502275625618,0.5,0.5
23,D06,175.20744765694175,175.97125983694085,214.77400451467165,1643.0618695359785,HCT116 mChPOLR2A Clone 2,Vehicle,1440,Cycloheximide 50 µg/mL,30,250512_mACmChPOLR2A_Inhibitors_Chase,D,06,-0.00044789907721565214,41.072888769285356,0.9594145405285555,0.9594145405285555,30,0.9594145405285555,-0.041432034172700194,0.5,0.5
24,D07,175.95813976872796,175.57502134848292,214.97863816014927,1669.330658105939,HCT116 mChPOLR2A Clone 2,Vehicle,1440,Vehicle,30,250512_mACmChPOLR2A_Inhibitors_Chase,D,07,-0.39668638753514074,41.823580881071564,0.9769498283811685,0.9769498283811685,0,0.9769498283811685,-0.023319980989610644,0.5,0.0
25,D08,177.17313623800067,175.90500904209102,217.97843324844803,1728.9233257845358,HCT116 mChPOLR2A Clone 2,Vehicle,1440,Leptomycin 10 ng/mL,30,250512_mACmChPOLR2A_Inhibitors_Chase,D,08,-0.06669869392703731,43.03857735034427,1.0053307218181746,1.0053307218181746,30,1.0053307218181746,0.005316563813259133,0.5,0.5
26,D09,176.11747232780593,175.82133327183436,219.19940233502297,1618.3582797155434,HCT116 mChPOLR2A Clone 2,Vehicle,1440,Cycloheximide 50 µg/mL,30,250512_mACmChPOLR2A_Inhibitors_Chase,D,09,-0.15037446418369882,41.98291344014953,0.9806716502091316,0.9806716502091316,30,0.9806716502091316,-0.019517584711363247,0.5,0.5
27,D10,166.49976524863928,226.51860549418456,282.5752803264519,1411.976370510397,HCT116 OsTIRF74G mAC/mCh-POLR2A Clone 1,Vehicle,1440,Vehicle,30,250512_mACmChPOLR2A_Inhibitors_Chase,D,10,50.546897758166494,32.36520636098288,0.7560132856580313,0.7560132856580313,0,1.0848919683085516,0.08148041365594764,0.5,0.0
28,D11,160.5402191504617,221.3379220371546,269.87396207708696,1690.9904912836766,HCT116 OsTIRF74G mAC/mCh-POLR2A Clone 1,Vehicle,1440,Leptomycin 10 ng/mL,30,250512_mACmChPOLR2A_Inhibitors_Chase,D,11,45.36621430113655,26.4056602628053,0.6168052739289532,0.6168052739289532,30,0.8851260955201824,-0.1220251633098692,0.5,0.5
29,D12,165.0721725825466,229.1594364427493,283.2421683605655,1451.8830734966593,HCT116 OsTIRF74G mAC/mCh-POLR2A Clone 1,Vehicle,1440,Cycloheximide 50 µg/mL,30,250512_mACmChPOLR2A_Inhibitors_Chase,D,12,53.187728706731235,30.937613694890217,0.722666394245186,0.722666394245186,30,1.0370386099772042,0.03636916093345719,0.5,0.5
30,D13,176.91602842320208,179.72202229981525,280.8148174354886,1429.1510791366907,HCT116 OsTIRF74G mAC/mCh-POLR2A Clone 1,10 µM 5PhIAA,1440,Vehicle,30,250512_mACmChPOLR2A_Inhibitors_Chase,D,13,3.7503145637971897,42.78146953554568,0.9993249846179767,0.9993249846179767,0,1.012327858614751,0.012252489361205652,0.5,0.0
31,D14,168.92362437032915,179.52433161796236,264.528625004206,1825.1884262526464,HCT116 OsTIRF74G mAC/mCh-POLR2A Clone 1,10 µM 5PhIAA,1440,Leptomycin 10 ng/mL,30,250512_mACmChPOLR2A_Inhibitors_Chase,D,14,3.5526238819442995,34.789065482672754,0.8126317937596833,0.8126317937596833,30,0.8232054799805569,-0.19454943755957962,0.5,0.5
32,D15,175.73322352375857,179.95500372313,292.4404980232924,1401.1212367778683,HCT116 OsTIRF74G mAC/mCh-POLR2A Clone 1,10 µM 5PhIAA,1440,Cycloheximide 50 µg/mL,30,250512_mACmChPOLR2A_Inhibitors_Chase,D,15,3.983295987111944,41.59866463610217,0.9716960485207637,0.9716960485207637,30,0.9843394242759581,-0.015784498039294118,0.5,0.5
33,D16,163.78899738431184,225.66349276765945,283.91769610295563,1356.1089430894308,HCT116 OsTIRF74G mAC/mCh-POLR2A Clone 1,Vehicle,1440,Vehicle,30,250512_mACmChPOLR2A_Inhibitors_Chase,D,16,49.69178503164139,29.654438496655445,0.6926929256112321,0.6926929256112321,0,0.9940261709100502,-0.005991743788811691,0.5,0.0
34,D17,160.52177336624925,217.1042218249288,264.242908858626,1733.2534081796312,HCT116 OsTIRF74G mAC/mCh-POLR2A Clone 1,Vehicle,1440,Leptomycin 10 ng/mL,30,250512_mACmChPOLR2A_Inhibitors_Chase,D,17,41.13251408891074,26.387214478592853,0.6163744020298696,0.6163744020298696,30,0.8845077869910157,-0.12272396158722841,0.5,0.5
35,D18,163.4894678481136,226.86652316577087,279.0504558969216,1471.5370705244122,HCT116 OsTIRF74G mAC/mCh-POLR2A Clone 1,Vehicle,1440,Cycloheximide 50 µg/mL,30,250512_mACmChPOLR2A_Inhibitors_Chase,D,18,50.89481542975281,29.35490896045721,0.6856962667212136,0.6856962667212136,30,0.9839858459861716,-0.016143766193731413,0.5,0.5
36,D19,180.545034303217,179.6430985756883,315.57932453346643,1310.5704697986578,HCT116 OsTIRF74G mAC/mCh-POLR2A Clone 1,10 µM 5PhIAA,1440,Vehicle,30,250512_mACmChPOLR2A_Inhibitors_Chase,D,19,3.671390839670238,46.4104754155606,1.084094308453645,1.084094308453645,0,1.0982001718218382,0.09367263232031568,0.5,0.0
37,D20,171.46909472073278,180.60570326939185,282.54183421872244,1733.2449567723343,HCT116 OsTIRF74G mAC/mCh-POLR2A Clone 1,10 µM 5PhIAA,1440,Leptomycin 10 ng/mL,30,250512_mACmChPOLR2A_Inhibitors_Chase,D,20,4.633995533373792,37.33453583307639,0.8720909976247845,0.8720909976247845,30,0.8834383466157348,-0.12393377277478881,0.5,0.5
38,D21,177.06959074606957,179.59680891769594,292.5867419348693,1474.6230580539657,HCT116 OsTIRF74G mAC/mCh-POLR2A Clone 1,10 µM 5PhIAA,1440,Cycloheximide 50 µg/mL,30,250512_mACmChPOLR2A_Inhibitors_Chase,D,21,3.625101181677877,42.93503185841317,1.0029120204912991,1.0029120204912991,30,1.0159615677687384,0.015835521441557903,0.5,0.5
41,E04,177.47704546460838,176.16086554899192,208.0926076332236,1619.84328817734,HCT116 mChPOLR2A Clone 2,Vehicle,1440,Vehicle,60,250512_mACmChPOLR2A_Inhibitors_Chase,E,04,0.18915781297386047,43.342486576951984,1.0124296851427672,1.0124296851427672,0,1.0124296851427672,0.012353070814442799,1.0,0.0
42,E05,173.8048867741472,176.94936357347962,204.30105496509108,1647.5314853871648,HCT116 mChPOLR2A Clone 2,Vehicle,1440,Leptomycin 10 ng/mL,60,250512_mACmChPOLR2A_Inhibitors_Chase,E,05,0.9776558374615547,39.67032788649081,0.9266523622340516,0.9266523622340516,60,0.9266523622340516,-0.07617679752278088,1.0,1.0
43,E06,176.45425515658093,176.684733358483,211.52591710586523,1619.1803336883208,HCT116 mChPOLR2A Clone 2,Vehicle,1440,Cycloheximide 50 µg/mL,60,250512_mACmChPOLR2A_Inhibitors_Chase,E,06,0.7130256224649258,42.31969626892453,0.9885385023495319,0.9885385023495319,60,0.9885385023495319,-0.011527686852282086,1.0,1.0
44,E07,176.8635067006022,176.04610464995136,204.36855636961238,1641.5018393623543,HCT116 mChPOLR2A Clone 2,Vehicle,1440,Vehicle,60,250512_mACmChPOLR2A_Inhibitors_Chase,E,07,0.07439691393329895,42.72894781294579,0.9980981387382287,0.9980981387382287,0,0.9980981387382287,-0.0019036720962356563,1.0,0.0
45,E08,172.10986465481596,175.17932114466677,210.5334959461763,1723.2658994548758,HCT116 mChPOLR2A Clone 2,Vehicle,1440,Leptomycin 10 ng/mL,60,250512_mACmChPOLR2A_Inhibitors_Chase,E,08,-0.7923865913512884,37.97530576715957,0.8870586322449394,0.8870586322449394,60,0.8870586322449394,-0.11984419711542334,1.0,1.0
46,E09,175.1101731188942,176.57225880684297,213.2767153108643,1622.971183800623,HCT116 mChPOLR2A Clone 2,Vehicle,1440,Cycloheximide 50 µg/mL,60,250512_mACmChPOLR2A_Inhibitors_Chase,E,09,0.6005510708249062,40.97561423123781,0.9571423213342776,0.9571423213342776,60,0.9571423213342776,-0.043803182458558125,1.0,1.0
47,E10,164.23354768237436,228.3544858056552,277.46141947382847,1356.6025641025642,HCT116 OsTIRF74G mAC/mCh-POLR2A Clone 1,Vehicle,1440,Vehicle,60,250512_mACmChPOLR2A_Inhibitors_Chase,E,10,52.38277806963714,30.098988794717968,0.7030770995210165,0.7030770995210165,0,1.0089276377042993,0.008888021955592287,1.0,0.0
48,E11,158.77564390916362,220.04671958411666,255.92614984820224,1756.333984375,HCT116 OsTIRF74G mAC/mCh-POLR2A Clone 1,Vehicle,1440,Leptomycin 10 ng/mL,60,250512_mACmChPOLR2A_Inhibitors_Chase,E,11,44.0750118480986,24.641085021507223,0.5755868645332142,0.5755868645332142,60,0.8259769745348692,-0.19118838171547398,1.0,1.0
49,E12,162.9914333481471,228.8436273317732,275.65860261974603,1438.518607442977,HCT116 OsTIRF74G mAC/mCh-POLR2A Clone 1,Vehicle,1440,Cycloheximide 50 µg/mL,60,250512_mACmChPOLR2A_Inhibitors_Chase,E,12,52.871919595755145,28.8568744604907,0.6740627645432501,0.6740627645432501,60,0.9672915718039562,-0.03325530694649621,1.0,1.0
50,E13,179.92218882979043,180.71659866295056,295.5769412788932,1477.1925795053003,HCT116 OsTIRF74G mAC/mCh-POLR2A Clone 1,10 µM 5PhIAA,1440,Vehicle,60,250512_mACmChPOLR2A_Inhibitors_Chase,E,13,4.744890926932499,45.78762994213403,1.0695453682253477,1.0695453682253477,0,1.0834619257726246,0.08016140134235612,1.0,0.0
51,E14,166.503163120143,178.80011961087695,248.8851859604428,1742.4984690753215,HCT116 OsTIRF74G mAC/mCh-POLR2A Clone 1,10 µM 5PhIAA,1440,Leptomycin 10 ng/mL,60,250512_mACmChPOLR2A_Inhibitors_Chase,E,14,2.8284118748588867,32.368604232486604,0.756092655953747,0.756092655953747,60,0.7659306743027142,-0.2666636168584974,1.0,1.0
52,E15,171.87346003462613,179.52104207206062,272.39556412498735,1518.2117834394905,HCT116 OsTIRF74G mAC/mCh-POLR2A Clone 1,10 µM 5PhIAA,1440,Cycloheximide 50 µg/mL,60,250512_mACmChPOLR2A_Inhibitors_Chase,E,15,3.5493343360425627,37.73890114696974,0.8815364974047949,0.8815364974047949,60,0.8930067479996944,-0.11316114158357898,1.0,1.0
53,E16,165.91881177187898,235.03021414715494,289.41604725263187,1391.7282608695652,HCT116 OsTIRF74G mAC/mCh-POLR2A Clone 1,Vehicle,1440,Vehicle,60,250512_mACmChPOLR2A_Inhibitors_Chase,E,16,59.058506411136875,31.78425288422258,0.7424428933706677,0.7424428933706677,0,1.0654182237611358,0.06336742044282861,1.0,0.0
54,E17,160.0683523413975,222.50059689703826,267.731158277756,1730.007402422611,HCT116 OsTIRF74G mAC/mCh-POLR2A Clone 1,Vehicle,1440,Leptomycin 10 ng/mL,60,250512_mACmChPOLR2A_Inhibitors_Chase,E,17,46.5288891610202,25.933793453741117,0.6057830183395794,0.6057830183395794,60,0.8693089706251514,-0.14005666958403182,1.0,1.0
55,E18,163.9211096848248,229.62967852859904,276.2180818776707,1411.64010989011,HCT116 OsTIRF74G mAC/mCh-POLR2A Clone 1,Vehicle,1440,Cycloheximide 50 µg/mL,60,250512_mACmChPOLR2A_Inhibitors_Chase,E,18,53.65797079258098,29.786550797168417,0.6957789141037096,0.6957789141037096,60,0.998454617067405,-0.0015465782684589845,1.0,1.0
56,E19,181.69623687335474,180.2759282512385,304.78684851057,1296.598275862069,HCT116 OsTIRF74G mAC/mCh-POLR2A Clone 1,10 µM 5PhIAA,1440,Vehicle,60,250512_mACmChPOLR2A_Inhibitors_Chase,E,19,4.304220515220436,47.56167798569834,1.110985051179049,1.110985051179049,0,1.1254408076698201,0.11817478795127195,1.0,0.0
57,E20,168.5229808352156,179.06212732853618,260.132160063929,1751.3562119895744,HCT116 OsTIRF74G mAC/mCh-POLR2A Clone 1,10 µM 5PhIAA,1440,Leptomycin 10 ng/mL,60,250512_mACmChPOLR2A_Inhibitors_Chase,E,20,3.090419592518117,34.38842194755921,0.8032732303697095,0.8032732303697095,60,0.8137251461731276,-0.2061326282629551,1.0,1.0
58,E21,179.06248973133106,179.63648938117328,297.7060728086034,1425.4979702300407,HCT116 OsTIRF74G mAC/mCh-POLR2A Clone 1,10 µM 5PhIAA,1440,Cycloheximide 50 µg/mL,60,250512_mACmChPOLR2A_Inhibitors_Chase,E,21,3.664781645155216,44.92793084367466,1.0494638049300478,1.0494638049300478,60,1.0631190680623885,0.061207104434504576,1.0,1.0
61,F04,175.62346641148721,175.27495318481988,210.45310311269313,1600.4563359345968,HCT116 mChPOLR2A Clone 2,Vehicle,1440,Vehicle,120,250512_mACmChPOLR2A_Inhibitors_Chase,F,04,-0.6967545511981825,41.48890752383082,0.969132251023318,0.969132251023318,0,0.969132251023318,-0.03135419443997828,2.0,0.0
62,F05,170.7585619665995,175.00742862009233,204.96034124121246,1668.0477679840774,HCT116 mChPOLR2A Clone 2,Vehicle,1440,Leptomycin 10 ng/mL,120,250512_mACmChPOLR2A_Inhibitors_Chase,F,05,-0.9642791159257342,36.624003078943105,0.8554937852965625,0.8554937852965625,120,0.8554937852965625,-0.15607645008707263,2.0,2.0
63,F06,170.73268266194037,175.55372715933444,209.00043438813364,1689.3917825946296,HCT116 mChPOLR2A Clone 2,Vehicle,1440,Cycloheximide 50 µg/mL,120,250512_mACmChPOLR2A_Inhibitors_Chase,F,06,-0.4179805766836182,36.59812377428398,0.8548892750725994,0.8548892750725994,120,0.8548892750725994,-0.15678332127065858,2.0,2.0
64,F07,176.58151354685253,175.45395646122785,213.5677942715202,1686.5306641245631,HCT116 mChPOLR2A Clone 2,Vehicle,1440,Vehicle,120,250512_mACmChPOLR2A_Inhibitors_Chase,F,07,-0.5177512747902142,42.44695465919614,0.9915111091879907,0.9915111091879907,0,0.9915111091879907,-0.00852512665944714,2.0,0.0
65,F08,171.683817807781,175.81164994191838,214.14167802311502,1686.0127983396749,HCT116 mChPOLR2A Clone 2,Vehicle,1440,Leptomycin 10 ng/mL,120,250512_mACmChPOLR2A_Inhibitors_Chase,F,08,-0.16005779409968568,37.5492589201246,0.8771066772634489,0.8771066772634489,120,0.8771066772634489,-0.13112665516648117,2.0,2.0
66,F09,173.12207573881048,175.44428325733682,218.65791320462756,1696.3760092272203,HCT116 mChPOLR2A Clone 2,Vehicle,1440,Cycloheximide 50 µg/mL,120,250512_mACmChPOLR2A_Inhibitors_Chase,F,09,-0.5274244786812403,38.98751685115408,0.9107026967645679,0.9107026967645679,120,0.9107026967645679,-0.09353878321304723,2.0,2.0
67,F10,163.8466043298668,229.5403392377894,255.6278338866264,1448.8148148148148,HCT116 OsTIRF74G mAC/mCh-POLR2A Clone 1,Vehicle,1440,Vehicle,120,250512_mACmChPOLR2A_Inhibitors_Chase,F,10,53.568631501771335,29.71204544221041,0.6940385563388717,0.6940385563388717,0,0.9959571739710013,-0.004051020343063306,2.0,0.0
68,F11,156.68673077401624,217.58617004900753,248.71418032727374,1655.9081481481483,HCT116 OsTIRF74G mAC/mCh-POLR2A Clone 1,Vehicle,1440,Leptomycin 10 ng/mL,120,250512_mACmChPOLR2A_Inhibitors_Chase,F,11,41.614462312989474,22.552171886359844,0.5267923020903554,0.5267923020903554,120,0.755955944619619,-0.27977217881329103,2.0,2.0
69,F12,161.07135643573062,228.1062599742275,275.6381736763426,1508.8067226890757,HCT116 OsTIRF74G mAC/mCh-POLR2A Clone 1,Vehicle,1440,Cycloheximide 50 µg/mL,120,250512_mACmChPOLR2A_Inhibitors_Chase,F,12,52.13455223820944,26.936797548074225,0.6292120183721379,0.6292120183721379,120,0.9029299855504379,-0.10211026395274957,2.0,2.0
70,F13,178.15817124108054,181.35898423321947,280.174519959245,1422.0442043222004,HCT116 OsTIRF74G mAC/mCh-POLR2A Clone 1,10 µM 5PhIAA,1440,Vehicle,120,250512_mACmChPOLR2A_Inhibitors_Chase,F,13,5.387276497201412,44.02361235342414,1.0283399849404495,1.0283399849404495,0,1.0417203921711735,0.040873569674560566,2.0,0.0
71,F14,166.16591235077428,178.94880423162633,261.08457802454785,1727.3151298119965,HCT116 OsTIRF74G mAC/mCh-POLR2A Clone 1,10 µM 5PhIAA,1440,Leptomycin 10 ng/mL,120,250512_mACmChPOLR2A_Inhibitors_Chase,F,14,2.977096495608265,32.03135346311788,0.7482148732695458,0.7482148732695458,120,0.7579503886117902,-0.277137345861959,2.0,2.0
72,F15,168.86233596132007,178.172322556375,265.50067841542705,1547.9168110918545,HCT116 OsTIRF74G mAC/mCh-POLR2A Clone 1,10 µM 5PhIAA,1440,Cycloheximide 50 µg/mL,120,250512_mACmChPOLR2A_Inhibitors_Chase,F,15,2.2006148203569467,34.727777073663674,0.8112001683607621,0.8112001683607621,120,0.8217552267628988,-0.19631270593123523,2.0,2.0
73,F16,166.16626379308522,232.245951647446,282.97539015664614,1407.8018120045301,HCT116 OsTIRF74G mAC/mCh-POLR2A Clone 1,Vehicle,1440,Vehicle,120,250512_mACmChPOLR2A_Inhibitors_Chase,F,16,56.27424391142793,32.031704905428825,0.7482230825500075,0.7482230825500075,0,1.0737128938878806,0.07112263622246885,2.0,0.0
74,F17,158.0888403656602,220.52434732734827,261.40766578230443,1781.593220338983,HCT116 OsTIRF74G mAC/mCh-POLR2A Clone 1,Vehicle,1440,Leptomycin 10 ng/mL,120,250512_mACmChPOLR2A_Inhibitors_Chase,F,17,44.552639591330205,23.954281478003793,0.5595439387525352,0.5595439387525352,120,0.8029551022241469,-0.21945647914630242,2.0,2.0
75,F18,163.85839278624175,233.57084940147388,291.93730357861955,1439.0854037267081,HCT116 OsTIRF74G mAC/mCh-POLR2A Clone 1,Vehicle,1440,Cycloheximide 50 µg/mL,120,250512_mACmChPOLR2A_Inhibitors_Chase,F,18,57.59914166545582,29.723833898585355,0.6943139208626585,0.6943139208626585,120,0.9963523267624678,-0.0036543422200080327,2.0,2.0
76,F19,177.96191056235241,180.20164648746731,289.2361547245922,1377.4705882352941,HCT116 OsTIRF74G mAC/mCh-POLR2A Clone 1,10 µM 5PhIAA,1440,Vehicle,120,250512_mACmChPOLR2A_Inhibitors_Chase,F,19,4.229938751449254,43.82735167469602,1.0237555655205384,1.0237555655205384,0,1.0370763218579262,0.036405525244949596,2.0,0.0
77,F20,166.63299518549536,179.39351936429327,263.1702371619793,1815.6416097190586,HCT116 OsTIRF74G mAC/mCh-POLR2A Clone 1,10 µM 5PhIAA,1440,Leptomycin 10 ng/mL,120,250512_mACmChPOLR2A_Inhibitors_Chase,F,20,3.421811628275208,32.498436297838964,0.7591253808255134,0.7591253808255134,120,0.7690028599504859,-0.2626605904320617,2.0,2.0
78,F21,174.78520786671066,177.93683736691938,291.02937899904015,1459.9374233128835,HCT116 OsTIRF74G mAC/mCh-POLR2A Clone 1,10 µM 5PhIAA,1440,Cycloheximide 50 µg/mL,120,250512_mACmChPOLR2A_Inhibitors_Chase,F,21,1.9651296309013162,40.65064897905427,0.9495515139317905,0.9495515139317905,120,0.9619067525970394,-0.03883776378682979,2.0,2.0
81,G04,179.9319423689679,176.48475025315346,211.55218641008372,1650.9850318471338,HCT116 mChPOLR2A Clone 2,Vehicle,1440,Vehicle,240,250512_mACmChPOLR2A_Inhibitors_Chase,G,04,0.5130425171354034,45.7973834813115,1.0697731994685076,1.0697731994685076,0,1.0697731994685076,0.06744666289291484,4.0,0.0
82,G05,165.27497923541605,175.37463582689392,211.63305096808696,1752.759292674125,HCT116 mChPOLR2A Clone 2,Vehicle,1440,Leptomycin 10 ng/mL,240,250512_mACmChPOLR2A_Inhibitors_Chase,G,05,-0.5970719091241392,31.140420347759658,0.7274037199485676,0.7274037199485676,240,0.7274037199485676,-0.3182736324080006,4.0,4.0
83,G06,162.54680943089804,175.5765933369424,208.44333284834036,1744.6658361881034,HCT116 mChPOLR2A Clone 2,Vehicle,1440,Cycloheximide 50 µg/mL,240,250512_mACmChPOLR2A_Inhibitors_Chase,G,06,-0.39511439907565205,28.41225054324164,0.6636768709755565,0.6636768709755565,240,0.6636768709755565,-0.40995988805047784,4.0,4.0
84,G07,177.0609292120667,175.85903997154438,214.81341662997912,1691.9626312538603,HCT116 mChPOLR2A Clone 2,Vehicle,1440,Vehicle,240,250512_mACmChPOLR2A_Inhibitors_Chase,G,07,-0.11266776447368443,42.9263703244103,1.0027096972090894,1.0027096972090894,0,1.0027096972090894,0.00270603259810503,4.0,0.0
85,G08,163.6862983402047,175.12846977741762,214.16934512293682,1793.366718027735,HCT116 mChPOLR2A Clone 2,Vehicle,1440,Leptomycin 10 ng/mL,240,250512_mACmChPOLR2A_Inhibitors_Chase,G,08,-0.8432379586004402,29.551739452548304,0.6902939963134113,0.6902939963134113,240,0.6902939963134113,-0.37063769052418705,4.0,4.0
86,G09,163.46387368103217,175.7403119549426,220.15872477130347,1781.2498416719443,HCT116 mChPOLR2A Clone 2,Vehicle,1440,Cycloheximide 50 µg/mL,240,250512_mACmChPOLR2A_Inhibitors_Chase,G,09,-0.231395781075463,29.329314793375772,0.6850984169768584,0.6850984169768584,240,0.6850984169768584,-0.3781927766213213,4.0,4.0
87,G10,164.17303000150878,228.9470993084229,264.62378717559324,1609.98393194707,HCT116 OsTIRF74G mAC/mCh-POLR2A Clone 1,Vehicle,1440,Vehicle,240,250512_mACmChPOLR2A_Inhibitors_Chase,G,10,52.975391572404845,30.03847111385238,0.7016634774281646,0.7016634774281646,0,1.006899065873814,0.00687537621411747,4.0,0.0
88,G11,155.57887880851877,214.97919436143772,261.94405941972195,1663.3114893617021,HCT116 OsTIRF74G mAC/mCh-POLR2A Clone 1,Vehicle,1440,Leptomycin 10 ng/mL,240,250512_mACmChPOLR2A_Inhibitors_Chase,G,11,39.00748662541966,21.44431992086237,0.5009141786785379,0.5009141786785379,240,0.7188203958442534,-0.33014374962240706,4.0,4.0
89,G12,155.24782743004283,213.73655565753015,268.0802079465358,1581.9885386819485,HCT116 OsTIRF74G mAC/mCh-POLR2A Clone 1,Vehicle,1440,Cycloheximide 50 µg/mL,240,250512_mACmChPOLR2A_Inhibitors_Chase,G,12,37.764847921512086,21.113268542386436,0.4931812064993484,0.4931812064993484,240,0.7077234487832581,-0.34570187065920377,4.0,4.0
90,G13,174.4315669256064,179.6976278096055,276.83881429802864,1537.8753568030447,HCT116 OsTIRF74G mAC/mCh-POLR2A Clone 1,10 µM 5PhIAA,1440,Vehicle,240,250512_mACmChPOLR2A_Inhibitors_Chase,G,13,3.725920073587446,40.29700803795001,0.9412908760466034,0.9412908760466034,0,0.9535386301245486,-0.04757534073553972,4.0,0.0
91,G14,163.34461183128772,178.947657362264,261.30749397163714,1717.579982126899,HCT116 OsTIRF74G mAC/mCh-POLR2A Clone 1,10 µM 5PhIAA,1440,Leptomycin 10 ng/mL,240,250512_mACmChPOLR2A_Inhibitors_Chase,G,14,2.9759496262459493,29.210052943631325,0.6823125999524489,0.6823125999524489,240,0.6911906175144582,-0.36933963578225393,4.0,4.0
92,G15,168.37149314818666,178.59048776332412,282.1637224937954,1556.0491551459293,HCT116 OsTIRF74G mAC/mCh-POLR2A Clone 1,10 µM 5PhIAA,1440,Cycloheximide 50 µg/mL,240,250512_mACmChPOLR2A_Inhibitors_Chase,G,15,2.618780027306059,34.23693426053026,0.7997346555579156,0.7997346555579156,240,0.8101405286393821,-0.2105475542162894,4.0,4.0
93,G16,163.65735816892098,226.00250958337557,273.2150597593425,1489.0292044310172,HCT116 OsTIRF74G mAC/mCh-POLR2A Clone 1,Vehicle,1440,Vehicle,240,250512_mACmChPOLR2A_Inhibitors_Chase,G,16,50.03080184735751,29.522799281264582,0.6896179878327088,0.6896179878327088,0,0.9896135827158297,-0.010440732537432067,4.0,0.0
94,G17,154.79052813986058,211.28539613028872,261.79279687035074,1683.194867682438,HCT116 OsTIRF74G mAC/mCh-POLR2A Clone 1,Vehicle,1440,Leptomycin 10 ng/mL,240,250512_mACmChPOLR2A_Inhibitors_Chase,G,17,35.313688394270656,20.655969252204187,0.4824992310766133,0.4824992310766133,240,0.6923946317351453,-0.367599208836734,4.0,4.0
95,G18,156.9199979346475,218.7361030050445,280.1911814167432,1577.188318227593,HCT116 OsTIRF74G mAC/mCh-POLR2A Clone 1,Vehicle,1440,Cycloheximide 50 µg/mL,240,250512_mACmChPOLR2A_Inhibitors_Chase,G,18,42.76439526902644,22.785439046991115,0.5322411495525969,0.5322411495525969,240,0.7637751337270948,-0.269481860720817,4.0,4.0
96,G19,176.23360971695834,180.188602862778,291.8140929657071,1505.1443994601889,HCT116 OsTIRF74G mAC/mCh-POLR2A Clone 1,10 µM 5PhIAA,1440,Vehicle,240,250512_mACmChPOLR2A_Inhibitors_Chase,G,19,4.216895126759937,42.099050829301945,0.9833844834962603,0.9833844834962603,0,0.9961799451589876,-0.0038273698856970293,4.0,0.0
97,G20,163.98556335487075,180.4777172818721,263.09866802648344,1631.7746947835738,HCT116 OsTIRF74G mAC/mCh-POLR2A Clone 1,10 µM 5PhIAA,1440,Leptomycin 10 ng/mL,240,250512_mACmChPOLR2A_Inhibitors_Chase,G,20,4.5060095458540275,29.851004467214352,0.697284476290481,0.697284476290481,240,0.706357302773027,-0.34763407493220566,4.0,4.0
98,G21,168.00504371931606,178.2983549830663,287.8992722235614,1498.7989864864865,HCT116 OsTIRF74G mAC/mCh-POLR2A Clone 1,10 µM 5PhIAA,1440,Cycloheximide 50 µg/mL,240,250512_mACmChPOLR2A_Inhibitors_Chase,G,21,2.3266472470482427,33.87048483165967,0.7911748264112073,0.7911748264112073,240,0.8014693219312782,-0.22130858348380938,4.0,4.0
101,H04,179.44411735723037,175.90982859358104,211.76984791635257,1618.5118724559022,HCT116 mChPOLR2A Clone 2,Vehicle,1440,Vehicle,480,250512_mACmChPOLR2A_Inhibitors_Chase,H,04,-0.06187914243702153,45.30955846957397,1.058378178969134,1.058378178969134,0,1.058378178969134,0.05673771660790293,8.0,0.0
102,H05,158.93904134240168,176.13969385685274,218.0574673332124,1775.2937085045842,HCT116 mChPOLR2A Clone 2,Vehicle,1440,Leptomycin 10 ng/mL,480,250512_mACmChPOLR2A_Inhibitors_Chase,H,05,0.16798612083468356,24.804482454745283,0.5794036370571587,0.5794036370571587,480,0.5794036370571587,-0.5457559163846445,8.0,8.0
103,H06,157.85060523852832,175.87648225832115,220.8136732932836,1853.8176445757704,HCT116 mChPOLR2A Clone 2,Vehicle,1440,Cycloheximide 50 µg/mL,480,250512_mACmChPOLR2A_Inhibitors_Chase,H,06,-0.09522547769691414,23.71604635087192,0.5539790454157434,0.5539790454157434,480,0.5539790454157434,-0.5906284171095127,8.0,8.0
104,H07,178.25624248944015,176.24012102879402,222.31808318365063,1665.9572916666666,HCT116 mChPOLR2A Clone 2,Vehicle,1440,Vehicle,480,250512_mACmChPOLR2A_Inhibitors_Chase,H,07,0.2684132927759606,44.12168360178376,1.0306308143538012,1.0306308143538012,0,1.0306308143538012,0.030171055896214063,8.0,0.0
105,H08,159.71879283794505,176.64051190256117,215.77263016108057,1798.071566110398,HCT116 mChPOLR2A Clone 2,Vehicle,1440,Leptomycin 10 ng/mL,480,250512_mACmChPOLR2A_Inhibitors_Chase,H,08,0.6688041665431115,25.58423395028865,0.597617718054126,0.597617718054126,480,0.597617718054126,-0.5148039969180933,8.0,8.0
106,H09,157.8184460948449,176.56387345591395,221.38712643380555,1803.0914444059576,HCT116 mChPOLR2A Clone 2,Vehicle,1440,Cycloheximide 50 µg/mL,480,250512_mACmChPOLR2A_Inhibitors_Chase,H,09,0.5921657198958883,23.68388720718849,0.553227845512709,0.553227845512709,480,0.553227845512709,-0.591985345113577,8.0,8.0
107,H10,162.93454051449956,229.52958250094264,265.07431636851857,1570.1796707229778,HCT116 OsTIRF74G mAC/mCh-POLR2A Clone 1,Vehicle,1440,Vehicle,480,250512_mACmChPOLR2A_Inhibitors_Chase,H,10,53.55787476492458,28.799981626843163,0.6727338146327646,0.6727338146327646,0,0.965384506000324,-0.03522880519018756,8.0,0.0
108,H11,150.69138000380462,203.1879911857049,249.2464768751968,1708.1993355481727,HCT116 OsTIRF74G mAC/mCh-POLR2A Clone 1,Vehicle,1440,Leptomycin 10 ng/mL,480,250512_mACmChPOLR2A_Inhibitors_Chase,H,11,27.21628344968684,16.556821116148228,0.38674793518886025,0.38674793518886025,480,0.5549898878841925,-0.5888053854301714,8.0,8.0
109,H12,153.3609302933196,206.2772136257522,280.1376214098884,1431.7265238879736,HCT116 OsTIRF74G mAC/mCh-POLR2A Clone 1,Vehicle,1440,Cycloheximide 50 µg/mL,480,250512_mACmChPOLR2A_Inhibitors_Chase,H,12,30.30550588973415,19.2263714056632,0.44910550099874724,0.44910550099874724,480,0.6444740591200656,-0.4393207070326912,8.0,8.0
110,H13,174.43682177652946,180.31943985717757,268.16610537331314,1505.1951827242524,HCT116 OsTIRF74G mAC/mCh-POLR2A Clone 1,10 µM 5PhIAA,1440,Vehicle,480,250512_mACmChPOLR2A_Inhibitors_Chase,H,13,4.34773212115951,40.30226288887306,0.9414136232050078,0.9414136232050078,0,0.9536629744268839,-0.04744494623270934,8.0,0.0
111,H14,156.4919937951892,178.1688020860685,250.88148380521443,1709.7922824302134,HCT116 OsTIRF74G mAC/mCh-POLR2A Clone 1,10 µM 5PhIAA,1440,Leptomycin 10 ng/mL,480,250512_mACmChPOLR2A_Inhibitors_Chase,H,14,2.1970943500504347,22.35743490753279,0.5222434745142198,0.5222434745142198,480,0.5290387275092622,-0.6366936409012817,8.0,8.0
112,H15,158.63504421734507,176.54917018754261,265.0995617063622,1559.6688741721855,HCT116 OsTIRF74G mAC/mCh-POLR2A Clone 1,10 µM 5PhIAA,1440,Cycloheximide 50 µg/mL,480,250512_mACmChPOLR2A_Inhibitors_Chase,H,15,0.5774624515245534,24.500485329688672,0.5723026205278248,0.5723026205278248,480,0.579749225963785,-0.5451596379680687,8.0,8.0
113,H16,163.8661414825435,230.94092910292957,270.71082056823934,1534.5735567970205,HCT116 OsTIRF74G mAC/mCh-POLR2A Clone 1,Vehicle,1440,Vehicle,480,250512_mACmChPOLR2A_Inhibitors_Chase,H,16,54.96922136691151,29.7315825948871,0.6944949213260979,0.6944949213260979,0,0.9966120655167605,-0.0033936865286473997,8.0,0.0
114,H17,151.9533032833685,204.33896695820025,259.61811959578165,1707.3446132596684,HCT116 OsTIRF74G mAC/mCh-POLR2A Clone 1,Vehicle,1440,Leptomycin 10 ng/mL,480,250512_mACmChPOLR2A_Inhibitors_Chase,H,17,28.367259222182184,17.818744395712116,0.4162249839118235,0.4162249839118235,480,0.597289955906341,-0.5153525952125856,8.0,8.0
115,H18,154.18924710358323,191.29413362533248,281.5932317533212,1526.843023255814,HCT116 OsTIRF74G mAC/mCh-POLR2A Clone 1,Vehicle,1440,Cycloheximide 50 µg/mL,480,250512_mACmChPOLR2A_Inhibitors_Chase,H,18,15.322425889314417,20.05468821592683,0.4684540108246604,0.4684540108246604,480,0.6722395009543343,-0.3971406017247992,8.0,8.0
116,H19,175.8768478784291,180.83489109046874,278.54296862502434,1577.119106699752,HCT116 OsTIRF74G mAC/mCh-POLR2A Clone 1,10 µM 5PhIAA,1440,Vehicle,480,250512_mACmChPOLR2A_Inhibitors_Chase,H,19,4.863183354450683,41.74228899077269,0.9750509451051981,0.9750509451051981,0,0.9877379736242392,-0.012337825290712982,8.0,0.0
117,H20,157.03944357601725,179.3773848608791,259.524282542075,1690.663590604027,HCT116 OsTIRF74G mAC/mCh-POLR2A Clone 1,10 µM 5PhIAA,1440,Leptomycin 10 ng/mL,480,250512_mACmChPOLR2A_Inhibitors_Chase,H,20,3.405677124861029,22.904884688360852,0.5350312597339529,0.5350312597339529,480,0.541992903004901,-0.6125023717151177,8.0,8.0
118,H21,159.33987351515466,177.28871192826043,272.7945836735745,1514.576754385965,HCT116 OsTIRF74G mAC/mCh-POLR2A Clone 1,10 µM 5PhIAA,1440,Cycloheximide 50 µg/mL,480,250512_mACmChPOLR2A_Inhibitors_Chase,H,21,1.317004192242365,25.205314627498268,0.5887666068012894,0.5887666068012894,480,0.59642743598057,-0.5167976944994587,8.0,8.0
121,I04,175.31504333623266,175.46718605998544,210.24618054211734,1680.7241709183672,HCT116 mChPOLR2A Clone 2,Vehicle,1440,Vehicle,30,250512_mACmChPOLR2A_Inhibitors_Chase,I,04,-0.5045216760326241,41.180484448576266,0.9619278494849721,0.9619278494849721,0,0.9619278494849721,-0.038815831664483366,0.5,0.0
122,I05,173.34981718540507,175.16591898929317,208.7348485912346,1693.2622237106498,HCT116 mChPOLR2A Clone 2,Vehicle,1440,Leptomycin 10 ng/mL,30,250512_mACmChPOLR2A_Inhibitors_Chase,I,05,-0.8057887467248861,39.215258297748676,0.9160224700235469,0.9160224700235469,30,0.9160224700235469,-0.08771438401548509,0.5,0.5
123,I06,175.49564253788031,175.59450483015402,211.84307462202045,1622.773559861959,HCT116 mChPOLR2A Clone 2,Vehicle,1440,Cycloheximide 50 µg/mL,30,250512_mACmChPOLR2A_Inhibitors_Chase,I,06,-0.3772029058640385,41.36108365022392,0.9661464351569441,0.9661464351569441,30,0.9661464351569441,-0.0344398670687161,0.5,0.5
124,I07,174.58602982099666,175.35583115897023,212.84080790108283,1673.5010564443103,HCT116 mChPOLR2A Clone 2,Vehicle,1440,Vehicle,30,250512_mACmChPOLR2A_Inhibitors_Chase,I,07,-0.6158765770478283,40.45147093334026,0.9448989482385056,0.9448989482385056,0,0.9448989482385056,-0.056677290287090246,0.5,0.0
125,I08,172.98148706023278,175.05116542966587,211.87318919224037,1716.6774096385543,HCT116 mChPOLR2A Clone 2,Vehicle,1440,Leptomycin 10 ng/mL,30,250512_mACmChPOLR2A_Inhibitors_Chase,I,08,-0.9205423063521891,38.84692817257638,0.9074187100155763,0.9074187100155763,30,0.9074187100155763,-0.09715129259568925,0.5,0.5
126,I09,173.76947942311182,175.0479512818831,219.9417174095005,1624.0453453453454,HCT116 mChPOLR2A Clone 2,Vehicle,1440,Cycloheximide 50 µg/mL,30,250512_mACmChPOLR2A_Inhibitors_Chase,I,09,-0.9237564541349741,39.63492053545542,0.9258252880144667,0.9258252880144667,30,0.9258252880144667,-0.07706973598757559,0.5,0.5
127,I10,163.18912950140418,233.04345518626675,268.91419332123576,1475.20030816641,HCT116 OsTIRF74G mAC/mCh-POLR2A Clone 1,Vehicle,1440,Vehicle,30,250512_mACmChPOLR2A_Inhibitors_Chase,I,10,57.071747450248694,29.054570613747785,0.6786807149656524,0.6786807149656524,0,0.973918409477782,-0.026427747351682913,0.5,0.0
128,I11,158.1925346304043,222.52318809700452,250.0712028906355,1769.418200408998,HCT116 OsTIRF74G mAC/mCh-POLR2A Clone 1,Vehicle,1440,Leptomycin 10 ng/mL,30,250512_mACmChPOLR2A_Inhibitors_Chase,I,11,46.55148036098646,24.057975742747914,0.5619661152379477,0.5619661152379477,30,0.8064309668216356,-0.21513698108583212,0.5,0.5
129,I12,163.55026733256827,233.4669399733259,268.4081938493909,1440.4930095658572,HCT116 OsTIRF74G mAC/mCh-POLR2A Clone 1,Vehicle,1440,Cycloheximide 50 µg/mL,30,250512_mACmChPOLR2A_Inhibitors_Chase,I,12,57.495232237307846,29.41570844491187,0.6871164714156072,0.6871164714156072,30,0.9860238639622189,-0.014074721870945701,0.5,0.5
130,I13,175.80507395481845,179.27118449842982,273.1033471587136,1474.637521222411,HCT116 OsTIRF74G mAC/mCh-POLR2A Clone 1,10 µM 5PhIAA,1440,Vehicle,30,250512_mACmChPOLR2A_Inhibitors_Chase,I,13,3.299476762411757,41.67051506716206,0.9733743903751514,0.9733743903751514,0,0.9860396041389936,-0.01405875871658512,0.5,0.0
131,I14,167.07135636743322,178.03133894386954,245.87137558386308,1765.5358009708739,HCT116 OsTIRF74G mAC/mCh-POLR2A Clone 1,10 µM 5PhIAA,1440,Leptomycin 10 ng/mL,30,250512_mACmChPOLR2A_Inhibitors_Chase,I,14,2.0596312078514813,32.93679747977683,0.7693649842368269,0.7693649842368269,30,0.7793756975698733,-0.24926206751070876,0.5,0.5
132,I15,173.12206519138732,178.82759513006667,270.08939269242853,1474.362567811935,HCT116 OsTIRF74G mAC/mCh-POLR2A Clone 1,10 µM 5PhIAA,1440,Cycloheximide 50 µg/mL,30,250512_mACmChPOLR2A_Inhibitors_Chase,I,15,2.855887394048608,38.987506303730925,0.9107024503891255,0.9107024503891255,30,0.9225521983622438,-0.08061132107773761,0.5,0.5
133,I16,164.64207350694548,233.97830295877506,270.8676416368568,1436.2365805168986,HCT116 OsTIRF74G mAC/mCh-POLR2A Clone 1,Vehicle,1440,Vehicle,30,250512_mACmChPOLR2A_Inhibitors_Chase,I,16,58.006595222757,30.507514619289083,0.7126197839539664,0.7126197839539664,0,1.0226215527370217,0.022369479851809673,0.5,0.0
134,I17,158.28647261711063,220.6583627495423,256.9965914960988,1742.8271844660194,HCT116 OsTIRF74G mAC/mCh-POLR2A Clone 1,Vehicle,1440,Leptomycin 10 ng/mL,30,250512_mACmChPOLR2A_Inhibitors_Chase,I,17,44.686655013524245,24.151913729454236,0.5641603965036331,0.5641603965036331,30,0.8095797978891743,-0.21123993396040275,0.5,0.5
135,I18,161.87082477472188,231.3873978542972,261.2151117267502,1407.9727427597957,HCT116 OsTIRF74G mAC/mCh-POLR2A Clone 1,Vehicle,1440,Cycloheximide 50 µg/mL,30,250512_mACmChPOLR2A_Inhibitors_Chase,I,18,55.415690118279144,27.736265887065485,0.647886661722133,0.647886661722133,30,0.92972841749043,-0.07286275968604486,0.5,0.5
136,I19,179.1378223656772,180.55163092024435,278.55059593660457,1390.7315140845071,HCT116 OsTIRF74G mAC/mCh-POLR2A Clone 1,10 µM 5PhIAA,1440,Vehicle,30,250512_mACmChPOLR2A_Inhibitors_Chase,I,19,4.579923184226288,45.00326347802081,1.0512234869717472,1.0512234869717472,0,1.0649016464833585,0.06288244417694697,0.5,0.0
137,I20,168.1581835130012,179.45749220115118,251.16181241967982,1776.8329448329448,HCT116 OsTIRF74G mAC/mCh-POLR2A Clone 1,10 µM 5PhIAA,1440,Leptomycin 10 ng/mL,30,250512_mACmChPOLR2A_Inhibitors_Chase,I,20,3.485784465133122,34.02362462534481,0.7947519924980724,0.7947519924980724,30,0.8050930328765317,-0.21679743945040933,0.5,0.5
138,I21,177.79819726443571,180.19201074075053,290.82507021369366,1398.255057167986,HCT116 OsTIRF74G mAC/mCh-POLR2A Clone 1,10 µM 5PhIAA,1440,Cycloheximide 50 µg/mL,30,250512_mACmChPOLR2A_Inhibitors_Chase,I,21,4.220303004732472,43.66363837677932,1.0199314147679226,1.0199314147679226,30,1.0332024125671508,0.032663117280522166,0.5,0.5
141,J04,175.9122301747348,175.02867267922952,209.73671545102718,1648.0443641143609,HCT116 mChPOLR2A Clone 2,Vehicle,1440,Vehicle,60,250512_mACmChPOLR2A_Inhibitors_Chase,J,04,-0.9430350567885455,41.77767128707839,0.9758774340756637,0.9758774340756637,0,0.9758774340756637,-0.024418280295361406,1.0,0.0
142,J05,172.003415631505,174.76007037665482,212.1950524134809,1707.4669871794872,HCT116 mChPOLR2A Clone 2,Vehicle,1440,Leptomycin 10 ng/mL,60,250512_mACmChPOLR2A_Inhibitors_Chase,J,05,-1.2116373593632375,37.868856743848596,0.8845721078282303,0.8845721078282303,60,0.8845721078282303,-0.12265124487451098,1.0,1.0
143,J06,175.32223018827284,175.51642754827634,217.62728553501674,1606.1878136200717,HCT116 mChPOLR2A Clone 2,Vehicle,1440,Cycloheximide 50 µg/mL,60,250512_mACmChPOLR2A_Inhibitors_Chase,J,06,-0.45528018774172097,41.187671300616444,0.9620957259249933,0.9620957259249933,60,0.9620957259249933,-0.03864132606840574,1.0,1.0
144,J07,176.16196792206262,174.9538679084704,211.12839144712214,1691.3133265513734,HCT116 mChPOLR2A Clone 2,Vehicle,1440,Vehicle,60,250512_mACmChPOLR2A_Inhibitors_Chase,J,07,-1.0178398275476752,42.02740903440622,0.9817110151381271,0.9817110151381271,0,0.9817110151381271,-0.018458295873831434,1.0,0.0
145,J08,172.2639553513159,174.63246672396332,209.5028995852019,1692.8917425227569,HCT116 mChPOLR2A Clone 2,Vehicle,1440,Leptomycin 10 ng/mL,60,250512_mACmChPOLR2A_Inhibitors_Chase,J,08,-1.3392410120547424,38.1293964636595,0.8906580103070144,0.8906580103070144,60,0.8906580103070144,-0.1157947520076153,1.0,1.0
146,J09,174.88094597127397,175.23591602562706,222.83261459534552,1603.081189959715,HCT116 mChPOLR2A Clone 2,Vehicle,1440,Cycloheximide 50 µg/mL,60,250512_mACmChPOLR2A_Inhibitors_Chase,J,09,-0.7357917103909983,40.74638708361758,0.951787843840715,0.951787843840715,60,0.951787843840715,-0.049413122134708186,1.0,1.0
147,J10,163.03753576842144,232.68511430671578,267.65949209352533,1430.9156010230179,HCT116 OsTIRF74G mAC/mCh-POLR2A Clone 1,Vehicle,1440,Vehicle,60,250512_mACmChPOLR2A_Inhibitors_Chase,J,10,56.713406570697714,28.90297688076504,0.6751396630446731,0.6751396630446731,0,0.9688369395336521,-0.03165895830659759,1.0,0.0
148,J11,158.57471016982163,224.3557913688017,248.84047913113494,1800.0663749088258,HCT116 OsTIRF74G mAC/mCh-POLR2A Clone 1,Vehicle,1440,Leptomycin 10 ng/mL,60,250512_mACmChPOLR2A_Inhibitors_Chase,J,11,48.38408363278364,24.440151282165232,0.5708932878946106,0.5708932878946106,60,0.819241611950031,-0.1993762301495184,1.0,1.0
149,J12,162.79491226976495,233.9365143267426,268.47922074374975,1480.2431886982845,HCT116 OsTIRF74G mAC/mCh-POLR2A Clone 1,Vehicle,1440,Cycloheximide 50 µg/mL,60,250512_mACmChPOLR2A_Inhibitors_Chase,J,12,57.96480659072455,28.660353382108553,0.6694722624926327,0.6694722624926327,60,0.9607041230121218,-0.040088801900706184,1.0,1.0
150,J13,175.0927152258198,179.48510976636038,274.6666203920934,1447.1622678396873,HCT116 OsTIRF74G mAC/mCh-POLR2A Clone 1,10 µM 5PhIAA,1440,Vehicle,60,250512_mACmChPOLR2A_Inhibitors_Chase,J,13,3.51340203034232,40.958156338163406,0.9567345254142813,0.9567345254142813,0,0.9691832269616375,-0.031301596254687786,1.0,0.0
151,J14,167.34217566032885,178.9582179984878,251.4582722760139,1730.8341049382716,HCT116 OsTIRF74G mAC/mCh-POLR2A Clone 1,10 µM 5PhIAA,1440,Leptomycin 10 ng/mL,60,250512_mACmChPOLR2A_Inhibitors_Chase,J,14,2.98651026246975,33.20761677267245,0.7756910054942853,0.7756910054942853,60,0.7857840308465225,-0.24107329422446583,1.0,1.0
152,J15,171.80042917753877,178.3541531730869,267.1753204943039,1473.0936199722607,HCT116 OsTIRF74G mAC/mCh-POLR2A Clone 1,10 µM 5PhIAA,1440,Cycloheximide 50 µg/mL,60,250512_mACmChPOLR2A_Inhibitors_Chase,J,15,2.3824454370688386,37.66587028988238,0.879830582181971,0.879830582181971,60,0.8912786359930084,-0.11509817762336048,1.0,1.0
153,J16,165.20331325198106,233.63893857993617,272.51889936044716,1411.3835480673933,HCT116 OsTIRF74G mAC/mCh-POLR2A Clone 1,Vehicle,1440,Vehicle,60,250512_mACmChPOLR2A_Inhibitors_Chase,J,16,57.667230843918105,31.06875436432466,0.7257296865745082,0.7257296865745082,0,1.0414344867530603,0.040599076958919525,1.0,0.0
154,J17,156.38218990286967,220.94166771421814,246.25753764895515,1749.6349541930938,HCT116 OsTIRF74G mAC/mCh-POLR2A Clone 1,Vehicle,1440,Leptomycin 10 ng/mL,60,250512_mACmChPOLR2A_Inhibitors_Chase,J,17,44.96995997820008,22.247631015213273,0.5196785842896793,0.5196785842896793,60,0.7457476381610233,-0.2933680226576335,1.0,1.0
155,J18,163.1357669365896,230.48174334003627,270.9025569522873,1449.4812150279777,HCT116 OsTIRF74G mAC/mCh-POLR2A Clone 1,Vehicle,1440,Cycloheximide 50 µg/mL,60,250512_mACmChPOLR2A_Inhibitors_Chase,J,18,54.51003560401821,29.001208048933194,0.6774342279973119,0.6774342279973119,60,0.9721296794035784,-0.028266068396433197,1.0,1.0
156,J19,176.50998110618988,180.01782500202933,283.14177171091967,1420.4064685314686,HCT116 OsTIRF74G mAC/mCh-POLR2A Clone 1,10 µM 5PhIAA,1440,Vehicle,60,250512_mACmChPOLR2A_Inhibitors_Chase,J,19,4.046117266011265,42.37542221853349,0.9898401952165692,0.9898401952165692,0,1.0027196563863143,0.002715964812577838,1.0,0.0
157,J20,167.02272610156245,178.89196390625276,252.4053677045749,1753.0131926121371,HCT116 OsTIRF74G mAC/mCh-POLR2A Clone 1,10 µM 5PhIAA,1440,Leptomycin 10 ng/mL,60,250512_mACmChPOLR2A_Inhibitors_Chase,J,20,2.920256170234694,32.88816721390606,0.7682290382251337,0.7682290382251337,60,0.7782249710182312,-0.250739630770925,1.0,1.0
158,J21,174.60262504286365,178.49100115687088,278.0522465387054,1403.2066027689032,HCT116 OsTIRF74G mAC/mCh-POLR2A Clone 1,10 µM 5PhIAA,1440,Cycloheximide 50 µg/mL,60,250512_mACmChPOLR2A_Inhibitors_Chase,J,21,2.5192934208528186,40.468066155207254,0.9452865931702251,0.9452865931702251,60,0.9575863381491133,-0.04333939160172245,1.0,1.0
161,K04,178.08656917086083,175.37796143502317,218.46595427760883,1655.1225433526013,HCT116 mChPOLR2A Clone 2,Vehicle,1440,Vehicle,120,250512_mACmChPOLR2A_Inhibitors_Chase,K,04,-0.5937463009948942,43.95201028320443,1.0266674445041872,1.0266674445041872,0,1.0266674445041872,0.026318065951035006,2.0,0.0
162,K05,171.30765016294694,175.48290342497083,211.72359081918012,1716.6809610705595,HCT116 mChPOLR2A Clone 2,Vehicle,1440,Leptomycin 10 ng/mL,120,250512_mACmChPOLR2A_Inhibitors_Chase,K,05,-0.48880431104723243,37.173091275290545,0.868319841982458,0.868319841982458,120,0.868319841982458,-0.14119515064782864,2.0,2.0
163,K06,168.4258245776083,175.22341655172806,212.62927157144966,1650.8559270516716,HCT116 mChPOLR2A Clone 2,Vehicle,1440,Cycloheximide 50 µg/mL,120,250512_mACmChPOLR2A_Inhibitors_Chase,K,06,-0.7482911842899966,34.2912656899519,0.8010037740678801,0.8010037740678801,120,0.8010037740678801,-0.2218896202296467,2.0,2.0
164,K07,175.84414819036888,175.2589665345602,217.5135780112772,1672.0288614018395,HCT116 mChPOLR2A Clone 2,Vehicle,1440,Vehicle,120,250512_mACmChPOLR2A_Inhibitors_Chase,K,07,-0.7127412014578738,41.70958930271249,0.9742871187190889,0.9742871187190889,0,0.9742871187190889,-0.0260492357004504,2.0,0.0
165,K08,170.95594092139916,175.42645258134777,213.04720263144705,1695.4156202143952,HCT116 mChPOLR2A Clone 2,Vehicle,1440,Leptomycin 10 ng/mL,120,250512_mACmChPOLR2A_Inhibitors_Chase,K,08,-0.5452551546702864,36.821382033742765,0.8601043263347846,0.8601043263347846,120,0.8601043263347846,-0.15070158740039924,2.0,2.0
166,K09,169.74297495219025,175.4575663439463,218.53538561091378,1669.0802945301543,HCT116 mChPOLR2A Clone 2,Vehicle,1440,Cycloheximide 50 µg/mL,120,250512_mACmChPOLR2A_Inhibitors_Chase,K,09,-0.5141413920717639,35.608416064533856,0.8317708629993401,0.8317708629993401,120,0.8317708629993401,-0.1841982811407334,2.0,2.0
167,K10,163.75253700231855,234.74042541016217,270.3574131171655,1505.9284274193549,HCT116 OsTIRF74G mAC/mCh-POLR2A Clone 1,Vehicle,1440,Vehicle,120,250512_mACmChPOLR2A_Inhibitors_Chase,K,10,58.76871767414411,29.61797811466215,0.6918412538227177,0.6918412538227177,0,0.9928040073574744,-0.007222008680189678,2.0,0.0
168,K11,156.22274300638693,219.6418521812216,249.54874087661065,1799.5532060027285,HCT116 OsTIRF74G mAC/mCh-POLR2A Clone 1,Vehicle,1440,Leptomycin 10 ng/mL,120,250512_mACmChPOLR2A_Inhibitors_Chase,K,11,43.67014444520353,22.08818411873054,0.5159540916739546,0.5159540916739546,120,0.7404029276890277,-0.3005607440914934,2.0,2.0
169,K12,159.45858336014507,225.5990481192499,263.66770913902917,1554.4101123595506,HCT116 OsTIRF74G mAC/mCh-POLR2A Clone 1,Vehicle,1440,Cycloheximide 50 µg/mL,120,250512_mACmChPOLR2A_Inhibitors_Chase,K,12,49.627340383231825,25.324024472488674,0.5915395296416439,0.5915395296416439,120,0.8488693212403738,-0.16385002531831377,2.0,2.0
170,K13,176.8287805863419,179.5600212368424,275.65077603510537,1448.995599559956,HCT116 OsTIRF74G mAC/mCh-POLR2A Clone 1,10 µM 5PhIAA,1440,Vehicle,120,250512_mACmChPOLR2A_Inhibitors_Chase,K,13,3.5883135008243414,42.69422169868551,0.9972869774112396,0.9972869774112396,0,1.010263333557143,0.010211023164175504,2.0,0.0
171,K14,165.76391880156646,178.30993097917616,251.406780831319,1720.607456140351,HCT116 OsTIRF74G mAC/mCh-POLR2A Clone 1,10 µM 5PhIAA,1440,Leptomycin 10 ng/mL,120,250512_mACmChPOLR2A_Inhibitors_Chase,K,14,2.3382232431580974,31.629359913910065,0.738824775132668,0.738824775132668,120,0.7484381097381444,-0.2897667642616886,2.0,2.0
172,K15,174.67629074504964,177.65447506067315,280.22250369630956,1498.0763440860214,HCT116 OsTIRF74G mAC/mCh-POLR2A Clone 1,10 µM 5PhIAA,1440,Cycloheximide 50 µg/mL,120,250512_mACmChPOLR2A_Inhibitors_Chase,K,15,1.6827673246550887,40.541731857393245,0.9470073376304574,0.9470073376304574,120,0.9593294723461594,-0.041520704867572464,2.0,2.0
173,K16,163.68175371755115,231.5466919146109,276.2508459945364,1466.5376237623761,HCT116 OsTIRF74G mAC/mCh-POLR2A Clone 1,Vehicle,1440,Vehicle,120,250512_mACmChPOLR2A_Inhibitors_Chase,K,16,55.57498417859284,29.54719482989475,0.690187839254931,0.690187839254931,0,0.9904313292327577,-0.00961474464343429,2.0,0.0
174,K17,156.72818900697183,219.12450664199048,255.91573869472154,1755.5574912891987,HCT116 OsTIRF74G mAC/mCh-POLR2A Clone 1,Vehicle,1440,Leptomycin 10 ng/mL,120,250512_mACmChPOLR2A_Inhibitors_Chase,K,17,43.15279890597242,22.593630119315435,0.527760717819418,0.527760717819418,120,0.757345637719429,-0.27793554095250306,2.0,2.0
175,K18,161.70683527423304,227.75753971937203,273.6656022817601,1483.3449074074074,HCT116 OsTIRF74G mAC/mCh-POLR2A Clone 1,Vehicle,1440,Cycloheximide 50 µg/mL,120,250512_mACmChPOLR2A_Inhibitors_Chase,K,18,51.78583198335397,27.572276386576647,0.6440560592011665,0.6440560592011665,120,0.9242314374933629,-0.07879276522603193,2.0,2.0
176,K19,175.13334830954113,179.17058677730986,282.10043284154176,1419.5005005005005,HCT116 OsTIRF74G mAC/mCh-POLR2A Clone 1,10 µM 5PhIAA,1440,Vehicle,120,250512_mACmChPOLR2A_Inhibitors_Chase,K,19,3.1988790412918036,40.99878942188474,0.9576836666243808,0.9576836666243808,0,0.9701447180716695,-0.03031002472469083,2.0,0.0
177,K20,165.55726274295756,179.10374459173354,254.49474196341606,1746.427760252366,HCT116 OsTIRF74G mAC/mCh-POLR2A Clone 1,10 µM 5PhIAA,1440,Leptomycin 10 ng/mL,120,250512_mACmChPOLR2A_Inhibitors_Chase,K,20,3.1320368557154836,31.422703855301165,0.7339975318230626,0.7339975318230626,120,0.743548055994023,-0.29632188034346807,2.0,2.0
178,K21,172.35623626856747,178.0042455789745,282.8588507704358,1471.3272727272727,HCT116 OsTIRF74G mAC/mCh-POLR2A Clone 1,10 µM 5PhIAA,1440,Cycloheximide 50 µg/mL,120,250512_mACmChPOLR2A_Inhibitors_Chase,K,21,2.0325378429564296,38.221677380911075,0.8928135843724714,0.8928135843724714,120,0.9044305685556914,-0.1004497393312002,2.0,2.0
181,L04,177.67076514014872,175.26118063923388,215.7999944720602,1683.4045503021684,HCT116 mChPOLR2A Clone 2,Vehicle,1440,Vehicle,240,250512_mACmChPOLR2A_Inhibitors_Chase,L,04,-0.7105270967841761,43.53620625249232,1.0169547497064961,1.0169547497064961,0,1.0169547497064961,0.016812622179289482,4.0,0.0
182,L05,163.54286304895297,175.31214074402212,212.44645973261314,1744.713070115725,HCT116 mChPOLR2A Clone 2,Vehicle,1440,Leptomycin 10 ng/mL,240,250512_mACmChPOLR2A_Inhibitors_Chase,L,05,-0.6595669919959448,29.40830416129657,0.6869435160288404,0.6869435160288404,240,0.6869435160288404,-0.3755032084385284,4.0,4.0
183,L06,162.37199715014663,174.9621778794923,211.91876963763843,1779.9041652556723,HCT116 mChPOLR2A Clone 2,Vehicle,1440,Cycloheximide 50 µg/mL,240,250512_mACmChPOLR2A_Inhibitors_Chase,L,06,-1.0095298565257735,28.23743826249023,0.6595934609929286,0.6595934609929286,240,0.6595934609929286,-0.41613160194054427,4.0,4.0
184,L07,175.54887722880238,174.64039914153452,219.26709951017085,1691.9909318323953,HCT116 mChPOLR2A Clone 2,Vehicle,1440,Vehicle,240,250512_mACmChPOLR2A_Inhibitors_Chase,L,07,-1.331308594483545,41.414318341145986,0.967389935141035,0.967389935141035,0,0.967389935141035,-0.03315362267773109,4.0,0.0
185,L08,162.88788782797718,174.52342042300998,214.56436360400258,1777.0473333333334,HCT116 mChPOLR2A Clone 2,Vehicle,1440,Leptomycin 10 ng/mL,240,250512_mACmChPOLR2A_Inhibitors_Chase,L,08,-1.4482873130080804,28.753328940320785,0.6716440625567489,0.6716440625567489,240,0.6716440625567489,-0.39802674759742807,4.0,4.0
186,L09,163.5393213054038,175.65731642489916,224.14955575331865,1751.7009510390983,HCT116 mChPOLR2A Clone 2,Vehicle,1440,Cycloheximide 50 µg/mL,240,250512_mACmChPOLR2A_Inhibitors_Chase,L,09,-0.3143913111188965,29.404762417747406,0.6868607850507742,0.6868607850507742,240,0.6868607850507742,-0.3756236491419113,4.0,4.0
187,L10,160.21631173198153,226.5599297582738,257.18893984791345,1604.4004559270518,HCT116 OsTIRF74G mAC/mCh-POLR2A Clone 1,Vehicle,1440,Vehicle,240,250512_mACmChPOLR2A_Inhibitors_Chase,L,10,50.588222022255735,26.081752844325138,0.6092391762819008,0.6092391762819008,0,0.8742686162609644,-0.13436760928656707,4.0,0.0
188,L11,153.60207942471797,214.65183447736655,251.48273407491516,1639.5295974743487,HCT116 OsTIRF74G mAC/mCh-POLR2A Clone 1,Vehicle,1440,Leptomycin 10 ng/mL,240,250512_mACmChPOLR2A_Inhibitors_Chase,L,11,38.68012674134849,19.467520537061574,0.45473846205972923,0.45473846205972923,240,0.6525574543841252,-0.4268560909657224,4.0,4.0
189,L12,154.5030113866714,213.32172722976244,259.86415470532995,1603.2205405405405,HCT116 OsTIRF74G mAC/mCh-POLR2A Clone 1,Vehicle,1440,Cycloheximide 50 µg/mL,240,250512_mACmChPOLR2A_Inhibitors_Chase,L,12,37.350019493744384,20.368452499015007,0.47578317671762355,0.47578317671762355,240,0.68275697910256,-0.38161629663361035,4.0,4.0
190,L13,172.7076346603905,179.05781099983895,264.7585963933576,1591.8259493670887,HCT116 OsTIRF74G mAC/mCh-POLR2A Clone 1,10 µM 5PhIAA,1440,Vehicle,240,250512_mACmChPOLR2A_Inhibitors_Chase,L,13,3.0861032638208883,38.573075772734114,0.9010218389349186,0.9010218389349186,0,0.912745626111611,-0.09129805044734267,4.0,0.0
191,L14,161.01373702794032,177.12524337547427,249.3917058785281,1731.8734290843806,HCT116 OsTIRF74G mAC/mCh-POLR2A Clone 1,10 µM 5PhIAA,1440,Leptomycin 10 ng/mL,240,250512_mACmChPOLR2A_Inhibitors_Chase,L,14,1.1535356394562086,26.879178140283926,0.6278660965412879,0.6278660965412879,240,0.6360356748724989,-0.4525006246483219,4.0,4.0
192,L15,164.17922287720233,176.31882265233972,265.2729639815602,1563.3628048780488,HCT116 OsTIRF74G mAC/mCh-POLR2A Clone 1,10 µM 5PhIAA,1440,Cycloheximide 50 µg/mL,240,250512_mACmChPOLR2A_Inhibitors_Chase,L,15,0.34711491632165803,30.04466398954594,0.7018081357457584,0.7018081357457584,240,0.7109398225338174,-0.3411674905473492,4.0,4.0
193,L16,163.41979889701025,228.59281559460868,265.89634804567345,1603.0064724919093,HCT116 OsTIRF74G mAC/mCh-POLR2A Clone 1,Vehicle,1440,Vehicle,240,250512_mACmChPOLR2A_Inhibitors_Chase,L,16,52.62110785859062,29.285240009353856,0.6840688816817198,0.6840688816817198,0,0.9816505206788185,-0.018519919225643233,4.0,0.0
194,L17,154.6288719467607,213.61699603764998,254.33415232459515,1655.9146608315098,HCT116 OsTIRF74G mAC/mCh-POLR2A Clone 1,Vehicle,1440,Leptomycin 10 ng/mL,240,250512_mACmChPOLR2A_Inhibitors_Chase,L,17,37.64528830163192,20.494313059104314,0.4787231318814067,0.4787231318814067,240,0.6869758649407888,-0.37545611846745386,4.0,4.0
195,L18,155.94940751485865,217.96445848727473,263.34616798308997,1645.6164274322168,HCT116 OsTIRF74G mAC/mCh-POLR2A Clone 1,Vehicle,1440,Cycloheximide 50 µg/mL,240,250512_mACmChPOLR2A_Inhibitors_Chase,L,18,41.992750751256665,21.814848627202252,0.5095692949656484,0.5095692949656484,240,0.7312406354389713,-0.3130126867553755,4.0,4.0
196,L19,172.73751450145267,178.77111969263996,270.298538593674,1541.095566502463,HCT116 OsTIRF74G mAC/mCh-POLR2A Clone 1,10 µM 5PhIAA,1440,Vehicle,240,250512_mACmChPOLR2A_Inhibitors_Chase,L,19,2.7994119566218956,38.60295561379627,0.9017197970002678,0.9017197970002678,0,0.9134526657679526,-0.09052372085256305,4.0,0.0
197,L20,162.58688598041198,179.16528114961815,257.33145436264886,1715.361603700848,HCT116 OsTIRF74G mAC/mCh-POLR2A Clone 1,10 µM 5PhIAA,1440,Leptomycin 10 ng/mL,240,250512_mACmChPOLR2A_Inhibitors_Chase,L,20,3.1935734136000917,28.45232709275558,0.6646130121988795,0.6646130121988795,240,0.6732607287948398,-0.39562261159142453,4.0,4.0
198,L21,166.99546004654923,177.33870101445078,266.0200585346813,1546.373519913886,HCT116 OsTIRF74G mAC/mCh-POLR2A Clone 1,10 µM 5PhIAA,1440,Cycloheximide 50 µg/mL,240,250512_mACmChPOLR2A_Inhibitors_Chase,L,21,1.366993278432716,32.86090115889283,0.7675921351382949,0.7675921351382949,240,0.7775797807668426,-0.251569028274222,4.0,4.0
201,M04,177.99079433991744,174.42236015108531,211.49460959514988,1604.3290381960423,HCT116 mChPOLR2A Clone 2,Vehicle,1440,Vehicle,480,250512_mACmChPOLR2A_Inhibitors_Chase,M,04,-1.5493475849327467,43.856235452261046,1.0244302567100707,1.0244302567100707,0,1.0244302567100707,0.024136610937969503,8.0,0.0
202,M05,156.61153099057353,175.07526246159662,208.17886285978201,1802.1583603656738,HCT116 mChPOLR2A Clone 2,Vehicle,1440,Leptomycin 10 ng/mL,480,250512_mACmChPOLR2A_Inhibitors_Chase,M,05,-0.8964452744214384,22.47697210291713,0.5250357232900473,0.5250357232900473,480,0.5250357232900473,-0.644288974343431,8.0,8.0
203,M06,155.01418380263163,174.57359902391198,213.83699666106403,1834.0067510548524,HCT116 mChPOLR2A Clone 2,Vehicle,1440,Cycloheximide 50 µg/mL,480,250512_mACmChPOLR2A_Inhibitors_Chase,M,06,-1.3981087121060796,20.87962491497524,0.48772356521438065,0.48772356521438065,480,0.48772356521438065,-0.7180064983553771,8.0,8.0
204,M07,178.0505109290447,174.55183617370778,217.75732446097908,1657.0523066926576,HCT116 mChPOLR2A Clone 2,Vehicle,1440,Vehicle,480,250512_mACmChPOLR2A_Inhibitors_Chase,M,07,-1.4198715623102771,43.915952041388294,1.0258251662388667,1.0258251662388667,0,1.0258251662388667,0.02549732895233158,8.0,0.0
205,M08,157.57650163997548,174.86944953692444,218.2067750896149,1798.3734203016713,HCT116 mChPOLR2A Clone 2,Vehicle,1440,Leptomycin 10 ng/mL,480,250512_mACmChPOLR2A_Inhibitors_Chase,M,08,-1.102258199093626,23.44194275231908,0.5475763066276342,0.5475763066276342,480,0.5475763066276342,-0.602253454167111,8.0,8.0
206,M09,156.6806528602704,174.57663702826935,224.47816331822003,1798.0260824204486,HCT116 mChPOLR2A Clone 2,Vehicle,1440,Cycloheximide 50 µg/mL,480,250512_mACmChPOLR2A_Inhibitors_Chase,M,09,-1.3950707077487152,22.546093972614017,0.5266503291491148,0.5266503291491148,480,0.5266503291491148,-0.6412184627133297,8.0,8.0
207,M10,163.29531129132312,236.87593306639192,260.20204255299205,1594.453578336557,HCT116 OsTIRF74G mAC/mCh-POLR2A Clone 1,Vehicle,1440,Vehicle,480,250512_mACmChPOLR2A_Inhibitors_Chase,M,10,60.90422533037386,29.16075240366672,0.6811609971235453,0.6811609971235453,0,0.9774776567070087,-0.022779844972592778,8.0,0.0
208,M11,149.76543065301564,204.34184809383427,245.19047393418367,1683.1628099173554,HCT116 OsTIRF74G mAC/mCh-POLR2A Clone 1,Vehicle,1440,Leptomycin 10 ng/mL,480,250512_mACmChPOLR2A_Inhibitors_Chase,M,11,28.37014035781621,15.630871765359245,0.3651188436503986,0.3651188436503986,480,0.5239517723681888,-0.6463556363620908,8.0,8.0
209,M12,153.86934868943337,207.78504796647906,271.18967044869476,1483.6765188834154,HCT116 OsTIRF74G mAC/mCh-POLR2A Clone 1,Vehicle,1440,Cycloheximide 50 µg/mL,480,250512_mACmChPOLR2A_Inhibitors_Chase,M,12,31.813340230460994,19.73478980177697,0.46098155881985003,0.46098155881985003,480,0.6615164047900468,-0.4132204963543589,8.0,8.0
210,M13,174.71690234417053,181.12017487029232,266.8119424187634,1596.4107648725212,HCT116 OsTIRF74G mAC/mCh-POLR2A Clone 1,10 µM 5PhIAA,1440,Vehicle,480,250512_mACmChPOLR2A_Inhibitors_Chase,M,13,5.148467134274256,40.58234345651414,0.9479559769854725,0.9479559769854725,0,0.9602904550711407,-0.040519482915733276,8.0,0.0
211,M14,155.2889637299023,178.7207112638322,241.65981678917905,1716.3074670571011,HCT116 OsTIRF74G mAC/mCh-POLR2A Clone 1,10 µM 5PhIAA,1440,Leptomycin 10 ng/mL,480,250512_mACmChPOLR2A_Inhibitors_Chase,M,14,2.749003527814125,21.154404842245896,0.4941421022486199,0.4941421022486199,480,0.500571709824674,-0.6920044141169659,8.0,8.0
212,M15,159.27319498522195,176.73989369441043,273.21976254398083,1442.9643605870021,HCT116 OsTIRF74G mAC/mCh-POLR2A Clone 1,10 µM 5PhIAA,1440,Cycloheximide 50 µg/mL,480,250512_mACmChPOLR2A_Inhibitors_Chase,M,15,0.7681859583923654,25.138636097565552,0.587209074495299,0.587209074495299,480,0.5948496375983456,-0.5194466152917862,8.0,8.0
213,M16,163.82142612627345,226.53094884777008,253.3086656551633,1619.4232081911264,HCT116 OsTIRF74G mAC/mCh-POLR2A Clone 1,Vehicle,1440,Vehicle,480,250512_mACmChPOLR2A_Inhibitors_Chase,M,16,50.559241111752016,29.686867238617054,0.6934504230140514,0.6934504230140514,0,0.9951131926118155,-0.004898786874973714,8.0,0.0
214,M17,149.78192330000658,202.2038551352104,252.9783669917785,1765.239420935412,HCT116 OsTIRF74G mAC/mCh-POLR2A Clone 1,Vehicle,1440,Leptomycin 10 ng/mL,480,250512_mACmChPOLR2A_Inhibitors_Chase,M,17,26.232147399192343,15.647364412350186,0.36550409255324046,0.36550409255324046,480,0.52450461111907,-0.645301059727671,8.0,8.0
215,M18,151.12468473960226,207.1665520238553,266.6647255713182,1577.8217317487267,HCT116 OsTIRF74G mAC/mCh-POLR2A Clone 1,Vehicle,1440,Cycloheximide 50 µg/mL,480,250512_mACmChPOLR2A_Inhibitors_Chase,M,18,31.194844287837242,16.990125851945862,0.3968694259449478,0.3968694259449478,480,0.5695143998694958,-0.5629712113057032,8.0,8.0
216,M19,173.05275240579095,180.75635486306294,266.2426373459248,1564.232693911593,HCT116 OsTIRF74G mAC/mCh-POLR2A Clone 1,10 µM 5PhIAA,1440,Vehicle,480,250512_mACmChPOLR2A_Inhibitors_Chase,M,19,4.784647127044877,38.91819351813456,0.9090833849584168,0.9090833849584168,0,0.9209120662073843,-0.08239072371563068,8.0,0.0
217,M20,157.7493889207871,178.4319914024134,253.37783883609856,1763.688155922039,HCT116 OsTIRF74G mAC/mCh-POLR2A Clone 1,10 µM 5PhIAA,1440,Leptomycin 10 ng/mL,480,250512_mACmChPOLR2A_Inhibitors_Chase,M,20,2.460283666395327,23.614830033130715,0.5516147508679421,0.5516147508679421,480,0.5587921728384734,-0.5819776587867767,8.0,8.0
218,M21,160.40698300327963,177.1259340333629,279.41865984707,1506.9846153846154,HCT116 OsTIRF74G mAC/mCh-POLR2A Clone 1,10 µM 5PhIAA,1440,Cycloheximide 50 µg/mL,480,250512_mACmChPOLR2A_Inhibitors_Chase,M,21,1.1542262973448487,26.272424115623238,0.6136930336955353,0.6136930336955353,480,0.6216781969934305,-0.4753326883018169,8.0,8.0
1,D04,152.24580616958946,179.46391085386264,203.42930119029444,1652.108416547789,HCT116 OsTIRF74G mAC/mCh-POLR2A Clone 1,10 µM 5PhIAA,1440,Cycloheximide 50 µg/mL,480,250520_mACmChPOLR2A_Inhibitors_Chase,D,04,4.544988036657571,19.97161313131261,0.5527119654376155,0.5527119654376155,480,0.6780821928747125,-0.38848676996053416,8.0,8.0
2,D05,149.83772412507844,179.44590068591734,204.70014303752458,1661.7174623937215,HCT116 OsTIRF74G mAC/mCh-POLR2A Clone 1,10 µM 5PhIAA,1440,Leptomycin 10 ng/mL,480,250520_mACmChPOLR2A_Inhibitors_Chase,D,05,4.526977868712265,17.56353108680159,0.4860685876090144,0.4860685876090144,480,0.5963222697964842,-0.5169740369187424,8.0,8.0
3,D06,162.94176593092558,180.74725554214373,193.87871003438212,1450.8790446841294,HCT116 OsTIRF74G mAC/mCh-POLR2A Clone 1,10 µM 5PhIAA,1440,Vehicle,480,250520_mACmChPOLR2A_Inhibitors_Chase,D,06,5.828332724938662,30.667572892648735,0.84872135151274,0.84872135151274,0,1.0412346233859584,0.040407146933412914,8.0,0.0
4,D07,146.68963155880988,197.7573168409915,210.4532165252368,1616.5221027479092,HCT116 OsTIRF74G mAC/mCh-POLR2A Clone 1,Vehicle,1440,Cycloheximide 50 µg/mL,480,250520_mACmChPOLR2A_Inhibitors_Chase,D,07,22.838394023786435,14.41543852053303,0.39894550855468447,0.39894550855468447,480,0.6472495820755715,-0.43502330604313344,8.0,8.0
5,D08,145.44468366210734,199.58444049959607,194.6536950857433,1750.9817001180638,HCT116 OsTIRF74G mAC/mCh-POLR2A Clone 1,Vehicle,1440,Leptomycin 10 ng/mL,480,250520_mACmChPOLR2A_Inhibitors_Chase,D,08,24.665517682391,13.170490623830489,0.364491726863157,0.364491726863157,480,0.5913517330646774,-0.5253442895973679,8.0,8.0
6,D09,156.61601662961235,219.90255808518094,202.78160239226543,1573.4147997284454,HCT116 OsTIRF74G mAC/mCh-POLR2A Clone 1,Vehicle,1440,Vehicle,480,250520_mACmChPOLR2A_Inhibitors_Chase,D,09,44.98363526797587,24.341823591335498,0.6736570086273502,0.6736570086273502,0,1.092941787654103,0.08887294853920974,8.0,0.0
7,D10,152.1444736549984,177.19970237371703,213.26009180584091,1581.8963553530753,HCT116 OsTIRF74G mAC/mCh-POLR2A Clone 1,10 µM 5PhIAA,1440,Cycloheximide 50 µg/mL,480,250520_mACmChPOLR2A_Inhibitors_Chase,D,10,2.280779556511959,19.870280616721544,0.5499076004154155,0.5499076004154155,480,0.6746417209783444,-0.3935735127609464,8.0,8.0
8,D11,151.01911394281316,180.9557946817614,206.15700176281013,1720.502471169687,HCT116 OsTIRF74G mAC/mCh-POLR2A Clone 1,10 µM 5PhIAA,1440,Leptomycin 10 ng/mL,480,250520_mACmChPOLR2A_Inhibitors_Chase,D,11,6.036871864556332,18.744920904536315,0.5187634071919346,0.5187634071919346,480,0.6364331708530164,-0.4518758612291116,8.0,8.0
9,D12,164.4519382749967,184.22734175512116,208.17633468969103,1563.8691255205235,HCT116 OsTIRF74G mAC/mCh-POLR2A Clone 1,10 µM 5PhIAA,1440,Vehicle,480,250520_mACmChPOLR2A_Inhibitors_Chase,D,12,9.308418937916088,32.17774523671986,0.8905151875415586,0.8905151875415586,0,1.09250844728559,0.08847638002690575,8.0,0.0
10,D13,147.99266348932545,201.04029081160033,214.25959611628346,1720.2758620689656,HCT116 OsTIRF74G mAC/mCh-POLR2A Clone 1,Vehicle,1440,Cycloheximide 50 µg/mL,480,250520_mACmChPOLR2A_Inhibitors_Chase,D,13,26.121367994395257,15.718470451048603,0.43500675882064627,0.43500675882064627,480,0.7057553896690087,-0.34848657508137015,8.0,8.0
11,D14,146.11818697202415,199.63489255527077,203.06692954306948,1731.828244274809,HCT116 OsTIRF74G mAC/mCh-POLR2A Clone 1,Vehicle,1440,Leptomycin 10 ng/mL,480,250520_mACmChPOLR2A_Inhibitors_Chase,D,14,24.715969738065695,13.8439939337473,0.3831308490865502,0.3831308490865502,480,0.6215918631342031,-0.47547157021031766,8.0,8.0
12,D15,156.84807886968912,217.95074673180437,212.53916038754542,1555.7824675324675,HCT116 OsTIRF74G mAC/mCh-POLR2A Clone 1,Vehicle,1440,Vehicle,480,250520_mACmChPOLR2A_Inhibitors_Chase,D,15,43.0318239145993,24.57388583141227,0.6800793029094074,0.6800793029094074,0,1.1033613241594453,0.09836126972786827,8.0,0.0
13,D16,154.09970419968806,176.80217708009945,198.92947981742543,1833.067462686567,HCT116 mChPOLR2A Clone 2,Vehicle,1440,Cycloheximide 50 µg/mL,480,250520_mACmChPOLR2A_Inhibitors_Chase,D,16,1.8832542628943827,21.825511161411214,0.6040183680401267,0.6040183680401267,480,0.6040183680401267,-0.5041506708472556,8.0,8.0
14,D17,153.83134290493027,176.8692433547619,197.52617726260908,1803.8668779714737,HCT116 mChPOLR2A Clone 2,Vehicle,1440,Leptomycin 10 ng/mL,480,250520_mACmChPOLR2A_Inhibitors_Chase,D,17,1.95032053755682,21.55714986665342,0.5965915018326889,0.5965915018326889,480,0.5965915018326889,-0.5165226513329958,8.0,8.0
15,D18,172.50941238654264,177.03674814380648,194.96791472092667,1664.7095318668923,HCT116 mChPOLR2A Clone 2,Vehicle,1440,Vehicle,480,250520_mACmChPOLR2A_Inhibitors_Chase,D,18,2.1178253266014053,40.23521934826579,1.113504804022406,1.113504804022406,0,1.113504804022406,0.10751252205030364,8.0,0.0
16,D19,152.32214512123593,176.8310568718901,194.00634757860837,1818.7994100294986,HCT116 mChPOLR2A Clone 2,Vehicle,1440,Cycloheximide 50 µg/mL,480,250520_mACmChPOLR2A_Inhibitors_Chase,D,19,1.9121340546850263,20.047952082959085,0.5548246366438195,0.5548246366438195,480,0.5548246366438195,-0.5891031851758801,8.0,8.0
17,D20,154.21315198192443,175.9566472084387,196.15959803684717,1805.6565906838455,HCT116 mChPOLR2A Clone 2,Vehicle,1440,Leptomycin 10 ng/mL,480,250520_mACmChPOLR2A_Inhibitors_Chase,D,20,1.0377243912336382,21.938958943647577,0.6071580216215436,0.6071580216215436,480,0.6071580216215436,-0.4989661896424778,8.0,8.0
18,D21,170.22552744687889,176.0014993391983,199.76881311766977,1668.7790189412335,HCT116 mChPOLR2A Clone 2,Vehicle,1440,Vehicle,480,250520_mACmChPOLR2A_Inhibitors_Chase,D,21,1.082576521993218,37.95133440860204,1.0502985659716715,1.0502985659716715,0,1.0502985659716715,0.049074472294495616,8.0,0.0
21,E04,155.99953574998028,177.6988192306946,201.3692694810085,1541.2653562653563,HCT116 OsTIRF74G mAC/mCh-POLR2A Clone 1,10 µM 5PhIAA,1440,Cycloheximide 50 µg/mL,240,250520_mACmChPOLR2A_Inhibitors_Chase,E,04,2.7798964134895243,23.725342711703433,0.6565959752298064,0.6565959752298064,240,0.8055299442703854,-0.21625490229457586,4.0,4.0
22,E05,153.9419188572015,179.19462506614994,194.62036017206,1649.7083333333333,HCT116 OsTIRF74G mAC/mCh-POLR2A Clone 1,10 µM 5PhIAA,1440,Leptomycin 10 ng/mL,240,250520_mACmChPOLR2A_Inhibitors_Chase,E,05,4.275702248944867,21.66772581892465,0.5996516778689526,0.5996516778689526,240,0.7356691190291852,-0.30697482787502683,4.0,4.0
23,E06,161.8701845176263,179.37795144269592,194.20531054219546,1624.682040531097,HCT116 OsTIRF74G mAC/mCh-POLR2A Clone 1,10 µM 5PhIAA,1440,Vehicle,240,250520_mACmChPOLR2A_Inhibitors_Chase,E,06,4.459028625490845,29.595991479349465,0.8190654661730398,0.8190654661730398,0,1.004851970177314,0.004840237306400929,4.0,0.0
24,E07,149.01135447523623,207.5373330231687,196.648581193261,1780.2,HCT116 OsTIRF74G mAC/mCh-POLR2A Clone 1,Vehicle,1440,Cycloheximide 50 µg/mL,240,250520_mACmChPOLR2A_Inhibitors_Chase,E,07,32.61841020596364,16.737161436959383,0.46319890801231867,0.46319890801231867,240,0.7514943600066606,-0.2856915747984273,4.0,4.0
25,E08,146.98458286617446,202.5355584662654,196.05122614843475,1681.524644030668,HCT116 OsTIRF74G mAC/mCh-POLR2A Clone 1,Vehicle,1440,Leptomycin 10 ng/mL,240,250520_mACmChPOLR2A_Inhibitors_Chase,E,08,27.616635649060328,14.710389827897615,0.4071082501284373,0.4071082501284373,240,0.660492821964004,-0.4147690226579102,4.0,4.0
26,E09,153.37961968908138,214.7705570218291,192.4707331442918,1669.4878803506963,HCT116 OsTIRF74G mAC/mCh-POLR2A Clone 1,Vehicle,1440,Vehicle,240,250520_mACmChPOLR2A_Inhibitors_Chase,E,09,39.85163420462402,21.10542665080453,0.5840901167505702,0.5840901167505702,0,0.947628374939977,-0.053792863139934075,4.0,0.0
27,E10,155.8181120069201,176.40730712722933,202.9454565092721,1728.6247920133112,HCT116 OsTIRF74G mAC/mCh-POLR2A Clone 1,10 µM 5PhIAA,1440,Cycloheximide 50 µg/mL,240,250520_mACmChPOLR2A_Inhibitors_Chase,E,10,1.4883843100242586,23.543918968643254,0.6515750951965044,0.6515750951965044,240,0.7993701909883179,-0.22393112263170092,4.0,4.0
28,E11,155.0941505851751,179.27612170037645,198.7519577687661,1699.5587315765968,HCT116 OsTIRF74G mAC/mCh-POLR2A Clone 1,10 µM 5PhIAA,1440,Leptomycin 10 ng/mL,240,250520_mACmChPOLR2A_Inhibitors_Chase,E,11,4.357198883171378,22.81995754689825,0.6315395508625153,0.6315395508625153,240,0.7747900358858801,-0.25516320777220647,4.0,4.0
29,E12,162.75999202416685,181.47698376962248,203.41245647674432,1711.6728767123288,HCT116 OsTIRF74G mAC/mCh-POLR2A Clone 1,10 µM 5PhIAA,1440,Vehicle,240,250520_mACmChPOLR2A_Inhibitors_Chase,E,12,6.5580609524174065,30.48579898589,0.8436907807416502,0.8436907807416502,0,1.0350629812410823,0.03446227630661783,4.0,0.0
30,E13,149.5313299527809,208.36615514752017,198.33560815023338,1731.7958357432042,HCT116 OsTIRF74G mAC/mCh-POLR2A Clone 1,Vehicle,1440,Cycloheximide 50 µg/mL,240,250520_mACmChPOLR2A_Inhibitors_Chase,E,13,33.4472323303151,17.25713691450406,0.47758916613936425,0.47758916613936425,240,0.7748411288233676,-0.2550972657097731,4.0,4.0
31,E14,149.2251176008543,207.35482146728805,195.4755225694875,1649.1770750988142,HCT116 OsTIRF74G mAC/mCh-POLR2A Clone 1,Vehicle,1440,Leptomycin 10 ng/mL,240,250520_mACmChPOLR2A_Inhibitors_Chase,E,14,32.435898650082976,16.950924562577455,0.46911477652637534,0.46911477652637534,240,0.7610922708522024,-0.273000678993305,4.0,4.0
32,E15,155.41439835461838,210.23451519686975,199.00925727184912,1651.8508898508899,HCT116 OsTIRF74G mAC/mCh-POLR2A Clone 1,Vehicle,1440,Vehicle,240,250520_mACmChPOLR2A_Inhibitors_Chase,E,15,35.31559237966468,23.140205316341536,0.6404023689489768,0.6404023689489768,0,1.0389894278145875,0.0382485367184371,4.0,0.0
33,E16,158.79084924080198,176.9748603684182,192.48790532060298,1781.0187099950763,HCT116 mChPOLR2A Clone 2,Vehicle,1440,Cycloheximide 50 µg/mL,240,250520_mACmChPOLR2A_Inhibitors_Chase,E,16,2.055937551213134,26.516656202525127,0.7338452367451777,0.7338452367451777,240,0.7338452367451777,-0.3094571217204338,4.0,4.0
34,E17,160.31705725415483,177.43498087194214,191.96307835011274,1741.0381391450126,HCT116 mChPOLR2A Clone 2,Vehicle,1440,Leptomycin 10 ng/mL,240,250520_mACmChPOLR2A_Inhibitors_Chase,E,17,2.516058054737073,28.042864215877984,0.776082857971894,0.776082857971894,240,0.776082857971894,-0.2534959887620647,4.0,4.0
35,E18,170.11804151164168,177.7165713380745,192.62833312427065,1746.0454750112563,HCT116 mChPOLR2A Clone 2,Vehicle,1440,Vehicle,240,250520_mACmChPOLR2A_Inhibitors_Chase,E,18,2.7976485208694157,37.84384847336483,1.0473239057811676,1.0473239057811676,0,1.0473239057811676,0.04623824964278924,4.0,0.0
36,E19,161.5407723627934,177.188782826163,191.12264751602794,1788.523560209424,HCT116 mChPOLR2A Clone 2,Vehicle,1440,Cycloheximide 50 µg/mL,240,250520_mACmChPOLR2A_Inhibitors_Chase,E,19,2.26986000895792,29.266579324516556,0.8099490248350449,0.8099490248350449,240,0.8099490248350449,-0.2107839655983867,4.0,4.0
37,E20,159.53575455238663,176.6083056843228,192.14215971482562,1746.115955917585,HCT116 mChPOLR2A Clone 2,Vehicle,1440,Leptomycin 10 ng/mL,240,250520_mACmChPOLR2A_Inhibitors_Chase,E,20,1.689382867117729,27.261561514109786,0.754460400684307,0.754460400684307,240,0.754460400684307,-0.28175248633407207,4.0,4.0
38,E21,170.2126977523071,175.620763393239,194.07223951896918,1695.1394849785408,HCT116 mChPOLR2A Clone 2,Vehicle,1440,Vehicle,240,250520_mACmChPOLR2A_Inhibitors_Chase,E,21,0.7018405760339306,37.938504714030245,1.0499435057341175,1.0499435057341175,0,1.0499435057341175,0.0487363586591963,4.0,0.0
41,F04,161.1301423173362,180.6156312799749,199.4090024414429,1586.475590551181,HCT116 OsTIRF74G mAC/mCh-POLR2A Clone 1,10 µM 5PhIAA,1440,Cycloheximide 50 µg/mL,120,250520_mACmChPOLR2A_Inhibitors_Chase,F,04,5.696708462769834,28.85594927905936,0.7985848882477733,0.7985848882477733,120,0.9797258356636339,-0.020482505984420092,2.0,2.0
42,F05,155.87170602542233,179.88456250634482,187.9858605069814,1741.8820512820512,HCT116 OsTIRF74G mAC/mCh-POLR2A Clone 1,10 µM 5PhIAA,1440,Leptomycin 10 ng/mL,120,250520_mACmChPOLR2A_Inhibitors_Chase,F,05,4.965639689139749,23.59751298714548,0.6530583031430683,0.6530583031430683,120,0.8011898311621993,-0.2216573672802551,2.0,2.0
43,F06,163.70992177596622,180.83107703317052,199.7699407616812,1492.788156797331,HCT116 OsTIRF74G mAC/mCh-POLR2A Clone 1,10 µM 5PhIAA,1440,Vehicle,120,250520_mACmChPOLR2A_Inhibitors_Chase,F,06,5.912154215965444,31.435728737689374,0.86997997113867,0.86997997113867,0,1.0673152807895423,0.06514641207462658,2.0,0.0
44,F07,153.5602881985323,218.07453919485528,205.19212286581393,1656.8422535211268,HCT116 OsTIRF74G mAC/mCh-POLR2A Clone 1,Vehicle,1440,Cycloheximide 50 µg/mL,120,250520_mACmChPOLR2A_Inhibitors_Chase,F,07,43.155616377650205,21.286095160255456,0.5890900957855507,0.5890900957855507,120,0.955740345801617,-0.045269007632026244,2.0,2.0
45,F08,151.61982111822036,217.6240395517737,190.06519810034823,1599.6666666666667,HCT116 OsTIRF74G mAC/mCh-POLR2A Clone 1,Vehicle,1440,Leptomycin 10 ng/mL,120,250520_mACmChPOLR2A_Inhibitors_Chase,F,08,42.705116734568634,19.34562807994351,0.5353879052426821,0.5353879052426821,120,0.8686138595019223,-0.140856602870189,2.0,2.0
46,F09,154.9261218442555,218.631585007914,200.47436542292817,1529.672554347826,HCT116 OsTIRF74G mAC/mCh-POLR2A Clone 1,Vehicle,1440,Vehicle,120,250520_mACmChPOLR2A_Inhibitors_Chase,F,09,43.712662190708926,22.651928805978656,0.6268893758850085,0.6268893758850085,0,1.0170659346916042,0.016921947503335272,2.0,0.0
47,F10,162.12206515736503,177.78499949372468,203.550726126421,1586.0462093862816,HCT116 OsTIRF74G mAC/mCh-POLR2A Clone 1,10 µM 5PhIAA,1440,Cycloheximide 50 µg/mL,120,250520_mACmChPOLR2A_Inhibitors_Chase,F,10,2.8660766765196115,29.84787211908818,0.8260362322563961,0.8260362322563961,120,1.0134038971255148,0.013314859646825935,2.0,2.0
48,F11,156.87625292645143,179.0755584969735,195.55363496227557,1704.5531609195402,HCT116 OsTIRF74G mAC/mCh-POLR2A Clone 1,10 µM 5PhIAA,1440,Leptomycin 10 ng/mL,120,250520_mACmChPOLR2A_Inhibitors_Chase,F,11,4.156635679768442,24.60205988817458,0.6808590165051527,0.6808590165051527,120,0.8352965085255487,-0.1799685171337786,2.0,2.0
49,F12,163.81381178717183,182.84193200940538,197.77711278266702,1581.3036585365853,HCT116 OsTIRF74G mAC/mCh-POLR2A Clone 1,10 µM 5PhIAA,1440,Vehicle,120,250520_mACmChPOLR2A_Inhibitors_Chase,F,12,7.923009192200311,31.53961874889498,0.8728551145687596,0.8728551145687596,0,1.0708425855772377,0.06844580174367251,2.0,0.0
50,F13,153.30662322406016,218.4530840539295,202.87559401329827,1623.219263899765,HCT116 OsTIRF74G mAC/mCh-POLR2A Clone 1,Vehicle,1440,Cycloheximide 50 µg/mL,120,250520_mACmChPOLR2A_Inhibitors_Chase,F,13,43.53416123672443,21.032430185783312,0.5820699484553703,0.5820699484553703,120,0.944350851928056,-0.05725751670900465,2.0,2.0
51,F14,150.64796651420335,210.7306743591397,196.10803551361212,1721.0196733481812,HCT116 OsTIRF74G mAC/mCh-POLR2A Clone 1,Vehicle,1440,Leptomycin 10 ng/mL,120,250520_mACmChPOLR2A_Inhibitors_Chase,F,14,35.811751541934626,18.373773475926498,0.5084919472259681,0.5084919472259681,120,0.8249778309903893,-0.1923987645353028,2.0,2.0
52,F15,155.0903183375045,218.0737553105551,205.07124295343172,1618.6286286286286,HCT116 OsTIRF74G mAC/mCh-POLR2A Clone 1,Vehicle,1440,Vehicle,120,250520_mACmChPOLR2A_Inhibitors_Chase,F,15,43.15483249335003,22.81612529922765,0.6314334938741222,0.6314334938741222,0,1.0244383161479373,0.024144478146216477,2.0,0.0
53,F16,164.37605786550833,178.4433874789871,190.18964572207474,1698.624667729931,HCT116 mChPOLR2A Clone 2,Vehicle,1440,Cycloheximide 50 µg/mL,120,250520_mACmChPOLR2A_Inhibitors_Chase,F,16,3.5244646617820194,32.10186482723148,0.8884152064338344,0.8884152064338344,120,0.8884152064338344,-0.11831607045613045,2.0,2.0
54,F17,166.02988880245226,176.80490553586,186.79239103830193,1668.1622621564482,HCT116 mChPOLR2A Clone 2,Vehicle,1440,Leptomycin 10 ng/mL,120,250520_mACmChPOLR2A_Inhibitors_Chase,F,17,1.8859827186549296,33.755695764175414,0.9341847765556716,0.9341847765556716,120,0.9341847765556716,-0.06808102674839203,2.0,2.0
55,F18,170.59694132318316,177.30899156415396,186.4550370042476,1670.078781512605,HCT116 mChPOLR2A Clone 2,Vehicle,1440,Vehicle,120,250520_mACmChPOLR2A_Inhibitors_Chase,F,18,2.3900687469488844,38.32274828490631,1.0605773998451897,1.0605773998451897,0,1.0605773998451897,0.05881347665469869,2.0,0.0
56,F19,165.22275312056286,177.2540691473962,193.2811347494084,1739.0121212121212,HCT116 mChPOLR2A Clone 2,Vehicle,1440,Cycloheximide 50 µg/mL,120,250520_mACmChPOLR2A_Inhibitors_Chase,F,19,2.3351463301911224,32.94856008228601,0.9118473946837744,0.9118473946837744,120,0.9118473946837744,-0.09228263329969563,2.0,2.0
57,F20,164.8433086557552,176.6924925156759,192.32845813557887,1714.9075664621678,HCT116 mChPOLR2A Clone 2,Vehicle,1440,Leptomycin 10 ng/mL,120,250520_mACmChPOLR2A_Inhibitors_Chase,F,20,1.7735696984708227,32.56911561747836,0.901346315249713,0.901346315249713,120,0.901346315249713,-0.10386572757737962,2.0,2.0
58,F21,169.04873347230182,175.63695532172088,191.83780972306207,1705.9762266059686,HCT116 mChPOLR2A Clone 2,Vehicle,1440,Vehicle,120,250520_mACmChPOLR2A_Inhibitors_Chase,F,21,0.7180325045158042,36.77454043402497,1.0177309357894175,1.0177309357894175,0,1.0177309357894175,0.01757557650300231,2.0,0.0
61,G04,162.91954930724754,181.7734025998088,198.54940144507697,1527.2336512261581,HCT116 OsTIRF74G mAC/mCh-POLR2A Clone 1,10 µM 5PhIAA,1440,Cycloheximide 50 µg/mL,60,250520_mACmChPOLR2A_Inhibitors_Chase,G,04,6.8544797826037325,30.645356268970687,0.8481065091533498,0.8481065091533498,60,1.040480317922357,0.03968245069220724,1.0,1.0
62,G05,157.1198507673492,180.50504257487057,191.1560155789796,1787.8953271028038,HCT116 OsTIRF74G mAC/mCh-POLR2A Clone 1,10 µM 5PhIAA,1440,Leptomycin 10 ng/mL,60,250520_mACmChPOLR2A_Inhibitors_Chase,G,05,5.5861197576655,24.845657729072343,0.6876005571375349,0.6876005571375349,60,0.8435672154058319,-0.17011569385693184,1.0,1.0
63,G06,162.17256915374563,180.64763677599905,196.06523910440845,1537.4098660170523,HCT116 OsTIRF74G mAC/mCh-POLR2A Clone 1,10 µM 5PhIAA,1440,Vehicle,60,250520_mACmChPOLR2A_Inhibitors_Chase,G,06,5.728713958793975,29.89837611546878,0.8274339242164016,0.8274339242164016,0,1.015118623942499,0.015005476544190825,1.0,0.0
64,G07,153.2939643935019,218.50242356177276,196.45817229330873,1579.7824581650318,HCT116 OsTIRF74G mAC/mCh-POLR2A Clone 1,Vehicle,1440,Cycloheximide 50 µg/mL,60,250520_mACmChPOLR2A_Inhibitors_Chase,G,07,43.58350074456769,21.01977135522506,0.581719616858619,0.581719616858619,60,0.9437824736038918,-0.05785956989417615,1.0,1.0
65,G08,150.94008549131874,212.11352228713986,193.6097141015962,1766.8723514211886,HCT116 OsTIRF74G mAC/mCh-POLR2A Clone 1,Vehicle,1440,Leptomycin 10 ng/mL,60,250520_mACmChPOLR2A_Inhibitors_Chase,G,08,37.194599469934786,18.66589245304189,0.5165763044044042,0.5165763044044042,60,0.8380938999594303,-0.17662513231990767,1.0,1.0
66,G09,153.93826279028076,218.89732628083155,194.66376937271937,1568.6413301662708,HCT116 OsTIRF74G mAC/mCh-POLR2A Clone 1,Vehicle,1440,Vehicle,60,250520_mACmChPOLR2A_Inhibitors_Chase,G,09,43.97840346362648,21.66406975200391,0.5995504966613932,0.5995504966613932,0,0.9727113103821191,-0.027667941352694833,1.0,0.0
67,G10,164.05080084031238,179.74689102099492,206.33985646298711,1482.1791044776119,HCT116 OsTIRF74G mAC/mCh-POLR2A Clone 1,10 µM 5PhIAA,1440,Cycloheximide 50 µg/mL,60,250520_mACmChPOLR2A_Inhibitors_Chase,G,10,4.827968203789851,31.776607802035528,0.8794137578033987,0.8794137578033987,60,1.0788889089154807,0.07593172352925152,1.0,1.0
68,G11,157.39619428254048,178.61431873964682,194.91782627255537,1714.3850286532952,HCT116 OsTIRF74G mAC/mCh-POLR2A Clone 1,10 µM 5PhIAA,1440,Leptomycin 10 ng/mL,60,250520_mACmChPOLR2A_Inhibitors_Chase,G,11,3.6953959224417474,25.12200124426363,0.6952483303250618,0.6952483303250618,60,0.8529497132308985,-0.15905468606423703,1.0,1.0
69,G12,163.51702790171865,180.9332874392281,206.06840963642958,1534.03256302521,HCT116 OsTIRF74G mAC/mCh-POLR2A Clone 1,10 µM 5PhIAA,1440,Vehicle,60,250520_mACmChPOLR2A_Inhibitors_Chase,G,12,6.014364622023038,31.2428348634418,0.8646416566191935,0.8646416566191935,0,1.060766090176751,0.058991373664726995,1.0,0.0
70,G13,156.16765633154614,220.1044811633858,207.50332777047785,1584.5049443757725,HCT116 OsTIRF74G mAC/mCh-POLR2A Clone 1,Vehicle,1440,Cycloheximide 50 µg/mL,60,250520_mACmChPOLR2A_Inhibitors_Chase,G,13,45.18555834618073,23.893463293269292,0.6612486918860334,0.6612486918860334,60,1.0728105224741173,0.07028186135829337,1.0,1.0
71,G14,151.7579131307852,214.29877002296786,194.32822226585083,1693.9066044029353,HCT116 OsTIRF74G mAC/mCh-POLR2A Clone 1,Vehicle,1440,Leptomycin 10 ng/mL,60,250520_mACmChPOLR2A_Inhibitors_Chase,G,14,39.379847205762786,19.48372009250835,0.5392095849024128,0.5392095849024128,60,0.8748141563082426,-0.13374380797364555,1.0,1.0
72,G15,155.1047517965446,221.36328566764905,206.0516539700718,1622.1864820846906,HCT116 OsTIRF74G mAC/mCh-POLR2A Clone 1,Vehicle,1440,Vehicle,60,250520_mACmChPOLR2A_Inhibitors_Chase,G,15,46.44436285044398,22.830558758267756,0.6318329380983652,0.6318329380983652,0,1.025086374846832,0.024776877183261665,1.0,0.0
73,G16,168.446699500921,178.42987649350596,191.1154961873388,1629.197033898305,HCT116 mChPOLR2A Clone 2,Vehicle,1440,Cycloheximide 50 µg/mL,60,250520_mACmChPOLR2A_Inhibitors_Chase,G,16,3.510953676300886,36.17250646264415,1.0010697188214002,1.0010697188214002,60,1.0010697188214002,0.0010691470799204935,1.0,1.0
74,G17,169.1942270909489,176.90212515631745,193.72416806404496,1701.7124681933842,HCT116 mChPOLR2A Clone 2,Vehicle,1440,Leptomycin 10 ng/mL,60,250520_mACmChPOLR2A_Inhibitors_Chase,G,17,1.9832023391123812,36.920034052672065,1.0217574539976533,1.0217574539976533,60,1.0217574539976533,0.021524138759987578,1.0,1.0
75,G18,170.46436730256522,177.8217060322002,190.8993536432555,1678.514075887393,HCT116 mChPOLR2A Clone 2,Vehicle,1440,Vehicle,60,250520_mACmChPOLR2A_Inhibitors_Chase,G,18,2.9027832149951394,38.19017426428837,1.056908429941761,1.056908429941761,0,1.056908429941761,0.05534807110293674,1.0,0.0
76,G19,168.69456039035148,178.07346428637632,195.70388758792492,1627.2260787992495,HCT116 mChPOLR2A Clone 2,Vehicle,1440,Cycloheximide 50 µg/mL,60,250520_mACmChPOLR2A_Inhibitors_Chase,G,19,3.1545414691712494,36.420367352074635,1.0079292388036618,1.0079292388036618,60,1.0079292388036618,0.007897967585527809,1.0,1.0
77,G20,166.58422342692063,175.7895849921587,188.6818145632629,1653.025787965616,HCT116 mChPOLR2A Clone 2,Vehicle,1440,Leptomycin 10 ng/mL,60,250520_mACmChPOLR2A_Inhibitors_Chase,G,20,0.8706621749536225,34.31003038864378,0.9495259198967501,0.9495259198967501,60,0.9495259198967501,-0.05179245063293525,1.0,1.0
78,G21,168.0440060950467,175.00807114213194,195.2783754129052,1635.354794520548,HCT116 mChPOLR2A Clone 2,Vehicle,1440,Vehicle,60,250520_mACmChPOLR2A_Inhibitors_Chase,G,21,0.08914832492686742,35.76981305676986,0.9899252277697193,0.9899252277697193,0,0.9899252277697193,-0.010125866211181183,1.0,0.0
81,H04,165.20658480932826,182.7248412303561,206.11896340717774,1416.5508701472556,HCT116 OsTIRF74G mAC/mCh-POLR2A Clone 1,10 µM 5PhIAA,1440,Cycloheximide 50 µg/mL,30,250520_mACmChPOLR2A_Inhibitors_Chase,H,04,7.8059184131510335,32.932391771051414,0.9113999386359568,0.9113999386359568,30,1.1181304325243562,0.11165803387103905,0.5,0.5
82,H05,157.84165439935168,180.20434489546844,193.57327394253812,1664.2255125284737,HCT116 OsTIRF74G mAC/mCh-POLR2A Clone 1,10 µM 5PhIAA,1440,Leptomycin 10 ng/mL,30,250520_mACmChPOLR2A_Inhibitors_Chase,H,05,5.285422078263366,25.567461361074834,0.7075763849027248,0.7075763849027248,30,0.8680741085844207,-0.1414781894128481,0.5,0.5
83,H06,161.54936078906067,180.95640470062227,195.87175043831712,1578.8328108672936,HCT116 OsTIRF74G mAC/mCh-POLR2A Clone 1,10 µM 5PhIAA,1440,Vehicle,30,250520_mACmChPOLR2A_Inhibitors_Chase,H,06,6.0374818834172,29.275167750783822,0.810186708487887,0.810186708487887,0,0.9939592668207207,-0.006059052218828312,0.5,0.0
84,H07,153.82075133365635,215.99060724641024,196.82722974094702,1526.2797518330513,HCT116 OsTIRF74G mAC/mCh-POLR2A Clone 1,Vehicle,1440,Cycloheximide 50 µg/mL,30,250520_mACmChPOLR2A_Inhibitors_Chase,H,07,41.07168442920516,21.546558295379498,0.5962983813853124,0.5962983813853124,30,0.967435075387193,-0.03310696187283085,0.5,0.5
85,H08,151.98693910092717,214.2751747632333,191.91691144756513,1691.2846277021617,HCT116 OsTIRF74G mAC/mCh-POLR2A Clone 1,Vehicle,1440,Leptomycin 10 ng/mL,30,250520_mACmChPOLR2A_Inhibitors_Chase,H,08,39.35625194602824,19.712746062650325,0.5455478507831474,0.5455478507831474,30,0.885097365053346,-0.12205762301620435,0.5,0.5
86,H09,156.1326885034024,220.3536111512985,204.79619519980253,1473.2879858657243,HCT116 OsTIRF74G mAC/mCh-POLR2A Clone 1,Vehicle,1440,Vehicle,30,250520_mACmChPOLR2A_Inhibitors_Chase,H,09,45.43468833409344,23.858495465125543,0.6602809614932333,0.6602809614932333,0,1.0712404757412417,0.06881730010035644,0.5,0.0
87,H10,162.9913655800406,178.94539887187452,201.09100233746318,1424.9076690211907,HCT116 OsTIRF74G mAC/mCh-POLR2A Clone 1,10 µM 5PhIAA,1440,Cycloheximide 50 µg/mL,30,250520_mACmChPOLR2A_Inhibitors_Chase,H,10,4.026476054669445,30.717172541763745,0.8500940157721127,0.8500940157721127,30,1.042918645533623,0.04202317252929277,0.5,0.5
88,H11,158.2502456888775,179.63896562152257,195.9891811378152,1703.6897810218977,HCT116 OsTIRF74G mAC/mCh-POLR2A Clone 1,10 µM 5PhIAA,1440,Leptomycin 10 ng/mL,30,250520_mACmChPOLR2A_Inhibitors_Chase,H,11,4.720042804317501,25.97605265060065,0.7188840991674493,0.7188840991674493,30,0.8819467224674117,-0.1256236301655697,0.5,0.5
89,H12,161.93721086694123,180.76659087428482,198.6900556003349,1633.275590551181,HCT116 OsTIRF74G mAC/mCh-POLR2A Clone 1,10 µM 5PhIAA,1440,Vehicle,30,250520_mACmChPOLR2A_Inhibitors_Chase,H,12,5.847668057079744,29.66301782866438,0.8209204122418614,0.8209204122418614,0,1.0071276688715065,0.007102387102037191,0.5,0.0
90,H13,154.1817885730438,220.46148575487888,202.62313395848687,1522.6977025392987,HCT116 OsTIRF74G mAC/mCh-POLR2A Clone 1,Vehicle,1440,Cycloheximide 50 µg/mL,30,250520_mACmChPOLR2A_Inhibitors_Chase,H,13,45.54256293767381,21.907595534766955,0.6062900430936572,0.6062900430936572,30,0.9836455570852973,-0.01648965303385366,0.5,0.5
91,H14,150.9802257422204,214.09902680578196,192.94982252745166,1713.0436158986986,HCT116 OsTIRF74G mAC/mCh-POLR2A Clone 1,Vehicle,1440,Leptomycin 10 ng/mL,30,250520_mACmChPOLR2A_Inhibitors_Chase,H,14,39.18010398857689,18.70603270394355,0.5176871809682121,0.5176871809682121,30,0.8398961871797255,-0.1744769814730451,0.5,0.5
92,H15,154.33342822130848,217.27526903111595,200.52517127500226,1608.5388659406685,HCT116 OsTIRF74G mAC/mCh-POLR2A Clone 1,Vehicle,1440,Vehicle,30,250520_mACmChPOLR2A_Inhibitors_Chase,H,15,42.35634621391088,22.059235183031632,0.6104866519243797,0.6104866519243797,0,0.9904541393442136,-0.009591714426070659,0.5,0.0
93,H16,172.7350075168961,177.4341570688879,190.19315346717383,1645.6502485314054,HCT116 mChPOLR2A Clone 2,Vehicle,1440,Cycloheximide 50 µg/mL,30,250520_mACmChPOLR2A_Inhibitors_Chase,H,16,2.515234251682841,40.460814478619255,1.1197481218290846,1.1197481218290846,30,1.1197481218290846,0.1131037687911482,0.5,0.5
94,H17,169.29384170214962,176.62758084818114,189.59800834966256,1655.9598583234947,HCT116 mChPOLR2A Clone 2,Vehicle,1440,Leptomycin 10 ng/mL,30,250520_mACmChPOLR2A_Inhibitors_Chase,H,17,1.7086580309760677,37.01964866387277,1.0245142762523725,1.0245142762523725,30,1.0245142762523725,0.024218623448310488,0.5,0.5
95,H18,169.69953972138373,176.3418612964248,190.34393075464246,1659.6088117489987,HCT116 mChPOLR2A Clone 2,Vehicle,1440,Vehicle,30,250520_mACmChPOLR2A_Inhibitors_Chase,H,18,1.422938479219738,37.42534668310688,1.035741919613512,1.035741919613512,0,1.035741919613512,0.035118000461487935,0.5,0.0
96,H19,168.52507674933722,174.87165291765265,190.88363049446008,1630.4971774193548,HCT116 mChPOLR2A Clone 2,Vehicle,1440,Cycloheximide 50 µg/mL,30,250520_mACmChPOLR2A_Inhibitors_Chase,H,19,-0.04726989955241834,36.25088371106037,1.0032387996429089,1.0032387996429089,30,1.0032387996429089,0.0032335660287191857,0.5,0.5
97,H20,167.37603975448837,174.61795807919327,191.96875162350756,1676.4468864468865,HCT116 mChPOLR2A Clone 2,Vehicle,1440,Leptomycin 10 ng/mL,30,250520_mACmChPOLR2A_Inhibitors_Chase,H,20,-0.3009647380117997,35.101846716211526,0.9714393405001863,0.9714393405001863,30,0.9714393405001863,-0.028976451125684085,0.5,0.5
98,H21,168.0640023954847,174.27254137508373,192.7091874028882,1641.9417552144826,HCT116 mChPOLR2A Clone 2,Vehicle,1440,Vehicle,30,250520_mACmChPOLR2A_Inhibitors_Chase,H,21,-0.6463814421213385,35.789809357207844,0.9904786229533677,0.9904786229533677,0,0.9904786229533677,-0.00956699515278544,0.5,0.0
101,I04,150.43932377137128,179.05295547958963,202.6570358555903,1680.077577045696,HCT116 OsTIRF74G mAC/mCh-POLR2A Clone 1,10 µM 5PhIAA,1440,Cycloheximide 50 µg/mL,480,250520_mACmChPOLR2A_Inhibitors_Chase,I,04,4.134032662384556,18.16513073309443,0.5027177846830234,0.5027177846830234,480,0.6167479612370679,-0.48329482923347655,8.0,8.0
102,I05,149.36421804951797,179.26468969816878,194.3488872951299,1792.3059855521155,HCT116 OsTIRF74G mAC/mCh-POLR2A Clone 1,10 µM 5PhIAA,1440,Leptomycin 10 ng/mL,480,250520_mACmChPOLR2A_Inhibitors_Chase,I,05,4.3457668809637084,17.090025011241124,0.4729643645325445,0.4729643645325445,480,0.5802456496484533,-0.5443037312301842,8.0,8.0
103,I06,160.72588944355866,180.82047894500153,194.2200342409253,1589.1739130434783,HCT116 OsTIRF74G mAC/mCh-POLR2A Clone 1,10 µM 5PhIAA,1440,Vehicle,480,250520_mACmChPOLR2A_Inhibitors_Chase,I,06,5.901556127796454,28.451696405281808,0.787397239111456,0.787397239111456,0,0.9660005209719923,-0.03459090546128385,8.0,0.0
104,I07,145.15493649418966,196.16757970997242,200.46179262286765,1776.0744360902256,HCT116 OsTIRF74G mAC/mCh-POLR2A Clone 1,Vehicle,1440,Cycloheximide 50 µg/mL,480,250520_mACmChPOLR2A_Inhibitors_Chase,I,07,21.248656892767343,12.880743455912807,0.3564730092159241,0.3564730092159241,480,0.5783421577350629,-0.5475896170541734,8.0,8.0
105,I08,145.36166202004324,200.09085249557558,193.31556700267492,1654.7081203861442,HCT116 OsTIRF74G mAC/mCh-POLR2A Clone 1,Vehicle,1440,Leptomycin 10 ng/mL,480,250520_mACmChPOLR2A_Inhibitors_Chase,I,08,25.171929678370503,13.087468981766392,0.3621941130120675,0.3621941130120675,480,0.5876240821123547,-0.5316678516686651,8.0,8.0
106,I09,152.42429903818694,199.08564715786224,194.89893380851507,1610.9895287958116,HCT116 OsTIRF74G mAC/mCh-POLR2A Clone 1,Vehicle,1440,Vehicle,480,250520_mACmChPOLR2A_Inhibitors_Chase,I,09,24.16672434065717,20.150105999910096,0.5576517338764723,0.5576517338764723,0,0.9047347167859882,-0.10011350887660722,8.0,0.0
107,I10,150.42706124076477,176.77551951694812,201.9388515856706,1763.7985611510792,HCT116 OsTIRF74G mAC/mCh-POLR2A Clone 1,10 µM 5PhIAA,1440,Cycloheximide 50 µg/mL,480,250520_mACmChPOLR2A_Inhibitors_Chase,I,10,1.8565966997430507,18.152868202487923,0.502378420639258,0.502378420639258,480,0.6163316201238497,-0.483970115947056,8.0,8.0
108,I11,149.07585122260144,177.80766285215358,192.70900400287286,1736.1175642379444,HCT116 OsTIRF74G mAC/mCh-POLR2A Clone 1,10 µM 5PhIAA,1440,Leptomycin 10 ng/mL,480,250520_mACmChPOLR2A_Inhibitors_Chase,I,11,2.888740034948512,16.801658184324594,0.46498384765470885,0.46498384765470885,480,0.5704549327412992,-0.5613211088717031,8.0,8.0
109,I12,160.3157374967647,179.53888026211192,200.15375694911344,1615.4860932819854,HCT116 OsTIRF74G mAC/mCh-POLR2A Clone 1,10 µM 5PhIAA,1440,Vehicle,480,250520_mACmChPOLR2A_Inhibitors_Chase,I,12,4.619957444906845,28.041544458487863,0.7760463338465667,0.7760463338465667,0,0.952074919185834,-0.0491115506634134,8.0,0.0
110,I13,145.3521753170308,195.3917012348909,207.7354862027632,1770.6733149931224,HCT116 OsTIRF74G mAC/mCh-POLR2A Clone 1,Vehicle,1440,Cycloheximide 50 µg/mL,480,250520_mACmChPOLR2A_Inhibitors_Chase,I,13,20.472778417685817,13.07798227875395,0.36193156965950735,0.36193156965950735,480,0.5871981315211651,-0.5323929837012585,8.0,8.0
111,I14,144.771758192767,199.20877408071502,193.18377524511968,1773.845844013182,HCT116 OsTIRF74G mAC/mCh-POLR2A Clone 1,Vehicle,1440,Leptomycin 10 ng/mL,480,250520_mACmChPOLR2A_Inhibitors_Chase,I,14,24.289851263509945,12.497565154490161,0.3458685963074693,0.3458685963074693,480,0.5611375478924299,-0.5777892201030147,8.0,8.0
112,I15,153.20526983182242,216.65191039251522,203.394324358849,1638.0213212163578,HCT116 OsTIRF74G mAC/mCh-POLR2A Clone 1,Vehicle,1440,Vehicle,480,250520_mACmChPOLR2A_Inhibitors_Chase,I,15,41.73298757531015,20.93107679354557,0.5792650056468367,0.5792650056468367,0,0.939800109980499,-0.062088075287998666,8.0,0.0
113,I16,152.33569200673296,176.53123836890487,187.1263623774152,1827.441121495327,HCT116 mChPOLR2A Clone 2,Vehicle,1440,Cycloheximide 50 µg/mL,480,250520_mACmChPOLR2A_Inhibitors_Chase,I,16,1.612315551699794,20.061498968456107,0.5551995450530395,0.5551995450530395,480,0.5551995450530395,-0.5884276892188415,8.0,8.0
114,I17,153.8309167185985,175.45298435647464,189.10306152079252,1791.7541717541717,HCT116 mChPOLR2A Clone 2,Vehicle,1440,Leptomycin 10 ng/mL,480,250520_mACmChPOLR2A_Inhibitors_Chase,I,17,0.5340615392695724,21.556723680321653,0.5965797071777693,0.5965797071777693,480,0.5965797071777693,-0.5165424215970299,8.0,8.0
115,I18,168.42774434324772,175.52451890647652,187.34182110272113,1657.2995444191345,HCT116 mChPOLR2A Clone 2,Vehicle,1440,Vehicle,480,250520_mACmChPOLR2A_Inhibitors_Chase,I,18,0.6055960892714438,36.153551304970875,1.000545137137192,1.000545137137192,0,1.000545137137192,0.0005449886039211079,8.0,0.0
116,I19,150.80737094555823,175.40575343036977,188.7766199988412,1827.2610637434022,HCT116 mChPOLR2A Clone 2,Vehicle,1440,Cycloheximide 50 µg/mL,480,250520_mACmChPOLR2A_Inhibitors_Chase,I,19,0.4868306131646989,18.533177907281384,0.5129034454847387,0.5129034454847387,480,0.5129034454847387,-0.6676676669554736,8.0,8.0
117,I20,152.03194350089876,174.27087657007658,189.38476618487078,1846.946005509642,HCT116 mChPOLR2A Clone 2,Vehicle,1440,Leptomycin 10 ng/mL,480,250520_mACmChPOLR2A_Inhibitors_Chase,I,20,-0.6480462471284909,19.757750462621914,0.5467933420811255,0.5467933420811255,480,0.5467933420811255,-0.6036843503565721,8.0,8.0
118,I21,169.3878005578805,174.50221377068718,199.64801184709998,1642.0234561991383,HCT116 mChPOLR2A Clone 2,Vehicle,1440,Vehicle,480,250520_mACmChPOLR2A_Inhibitors_Chase,I,21,-0.4167090465178944,37.11360751960365,1.0271145761620406,1.0271145761620406,0,1.0271145761620406,0.026753488659402806,8.0,0.0
121,J04,156.45232601665924,179.05713453375796,202.88628319302248,1676.8895184135977,HCT116 OsTIRF74G mAC/mCh-POLR2A Clone 1,10 µM 5PhIAA,1440,Cycloheximide 50 µg/mL,240,250520_mACmChPOLR2A_Inhibitors_Chase,J,04,4.138211716552888,24.178132978382394,0.6691268908139248,0.6691268908139248,240,0.8209032150684571,-0.1973500631190103,4.0,4.0
122,J05,153.1910180892266,179.4065642693724,193.5884066699244,1693.7462971810799,HCT116 OsTIRF74G mAC/mCh-POLR2A Clone 1,10 µM 5PhIAA,1440,Leptomycin 10 ng/mL,240,250520_mACmChPOLR2A_Inhibitors_Chase,J,05,4.487641452167338,20.91682505094974,0.5788705904030974,0.5788705904030974,240,0.710174311172056,-0.3422448303860668,4.0,4.0
123,J06,159.96186051007507,180.4067705559028,196.08939618871335,1686.25,HCT116 OsTIRF74G mAC/mCh-POLR2A Clone 1,10 µM 5PhIAA,1440,Vehicle,240,250520_mACmChPOLR2A_Inhibitors_Chase,J,06,5.487847738697724,27.68766747179822,0.7662528312611541,0.7662528312611541,0,0.9400599817060873,-0.06181159542825492,4.0,0.0
124,J07,147.80899431583242,206.90324481141488,200.40128278406445,1719.0424155283968,HCT116 OsTIRF74G mAC/mCh-POLR2A Clone 1,Vehicle,1440,Cycloheximide 50 µg/mL,240,250520_mACmChPOLR2A_Inhibitors_Chase,J,07,31.984321994209807,15.534801277555573,0.42992373677309453,0.42992373677309453,240,0.6975086897428012,-0.3602403069516035,4.0,4.0
125,J08,146.9686665488889,206.46531537977967,192.58854680234663,1719.2391403749427,HCT116 OsTIRF74G mAC/mCh-POLR2A Clone 1,Vehicle,1440,Leptomycin 10 ng/mL,240,250520_mACmChPOLR2A_Inhibitors_Chase,J,08,31.546392562574596,14.694473510612056,0.4066677679825241,0.4066677679825241,240,0.6597781833009772,-0.4158515863588021,4.0,4.0
126,J09,153.4733016970709,215.01282979334678,200.48591148440272,1620.1372651356994,HCT116 OsTIRF74G mAC/mCh-POLR2A Clone 1,Vehicle,1440,Vehicle,240,250520_mACmChPOLR2A_Inhibitors_Chase,J,09,40.09390697614171,21.199108658794046,0.586682754932653,0.586682754932653,0,0.95183467365457,-0.04936392139933759,4.0,0.0
127,J10,153.56854371723045,176.9390130018635,198.83341662243657,1749.0965068087626,HCT116 OsTIRF74G mAC/mCh-POLR2A Clone 1,10 µM 5PhIAA,1440,Cycloheximide 50 µg/mL,240,250520_mACmChPOLR2A_Inhibitors_Chase,J,10,2.0200901846584145,21.294350678953606,0.5893185662618894,0.5893185662618894,240,0.7229921744072447,-0.3243568806616944,4.0,4.0
128,J11,152.0151308388303,178.0011750596359,194.1405024974864,1707.5895833333334,HCT116 OsTIRF74G mAC/mCh-POLR2A Clone 1,10 µM 5PhIAA,1440,Leptomycin 10 ng/mL,240,250520_mACmChPOLR2A_Inhibitors_Chase,J,11,3.082252242430826,19.74093780055344,0.5463280537023147,0.5463280537023147,240,0.6702502349304622,-0.40010415135443683,4.0,4.0
129,J12,159.58845254178553,180.48704586923694,198.51963025788808,1618.6583040642247,HCT116 OsTIRF74G mAC/mCh-POLR2A Clone 1,10 µM 5PhIAA,1440,Vehicle,240,250520_mACmChPOLR2A_Inhibitors_Chase,J,12,5.568123052031865,27.31425950350868,0.7559188111343675,0.7559188111343675,0,0.9273819224872414,-0.07538979989619185,4.0,0.0
130,J13,148.61465317722013,207.25623068132253,206.18813970524758,1738.8487040385774,HCT116 OsTIRF74G mAC/mCh-POLR2A Clone 1,Vehicle,1440,Cycloheximide 50 µg/mL,240,250520_mACmChPOLR2A_Inhibitors_Chase,J,13,32.33730786411746,16.340460138943286,0.452220247817146,0.452220247817146,240,0.7336825710011422,-0.3096788084834962,4.0,4.0
131,J14,147.05974847246722,205.4220930226563,193.04483896578452,1696.4241497898356,HCT116 OsTIRF74G mAC/mCh-POLR2A Clone 1,Vehicle,1440,Leptomycin 10 ng/mL,240,250520_mACmChPOLR2A_Inhibitors_Chase,J,14,30.503170205451227,14.785555434190371,0.4091884491446221,0.4091884491446221,240,0.6638677388761844,-0.4096723377858364,4.0,4.0
132,J15,153.56641282669338,218.27614868773895,203.20322133845397,1649.3897126969416,HCT116 OsTIRF74G mAC/mCh-POLR2A Clone 1,Vehicle,1440,Vehicle,240,250520_mACmChPOLR2A_Inhibitors_Chase,J,15,43.35722587053388,21.29221978841653,0.5892595941253306,0.5892595941253306,0,0.9560153400733471,-0.04498131995764557,4.0,0.0
133,J16,157.9068515593667,176.5798118862792,186.62057697356298,1731.8117106773823,HCT116 mChPOLR2A Clone 2,Vehicle,1440,Cycloheximide 50 µg/mL,240,250520_mACmChPOLR2A_Inhibitors_Chase,J,16,1.6608890690741305,25.632658521089837,0.709380708380048,0.709380708380048,240,0.709380708380048,-0.3433629312891727,4.0,4.0
134,J17,159.30507310553378,176.1440106471317,188.46500124476898,1724.2902887139107,HCT116 mChPOLR2A Clone 2,Vehicle,1440,Leptomycin 10 ng/mL,240,250520_mACmChPOLR2A_Inhibitors_Chase,J,17,1.225087829926622,27.03088006725693,0.748076319686857,0.748076319686857,240,0.748076319686857,-0.29025027454561525,4.0,4.0
135,J18,168.00734613257148,175.6204024791894,186.92071240628752,1693.9178314273613,HCT116 mChPOLR2A Clone 2,Vehicle,1440,Vehicle,240,250520_mACmChPOLR2A_Inhibitors_Chase,J,18,0.7014796619843366,35.733153094294636,0.9889106677650102,0.9889106677650102,0,0.9889106677650102,-0.011151277258046136,4.0,0.0
136,J19,156.20240733241675,175.6897489748383,188.64854993149515,1773.1727748691098,HCT116 mChPOLR2A Clone 2,Vehicle,1440,Cycloheximide 50 µg/mL,240,250520_mACmChPOLR2A_Inhibitors_Chase,J,19,0.7708261576332234,23.928214294139906,0.6622104216104094,0.6622104216104094,240,0.6622104216104094,-0.4121719161335587,4.0,4.0
137,J20,157.14169352575394,174.88584911202904,191.68540598703868,1767.2995800279982,HCT116 mChPOLR2A Clone 2,Vehicle,1440,Leptomycin 10 ng/mL,240,250520_mACmChPOLR2A_Inhibitors_Chase,J,20,-0.03307370517603658,24.867500487477088,0.6882050528209375,0.6882050528209375,240,0.6882050528209375,-0.37366844356355733,4.0,4.0
138,J21,168.15809672085024,174.576404038133,195.76889472044496,1714.9162201656113,HCT116 mChPOLR2A Clone 2,Vehicle,1440,Vehicle,240,250520_mACmChPOLR2A_Inhibitors_Chase,J,21,-0.3425187790720656,35.88390368257339,0.9930826719687063,0.9930826719687063,0,0.9930826719687063,-0.0069413636504789345,4.0,0.0
141,K04,161.23886434163188,179.75441247757152,205.46416927675827,1550.8087318087319,HCT116 OsTIRF74G mAC/mCh-POLR2A Clone 1,10 µM 5PhIAA,1440,Cycloheximide 50 µg/mL,120,250520_mACmChPOLR2A_Inhibitors_Chase,K,04,4.835489660366449,28.964671303355033,0.8015937570526973,0.8015937570526973,120,0.9834171984075177,-0.016721835436949647,2.0,2.0
142,K05,155.2178365716924,178.2756880468822,191.2061215918166,1698.0774099318403,HCT116 OsTIRF74G mAC/mCh-POLR2A Clone 1,10 µM 5PhIAA,1440,Leptomycin 10 ng/mL,120,250520_mACmChPOLR2A_Inhibitors_Chase,K,05,3.356765229677137,22.943643533415553,0.6349625455027372,0.6349625455027372,120,0.7789894595585743,-0.2497577639364674,2.0,2.0
143,K06,161.24478207582217,179.86931131092874,202.88007424367996,1589.6324900133156,HCT116 OsTIRF74G mAC/mCh-POLR2A Clone 1,10 µM 5PhIAA,1440,Vehicle,120,250520_mACmChPOLR2A_Inhibitors_Chase,K,06,4.950388493723665,28.970589037545324,0.8017575296269881,0.8017575296269881,0,0.9836181190918019,-0.016517547610294545,2.0,0.0
144,K07,152.22728664701233,217.68659576737852,202.85881312216515,1562.9543666404406,HCT116 OsTIRF74G mAC/mCh-POLR2A Clone 1,Vehicle,1440,Cycloheximide 50 µg/mL,120,250520_mACmChPOLR2A_Inhibitors_Chase,K,07,42.76767295017345,19.953093608735486,0.5521994399017328,0.5521994399017328,120,0.8958889097250483,-0.10993885837580834,2.0,2.0
145,K08,149.23450806642842,210.7135550995444,193.14253850782484,1679.1532175689479,HCT116 OsTIRF74G mAC/mCh-POLR2A Clone 1,Vehicle,1440,Leptomycin 10 ng/mL,120,250520_mACmChPOLR2A_Inhibitors_Chase,K,08,35.794632282339336,16.96031502815157,0.4693746565195295,0.4693746565195295,120,0.7615139004064947,-0.27244685283257075,2.0,2.0
146,K09,153.5355609964908,219.7701447615932,200.00170839078683,1604.1802197802199,HCT116 OsTIRF74G mAC/mCh-POLR2A Clone 1,Vehicle,1440,Vehicle,120,250520_mACmChPOLR2A_Inhibitors_Chase,K,09,44.85122194438813,21.261367958213953,0.5884057734751659,0.5884057734751659,0,0.9546301006179921,-0.046431342728554696,2.0,0.0
147,K10,159.54980388581862,178.00514315629508,204.25712388700677,1587.6225014277557,HCT116 OsTIRF74G mAC/mCh-POLR2A Clone 1,10 µM 5PhIAA,1440,Cycloheximide 50 µg/mL,120,250520_mACmChPOLR2A_Inhibitors_Chase,K,10,3.086220339090005,27.27561084754177,0.7548492142790438,0.7548492142790438,120,0.9260697117400477,-0.07680576451291565,2.0,2.0
148,K11,155.90460573657356,177.80026411899718,197.08444902155244,1717.7852541159627,HCT116 OsTIRF74G mAC/mCh-POLR2A Clone 1,10 µM 5PhIAA,1440,Leptomycin 10 ng/mL,120,250520_mACmChPOLR2A_Inhibitors_Chase,K,11,2.881341301792105,23.63041269829671,0.6539687986495237,0.6539687986495237,120,0.8023068520125279,-0.22026413579716414,2.0,2.0
149,K12,160.88652646117367,178.79960066686235,199.28193165911753,1586.0491718426501,HCT116 OsTIRF74G mAC/mCh-POLR2A Clone 1,10 µM 5PhIAA,1440,Vehicle,120,250520_mACmChPOLR2A_Inhibitors_Chase,K,12,3.8806778496572747,28.612333422896825,0.7918428490451287,0.7918428490451287,0,0.9714545171236835,-0.028960828426134233,2.0,0.0
150,K13,153.161081471454,207.54613667977475,204.2097045926537,1629.1863932898416,HCT116 OsTIRF74G mAC/mCh-POLR2A Clone 1,Vehicle,1440,Cycloheximide 50 µg/mL,120,250520_mACmChPOLR2A_Inhibitors_Chase,K,13,32.627213862569675,20.88688843317715,0.5780420981456692,0.5780420981456692,120,0.9378160636581947,-0.06420144338591924,2.0,2.0
151,K14,149.60199518999985,211.790315863835,193.041107333608,1716.784208645945,HCT116 OsTIRF74G mAC/mCh-POLR2A Clone 1,Vehicle,1440,Leptomycin 10 ng/mL,120,250520_mACmChPOLR2A_Inhibitors_Chase,K,14,36.87139304662992,17.327802151723006,0.47954481798854626,0.47954481798854626,120,0.7780139802903615,-0.2510107854403092,2.0,2.0
152,K15,154.51664340829308,218.65579689003823,212.52192989325206,1590.9937888198758,HCT116 OsTIRF74G mAC/mCh-POLR2A Clone 1,Vehicle,1440,Vehicle,120,250520_mACmChPOLR2A_Inhibitors_Chase,K,15,43.73687407283316,22.24245037001623,0.6155571099505022,0.6155571099505022,0,0.9986804553898037,-0.001320415975807039,2.0,0.0
153,K16,162.46852009164215,175.21922616237148,191.89982540664153,1711.7070435172723,HCT116 mChPOLR2A Clone 2,Vehicle,1440,Cycloheximide 50 µg/mL,120,250520_mACmChPOLR2A_Inhibitors_Chase,K,16,0.3003033451664123,30.1943270533653,0.8356243304435995,0.8356243304435995,120,0.8356243304435995,-0.17957613239045445,2.0,2.0
154,K17,162.59127409977665,175.09315811966124,191.57719501884705,1710.8592622293504,HCT116 mChPOLR2A Clone 2,Vehicle,1440,Leptomycin 10 ng/mL,120,250520_mACmChPOLR2A_Inhibitors_Chase,K,17,0.17423530245616803,30.317081061499806,0.8390215326953793,0.8390215326953793,120,0.8390215326953793,-0.1755189081298668,2.0,2.0
155,K18,167.45717823353877,175.11988981578793,191.8062439128872,1741.2273079906904,HCT116 mChPOLR2A Clone 2,Vehicle,1440,Vehicle,120,250520_mACmChPOLR2A_Inhibitors_Chase,K,18,0.2009669985828566,35.18298519526192,0.9736848380438099,0.9736848380438099,0,0.9736848380438099,-0.02666760260494262,2.0,0.0
156,K19,161.88167089828963,175.6693269119127,190.74590781391416,1734.0258007117438,HCT116 mChPOLR2A Clone 2,Vehicle,1440,Cycloheximide 50 µg/mL,120,250520_mACmChPOLR2A_Inhibitors_Chase,K,19,0.7504040947076192,29.60747786001278,0.8193833503614847,0.8193833503614847,120,0.8193833503614847,-0.19920323338080417,2.0,2.0
157,K20,160.77533555055118,174.55029159091347,191.19047194653533,1729.2652482269505,HCT116 mChPOLR2A Clone 2,Vehicle,1440,Leptomycin 10 ng/mL,120,250520_mACmChPOLR2A_Inhibitors_Chase,K,20,-0.3686312262915976,28.501142512274328,0.7887656541112551,0.7887656541112551,120,0.7887656541112551,-0.23728601858989554,2.0,2.0
158,K21,165.9594638302036,173.7156971581754,192.96264258349782,1750.26686074721,HCT116 mChPOLR2A Clone 2,Vehicle,1440,Vehicle,120,250520_mACmChPOLR2A_Inhibitors_Chase,K,21,-1.2032256590296697,33.68527079192674,0.9322357740103325,0.9322357740103325,0,0.9322357740103325,-0.0701695198837451,2.0,0.0
161,L04,162.44493978304115,179.55688333602285,195.77398833443362,1363.080947680158,HCT116 OsTIRF74G mAC/mCh-POLR2A Clone 1,10 µM 5PhIAA,1440,Cycloheximide 50 µg/mL,60,250520_mACmChPOLR2A_Inhibitors_Chase,L,04,4.637960518817778,30.1707467447643,0.8349717482697515,0.8349717482697515,60,1.0243662331552874,0.024074112241665755,1.0,1.0
162,L05,155.5964882401905,178.26656244892138,194.95765742553257,1743.633867276888,HCT116 OsTIRF74G mAC/mCh-POLR2A Clone 1,10 µM 5PhIAA,1440,Leptomycin 10 ng/mL,60,250520_mACmChPOLR2A_Inhibitors_Chase,L,05,3.347639631716305,23.322295201913647,0.645441684395313,0.645441684395313,60,0.7918455544580043,-0.23338891318151728,1.0,1.0
163,L06,162.0508787572198,180.15141317883416,200.4060830314968,1508.978862973761,HCT116 OsTIRF74G mAC/mCh-POLR2A Clone 1,10 µM 5PhIAA,1440,Vehicle,60,250520_mACmChPOLR2A_Inhibitors_Chase,L,06,5.23249036162909,29.776685718942957,0.8240661572865878,0.8240661572865878,0,1.0109869551391086,0.010927037026414933,1.0,0.0
164,L07,154.0273787783332,220.2620704490955,206.96023898233102,1533.609112709832,HCT116 OsTIRF74G mAC/mCh-POLR2A Clone 1,Vehicle,1440,Cycloheximide 50 µg/mL,60,250520_mACmChPOLR2A_Inhibitors_Chase,L,07,45.34314763189042,21.753185740056352,0.6020167707968136,0.6020167707968136,60,0.9767125959441946,-0.023562840180826203,1.0,1.0
165,L08,149.9127037526742,211.82179478695025,191.87076180587746,1712.4313821938022,HCT116 OsTIRF74G mAC/mCh-POLR2A Clone 1,Vehicle,1440,Leptomycin 10 ng/mL,60,250520_mACmChPOLR2A_Inhibitors_Chase,L,08,36.90287196974518,17.63851071439734,0.48814363968736924,0.48814363968736924,60,0.7919647169989129,-0.23323843740385505,1.0,1.0
166,L09,155.52117675823024,223.3218242411461,211.60032414322876,1525.593726090283,HCT116 OsTIRF74G mAC/mCh-POLR2A Clone 1,Vehicle,1440,Vehicle,60,250520_mACmChPOLR2A_Inhibitors_Chase,L,09,48.40290142394102,23.24698371995339,0.6433574482877644,0.6433574482877644,0,1.0437837514152208,0.04285233334535037,1.0,0.0
167,L10,162.52643292914686,177.83301199727285,209.09364124499706,1442.7838196286473,HCT116 OsTIRF74G mAC/mCh-POLR2A Clone 1,10 µM 5PhIAA,1440,Cycloheximide 50 µg/mL,60,250520_mACmChPOLR2A_Inhibitors_Chase,L,10,2.9140891800677764,30.252239890870015,0.8372270611810138,0.8372270611810138,60,1.0271331128686232,0.026771535856614778,1.0,1.0
168,L11,155.73749052754223,176.69519146603267,198.77030355806653,1699.4424209962506,HCT116 OsTIRF74G mAC/mCh-POLR2A Clone 1,10 µM 5PhIAA,1440,Leptomycin 10 ng/mL,60,250520_mACmChPOLR2A_Inhibitors_Chase,L,11,1.776268648827596,23.463297489265386,0.6493439055559658,0.6493439055559658,60,0.7966329063648921,-0.22736130057045273,1.0,1.0
169,L12,161.15528765274422,177.75037528954596,207.44878751140303,1496.6257783312578,HCT116 OsTIRF74G mAC/mCh-POLR2A Clone 1,10 µM 5PhIAA,1440,Vehicle,60,250520_mACmChPOLR2A_Inhibitors_Chase,L,12,2.831452472340885,28.881094614467372,0.7992807823482434,0.7992807823482434,0,0.9805795776253837,-0.019611476388787134,1.0,0.0
170,L13,154.1967361353628,221.35430262674376,213.4919419456672,1499.4254143646408,HCT116 OsTIRF74G mAC/mCh-POLR2A Clone 1,Vehicle,1440,Cycloheximide 50 µg/mL,60,250520_mACmChPOLR2A_Inhibitors_Chase,L,13,46.43537980953869,21.922543097085963,0.6067037150636438,0.6067037150636438,60,0.9843166988927593,-0.0158075852437402,1.0,1.0
171,L14,150.20596677208403,211.99650806057323,197.0961177303944,1726.6609029779058,HCT116 OsTIRF74G mAC/mCh-POLR2A Clone 1,Vehicle,1440,Leptomycin 10 ng/mL,60,250520_mACmChPOLR2A_Inhibitors_Chase,L,14,37.07758524336816,17.931773733807177,0.49625965809722145,0.49625965809722145,60,0.8051321531806751,-0.21674884959541282,1.0,1.0
172,L15,155.30620066506762,223.42024857566858,211.76309403311177,1501.6524129505192,HCT116 OsTIRF74G mAC/mCh-POLR2A Clone 1,Vehicle,1440,Vehicle,60,250520_mACmChPOLR2A_Inhibitors_Chase,L,15,48.50132575846351,23.032007626790772,0.6374080110443743,0.6374080110443743,0,1.0341313786304767,0.03356182665179709,1.0,0.0
173,L16,166.73035987010894,175.6925799393565,192.31082030178038,1610.077958236659,HCT116 mChPOLR2A Clone 2,Vehicle,1440,Cycloheximide 50 µg/mL,60,250520_mACmChPOLR2A_Inhibitors_Chase,L,16,0.7736571221514339,34.45616683183209,0.9535702281960149,0.9535702281960149,60,0.9535702281960149,-0.047542203590450936,1.0,1.0
174,L17,163.3906784302731,174.5629704211329,189.42864619516394,1765.5186485300571,HCT116 mChPOLR2A Clone 2,Vehicle,1440,Leptomycin 10 ng/mL,60,250520_mACmChPOLR2A_Inhibitors_Chase,L,17,-0.3559523960721833,31.116485391996264,0.8611449503573856,0.8611449503573856,60,0.8611449503573856,-0.1494924375538561,1.0,1.0
175,L18,166.10927707186246,174.9546304301931,194.14951242877675,1706.697955778056,HCT116 mChPOLR2A Clone 2,Vehicle,1440,Vehicle,60,250520_mACmChPOLR2A_Inhibitors_Chase,L,18,0.03570761298803404,33.835084033585616,0.9363818372602777,0.9363818372602777,0,0.9363818372602777,-0.06573193990091104,1.0,0.0
176,L19,164.71399477823388,173.79190780890846,195.00765671108982,1656.120224719101,HCT116 mChPOLR2A Clone 2,Vehicle,1440,Cycloheximide 50 µg/mL,60,250520_mACmChPOLR2A_Inhibitors_Chase,L,19,-1.1270150082966097,32.43980173995703,0.8977675694101437,0.8977675694101437,60,0.8977675694101437,-0.10784407557438547,1.0,1.0
177,L20,163.62833351154322,174.48246406713827,189.81332713977508,1745.851416724257,HCT116 mChPOLR2A Clone 2,Vehicle,1440,Leptomycin 10 ng/mL,60,250520_mACmChPOLR2A_Inhibitors_Chase,L,20,-0.4364587500668051,31.35414047326637,0.8677220258395403,0.8677220258395403,60,0.8677220258395403,-0.1418838623403613,1.0,1.0
178,L21,164.20225848358277,173.42022181762366,197.5931000033895,1717.881975308642,HCT116 mChPOLR2A Clone 2,Vehicle,1440,Vehicle,60,250520_mACmChPOLR2A_Inhibitors_Chase,L,21,-1.4987009995814162,31.92806544530592,0.8836053296680307,0.8836053296680307,0,0.8836053296680307,-0.12374477568882643,1.0,0.0
181,M04,161.97579789369166,179.42894672044986,203.18668852113737,1368.2446808510638,HCT116 OsTIRF74G mAC/mCh-POLR2A Clone 1,10 µM 5PhIAA,1440,Cycloheximide 50 µg/mL,30,250520_mACmChPOLR2A_Inhibitors_Chase,M,04,4.510023903244786,29.701604855414814,0.8219883035161114,0.8219883035161114,30,1.0084377871650771,0.00840238802649781,0.5,0.5
182,M05,157.7651323439695,178.96336813229019,192.70496578381992,1747.8142444658326,HCT116 OsTIRF74G mAC/mCh-POLR2A Clone 1,10 µM 5PhIAA,1440,Leptomycin 10 ng/mL,30,250520_mACmChPOLR2A_Inhibitors_Chase,M,05,4.044445315085113,25.49093930569265,0.7054586463228951,0.7054586463228951,30,0.8654760088327548,-0.14447562418073404,0.5,0.5
183,M06,161.13130049133062,179.02304812589992,200.1805795870891,1475.4122950819672,HCT116 OsTIRF74G mAC/mCh-POLR2A Clone 1,10 µM 5PhIAA,1440,Vehicle,30,250520_mACmChPOLR2A_Inhibitors_Chase,M,06,4.104125308694847,28.85710745305377,0.7986169405722682,0.7986169405722682,0,0.979765158334101,-0.020442370387376917,0.5,0.0
184,M07,152.37867528602015,219.40634912210282,199.2050454571793,1472.4135802469136,HCT116 OsTIRF74G mAC/mCh-POLR2A Clone 1,Vehicle,1440,Cycloheximide 50 µg/mL,30,250520_mACmChPOLR2A_Inhibitors_Chase,M,07,44.48742630489775,20.104482247743306,0.5563891020817872,0.5563891020817872,30,0.9026862217311472,-0.1023802701919366,0.5,0.5
185,M08,149.7013408973188,211.48814113417956,194.03638725972627,1730.775234741784,HCT116 OsTIRF74G mAC/mCh-POLR2A Clone 1,Vehicle,1440,Leptomycin 10 ng/mL,30,250520_mACmChPOLR2A_Inhibitors_Chase,M,08,36.569218316974485,17.427147859041952,0.48229419836102877,0.48229419836102877,30,0.7824745776874924,-0.24529384567387852,0.5,0.5
186,M09,153.50033334673077,222.35520777196416,204.96387954917222,1536.9371890547263,HCT116 OsTIRF74G mAC/mCh-POLR2A Clone 1,Vehicle,1440,Vehicle,30,250520_mACmChPOLR2A_Inhibitors_Chase,M,09,47.43628495475909,21.22614030845392,0.587430852550722,0.587430852550722,0,0.9530483879595665,-0.04808960226269427,0.5,0.0
187,M10,159.975471034362,178.63233432341863,203.55040933605923,1561.8186475409836,HCT116 OsTIRF74G mAC/mCh-POLR2A Clone 1,10 µM 5PhIAA,1440,Cycloheximide 50 µg/mL,30,250520_mACmChPOLR2A_Inhibitors_Chase,M,10,3.7134115062135606,27.70127799608514,0.7666295008661478,0.7666295008661478,30,0.940522090304625,-0.06132014268634452,0.5,0.5
188,M11,155.49466534650625,177.9917172838303,193.22914100164397,1711.3367446393763,HCT116 OsTIRF74G mAC/mCh-POLR2A Clone 1,10 µM 5PhIAA,1440,Leptomycin 10 ng/mL,30,250520_mACmChPOLR2A_Inhibitors_Chase,M,11,3.0727944666252256,23.220472308229404,0.6426237481913252,0.6426237481913252,30,0.7883884330637385,-0.2377643752169077,0.5,0.5
189,M12,158.76108200319663,178.69764182246058,203.45023091271852,1584.8842631140717,HCT116 OsTIRF74G mAC/mCh-POLR2A Clone 1,10 µM 5PhIAA,1440,Vehicle,30,250520_mACmChPOLR2A_Inhibitors_Chase,M,12,3.7787190052555104,26.486888964919785,0.7330214320632864,0.7330214320632864,0,0.8992907900665615,-0.10614883733888208,0.5,0.0
190,M13,150.6227212199008,213.67992890180383,201.11430872292212,1543.2141472868218,HCT116 OsTIRF74G mAC/mCh-POLR2A Clone 1,Vehicle,1440,Cycloheximide 50 µg/mL,30,250520_mACmChPOLR2A_Inhibitors_Chase,M,13,38.76100608459876,18.348528181623948,0.5077932867752438,0.5077932867752438,30,0.8238443235938973,-0.1937736945990563,0.5,0.5
191,M14,149.0235875141192,214.38519030030662,196.77573915889553,1711.119984417608,HCT116 OsTIRF74G mAC/mCh-POLR2A Clone 1,Vehicle,1440,Leptomycin 10 ng/mL,30,250520_mACmChPOLR2A_Inhibitors_Chase,M,14,39.46626748310155,16.749394475842365,0.4635374558762209,0.4635374558762209,30,0.7520436203911606,-0.2849609508752616,0.5,0.5
192,M15,154.0877582646669,222.15549832611504,210.75453521952898,1443.0992275698159,HCT116 OsTIRF74G mAC/mCh-POLR2A Clone 1,Vehicle,1440,Vehicle,30,250520_mACmChPOLR2A_Inhibitors_Chase,M,15,47.236575508909965,21.81356522639004,0.6036877657406964,0.6036877657406964,0,0.979423619770473,-0.020791023432866734,0.5,0.0
193,M16,166.57013390996298,175.07648624797446,192.19519762273282,1616.937059652419,HCT116 mChPOLR2A Clone 2,Vehicle,1440,Cycloheximide 50 µg/mL,30,250520_mACmChPOLR2A_Inhibitors_Chase,M,16,0.15756343076938606,34.29594087168613,0.9491359942278255,0.9491359942278255,30,0.9491359942278255,-0.05220318797538229,0.5,0.5
194,M17,164.12706676090932,174.27450454302243,190.13560253715315,1666.8037094281299,HCT116 mChPOLR2A Clone 2,Vehicle,1440,Leptomycin 10 ng/mL,30,250520_mACmChPOLR2A_Inhibitors_Chase,M,17,-0.644418274182641,31.852873722632467,0.8815244078841853,0.8815244078841853,30,0.8815244078841853,-0.12610258849273606,0.5,0.5
195,M18,164.76322040501134,174.07160571229755,190.67502748279648,1669.9855399909625,HCT116 mChPOLR2A Clone 2,Vehicle,1440,Vehicle,30,250520_mACmChPOLR2A_Inhibitors_Chase,M,18,-0.8473171049075177,32.48902736673449,0.899129882646795,0.899129882646795,0,0.899129882646795,-0.10632778036665888,0.5,0.0
196,M19,165.00184476486245,174.23685828572553,194.4238995955369,1644.0049504950496,HCT116 mChPOLR2A Clone 2,Vehicle,1440,Cycloheximide 50 µg/mL,30,250520_mACmChPOLR2A_Inhibitors_Chase,M,19,-0.6820645314795399,32.727651726585606,0.9057337827958429,0.9057337827958429,30,0.9057337827958429,-0.09900985409167701,0.5,0.5
197,M20,162.62216365947324,174.2381795941224,189.39117197687727,1748.9486682808717,HCT116 mChPOLR2A Clone 2,Vehicle,1440,Leptomycin 10 ng/mL,30,250520_mACmChPOLR2A_Inhibitors_Chase,M,20,-0.6807432230826578,30.347970621196396,0.8398763975047039,0.8398763975047039,30,0.8398763975047039,-0.17450054379952065,0.5,0.5
198,M21,166.70527357091072,173.6347440514006,197.59578232409513,1614.6699266503667,HCT116 mChPOLR2A Clone 2,Vehicle,1440,Vehicle,30,250520_mACmChPOLR2A_Inhibitors_Chase,M,21,-1.2841787658044836,34.43108053263387,0.9528759679154737,0.9528759679154737,0,0.9528759679154737,-0.04827053288990585,0.5,0.0
