,WELL,RFP_Intensity,GFP_Intensity,DAPI_Intensity,NucleusArea,CELL,EU,DRUG,DRUG TIME MINUTES,PRIMARY,SECONDARY,TotalNumberCells,Alexa647_Intensity,NucleusArea2,EXPERIMENT,GFP_Intensity_BGS,GFP_Intensity_FC,RFP_Intensity_BGS,RFP_Intensity_FC,TIME_IN_AUXIN,TIME_IN_AUXIN_HRS
61,F04,219.98311114223088,268.3989217086569,453.8812949361031,1767.772667542707,HCT116 OsTIRF74G mAC/mCh-POLR2A Clone 1,No addition,Vehicle,30,Total Pol II F12,Goat anti-mouse Alexa647,1522,360.91800606880173,1692.9457038902883,241026_mACmChPOLR2A_ActivePolII,81.32647148838888,0.41948545218497585,42.76265738157997,0.5886423076890849,0,0.0
62,F05,230.71014419573535,231.89473666331753,481.5669255585158,1758.1056485355648,HCT116 OsTIRF74G mAC/mCh-POLR2A Clone 1,No addition,10 µM 5PhIAA,30,Total Pol II F12,Goat anti-mouse Alexa647,956,298.8594629081621,1775.7590176515732,241026_mACmChPOLR2A_ActivePolII,44.82228644304948,0.23119528921418359,53.48969043508444,0.736303512064842,30,0.5
63,F06,216.8740460715161,265.95691086050505,443.69711313085014,1847.5102375102374,HCT116 OsTIRF74G mAC/mCh-POLR2A Clone 1,No addition,Vehicle,30,Total Pol II F12,Goat anti-mouse Alexa647,1221,358.7908149205688,1751.1440501043842,241026_mACmChPOLR2A_ActivePolII,78.884460640237,0.40688945476703964,39.65359231086518,0.545844985210959,0,0.0
64,F07,224.93840481692507,225.54450797445978,518.0104918947761,1700.7036747458953,HCT116 OsTIRF74G mAC/mCh-POLR2A Clone 1,No addition,10 µM 5PhIAA,30,Total Pol II F12,Goat anti-mouse Alexa647,1279,313.60865543034,1674.880361173815,241026_mACmChPOLR2A_ActivePolII,38.472057754191724,0.1984405353896085,47.71795105627416,0.656853585531831,30,0.5
65,F08,221.24581102175478,269.61746076790763,499.23905853917574,1869.9556313993173,HCT116 OsTIRF74G mAC/mCh-POLR2A Clone 1,No addition,Vehicle,30,pSer2 3E10,Goat anti-rat Alexa647,879,517.9811488438953,1735.7464788732395,241026_mACmChPOLR2A_ActivePolII,82.54501054763958,0.4257707292776604,44.02535726110386,0.6060237946338565,0,0.0
66,F09,230.5476486610193,224.65062544805664,562.0102000913686,1768.7667638483965,HCT116 OsTIRF74G mAC/mCh-POLR2A Clone 1,No addition,10 µM 5PhIAA,30,pSer2 3E10,Goat anti-rat Alexa647,1029,507.8080646472227,1704.269001490313,241026_mACmChPOLR2A_ActivePolII,37.57817522778859,0.19382985071429953,53.3271949003684,0.7340667065807743,30,0.5
67,F10,224.0842182168294,265.1721479834328,514.4290807639163,1763.2193548387097,HCT116 OsTIRF74G mAC/mCh-POLR2A Clone 1,No addition,Vehicle,30,pSer2 3E10,Goat anti-rat Alexa647,1085,542.9291945459227,1732.5346228239846,241026_mACmChPOLR2A_ActivePolII,78.09969776316476,0.40284161395553175,46.8637644561785,0.6450954207622583,0,0.0
68,F11,223.9572156603665,220.14888262449074,532.6334082397453,1745.9071246819337,HCT116 OsTIRF74G mAC/mCh-POLR2A Clone 1,No addition,10 µM 5PhIAA,30,pSer2 3E10,Goat anti-rat Alexa647,1572,517.7873883889555,1740.0280948200175,241026_mACmChPOLR2A_ActivePolII,33.076432404222686,0.17060966681349393,46.73676189971559,0.6433471880167662,30,0.5
71,F14,222.56839403736157,262.2261348268714,531.7002844633537,1843.855888807608,HCT116 OsTIRF74G mAC/mCh-POLR2A Clone 1,"EU 1 mM, 30 mins",Vehicle,30,No primary,No secondary,1367,234.73038205006978,1754.5642836128272,241026_mACmChPOLR2A_ActivePolII,75.15368460660332,0.38764595086446185,45.34794027671066,0.6242295930123389,0,0.0
72,F15,228.3122749214889,222.72776909009352,573.817829824543,1858.9853620955316,HCT116 OsTIRF74G mAC/mCh-POLR2A Clone 1,"EU 1 mM, 30 mins",10 µM 5PhIAA,30,No primary,No secondary,1298,264.93887022300464,1732.8957928802588,241026_mACmChPOLR2A_ActivePolII,35.655318869825464,0.18391167457749175,51.09182116083798,0.7032960380312665,30,0.5
73,F16,224.32265191680239,262.6787950460206,561.771661431665,1751.5917001338687,HCT116 OsTIRF74G mAC/mCh-POLR2A Clone 1,"EU 1 mM, 30 mins",Vehicle,30,No primary,No secondary,1494,248.0426116846638,1655.2225405921681,241026_mACmChPOLR2A_ActivePolII,75.60634482575253,0.3899807918238789,47.10219815615147,0.6483775405363067,0,0.0
74,F17,221.0855718849246,219.31170579595565,541.9556304016354,1810.6112469437653,HCT116 OsTIRF74G mAC/mCh-POLR2A Clone 1,"EU 1 mM, 30 mins",10 µM 5PhIAA,30,No primary,No secondary,1227,257.86676452270757,1768.7926670992863,241026_mACmChPOLR2A_ActivePolII,32.239255575687594,0.16629147257673838,43.86511812427369,0.6038180492227574,30,0.5
75,F18,223.78675926505656,265.8158959215021,536.9024265957546,1869.6575471698113,HCT116 OsTIRF74G mAC/mCh-POLR2A Clone 1,"EU 1 mM, 30 mins",Vehicle,30,No primary,No secondary,1060,238.94303653088096,1719.1276901004305,241026_mACmChPOLR2A_ActivePolII,78.74344570123404,0.4061620936216475,46.56630550440565,0.6410007986191131,0,0.0
76,F19,233.79364262181602,221.7735924180495,627.9204229838138,1794.3057503506311,HCT116 OsTIRF74G mAC/mCh-POLR2A Clone 1,"EU 1 mM, 30 mins",10 µM 5PhIAA,30,No primary,No secondary,713,232.63210309952092,1743.498538011696,241026_mACmChPOLR2A_ActivePolII,34.70114219778145,0.1789899900950427,56.57318886116511,0.7787489011127553,30,0.5
77,F20,222.4685383488711,258.75778313023034,550.2687221686806,1798.7092882991556,HCT116 OsTIRF74G mAC/mCh-POLR2A Clone 1,"EU 1 mM, 30 mins",Vehicle,30,No primary,No secondary,829,250.69435483941157,1629.778310940499,241026_mACmChPOLR2A_ActivePolII,71.68533290996228,0.36975604302541687,45.248084588220195,0.6228550460008095,0,0.0
78,F21,227.41858522322036,218.86892568481926,588.4956629635312,1703.8145985401459,HCT116 OsTIRF74G mAC/mCh-POLR2A Clone 1,"EU 1 mM, 30 mins",10 µM 5PhIAA,30,No primary,No secondary,685,249.29940884958174,1619.4487315010572,241026_mACmChPOLR2A_ActivePolII,31.796475464551207,0.16400759364114384,50.19813146256945,0.6909940998787196,30,0.5
81,G04,226.6931638950677,217.69768650608748,504.78465638226817,1738.8340807174889,HCT116 OsTIRF74G mAC/mCh-POLR2A Clone 1,No addition,Vehicle,60,Total Pol II F12,Goat anti-mouse Alexa647,1115,308.6682776069833,1687.7322421247684,241026_mACmChPOLR2A_ActivePolII,30.625236285819426,0.1579662913749167,49.472710134416786,0.6810084322238699,0,0.0
82,G05,220.34370645786566,206.89213085054172,487.764109366755,1709.7678122380553,HCT116 OsTIRF74G mAC/mCh-POLR2A Clone 1,No addition,10 µM 5PhIAA,60,Total Pol II F12,Goat anti-mouse Alexa647,1193,300.69118090628047,1709.6062378167642,241026_mACmChPOLR2A_ActivePolII,19.819680630273666,0.1022307686438747,43.12325269721475,0.5936060230364048,60,1.0
83,G06,225.35724164007107,273.0752680963358,506.24889896150444,1746.5225375626044,HCT116 OsTIRF74G mAC/mCh-POLR2A Clone 1,No addition,Vehicle,60,Total Pol II F12,Goat anti-mouse Alexa647,1198,354.65598116949826,1712.3844315466029,241026_mACmChPOLR2A_ActivePolII,86.00281787606772,0.4436062488100834,48.136787879420154,0.6626190147454987,0,0.0
84,G07,227.45063240107723,209.75680893957366,519.2405238284347,1740.9040404040404,HCT116 OsTIRF74G mAC/mCh-POLR2A Clone 1,No addition,10 µM 5PhIAA,60,Total Pol II F12,Goat anti-mouse Alexa647,1386,293.9257815157888,1738.664154356346,241026_mACmChPOLR2A_ActivePolII,22.684358719305607,0.1170069019440084,50.23017864042632,0.691435240020228,60,1.0
85,G08,226.30841425707473,268.91640540517903,523.265475952485,1733.9608163265307,HCT116 OsTIRF74G mAC/mCh-POLR2A Clone 1,No addition,Vehicle,60,pSer2 3E10,Goat anti-rat Alexa647,1225,528.5502458639505,1700.5579761068166,241026_mACmChPOLR2A_ActivePolII,81.84395518491098,0.4221546554402151,49.08796049642382,0.6757122245357041,0,0.0
86,G09,225.4674953818989,207.94855928077445,511.49228112142015,1705.7936507936508,HCT116 OsTIRF74G mAC/mCh-POLR2A Clone 1,No addition,10 µM 5PhIAA,60,pSer2 3E10,Goat anti-rat Alexa647,1260,487.40933410441085,1703.3780418788908,241026_mACmChPOLR2A_ActivePolII,20.876109060506394,0.10767987211100975,48.247041621248,0.6641366944453776,60,1.0
87,G10,221.3597565736338,264.1094343575961,525.2600827210002,1751.871385083714,HCT116 OsTIRF74G mAC/mCh-POLR2A Clone 1,No addition,Vehicle,60,pSer2 3E10,Goat anti-rat Alexa647,1314,511.7100670880604,1744.7887236679057,241026_mACmChPOLR2A_ActivePolII,77.03698413732806,0.3973600911780326,44.13930281298289,0.6075922933361346,0,0.0
88,G11,226.71157778816027,206.49907427005022,556.8701320214946,1767.8579545454545,HCT116 OsTIRF74G mAC/mCh-POLR2A Clone 1,No addition,10 µM 5PhIAA,60,pSer2 3E10,Goat anti-rat Alexa647,1584,495.1232917102034,1732.1876690102758,241026_mACmChPOLR2A_ActivePolII,19.426624049782163,0.10020336582675754,49.49112402750936,0.6812619056323821,60,1.0
91,G14,225.5523629035218,267.1112650715485,555.323685328826,1711.661381653454,HCT116 OsTIRF74G mAC/mCh-POLR2A Clone 1,"EU 1 mM, 30 mins",Vehicle,60,No primary,No secondary,1766,227.2884350893836,1700.8830865159782,241026_mACmChPOLR2A_ActivePolII,80.03881485128042,0.41284366364071884,48.3319091428709,0.665304924317768,0,0.0
92,G15,227.2983009095333,203.6560976116975,573.1366112155489,1790.9622857142858,HCT116 OsTIRF74G mAC/mCh-POLR2A Clone 1,"EU 1 mM, 30 mins",10 µM 5PhIAA,60,No primary,No secondary,1750,236.5070387811594,1739.6664704150721,241026_mACmChPOLR2A_ActivePolII,16.58364739142945,0.0855391694432874,50.0778471488824,0.6893383459961734,60,1.0
93,G16,228.93115781799006,264.43975560794803,591.1181888302995,1805.542297979798,HCT116 OsTIRF74G mAC/mCh-POLR2A Clone 1,"EU 1 mM, 30 mins",Vehicle,60,No primary,No secondary,1584,228.28624508757878,1725.0273115220484,241026_mACmChPOLR2A_ActivePolII,77.36730538767998,0.3990639024529379,51.71070405733914,0.711815168475734,0,0.0
94,G17,228.02189212959627,203.38826170850038,573.8577974642116,1762.0719273743016,HCT116 OsTIRF74G mAC/mCh-POLR2A Clone 1,"EU 1 mM, 30 mins",10 µM 5PhIAA,60,No primary,No secondary,1432,225.3585877929834,1658.5569744597249,241026_mACmChPOLR2A_ActivePolII,16.315811488232328,0.08415766028756241,50.801438368945355,0.6992988215999392,60,1.0
95,G18,229.32538208984386,269.15402865615243,576.5789955166198,1776.1227045075125,HCT116 OsTIRF74G mAC/mCh-POLR2A Clone 1,"EU 1 mM, 30 mins",Vehicle,60,No primary,No secondary,1198,227.81017049269846,1716.2103756708407,241026_mACmChPOLR2A_ActivePolII,82.08157843588438,0.4233803264309757,52.104928329192944,0.7172417976737367,0,0.0
96,G19,228.59990234328967,201.50012904587282,578.1984345612068,1654.931623931624,HCT116 OsTIRF74G mAC/mCh-POLR2A Clone 1,"EU 1 mM, 30 mins",10 µM 5PhIAA,60,No primary,No secondary,585,236.88872284608078,1645.5375816993464,241026_mACmChPOLR2A_ActivePolII,14.427678825604772,0.07441859047090839,51.37944858263876,0.7072553258700153,60,1.0
97,G20,232.32657790411815,267.40738877907336,618.8073199838773,1742.051637279597,HCT116 OsTIRF74G mAC/mCh-POLR2A Clone 1,"EU 1 mM, 30 mins",Vehicle,60,No primary,No secondary,794,230.16298490494827,1720.208295350957,241026_mACmChPOLR2A_ActivePolII,80.3349385588053,0.41437108251283233,55.10612414346724,0.7585542636923294,0,0.0
98,G21,234.64946721808846,202.61657706592706,630.9507145957302,1743.3542354235424,HCT116 OsTIRF74G mAC/mCh-POLR2A Clone 1,"EU 1 mM, 30 mins",10 µM 5PhIAA,60,No primary,No secondary,909,238.8953138337779,1677.397188049209,241026_mACmChPOLR2A_ActivePolII,15.544126845659008,0.08017727757440994,57.42901345743755,0.7905296134485582,60,1.0
101,H04,226.95565032462767,277.1834114788598,503.8895930853317,1745.303317535545,HCT116 OsTIRF74G mAC/mCh-POLR2A Clone 1,No addition,Vehicle,90,Total Pol II F12,Goat anti-mouse Alexa647,1055,327.19364694720895,1727.0211952744962,241026_mACmChPOLR2A_ActivePolII,90.11096125859174,0.4647962297956085,49.73519656397676,0.6846216458802271,0,0.0
102,H05,229.74223926608514,203.4062259121762,522.3496573316472,1751.9859620148638,HCT116 OsTIRF74G mAC/mCh-POLR2A Clone 1,No addition,10 µM 5PhIAA,90,Total Pol II F12,Goat anti-mouse Alexa647,1211,283.3240047492432,1698.9232804232804,241026_mACmChPOLR2A_ActivePolII,16.33377569190816,0.08425032042594276,52.521785505434224,0.7229799763844246,90,1.5
103,H06,218.15341640902093,266.69348203359766,485.2204361745485,1765.8640120210368,HCT116 OsTIRF74G mAC/mCh-POLR2A Clone 1,No addition,Vehicle,90,Total Pol II F12,Goat anti-mouse Alexa647,1331,337.22815385678285,1740.6124401913876,241026_mACmChPOLR2A_ActivePolII,79.62103181332961,0.41068872068816453,40.93296264837002,0.5634559465957445,0,0.0
104,H07,220.86239282666023,199.8733370311798,484.3439037438003,1779.2966666666666,HCT116 OsTIRF74G mAC/mCh-POLR2A Clone 1,No addition,10 µM 5PhIAA,90,Total Pol II F12,Goat anti-mouse Alexa647,1500,285.3795402130864,1739.6827566152951,241026_mACmChPOLR2A_ActivePolII,12.800886810911749,0.06602752700282419,43.641939066009314,0.6007459147033248,90,1.5
105,H08,219.61564007227346,265.2492131725665,497.6741980526587,1805.1304347826087,HCT116 OsTIRF74G mAC/mCh-POLR2A Clone 1,No addition,Vehicle,90,pSer2 3E10,Goat anti-rat Alexa647,1472,527.4110587112992,1736.562074554295,241026_mACmChPOLR2A_ActivePolII,78.17676295229845,0.40323911952929914,42.39518631162255,0.5835839452795989,0,0.0
106,H09,224.7874271318785,198.4563760828163,521.8921237998699,1737.495145631068,HCT116 OsTIRF74G mAC/mCh-POLR2A Clone 1,No addition,10 µM 5PhIAA,90,pSer2 3E10,Goat anti-rat Alexa647,1236,517.5912503312733,1707.1161137440758,241026_mACmChPOLR2A_ActivePolII,11.383925862548239,0.05871878123684587,47.56697337122759,0.6547753271078434,90,1.5
107,H10,218.54908916718577,262.89783260275107,506.32368694387185,1774.3653350515465,HCT116 OsTIRF74G mAC/mCh-POLR2A Clone 1,No addition,Vehicle,90,pSer2 3E10,Goat anti-rat Alexa647,1552,528.2456530106211,1747.6962259171285,241026_mACmChPOLR2A_ActivePolII,75.82538238248301,0.39111059700107387,41.32863540653486,0.5689025146931748,0,0.0
108,H11,223.31259880849063,200.8992421894872,528.3883001948368,1824.2557122022363,HCT116 OsTIRF74G mAC/mCh-POLR2A Clone 1,No addition,10 µM 5PhIAA,90,pSer2 3E10,Goat anti-rat Alexa647,2057,487.68124493932777,1747.5344452501813,241026_mACmChPOLR2A_ActivePolII,13.826791969219158,0.07131919011515933,46.09214504783972,0.63447382105368,90,1.5
111,H14,222.8022975919149,265.4186611331528,547.5853666854704,1844.6752387950037,HCT116 OsTIRF74G mAC/mCh-POLR2A Clone 1,"EU 1 mM, 30 mins",Vehicle,90,No primary,No secondary,1361,208.2147238250397,1743.7253948967193,241026_mACmChPOLR2A_ActivePolII,78.34621091288474,0.4041131394279555,45.581843831263996,0.6274493538167333,0,0.0
112,H15,228.7193706680584,200.49661470398192,573.9941270378611,1821.8150728309056,HCT116 OsTIRF74G mAC/mCh-POLR2A Clone 1,"EU 1 mM, 30 mins",10 µM 5PhIAA,90,No primary,No secondary,1579,227.4621163100019,1727.4120357040024,241026_mACmChPOLR2A_ActivePolII,13.424164483713867,0.06924242015664218,51.49891690740748,0.7088998473916805,90,1.5
113,H16,221.77019043758358,261.5650473043042,548.1330143630864,1804.0552325581396,HCT116 OsTIRF74G mAC/mCh-POLR2A Clone 1,"EU 1 mM, 30 mins",Vehicle,90,No primary,No secondary,1376,224.0611583020114,1705.299264963248,241026_mACmChPOLR2A_ActivePolII,74.49259708403613,0.38423603287266095,44.54973667693267,0.6132420530008185,0,0.0
114,H17,231.7167238721605,201.03442006829974,609.7471036214095,1816.1377331420374,HCT116 OsTIRF74G mAC/mCh-POLR2A Clone 1,"EU 1 mM, 30 mins",10 µM 5PhIAA,90,No primary,No secondary,1394,233.66376584628446,1737.5337670384138,241026_mACmChPOLR2A_ActivePolII,13.961969848031686,0.07201644345200396,54.496270111509574,0.7501594185936783,90,1.5
115,H18,227.00846382568528,263.72961603800144,584.472287425619,1772.8486590038315,HCT116 OsTIRF74G mAC/mCh-POLR2A Clone 1,"EU 1 mM, 30 mins",Vehicle,90,No primary,No secondary,1044,230.55534381179734,1678.2153846153847,241026_mACmChPOLR2A_ActivePolII,76.65716581773339,0.3954009718823423,49.78801006503437,0.6853486414189347,0,0.0
116,H19,230.04119018490738,196.50484565715644,604.3194186676094,1715.2929553264605,HCT116 OsTIRF74G mAC/mCh-POLR2A Clone 1,"EU 1 mM, 30 mins",10 µM 5PhIAA,90,No primary,No secondary,1164,232.91543701669417,1671.8623583718002,241026_mACmChPOLR2A_ActivePolII,9.432395436888385,0.04865270302051085,52.82073642425647,0.7270951359539302,90,1.5
117,H20,231.49276947068867,271.0015091440046,609.3383637682191,1673.2289281997919,HCT116 OsTIRF74G mAC/mCh-POLR2A Clone 1,"EU 1 mM, 30 mins",Vehicle,90,No primary,No secondary,961,236.6796465386667,1673.1193029490616,241026_mACmChPOLR2A_ActivePolII,83.92905892373656,0.4329097105744921,54.27231571003776,0.7470766112151948,0,0.0
118,H21,221.75330122281576,193.78308126618302,560.1241015010842,1847.2478632478633,HCT116 OsTIRF74G mAC/mCh-POLR2A Clone 1,"EU 1 mM, 30 mins",10 µM 5PhIAA,90,No primary,No secondary,819,248.6432887261254,1741.269826372595,241026_mACmChPOLR2A_ActivePolII,6.710631045914965,0.034613724746979595,44.53284746216485,0.6130095673003328,90,1.5
121,I04,216.96757212876247,259.9290239632984,465.4783079878233,1725.431388660641,HCT116 OsTIRF74G mAC/mCh-POLR2A Clone 1,No addition,Vehicle,120,Total Pol II F12,Goat anti-mouse Alexa647,1217,355.58563633228675,1693.7114586658156,241026_mACmChPOLR2A_ActivePolII,72.85657374303034,0.37579735382478197,39.74711836811156,0.5471324027274926,0,0.0
122,I05,220.96331391111744,198.71422458657577,480.89799063758306,1731.0458874458875,HCT116 OsTIRF74G mAC/mCh-POLR2A Clone 1,No addition,10 µM 5PhIAA,120,Total Pol II F12,Goat anti-mouse Alexa647,1155,322.43837798064925,1727.7175820604484,241026_mACmChPOLR2A_ActivePolII,11.641774366307715,0.06004877495494546,43.74286015046653,0.6021351272473275,120,2.0
123,I06,224.7406801405963,278.6244824042615,505.9947992970105,1701.9589392643286,HCT116 OsTIRF74G mAC/mCh-POLR2A Clone 1,No addition,Vehicle,120,Total Pol II F12,Goat anti-mouse Alexa647,1169,341.0272759658041,1715.3456310679612,241026_mACmChPOLR2A_ActivePolII,91.55203218399348,0.472229335864388,47.5202263799454,0.6541318391089491,0,0.0
124,I07,221.19679876988397,199.4598304651455,462.6301374639214,1762.4411566913247,HCT116 OsTIRF74G mAC/mCh-POLR2A Clone 1,No addition,10 µM 5PhIAA,120,Total Pol II F12,Goat anti-mouse Alexa647,1487,280.94922425018353,1730.685472880894,241026_mACmChPOLR2A_ActivePolII,12.387380244877448,0.06389464227710336,43.97634500923306,0.6053491245639206,120,2.0
125,I08,223.43431937061885,260.3160988227682,504.76518205808514,1808.9167664670658,HCT116 OsTIRF74G mAC/mCh-POLR2A Clone 1,No addition,Vehicle,120,pSer2 3E10,Goat anti-rat Alexa647,1670,483.6950082902591,1763.558561236623,241026_mACmChPOLR2A_ActivePolII,73.24364860250014,0.3777939026665365,46.21386560996794,0.6361493453772743,0,0.0
126,I09,224.0960288956155,197.58760995329072,517.3237829361381,1820.765279583875,HCT116 OsTIRF74G mAC/mCh-POLR2A Clone 1,No addition,10 µM 5PhIAA,120,pSer2 3E10,Goat anti-rat Alexa647,1538,490.2037515100231,1781.1586975652683,241026_mACmChPOLR2A_ActivePolII,10.51515973302267,0.05423764802133368,46.87557513496458,0.645257998713249,120,2.0
127,I10,226.72907217813113,274.2823649339127,553.0990042965662,1649.360902255639,HCT116 OsTIRF74G mAC/mCh-POLR2A Clone 1,No addition,Vehicle,120,pSer2 3E10,Goat anti-rat Alexa647,1064,536.4940054326457,1695.8945225758698,241026_mACmChPOLR2A_ActivePolII,87.20991471364462,0.44983250642921907,49.50861841748022,0.6815027217723187,0,0.0
128,I11,225.47777734840733,196.50470810982407,547.0762727865186,1748.083894672382,HCT116 OsTIRF74G mAC/mCh-POLR2A Clone 1,No addition,10 µM 5PhIAA,120,pSer2 3E10,Goat anti-rat Alexa647,1633,519.6603750872363,1716.2035281727224,241026_mACmChPOLR2A_ActivePolII,9.432257889556013,0.04865199354543021,48.25732358775642,0.6642782291596282,120,2.0
131,I14,223.2989328242568,267.49183193375904,545.4999287583486,1785.669971671388,HCT116 OsTIRF74G mAC/mCh-POLR2A Clone 1,"EU 1 mM, 30 mins",Vehicle,120,No primary,No secondary,1412,237.93074211862864,1734.751214771623,241026_mACmChPOLR2A_ActivePolII,80.41938171349099,0.41480664395154926,46.0784790636059,0.6342857042015289,0,0.0
132,I15,229.3578791509939,196.09065983876079,594.6721168395044,1766.8953823953823,HCT116 OsTIRF74G mAC/mCh-POLR2A Clone 1,"EU 1 mM, 30 mins",10 µM 5PhIAA,120,No primary,No secondary,1386,268.8970836220857,1689.3163859111792,241026_mACmChPOLR2A_ActivePolII,9.018209618492733,0.046516314681775285,52.137425390343,0.717689130609522,120,2.0
133,I16,219.25613894898893,261.81426175812953,543.9094159482624,1772.9745114698385,HCT116 OsTIRF74G mAC/mCh-POLR2A Clone 1,"EU 1 mM, 30 mins",Vehicle,120,No primary,No secondary,1177,231.7695750225526,1703.1632255551226,241026_mACmChPOLR2A_ActivePolII,74.74181153786148,0.3855214917883214,42.03568518833802,0.5786352918566201,0,0.0
134,I17,222.72256102617288,193.30547569271684,567.9421419240238,1810.2073578595318,HCT116 OsTIRF74G mAC/mCh-POLR2A Clone 1,"EU 1 mM, 30 mins",10 µM 5PhIAA,120,No primary,No secondary,1196,222.09251151133375,1678.6654411764705,241026_mACmChPOLR2A_ActivePolII,6.233025472448787,0.032150214572680094,45.50210726552197,0.6263517532713143,120,2.0
135,I18,219.78320331123555,260.6519147497991,545.391142306322,1722.8948453608248,HCT116 OsTIRF74G mAC/mCh-POLR2A Clone 1,"EU 1 mM, 30 mins",Vehicle,120,No primary,No secondary,970,239.25553691394833,1671.464731814842,241026_mACmChPOLR2A_ActivePolII,73.57946452953107,0.37952605572105086,42.56274955058464,0.5858905094106902,0,0.0
136,I19,224.76522191064504,193.34576309865236,567.4352675911033,1803.792924037461,HCT116 OsTIRF74G mAC/mCh-POLR2A Clone 1,"EU 1 mM, 30 mins",10 µM 5PhIAA,120,No primary,No secondary,961,230.25322963954886,1671.807392996109,241026_mACmChPOLR2A_ActivePolII,6.273312878384303,0.032358018752388445,47.54476814999413,0.6544696647970805,120,2.0
137,I20,219.29523074648515,258.2147586570309,526.9299294625466,1699.281807372176,HCT116 OsTIRF74G mAC/mCh-POLR2A Clone 1,"EU 1 mM, 30 mins",Vehicle,120,No primary,No secondary,841,240.81384754425463,1616.001679731243,241026_mACmChPOLR2A_ActivePolII,71.14230843676287,0.36695509934104614,42.074776985834234,0.5791734035479622,0,0.0
138,I21,228.72714233735576,193.50619002796248,590.0551638942111,1737.5248138957816,HCT116 OsTIRF74G mAC/mCh-POLR2A Clone 1,"EU 1 mM, 30 mins",10 µM 5PhIAA,120,No primary,No secondary,806,225.8691511956551,1681.4762959680993,241026_mACmChPOLR2A_ActivePolII,6.4337398076944226,0.033185507782130884,51.506688576704846,0.7090068270236753,120,2.0
141,J04,217.75438906591265,267.92839381869163,444.660113754658,1748.4050736497545,HCT116 OsTIRF74G mAC/mCh-POLR2A Clone 1,No addition,Vehicle,30,Total Pol II F12,Goat anti-mouse Alexa647,1222,341.686135712929,1729.2868824531515,241026_mACmChPOLR2A_ActivePolII,80.85594359842358,0.4170584490078379,40.533935305261735,0.5579632015125195,0,0.0
142,J05,214.09933417174003,224.59244802945176,437.67630429322753,1744.1316225165563,HCT116 OsTIRF74G mAC/mCh-POLR2A Clone 1,No addition,10 µM 5PhIAA,30,Total Pol II F12,Goat anti-mouse Alexa647,1208,289.60848944675723,1715.6122311827958,241026_mACmChPOLR2A_ActivePolII,37.51999780918371,0.19352976907662628,36.87888041108911,0.5076501461652431,30,0.5
143,J06,217.47723392665714,272.32522991810686,459.6145257855995,1830.8065749235475,HCT116 OsTIRF74G mAC/mCh-POLR2A Clone 1,No addition,Vehicle,30,Total Pol II F12,Goat anti-mouse Alexa647,1308,338.12199459934857,1746.4,241026_mACmChPOLR2A_ActivePolII,85.2527796978388,0.4397375194948656,40.25678016600622,0.5541480681520393,0,0.0
144,J07,216.3797196903524,223.8132963703185,478.1642237268485,1881.4735062006764,HCT116 OsTIRF74G mAC/mCh-POLR2A Clone 1,No addition,10 µM 5PhIAA,30,Total Pol II F12,Goat anti-mouse Alexa647,1774,285.1933068648951,1783.8812664907653,241026_mACmChPOLR2A_ActivePolII,36.74084615005046,0.18951087116957951,39.15926592970149,0.5390404169362772,30,0.5
145,J08,217.38931703343889,270.7185604503252,481.5813354839688,1750.6303854875284,HCT116 OsTIRF74G mAC/mCh-POLR2A Clone 1,No addition,Vehicle,30,pSer2 3E10,Goat anti-rat Alexa647,1764,518.8392855512667,1723.0363586659378,241026_mACmChPOLR2A_ActivePolII,83.64611023005713,0.431450248992783,40.16886327278797,0.5529378626578612,0,0.0
146,J09,217.9317920652648,217.85412068647813,488.052901474449,1818.0869809203143,HCT116 OsTIRF74G mAC/mCh-POLR2A Clone 1,No addition,10 µM 5PhIAA,30,pSer2 3E10,Goat anti-rat Alexa647,1782,487.1295929110426,1779.633818281636,241026_mACmChPOLR2A_ActivePolII,30.781670466210073,0.15877318563329756,40.71133830461389,0.5604052132424687,30,0.5
147,J10,220.5839392975271,270.63804638368293,517.9641924114835,1767.6227598566309,HCT116 OsTIRF74G mAC/mCh-POLR2A Clone 1,No addition,Vehicle,30,pSer2 3E10,Goat anti-rat Alexa647,1116,534.524185899905,1685.373190685966,241026_mACmChPOLR2A_ActivePolII,83.56559616341488,0.43103495395987973,43.3634855368762,0.5969129085711173,0,0.0
148,J11,222.9568961436121,225.15755562564178,541.9399742057429,1790.7385915492957,HCT116 OsTIRF74G mAC/mCh-POLR2A Clone 1,No addition,10 µM 5PhIAA,30,pSer2 3E10,Goat anti-rat Alexa647,1775,508.42832327376146,1713.114039533705,241026_mACmChPOLR2A_ActivePolII,38.085105405373724,0.19644461846308686,45.7364423829612,0.6295774546834403,30,0.5
151,J14,219.27267241610383,264.0299989812984,527.4742838632887,1792.582667486171,HCT116 OsTIRF74G mAC/mCh-POLR2A Clone 1,"EU 1 mM, 30 mins",Vehicle,30,No primary,No secondary,1627,240.24561659188979,1729.981768707483,241026_mACmChPOLR2A_ActivePolII,76.95754876103032,0.39695036007651174,42.05221865545292,0.5788628805714601,0,0.0
152,J15,220.2131018450079,219.6026425777447,542.8557662909925,1808.0445722501797,HCT116 OsTIRF74G mAC/mCh-POLR2A Clone 1,"EU 1 mM, 30 mins",10 µM 5PhIAA,30,No primary,No secondary,1391,251.7471823623582,1727.2860817376393,241026_mACmChPOLR2A_ActivePolII,32.530192357476636,0.16779213706189855,42.992648084357,0.5918082067776672,30,0.5
153,J16,219.1628993152768,260.84079662442457,541.645260648723,1744.281015037594,HCT116 OsTIRF74G mAC/mCh-POLR2A Clone 1,"EU 1 mM, 30 mins",Vehicle,30,No primary,No secondary,1064,206.6365384432613,1673.3951847239518,241026_mACmChPOLR2A_ActivePolII,73.76834640415652,0.380500316587614,41.94244555462589,0.5773518170560097,0,0.0
154,J17,220.48394755793052,217.82019502521996,549.5085457569779,1847.9837209302325,HCT116 OsTIRF74G mAC/mCh-POLR2A Clone 1,"EU 1 mM, 30 mins",10 µM 5PhIAA,30,No primary,No secondary,1290,257.802860698988,1691.0611730838432,241026_mACmChPOLR2A_ActivePolII,30.747744804951907,0.15859819560737975,43.26349379727961,0.5955364887705242,30,0.5
155,J18,218.95218555477146,259.4355994488283,532.5614766244028,1763.5330188679245,HCT116 OsTIRF74G mAC/mCh-POLR2A Clone 1,"EU 1 mM, 30 mins",Vehicle,30,No primary,No secondary,1060,238.19945047280666,1625.5858156028369,241026_mACmChPOLR2A_ActivePolII,72.36314922856027,0.37325224886961156,41.73173179412055,0.574451271537079,0,0.0
156,J19,223.28363787878072,219.04906857053106,568.3398582316147,1671.9620018535682,HCT116 OsTIRF74G mAC/mCh-POLR2A Clone 1,"EU 1 mM, 30 mins",10 µM 5PhIAA,30,No primary,No secondary,1079,228.6447534713682,1654.7703798548869,241026_mACmChPOLR2A_ActivePolII,31.97661835026301,0.16493677842547952,46.06318411812981,0.6340751641520487,30,0.5
157,J20,221.31605609415516,264.70801083479546,561.817972269124,1714.2583621683968,HCT116 OsTIRF74G mAC/mCh-POLR2A Clone 1,"EU 1 mM, 30 mins",Vehicle,30,No primary,No secondary,867,234.57148291887833,1626.4908328968047,241026_mACmChPOLR2A_ActivePolII,77.6355606145274,0.4004475744981605,44.095602333504246,0.6069907415930358,0,0.0
158,J21,223.26001256792665,216.40974415145763,558.6161776422396,1729.7601351351352,HCT116 OsTIRF74G mAC/mCh-POLR2A Clone 1,"EU 1 mM, 30 mins",10 µM 5PhIAA,30,No primary,No secondary,592,237.91361976134303,1637.1419185282523,241026_mACmChPOLR2A_ActivePolII,29.337293931189578,0.15132302908734505,46.03955880727574,0.6337499538318172,30,0.5
161,K04,217.59130372963725,270.04107097475656,479.7636175297794,1792.7357032457496,HCT116 OsTIRF74G mAC/mCh-POLR2A Clone 1,No addition,Vehicle,60,Total Pol II F12,Goat anti-mouse Alexa647,1294,350.7761056832704,1747.1969242310577,241026_mACmChPOLR2A_ActivePolII,82.96862075448851,0.4279557290190492,40.370849968986334,0.5557182772123578,0,0.0
162,K05,218.82711731296266,204.46688178323075,481.23463000262217,1778.4072164948454,HCT116 OsTIRF74G mAC/mCh-POLR2A Clone 1,No addition,10 µM 5PhIAA,60,Total Pol II F12,Goat anti-mouse Alexa647,970,287.0803103008955,1745.3856103476153,241026_mACmChPOLR2A_ActivePolII,17.394431562962694,0.08972122921540726,41.606663552311744,0.5727296652809472,60,1.0
163,K06,219.69869410646734,271.40826876968555,496.5679047306211,1778.7662082514735,HCT116 OsTIRF74G mAC/mCh-POLR2A Clone 1,No addition,Vehicle,60,Total Pol II F12,Goat anti-mouse Alexa647,1527,342.4639695285166,1724.1751152073732,241026_mACmChPOLR2A_ActivePolII,84.3358185494175,0.43500779429049,42.47824034581643,0.5847272118898688,0,0.0
164,K07,220.70107822734207,207.2238057936731,503.0425642242072,1756.006646971935,HCT116 OsTIRF74G mAC/mCh-POLR2A Clone 1,No addition,10 µM 5PhIAA,60,Total Pol II F12,Goat anti-mouse Alexa647,1354,281.0478948817523,1750.1703964194373,241026_mACmChPOLR2A_ActivePolII,20.151355573405056,0.10394156232459846,43.480624466691154,0.5985253651907148,60,1.0
165,K08,218.98537928988662,272.68301131526545,503.63961958156654,1776.2677725118483,HCT116 OsTIRF74G mAC/mCh-POLR2A Clone 1,No addition,Vehicle,60,pSer2 3E10,Goat anti-rat Alexa647,1688,524.0329292639145,1701.2080838323354,241026_mACmChPOLR2A_ActivePolII,85.6105610949974,0.44158297139292163,41.76492552923571,0.5749081944234342,0,0.0
166,K09,221.33300376088013,204.8468120629501,523.2043855068572,1805.1465638148668,HCT116 OsTIRF74G mAC/mCh-POLR2A Clone 1,No addition,10 µM 5PhIAA,60,pSer2 3E10,Goat anti-rat Alexa647,1426,503.31634842533003,1723.8311214333112,241026_mACmChPOLR2A_ActivePolII,17.774361842682055,0.09168092600625591,44.11255000022922,0.6072240319042977,60,1.0
167,K10,221.186055782667,251.61323056457786,540.0279345609028,1833.9593984962405,HCT116 OsTIRF74G mAC/mCh-POLR2A Clone 1,No addition,Vehicle,60,pSer2 3E10,Goat anti-rat Alexa647,1330,511.6207941822061,1793.3129149064575,241026_mACmChPOLR2A_ActivePolII,64.54078034430981,0.33290413233985433,43.9656020220161,0.6052012437451391,0,0.0
168,K11,220.92465495511607,204.23339370517493,537.4287289610623,1763.7766463000678,HCT116 OsTIRF74G mAC/mCh-POLR2A Clone 1,No addition,10 µM 5PhIAA,60,pSer2 3E10,Goat anti-rat Alexa647,1473,529.8362702323321,1730.1062788018432,241026_mACmChPOLR2A_ActivePolII,17.16094348490688,0.08851688762514132,43.704201194465156,0.6016029737641977,60,1.0
171,K14,223.24066020508215,272.76619957249954,561.8752448663441,1756.8563006632278,HCT116 OsTIRF74G mAC/mCh-POLR2A Clone 1,"EU 1 mM, 30 mins",Vehicle,60,No primary,No secondary,1357,231.6070912761007,1729.4244492708656,241026_mACmChPOLR2A_ActivePolII,85.69374935223149,0.44201206001638793,46.02020644443124,0.6334835620727088,0,0.0
172,K15,226.41678326458808,203.18231543246443,595.8481595256217,1909.5935350756533,HCT116 OsTIRF74G mAC/mCh-POLR2A Clone 1,"EU 1 mM, 30 mins",10 µM 5PhIAA,60,No primary,No secondary,1454,239.60425754917097,1753.5014586709888,241026_mACmChPOLR2A_ActivePolII,16.109865212196382,0.08309538050156327,49.196329503937164,0.6772039602362107,60,1.0
173,K16,223.9414171072812,267.6985474677738,570.2350233491369,1834.1863517060367,HCT116 OsTIRF74G mAC/mCh-POLR2A Clone 1,"EU 1 mM, 30 mins",Vehicle,60,No primary,No secondary,1143,232.5732412461177,1666.802067381317,241026_mACmChPOLR2A_ActivePolII,80.62609724750573,0.4158728916034249,46.7209633466303,0.6431297156397974,0,0.0
174,K17,221.1050958059817,200.6694549430223,563.3455757631799,1760.5559534467322,HCT116 OsTIRF74G mAC/mCh-POLR2A Clone 1,"EU 1 mM, 30 mins",10 µM 5PhIAA,60,No primary,No secondary,1117,235.08881385721128,1650.9967346938774,241026_mACmChPOLR2A_ActivePolII,13.597004722754235,0.07013393757406709,43.88464204533079,0.6040868025381475,60,1.0
175,K18,216.09363869825088,260.2564831321681,525.2727392131378,1847.680993955675,HCT116 OsTIRF74G mAC/mCh-POLR2A Clone 1,"EU 1 mM, 30 mins",Vehicle,60,No primary,No secondary,1489,228.400810972032,1766.0547990700763,241026_mACmChPOLR2A_ActivePolII,73.18403291190006,0.37748640235979736,38.87318493759997,0.5351024162205136,0,0.0
176,K19,229.1054899009521,199.79928418538788,644.2827993913083,1693.7903225806451,HCT116 OsTIRF74G mAC/mCh-POLR2A Clone 1,"EU 1 mM, 30 mins",10 µM 5PhIAA,60,No primary,No secondary,930,235.99977695822585,1672.7633228840125,241026_mACmChPOLR2A_ActivePolII,12.726833965119823,0.06564555922610778,51.885036140301196,0.7142149080125765,60,1.0
177,K20,225.61291929983338,267.32549851961517,575.5503970501823,1664.0632054176072,HCT116 OsTIRF74G mAC/mCh-POLR2A Clone 1,"EU 1 mM, 30 mins",Vehicle,60,No primary,No secondary,886,232.46338387145363,1650.5231431646932,241026_mACmChPOLR2A_ActivePolII,80.25304829934711,0.4139486890179508,48.39246553918247,0.6661385034041213,0,0.0
178,K21,230.70927902700993,203.11343204870292,631.7638809790732,1730.6662857142858,HCT116 OsTIRF74G mAC/mCh-POLR2A Clone 1,"EU 1 mM, 30 mins",10 µM 5PhIAA,60,No primary,No secondary,875,237.67615681517958,1634.104077253219,241026_mACmChPOLR2A_ActivePolII,16.040981828434866,0.08274007703325338,53.488825266359015,0.7362916027274374,60,1.0
181,L04,213.72166107549745,264.5725952557169,462.7239600853864,1812.1006404391583,HCT116 OsTIRF74G mAC/mCh-POLR2A Clone 1,No addition,Vehicle,90,Total Pol II F12,Goat anti-mouse Alexa647,1093,343.9235396003616,1726.6987664146438,241026_mACmChPOLR2A_ActivePolII,77.50014503544887,0.3997490950930782,36.50120731484654,0.5024513494454659,0,0.0
182,L05,222.8590750996029,201.68419979523085,486.66818558171315,1766.8924103419515,HCT116 OsTIRF74G mAC/mCh-POLR2A Clone 1,No addition,10 µM 5PhIAA,90,Total Pol II F12,Goat anti-mouse Alexa647,1199,277.08850770226445,1695.1050613496932,241026_mACmChPOLR2A_ActivePolII,14.6117495749628,0.07536803534556404,45.63862133895199,0.6282309152349602,90,1.5
183,L06,221.79973954279285,273.8335535987278,498.03710697817996,1749.7607843137255,HCT116 OsTIRF74G mAC/mCh-POLR2A Clone 1,No addition,Vehicle,90,Total Pol II F12,Goat anti-mouse Alexa647,1020,354.99910597565673,1704.3114686468648,241026_mACmChPOLR2A_ActivePolII,86.76110337845975,0.44751751817951185,44.57928578214194,0.6136488063352833,0,0.0
184,L07,220.77276114053944,198.6981289750923,499.19106466764646,1748.0022421524664,HCT116 OsTIRF74G mAC/mCh-POLR2A Clone 1,No addition,10 µM 5PhIAA,90,Total Pol II F12,Goat anti-mouse Alexa647,1338,276.39436043556594,1733.7464251668255,241026_mACmChPOLR2A_ActivePolII,11.625678754824236,0.0599657530957922,43.55230737988853,0.5995121045102537,90,1.5
185,L08,213.78730906251954,265.41284347350694,488.380273735016,1822.7036011080334,HCT116 OsTIRF74G mAC/mCh-POLR2A Clone 1,No addition,Vehicle,90,pSer2 3E10,Goat anti-rat Alexa647,1444,499.267049983447,1732.509027557808,241026_mACmChPOLR2A_ActivePolII,78.34039325323889,0.4040831316882548,36.56685530186863,0.5033550159840303,0,0.0
186,L09,217.283219963025,197.09086245624965,488.6135419178586,1765.802155504234,HCT116 OsTIRF74G mAC/mCh-POLR2A Clone 1,No addition,10 µM 5PhIAA,90,pSer2 3E10,Goat anti-rat Alexa647,1299,505.99236106384467,1721.5073924731182,241026_mACmChPOLR2A_ActivePolII,10.0184122359816,0.05167540297855226,40.06276620237409,0.5514774009328052,90,1.5
187,L10,221.62078393658365,271.7010130971071,554.6452949551892,1797.7781919850886,HCT116 OsTIRF74G mAC/mCh-POLR2A Clone 1,No addition,Vehicle,90,pSer2 3E10,Goat anti-rat Alexa647,1073,540.4979587232733,1757.5574871592255,241026_mACmChPOLR2A_ActivePolII,84.62856287683903,0.4365177821740851,44.40033017593274,0.6111854224517023,0,0.0
188,L11,228.25267722987545,200.20908895620443,580.224002926311,1740.4682692307692,HCT116 OsTIRF74G mAC/mCh-POLR2A Clone 1,No addition,10 µM 5PhIAA,90,pSer2 3E10,Goat anti-rat Alexa647,1040,518.134561155207,1716.5825706327098,241026_mACmChPOLR2A_ActivePolII,13.136638735936373,0.06775934993222595,51.03222346922453,0.7024756558363239,90,1.5
191,L14,223.49746730545965,270.5700670404782,582.6458089995658,1838.099674267101,HCT116 OsTIRF74G mAC/mCh-POLR2A Clone 1,"EU 1 mM, 30 mins",Vehicle,90,No primary,No secondary,1535,224.58911973078392,1746.1393797932644,241026_mACmChPOLR2A_ActivePolII,83.49761682021014,0.43068431357180453,46.27701354480874,0.6370185978598504,0,0.0
192,L15,228.54992406860424,198.94993511151674,601.2569284760189,1768.168284789644,HCT116 OsTIRF74G mAC/mCh-POLR2A Clone 1,"EU 1 mM, 30 mins",10 µM 5PhIAA,90,No primary,No secondary,1236,240.57489440914983,1682.04298915227,241026_mACmChPOLR2A_ActivePolII,11.877484891248685,0.061264580022225894,51.32947030795333,0.7065673581723432,90,1.5
193,L16,212.45819951791546,247.58272290650123,500.3939002358608,1795.099520383693,HCT116 OsTIRF74G mAC/mCh-POLR2A Clone 1,"EU 1 mM, 30 mins",Vehicle,90,No primary,No secondary,834,229.38478720591135,1626.3058707449434,241026_mACmChPOLR2A_ActivePolII,60.51027268623318,0.31211459977388445,35.23774575726455,0.4850593777470029,0,0.0
194,L17,230.45768647194964,197.6527652559769,608.3906147627586,1731.4424242424243,HCT116 OsTIRF74G mAC/mCh-POLR2A Clone 1,"EU 1 mM, 30 mins",10 µM 5PhIAA,90,No primary,No secondary,825,256.12309416089477,1661.3160482789451,241026_mACmChPOLR2A_ActivePolII,10.58031503570885,0.054573721886452285,53.23723271129873,0.7328283469038676,90,1.5
195,L18,216.23870348273707,219.6695012558431,521.7023036837128,1832.1684397163122,HCT116 OsTIRF74G mAC/mCh-POLR2A Clone 1,"EU 1 mM, 30 mins",Vehicle,90,No primary,No secondary,1128,217.89702986988456,1661.9798142914817,241026_mACmChPOLR2A_ActivePolII,32.59705103557505,0.16813699701095716,39.01824972208615,0.5370992815870038,0,0.0
196,L19,226.31675604575065,196.01426927196735,610.6375051368492,1833.5148430873621,HCT116 OsTIRF74G mAC/mCh-POLR2A Clone 1,"EU 1 mM, 30 mins",10 µM 5PhIAA,90,No primary,No secondary,1179,220.72546300715288,1738.0850877192981,241026_mACmChPOLR2A_ActivePolII,8.941819051699298,0.04612228883917389,49.09630228509974,0.6758270520519792,90,1.5
197,L20,219.47771211123435,258.6323820410737,562.795012208262,1744.3355091383812,HCT116 OsTIRF74G mAC/mCh-POLR2A Clone 1,"EU 1 mM, 30 mins",Vehicle,90,No primary,No secondary,766,224.63674510502224,1642.6947608200455,241026_mACmChPOLR2A_ActivePolII,71.55993182080564,0.3691092187918477,42.25725835058344,0.581685320679251,0,0.0
198,L21,224.21562972771224,194.695747433576,582.4367366773828,1693.7753357753359,HCT116 OsTIRF74G mAC/mCh-POLR2A Clone 1,"EU 1 mM, 30 mins",10 µM 5PhIAA,90,No primary,No secondary,819,227.8650274528874,1597.5064034151546,241026_mACmChPOLR2A_ActivePolII,7.62329721330795,0.03932129625372369,46.99517596706133,0.646904344242685,90,1.5
201,M04,218.6776348643252,270.3994561344027,477.7198908791236,1784.9571558796717,HCT116 OsTIRF74G mAC/mCh-POLR2A Clone 1,No addition,Vehicle,120,Total Pol II F12,Goat anti-mouse Alexa647,1097,335.556209194221,1750.3642664613014,241026_mACmChPOLR2A_ActivePolII,83.32700591413467,0.42980429515009083,41.45718110367429,0.5706719892871519,0,0.0
202,M05,222.55681933734616,197.25279408288097,517.1461086786055,1710.5250501002004,HCT116 OsTIRF74G mAC/mCh-POLR2A Clone 1,No addition,10 µM 5PhIAA,120,Total Pol II F12,Goat anti-mouse Alexa647,998,296.38013026298006,1733.7299098392787,241026_mACmChPOLR2A_ActivePolII,10.180343862612915,0.05251065330206082,45.33636557669524,0.6240702633881978,120,2.0
203,M06,215.54578197516216,264.09765109868385,479.15969775418483,1796.9973285841495,HCT116 OsTIRF74G mAC/mCh-POLR2A Clone 1,No addition,Vehicle,120,Total Pol II F12,Goat anti-mouse Alexa647,1123,350.5810076207229,1752.8604233943308,241026_mACmChPOLR2A_ActivePolII,77.0252008784158,0.3972993126196793,38.325328214511245,0.5275609848523862,0,0.0
204,M07,220.11817142409313,194.3438274053161,482.57245820944763,1770.201754385965,HCT116 OsTIRF74G mAC/mCh-POLR2A Clone 1,No addition,10 µM 5PhIAA,120,Total Pol II F12,Goat anti-mouse Alexa647,1026,279.36510406013673,1699.2750379362672,241026_mACmChPOLR2A_ActivePolII,7.271377185048038,0.03750607754958213,42.89771766344222,0.5905014577246666,120,2.0
205,M08,217.76416299083422,265.36102373704864,527.7585467441878,1731.2888725128962,HCT116 OsTIRF74G mAC/mCh-POLR2A Clone 1,No addition,Vehicle,120,pSer2 3E10,Goat anti-rat Alexa647,1357,522.8096864562366,1750.9946619217083,241026_mACmChPOLR2A_ActivePolII,78.28857351678059,0.40381584324966296,40.54370923018331,0.5580977428640936,0,0.0
206,M09,225.10749051403985,196.02800909095652,542.8934020349914,1837.2504273504273,HCT116 OsTIRF74G mAC/mCh-POLR2A Clone 1,No addition,10 µM 5PhIAA,120,pSer2 3E10,Goat anti-rat Alexa647,1170,489.3249299907616,1789.5306192268217,241026_mACmChPOLR2A_ActivePolII,8.955558870688463,0.04619315941890183,47.88703675338894,0.6591811068095367,120,2.0
207,M10,221.84950308520968,269.0368673751496,558.2635564821182,1710.7451820128479,HCT116 OsTIRF74G mAC/mCh-POLR2A Clone 1,No addition,Vehicle,120,pSer2 3E10,Goat anti-rat Alexa647,934,532.6936628911075,1721.3275488069414,241026_mACmChPOLR2A_ActivePolII,81.96441715488155,0.4227760034837166,44.629049324558764,0.614333818171326,0,0.0
208,M11,229.2236222151541,197.54122338924418,603.4991448666548,1722.1466666666668,HCT116 OsTIRF74G mAC/mCh-POLR2A Clone 1,No addition,10 µM 5PhIAA,120,pSer2 3E10,Goat anti-rat Alexa647,1125,531.8246074231434,1715.6653952843274,241026_mACmChPOLR2A_ActivePolII,10.468773168976128,0.05399838412068419,52.0031684545032,0.7158410389011229,120,2.0
211,M14,223.2460839683332,264.8711828570425,578.0746763605332,1715.8563829787233,HCT116 OsTIRF74G mAC/mCh-POLR2A Clone 1,"EU 1 mM, 30 mins",Vehicle,120,No primary,No secondary,752,190.79708632944366,1656.0045731707316,241026_mACmChPOLR2A_ActivePolII,77.79873263677447,0.4012892228358241,46.0256302076823,0.6335582219912442,0,0.0
212,M15,230.24863280511403,195.3175867382851,617.2213338054058,1826.7733990147783,HCT116 OsTIRF74G mAC/mCh-POLR2A Clone 1,"EU 1 mM, 30 mins",10 µM 5PhIAA,120,No primary,No secondary,1218,228.84461864421894,1704.25786163522,241026_mACmChPOLR2A_ActivePolII,8.245136518017034,0.04252877024279898,53.028179044463116,0.7299506531305617,120,2.0
213,M16,226.1358499588087,267.9327707240597,604.7929801928511,1738.8638211382113,HCT116 OsTIRF74G mAC/mCh-POLR2A Clone 1,"EU 1 mM, 30 mins",Vehicle,120,No primary,No secondary,984,223.0510034808541,1665.7345617529882,241026_mACmChPOLR2A_ActivePolII,80.86032050379166,0.41708102527475194,48.915396198157794,0.6733368191475485,0,0.0
214,M17,227.79727612370914,191.8761555619836,606.5287517166046,1792.58984375,HCT116 OsTIRF74G mAC/mCh-POLR2A Clone 1,"EU 1 mM, 30 mins",10 µM 5PhIAA,120,No primary,No secondary,768,229.49721201376437,1620.6679668454412,241026_mACmChPOLR2A_ActivePolII,4.803705341715556,0.024777719610282502,50.57682236305823,0.6962069070149897,120,2.0
215,M18,219.11084205649811,258.10472493598223,560.6520611547454,1838.8614762386248,HCT116 OsTIRF74G mAC/mCh-POLR2A Clone 1,"EU 1 mM, 30 mins",Vehicle,120,No primary,No secondary,989,243.82355385601616,1721.7476011681267,241026_mACmChPOLR2A_ActivePolII,71.03227471571418,0.36638754065584855,41.8903882958472,0.5766352314456716,0,0.0
216,M19,231.88936173674523,193.0093893158912,618.1620945338183,1675.5782945736435,HCT116 OsTIRF74G mAC/mCh-POLR2A Clone 1,"EU 1 mM, 30 mins",10 µM 5PhIAA,120,No primary,No secondary,645,231.17988832574463,1670.9264194669756,241026_mACmChPOLR2A_ActivePolII,5.93693909562316,0.030622988253925537,54.66890797609432,0.7525358366468616,120,2.0
217,M20,222.71393303812053,263.7731355328051,607.5416012949249,1740.413988657845,HCT116 OsTIRF74G mAC/mCh-POLR2A Clone 1,"EU 1 mM, 30 mins",Vehicle,120,No primary,No secondary,1058,219.62672337412852,1612.4916911045943,241026_mACmChPOLR2A_ActivePolII,76.70068531253705,0.3956254473160168,45.49347927746962,0.6262329861247236,0,0.0
218,M21,228.87637709868852,191.8419951874597,625.2050929074115,1699.15,HCT116 OsTIRF74G mAC/mCh-POLR2A Clone 1,"EU 1 mM, 30 mins",10 µM 5PhIAA,120,No primary,No secondary,780,233.0658530083217,1604.1101351351351,241026_mACmChPOLR2A_ActivePolII,4.769544967191649,0.024601518923203447,51.65592333803761,0.7110610935187269,120,2.0
60,F04,321.83472021211765,270.5632344051194,294.17490353729926,1814.3257978723404,HCT116 OsTIRF74G mAC/mCh-POLR2A Clone 1,No addition,10 µM 5PhIAA,120,Total Pol II F12,Goat anti-mouse Alexa647,1522,671.4732829969156,1727.1450910530482,241029_mACmChPOLR2A_ActivePolII,26.020627081465562,0.04490585731446889,132.24211191831097,0.6026308715336586,120,2.0
61,F05,321.4700283905107,504.1350999112209,308.0776532876415,1781.8510726072607,HCT116 OsTIRF74G mAC/mCh-POLR2A Clone 1,No addition,Vehicle,120,Total Pol II F12,Goat anti-mouse Alexa647,956,793.6258311088466,1743.6884893492281,241029_mACmChPOLR2A_ActivePolII,259.5924925875671,0.4479993274392694,131.87742009670404,0.6009689610642316,0,0.0
62,F06,325.2933864391619,270.6715452325284,302.0154838195524,1786.5425721410759,HCT116 OsTIRF74G mAC/mCh-POLR2A Clone 1,No addition,10 µM 5PhIAA,120,Total Pol II F12,Goat anti-mouse Alexa647,1221,643.2692260772286,1749.730353879382,241029_mACmChPOLR2A_ActivePolII,26.128937908874576,0.04509277788890446,135.70077814535523,0.6183921068354302,120,2.0
63,F07,313.0751015141895,492.01716684688176,324.2879110615152,1796.3046692607004,HCT116 OsTIRF74G mAC/mCh-POLR2A Clone 1,No addition,Vehicle,120,Total Pol II F12,Goat anti-mouse Alexa647,1279,811.0052619688059,1731.2175667883914,241029_mACmChPOLR2A_ActivePolII,247.47455952322795,0.42708645045787236,123.48249322038282,0.5627130528172136,0,0.0
64,F08,332.2254106576875,273.68925590934526,317.99550325494033,1764.3591208791208,HCT116 OsTIRF74G mAC/mCh-POLR2A Clone 1,No addition,10 µM 5PhIAA,120,pSer2 3E10,Goat anti-rat Alexa647,879,1054.4574732749138,1703.6412228057013,241029_mACmChPOLR2A_ActivePolII,29.14664858569145,0.05030068024441739,142.63280236388084,0.6499815282058559,120,2.0
65,F09,322.9066578556106,504.78525974157026,366.29155875780305,1763.2170542635658,HCT116 OsTIRF74G mAC/mCh-POLR2A Clone 1,No addition,Vehicle,120,pSer2 3E10,Goat anti-rat Alexa647,1029,1103.1675824321974,1690.260978956999,241029_mACmChPOLR2A_ActivePolII,260.2426524179165,0.4491213597593154,133.31404956180393,0.6075157202929323,0,0.0
66,F10,338.83874267753083,279.50860495445227,377.91449293498096,1805.2441220610306,HCT116 OsTIRF74G mAC/mCh-POLR2A Clone 1,No addition,10 µM 5PhIAA,120,pSer2 3E10,Goat anti-rat Alexa647,1085,1100.2896592004727,1733.396486825596,241029_mACmChPOLR2A_ActivePolII,34.965997630798455,0.060343591856982084,149.24613438372415,0.6801186606294631,120,2.0
67,F11,319.0734678643896,498.3245429830887,370.7228692523616,1733.0584415584415,HCT116 OsTIRF74G mAC/mCh-POLR2A Clone 1,No addition,Vehicle,120,pSer2 3E10,Goat anti-rat Alexa647,1572,1115.0073945875506,1730.0120526608566,241029_mACmChPOLR2A_ActivePolII,253.78193565943488,0.437971589079414,129.48085957058294,0.5900477700942048,0,0.0
70,F14,340.5249379876054,274.96916339118616,358.31367072457255,1774.622641509434,HCT116 OsTIRF74G mAC/mCh-POLR2A Clone 1,"EU 1 mM, 30 mins",10 µM 5PhIAA,120,No primary,No secondary,1367,518.8437198286388,1674.745391705069,241029_mACmChPOLR2A_ActivePolII,30.426556067532346,0.052509517970553816,150.93232969379875,0.6878026981463014,120,2.0
71,F15,329.23176160770976,511.6516092912345,377.5218947392069,1805.2103646833013,HCT116 OsTIRF74G mAC/mCh-POLR2A Clone 1,"EU 1 mM, 30 mins",Vehicle,120,No primary,No secondary,1298,532.7373168534255,1668.4490125673249,241029_mACmChPOLR2A_ActivePolII,267.10900196758064,0.46097116307816455,139.63915331390308,0.6363393887248378,0,0.0
72,F16,329.0906756150106,269.2607503161155,382.37512859736944,1797.5951765719208,HCT116 OsTIRF74G mAC/mCh-POLR2A Clone 1,"EU 1 mM, 30 mins",10 µM 5PhIAA,120,No primary,No secondary,1494,514.2464593681669,1703.533566586486,241029_mACmChPOLR2A_ActivePolII,24.71814299246168,0.042658057349000876,139.4980673212039,0.6356964560500026,120,2.0
73,F17,319.32841212733786,492.911500233064,369.30218257522375,1803.5224264705882,HCT116 OsTIRF74G mAC/mCh-POLR2A Clone 1,"EU 1 mM, 30 mins",Vehicle,120,No primary,No secondary,1227,487.4618590494644,1681.1423317396102,241029_mACmChPOLR2A_ActivePolII,248.36889290941016,0.4286298724248268,129.73580383353118,0.5912095579781423,0,0.0
74,F18,342.35275944514154,274.2270993467078,405.41021424898906,1747.0389610389611,HCT116 OsTIRF74G mAC/mCh-POLR2A Clone 1,"EU 1 mM, 30 mins",10 µM 5PhIAA,120,No primary,No secondary,1060,499.0724451183995,1638.0841075794622,241029_mACmChPOLR2A_ActivePolII,29.68449202305399,0.05122887926821913,152.76015115133487,0.6961321298377987,120,2.0
75,F19,327.2756646180851,507.0953862573032,389.66539665890224,1784.731299623903,HCT116 OsTIRF74G mAC/mCh-POLR2A Clone 1,"EU 1 mM, 30 mins",Vehicle,120,No primary,No secondary,713,485.861569248158,1697.0238142488588,241029_mACmChPOLR2A_ActivePolII,262.5527789336494,0.45310812807850653,137.68305632427843,0.6274254019730983,0,0.0
76,F20,342.5966781308186,278.2578093649186,421.41834340949947,1797.4553039332538,HCT116 OsTIRF74G mAC/mCh-POLR2A Clone 1,"EU 1 mM, 30 mins",10 µM 5PhIAA,120,No primary,No secondary,829,416.03148974580307,1724.2604712041884,241029_mACmChPOLR2A_ActivePolII,33.7152020412648,0.05818499482942722,153.0040698370119,0.6972436738686721,120,2.0
77,F21,322.36109154080975,498.3104641415014,385.9115058462841,1830.2640159045725,HCT116 OsTIRF74G mAC/mCh-POLR2A Clone 1,"EU 1 mM, 30 mins",Vehicle,120,No primary,No secondary,685,499.1035983269294,1703.7564046895354,241029_mACmChPOLR2A_ActivePolII,253.76785681784762,0.4379472921072661,132.76848324700308,0.6050295598785332,0,0.0
80,G04,326.18344583807817,285.7000020101517,299.1580704443081,1753.0180897250361,HCT116 OsTIRF74G mAC/mCh-POLR2A Clone 1,No addition,10 µM 5PhIAA,90,Total Pol II F12,Goat anti-mouse Alexa647,1115,636.1329659543075,1714.4016840019813,241029_mACmChPOLR2A_ActivePolII,41.157394686497895,0.07102857619229436,136.5908375442715,0.6224481315276021,90,1.5
81,G05,322.6450461748156,510.4919821306268,334.5835052231642,1784.1904301594973,HCT116 OsTIRF74G mAC/mCh-POLR2A Clone 1,No addition,Vehicle,90,Total Pol II F12,Goat anti-mouse Alexa647,1193,833.7440875300213,1721.34507346586,241029_mACmChPOLR2A_ActivePolII,265.94937480697297,0.45896990263009013,133.05243788100893,0.6063235488059988,0,0.0
82,G07,320.952669924298,513.6828402002186,328.40884418297105,1772.997624703088,HCT116 OsTIRF74G mAC/mCh-POLR2A Clone 1,No addition,Vehicle,90,Total Pol II F12,Goat anti-mouse Alexa647,1386,791.3071203442938,1697.8895038950388,241029_mACmChPOLR2A_ActivePolII,269.1402328765648,0.46447661915675975,131.36006163049132,0.5986113445768173,0,0.0
83,G08,328.9491621899394,281.64201210261336,316.1457467697053,1757.7590745911448,HCT116 OsTIRF74G mAC/mCh-POLR2A Clone 1,No addition,10 µM 5PhIAA,90,pSer2 3E10,Goat anti-rat Alexa647,1225,1038.2688778615006,1742.2273606470899,241029_mACmChPOLR2A_ActivePolII,37.09940477895955,0.06402538156516441,139.3565538961327,0.6350515755543171,90,1.5
84,G09,326.1460929013969,523.3240954555292,348.90804858833,1712.715600552232,HCT116 OsTIRF74G mAC/mCh-POLR2A Clone 1,No addition,Vehicle,90,pSer2 3E10,Goat anti-rat Alexa647,1260,1134.0655493873685,1672.616592403989,241029_mACmChPOLR2A_ActivePolII,278.78148813187545,0.4811152970591744,136.55348460759024,0.622277913187468,0,0.0
85,G10,328.37604559408487,276.87756150068213,347.6178729550784,1763.477694235589,HCT116 OsTIRF74G mAC/mCh-POLR2A Clone 1,No addition,10 µM 5PhIAA,90,pSer2 3E10,Goat anti-rat Alexa647,1314,1119.0635972188447,1677.840208423795,241029_mACmChPOLR2A_ActivePolII,32.33495417702832,0.05580299175717409,138.7834373002782,0.6324398677659271,90,1.5
86,G11,319.9226863291306,502.14081858016516,374.33508301031503,1738.9468223086901,HCT116 OsTIRF74G mAC/mCh-POLR2A Clone 1,No addition,Vehicle,90,pSer2 3E10,Goat anti-rat Alexa647,1584,1087.0409423425888,1720.3534856242616,241029_mACmChPOLR2A_ActivePolII,257.5982112565114,0.44455763817417526,130.33007803532394,0.5939176815475661,0,0.0
89,G14,330.4178968267557,281.55093479879594,376.6948318818354,1827.9375351716376,HCT116 OsTIRF74G mAC/mCh-POLR2A Clone 1,"EU 1 mM, 30 mins",10 µM 5PhIAA,90,No primary,No secondary,1766,491.31832897078544,1681.4425744826017,241029_mACmChPOLR2A_ActivePolII,37.008327475142124,0.06386820224750203,140.825288532949,0.6417446389166372,90,1.5
90,G15,324.65991512421766,504.2119733471479,374.9539219778019,1797.7655963302752,HCT116 OsTIRF74G mAC/mCh-POLR2A Clone 1,"EU 1 mM, 30 mins",Vehicle,90,No primary,No secondary,1750,457.5364665991261,1697.9523521098324,241029_mACmChPOLR2A_ActivePolII,259.66936602349404,0.4481319940169887,135.06730683041098,0.6155053609639469,0,0.0
91,G16,328.9729701507742,278.71912023247944,381.12362465002496,1747.926073926074,HCT116 OsTIRF74G mAC/mCh-POLR2A Clone 1,"EU 1 mM, 30 mins",10 µM 5PhIAA,90,No primary,No secondary,1584,523.6156162902003,1644.522483451267,241029_mACmChPOLR2A_ActivePolII,34.17651290882563,0.05898111553518284,139.3803618569675,0.6351600690741135,90,1.5
92,G17,314.9491425595217,483.82383896192664,377.6220435224755,1781.1273798730733,HCT116 OsTIRF74G mAC/mCh-POLR2A Clone 1,"EU 1 mM, 30 mins",Vehicle,90,No primary,No secondary,1432,456.17863787104034,1690.7526362038664,241029_mACmChPOLR2A_ActivePolII,239.28123163827283,0.4129465755124861,125.35653426571503,0.5712531084171727,0,0.0
93,G18,333.9926986132142,279.23749972417886,396.94688137761284,1777.867341202923,HCT116 OsTIRF74G mAC/mCh-POLR2A Clone 1,"EU 1 mM, 30 mins",10 µM 5PhIAA,90,No primary,No secondary,1198,453.00797247021757,1695.1273125608568,241029_mACmChPOLR2A_ActivePolII,34.69489240052505,0.05987572408616516,144.40009031940752,0.6580351070956718,90,1.5
94,G19,325.7137738309372,504.5010755589593,411.83776626442597,1795.0896204846822,HCT116 OsTIRF74G mAC/mCh-POLR2A Clone 1,"EU 1 mM, 30 mins",Vehicle,90,No primary,No secondary,585,439.48973960191626,1667.8135474860335,241029_mACmChPOLR2A_ActivePolII,259.95846823530553,0.44863092060443255,136.12116553713054,0.6203078235206251,0,0.0
95,G20,332.9794614571562,283.064621836498,394.0715561933093,1852.9030860855441,HCT116 OsTIRF74G mAC/mCh-POLR2A Clone 1,"EU 1 mM, 30 mins",10 µM 5PhIAA,90,No primary,No secondary,794,442.2375245840684,1701.6809571286142,241029_mACmChPOLR2A_ActivePolII,38.52201451284421,0.06648049187146071,143.38685316334954,0.653417758041214,90,1.5
96,G21,327.97608818351716,501.84660019306494,414.29167069731966,1729.0342465753424,HCT116 OsTIRF74G mAC/mCh-POLR2A Clone 1,"EU 1 mM, 30 mins",Vehicle,90,No primary,No secondary,909,461.40291689049496,1644.4229571052,241029_mACmChPOLR2A_ActivePolII,257.3039928694111,0.44404988219777036,138.3834798897105,0.6306172510562389,0,0.0
99,H04,329.06538189977874,306.63739910820505,314.0460389492398,1773.0091264667535,HCT116 OsTIRF74G mAC/mCh-POLR2A Clone 1,No addition,10 µM 5PhIAA,60,Total Pol II F12,Goat anti-mouse Alexa647,1055,656.6779955389596,1745.2082307421738,241029_mACmChPOLR2A_ActivePolII,62.094791784551234,0.10716190086882643,139.47277360597207,0.6355811919073375,60,1.0
100,H05,317.3426227316228,499.12951575264054,327.1952992445308,1771.2307692307693,HCT116 OsTIRF74G mAC/mCh-POLR2A Clone 1,No addition,Vehicle,60,Total Pol II F12,Goat anti-mouse Alexa647,1211,765.7223589725571,1675.8836754643207,241029_mACmChPOLR2A_ActivePolII,254.58690842898673,0.439360794351768,127.7500144378161,0.5821602621308309,0,0.0
101,H06,326.22346449859435,303.47944797046046,335.67456078754526,1780.4357381748687,HCT116 OsTIRF74G mAC/mCh-POLR2A Clone 1,No addition,10 µM 5PhIAA,60,Total Pol II F12,Goat anti-mouse Alexa647,1331,604.1827500958591,1698.986075949367,241029_mACmChPOLR2A_ActivePolII,58.936840646806644,0.10171197444108732,136.63085620478768,0.6226304976431658,60,1.0
102,H07,318.20799895152373,500.5308726182607,323.5605754116824,1763.1084225221034,HCT116 OsTIRF74G mAC/mCh-POLR2A Clone 1,No addition,Vehicle,60,Total Pol II F12,Goat anti-mouse Alexa647,1500,757.0038843029718,1701.240664751744,241029_mACmChPOLR2A_ActivePolII,255.98826529460686,0.44177922689980653,128.61539065771706,0.586103804910347,0,0.0
103,H08,325.4282290586969,299.27147601146623,328.2878009164965,1745.8494359980382,HCT116 OsTIRF74G mAC/mCh-POLR2A Clone 1,No addition,10 µM 5PhIAA,60,pSer2 3E10,Goat anti-rat Alexa647,1472,1138.2944269840702,1676.0108932461874,241029_mACmChPOLR2A_ActivePolII,54.72886868781242,0.09444994390730059,135.83562076489022,0.6190065882903275,60,1.0
104,H09,319.6257610890853,512.3799766837648,346.16350716497266,1761.1408,HCT116 OsTIRF74G mAC/mCh-POLR2A Clone 1,No addition,Vehicle,60,pSer2 3E10,Goat anti-rat Alexa647,1236,1061.8714152911461,1697.7268544082458,241029_mACmChPOLR2A_ActivePolII,267.837369360111,0.46222816438328596,130.03315279527862,0.5925645852184679,0,0.0
105,H10,326.5293981786938,299.2043620443079,356.7263117982788,1772.568317677199,HCT116 OsTIRF74G mAC/mCh-POLR2A Clone 1,No addition,10 µM 5PhIAA,60,pSer2 3E10,Goat anti-rat Alexa647,1552,1102.2146852096416,1728.8865860679332,241029_mACmChPOLR2A_ActivePolII,54.6617547206541,0.09433412001790761,136.9367898848871,0.624024645676613,60,1.0
106,H11,316.6317474794644,502.6559052641766,373.63789379228393,1782.6531724406384,HCT116 OsTIRF74G mAC/mCh-POLR2A Clone 1,No addition,Vehicle,60,pSer2 3E10,Goat anti-rat Alexa647,2057,1085.393893589361,1728.96385775029,241029_mACmChPOLR2A_ActivePolII,258.1132979405228,0.4454465640660987,127.03913918565775,0.5789207844293214,0,0.0
109,H14,323.6570140338702,300.0707466908692,364.8622721459995,1749.1153136531366,HCT116 OsTIRF74G mAC/mCh-POLR2A Clone 1,"EU 1 mM, 30 mins",10 µM 5PhIAA,60,No primary,No secondary,1361,477.77667458740376,1651.6202179952982,241029_mACmChPOLR2A_ActivePolII,55.5281393672154,0.0958293086310076,134.06440574006353,0.6109351136397702,60,1.0
110,H15,321.63290499996293,503.44438031755067,373.5839121071744,1849.2214194645135,HCT116 OsTIRF74G mAC/mCh-POLR2A Clone 1,"EU 1 mM, 30 mins",Vehicle,60,No primary,No secondary,1579,552.915001441747,1746.9956590370955,241029_mACmChPOLR2A_ActivePolII,258.9017729938969,0.44680729792281876,132.04029670615625,0.6017111941674602,0,0.0
111,H16,327.0702271508657,297.5014298814474,393.13072031150426,1805.533189422558,HCT116 OsTIRF74G mAC/mCh-POLR2A Clone 1,"EU 1 mM, 30 mins",10 µM 5PhIAA,60,No primary,No secondary,1376,461.80521097963174,1714.012658227848,241029_mACmChPOLR2A_ActivePolII,52.95882255779358,0.09139523509087583,137.47761885705904,0.626489217892852,60,1.0
112,H17,366.5832819203709,513.6034952252951,392.42132926733046,1787.7941952506596,HCT116 OsTIRF74G mAC/mCh-POLR2A Clone 1,"EU 1 mM, 30 mins",Vehicle,60,No primary,No secondary,1394,487.35527383361807,1681.99207696661,241029_mACmChPOLR2A_ActivePolII,269.0608879016413,0.4643396872484172,176.99067362656422,0.8065512744290723,0,0.0
113,H18,322.9070722262582,295.67655298422545,372.41558407569715,1865.9149040826364,HCT116 OsTIRF74G mAC/mCh-POLR2A Clone 1,"EU 1 mM, 30 mins",10 µM 5PhIAA,60,No primary,No secondary,1044,483.2630807205731,1724.2689924259812,241029_mACmChPOLR2A_ActivePolII,51.13394566057164,0.08824590047620429,133.31446393245153,0.607517608591152,60,1.0
114,H19,323.428339750714,504.6419356873175,385.62929928059924,1767.3647342995168,HCT116 OsTIRF74G mAC/mCh-POLR2A Clone 1,"EU 1 mM, 30 mins",Vehicle,60,No primary,No secondary,1164,408.7693317696,1671.0651473866733,241029_mACmChPOLR2A_ActivePolII,260.09932836366374,0.44887401408582894,133.8357314569073,0.6098930387624353,0,0.0
115,H20,333.6218660604943,303.2989465975792,394.37380415250686,1705.5158450704225,HCT116 OsTIRF74G mAC/mCh-POLR2A Clone 1,"EU 1 mM, 30 mins",10 µM 5PhIAA,60,No primary,No secondary,961,477.5613371927577,1627.1048640167364,241029_mACmChPOLR2A_ActivePolII,58.75633927392536,0.10140046892393373,144.02925776668764,0.6563452131489033,60,1.0
116,H21,316.4396087002463,488.92575729219925,378.00559602205163,1814.4706163401816,HCT116 OsTIRF74G mAC/mCh-POLR2A Clone 1,"EU 1 mM, 30 mins",Vehicle,60,No primary,No secondary,819,444.95774702737555,1653.03466976564,241029_mACmChPOLR2A_ActivePolII,244.38314996854544,0.4217513601109513,126.84700040643963,0.5780452028290581,0,0.0
119,I04,335.013551910191,369.2150599179889,305.77051979027954,1752.7076205287715,HCT116 OsTIRF74G mAC/mCh-POLR2A Clone 1,No addition,10 µM 5PhIAA,30,Total Pol II F12,Goat anti-mouse Alexa647,1217,734.2282451057584,1710.1207771748643,241029_mACmChPOLR2A_ActivePolII,124.67245259433511,0.21515712706377918,145.4209436163843,0.6626871631097587,30,0.5
120,I05,321.13767891407474,511.1958169190241,326.59430492458796,1796.8439821693908,HCT116 OsTIRF74G mAC/mCh-POLR2A Clone 1,No addition,Vehicle,30,Total Pol II F12,Goat anti-mouse Alexa647,1155,712.2871433962587,1737.9668155711552,241029_mACmChPOLR2A_ActivePolII,266.6532095953703,0.4601845660769693,131.54507062026806,0.5994544355342545,0,0.0
121,I06,320.30288318745846,362.0342350280468,313.54885533657847,1797.749892565535,HCT116 OsTIRF74G mAC/mCh-POLR2A Clone 1,No addition,10 µM 5PhIAA,30,Total Pol II F12,Goat anti-mouse Alexa647,1169,640.4033210487358,1704.4600269697553,241029_mACmChPOLR2A_ActivePolII,117.49162770439298,0.20276460873982163,130.71027489365179,0.5956502488876128,30,0.5
122,I07,312.5806267086931,493.9428428211339,327.8478399469413,1787.8616452991453,HCT116 OsTIRF74G mAC/mCh-POLR2A Clone 1,No addition,Vehicle,30,Total Pol II F12,Goat anti-mouse Alexa647,1487,720.2711717292924,1734.9961728950923,241029_mACmChPOLR2A_ActivePolII,249.4002354974801,0.4304097420243259,122.98801841488643,0.5604597177890207,0,0.0
123,I08,317.75369198296283,355.56925788028724,322.0579304104132,1748.5666518056175,HCT116 OsTIRF74G mAC/mCh-POLR2A Clone 1,No addition,10 µM 5PhIAA,30,pSer2 3E10,Goat anti-rat Alexa647,1670,1125.186005720957,1722.5728258558368,241029_mACmChPOLR2A_ActivePolII,111.02665055663343,0.19160748556866702,128.16108368915616,0.584033515798685,30,0.5
124,I09,321.7043497968019,515.530420019028,370.9129725604563,1799.3884,HCT116 OsTIRF74G mAC/mCh-POLR2A Clone 1,No addition,Vehicle,30,pSer2 3E10,Goat anti-rat Alexa647,1538,1068.2844250991482,1756.1898610295557,241029_mACmChPOLR2A_ActivePolII,270.98781269537426,0.46766513400157095,132.11174150299524,0.6020367700340361,0,0.0
125,I10,322.44920475127026,360.00727142818323,360.62052988974125,1758.2346613545817,HCT116 OsTIRF74G mAC/mCh-POLR2A Clone 1,No addition,10 µM 5PhIAA,30,pSer2 3E10,Goat anti-rat Alexa647,1064,1097.6353787102455,1696.2,241029_mACmChPOLR2A_ActivePolII,115.46466410452942,0.19926651709460028,132.85659645746358,0.6054310941556494,30,0.5
126,I11,325.9695220812161,525.5070515694002,381.9920460946783,1772.3955745341616,HCT116 OsTIRF74G mAC/mCh-POLR2A Clone 1,No addition,Vehicle,30,pSer2 3E10,Goat anti-rat Alexa647,1633,1113.1858446616536,1717.6226267371305,241029_mACmChPOLR2A_ActivePolII,280.96444424574645,0.48488259734238176,136.37691378740942,0.6214732751965177,0,0.0
129,I14,319.2966378296689,356.80691882671147,359.1606329101459,1806.924269264836,HCT116 OsTIRF74G mAC/mCh-POLR2A Clone 1,"EU 1 mM, 30 mins",10 µM 5PhIAA,30,No primary,No secondary,1412,390.51494595832867,1699.0964031404053,241029_mACmChPOLR2A_ActivePolII,112.26431150305766,0.1937434151021795,129.70402953586222,0.5910647616464834,30,0.5
130,I16,324.11446237129223,355.44060083074953,402.69627843942004,1760.198548812665,HCT116 OsTIRF74G mAC/mCh-POLR2A Clone 1,"EU 1 mM, 30 mins",10 µM 5PhIAA,30,No primary,No secondary,1177,442.62951841732547,1654.4778519417475,241029_mACmChPOLR2A_ActivePolII,110.89799350709572,0.19138545190702802,134.52185407748556,0.6130197180540776,30,0.5
131,I17,325.9667083949911,501.1464613244507,413.0381407825014,1730.1853785900782,HCT116 OsTIRF74G mAC/mCh-POLR2A Clone 1,"EU 1 mM, 30 mins",Vehicle,30,No primary,No secondary,1196,423.2825329533035,1664.2716807367613,241029_mACmChPOLR2A_ActivePolII,256.6038540007969,0.44284159709242416,136.3741001011844,0.6214604531524849,0,0.0
132,I18,325.20632385748667,356.35288180587673,401.6557478828068,1750.3220221606648,HCT116 OsTIRF74G mAC/mCh-POLR2A Clone 1,"EU 1 mM, 30 mins",10 µM 5PhIAA,30,No primary,No secondary,970,426.83502962696065,1626.444347063979,241029_mACmChPOLR2A_ActivePolII,111.81027448222292,0.19295984744989897,135.61371556368,0.6179953603020315,30,0.5
133,I19,337.0948425671376,514.4844841041419,452.5373277270667,1721.920613742495,HCT116 OsTIRF74G mAC/mCh-POLR2A Clone 1,"EU 1 mM, 30 mins",Vehicle,30,No primary,No secondary,961,431.8832847572657,1666.9049909801563,241029_mACmChPOLR2A_ActivePolII,269.9418767804881,0.4658600795420106,147.50223427333094,0.672171660780859,0,0.0
134,I20,332.9755448617776,358.9380239275925,409.5736438559624,1746.7049399198931,HCT116 OsTIRF74G mAC/mCh-POLR2A Clone 1,"EU 1 mM, 30 mins",10 µM 5PhIAA,30,No primary,No secondary,841,390.37957966986653,1638.1387011460477,241029_mACmChPOLR2A_ActivePolII,114.39541660393868,0.1974212319850196,143.38293656797094,0.6533999100104151,30,0.5
135,I21,334.5076034361867,517.7307929374657,427.1196568593262,1746.4303079416532,HCT116 OsTIRF74G mAC/mCh-POLR2A Clone 1,"EU 1 mM, 30 mins",Vehicle,30,No primary,No secondary,806,366.23045782689087,1623.828388401888,241029_mACmChPOLR2A_ActivePolII,273.1881856138119,0.47146249184404837,144.91499514238,0.6603815422646478,0,0.0
138,J04,329.09383531848346,281.8885311037737,273.3978789600008,1808.5730456314113,HCT116 OsTIRF74G mAC/mCh-POLR2A Clone 1,No addition,10 µM 5PhIAA,120,Total Pol II F12,Goat anti-mouse Alexa647,1222,572.5979521157286,1722.6159317211948,241029_mACmChPOLR2A_ActivePolII,37.345923780119875,0.06445081893286321,139.50122702467678,0.6357108549039684,120,2.0
139,J05,323.1873136848146,522.3865648048713,320.069591250228,1795.5213523131672,HCT116 OsTIRF74G mAC/mCh-POLR2A Clone 1,No addition,Vehicle,120,Total Pol II F12,Goat anti-mouse Alexa647,1208,722.0717007601454,1732.8354070387486,241029_mACmChPOLR2A_ActivePolII,277.84395748121756,0.47949732615114915,133.59470539100795,0.6087946764779235,0,0.0
140,J06,326.4853104744418,279.7744887911648,307.62669629588254,1781.7011286681716,HCT116 OsTIRF74G mAC/mCh-POLR2A Clone 1,No addition,10 µM 5PhIAA,120,Total Pol II F12,Goat anti-mouse Alexa647,1308,583.8610450760071,1715.581420567504,241029_mACmChPOLR2A_ActivePolII,35.23188146751099,0.06080244865533116,136.89270218063513,0.623823736818974,120,2.0
141,J07,317.60396081451404,509.8950348769213,329.2701052645964,1813.8779270633397,HCT116 OsTIRF74G mAC/mCh-POLR2A Clone 1,No addition,Vehicle,120,Total Pol II F12,Goat anti-mouse Alexa647,1774,671.9521343718496,1763.0706868282018,241029_mACmChPOLR2A_ActivePolII,265.3524275532675,0.4579397034686619,128.01135252070736,0.5833511868247361,0,0.0
142,J08,330.0972741086835,281.29629930871107,324.42012537395266,1764.5169811320754,HCT116 OsTIRF74G mAC/mCh-POLR2A Clone 1,No addition,10 µM 5PhIAA,120,pSer2 3E10,Goat anti-rat Alexa647,1764,1009.0387168815472,1728.5662195352352,241029_mACmChPOLR2A_ActivePolII,36.75369198505726,0.06342875761193843,140.50466581487683,0.6402835525408791,120,2.0
143,J09,319.16252508243724,509.07742525942194,357.5236641297672,1810.9512922465208,HCT116 OsTIRF74G mAC/mCh-POLR2A Clone 1,No addition,Vehicle,120,pSer2 3E10,Goat anti-rat Alexa647,1782,1109.4626504906103,1706.2434464976363,241029_mACmChPOLR2A_ActivePolII,264.53481793576816,0.45652868978680816,129.56991678863056,0.5904536062393623,0,0.0
144,J10,337.06177917635256,283.1807360115847,376.94844936120484,1770.7249575551782,HCT116 OsTIRF74G mAC/mCh-POLR2A Clone 1,No addition,10 µM 5PhIAA,120,pSer2 3E10,Goat anti-rat Alexa647,1116,1134.2453245679162,1694.6300350262698,241029_mACmChPOLR2A_ActivePolII,38.6381286879309,0.06668087930110665,147.46917088254588,0.6720209900170938,120,2.0
145,J11,317.60997608917086,507.3186356865801,374.99156165035674,1809.2232243517474,HCT116 OsTIRF74G mAC/mCh-POLR2A Clone 1,No addition,Vehicle,120,pSer2 3E10,Goat anti-rat Alexa647,1775,1036.3941826238079,1722.5620544690184,241029_mACmChPOLR2A_ActivePolII,262.77602836292624,0.4534934073027641,128.01736779536418,0.5833785985936225,0,0.0
148,J14,335.87536217289426,282.09633755509196,372.6820844550477,1791.6985061113626,HCT116 OsTIRF74G mAC/mCh-POLR2A Clone 1,"EU 1 mM, 30 mins",10 µM 5PhIAA,120,No primary,No secondary,1627,408.3005153465587,1693.415274463007,241029_mACmChPOLR2A_ActivePolII,37.55373023143815,0.06480944698678016,146.28275387908758,0.6666144557261254,120,2.0
149,J15,321.42384478629026,508.0355672949809,372.784922309743,1829.6452862677572,HCT116 OsTIRF74G mAC/mCh-POLR2A Clone 1,"EU 1 mM, 30 mins",Vehicle,120,No primary,No secondary,1391,455.4678593793052,1704.5847318870242,241029_mACmChPOLR2A_ActivePolII,263.4929599713271,0.4547306729693557,131.83123649248358,0.6007585011338946,0,0.0
150,J16,338.5988750255105,279.70221200390745,391.9398156802408,1797.5100908173563,HCT116 OsTIRF74G mAC/mCh-POLR2A Clone 1,"EU 1 mM, 30 mins",10 µM 5PhIAA,120,No primary,No secondary,1064,491.2715057155756,1674.5957736877983,241029_mACmChPOLR2A_ActivePolII,35.159604680253636,0.06067771487833319,149.00626673170382,0.6790255772682489,120,2.0
151,J17,317.3835785597351,495.3110368569972,378.0904089385698,1868.4461784713885,HCT116 OsTIRF74G mAC/mCh-POLR2A Clone 1,"EU 1 mM, 30 mins",Vehicle,120,No primary,No secondary,1290,415.0668451441491,1736.491030454735,241029_mACmChPOLR2A_ActivePolII,250.76842953334338,0.432770942850141,127.79097026592842,0.5823468989444123,0,0.0
152,J18,336.2674486629829,281.5737332656722,387.78293912209944,1712.994952327538,HCT116 OsTIRF74G mAC/mCh-POLR2A Clone 1,"EU 1 mM, 30 mins",10 µM 5PhIAA,120,No primary,No secondary,1060,456.5921253297832,1696.072593993852,241029_mACmChPOLR2A_ActivePolII,37.031125942018406,0.06390754736771491,146.6748403691762,0.668401204438855,120,2.0
153,J19,329.5250933881655,382.10712274474105,402.7705128299127,1709.3950223356733,HCT116 OsTIRF74G mAC/mCh-POLR2A Clone 1,"EU 1 mM, 30 mins",Vehicle,120,No primary,No secondary,1079,429.084056317323,1641.59864439603,241029_mACmChPOLR2A_ActivePolII,137.56451542108724,0.2374059810969577,139.9324850943588,0.6376761095616447,0,0.0
154,J20,345.9739437022682,284.5723276987628,422.28760573447676,1804.8332217012726,HCT116 OsTIRF74G mAC/mCh-POLR2A Clone 1,"EU 1 mM, 30 mins",10 µM 5PhIAA,120,No primary,No secondary,867,464.76582201928795,1695.9310157523084,241029_mACmChPOLR2A_ActivePolII,40.02972037510901,0.06908245930718318,156.3813354084615,0.712633964186937,120,2.0
155,J21,331.07728936052575,506.46979252083526,404.5342046806331,1738.8587512794268,HCT116 OsTIRF74G mAC/mCh-POLR2A Clone 1,"EU 1 mM, 30 mins",Vehicle,120,No primary,No secondary,592,454.80762225178347,1674.4679346500855,241029_mACmChPOLR2A_ActivePolII,261.9271851971814,0.45202849141261436,141.48468106671908,0.6447495084815917,0,0.0
158,K04,333.5083531624815,293.2510350831503,303.05335295973475,1780.8006681514476,HCT116 OsTIRF74G mAC/mCh-POLR2A Clone 1,No addition,10 µM 5PhIAA,90,Total Pol II F12,Goat anti-mouse Alexa647,1294,596.8271758939967,1719.8850113418252,241029_mACmChPOLR2A_ActivePolII,48.708427759496516,0.08405999210288329,143.91574486867484,0.6558279318103988,90,1.5
159,K05,314.1225439903621,513.4503767458355,319.8494761034344,1776.8614573346117,HCT116 OsTIRF74G mAC/mCh-POLR2A Clone 1,No addition,Vehicle,90,Total Pol II F12,Goat anti-mouse Alexa647,970,710.8149142871321,1726.3559289669658,241029_mACmChPOLR2A_ActivePolII,268.9077694221817,0.4640754385595099,124.52993569655541,0.5674862764381974,0,0.0
160,K06,327.6090786578933,289.20304810191595,323.73285617622383,1784.4063906390638,HCT116 OsTIRF74G mAC/mCh-POLR2A Clone 1,No addition,10 µM 5PhIAA,90,Total Pol II F12,Goat anti-mouse Alexa647,1527,578.2113849304557,1704.3406018316616,241029_mACmChPOLR2A_ActivePolII,44.66044077826214,0.07707406031803331,138.01647036408662,0.6289447787470815,90,1.5
161,K07,318.15619369342625,520.5484508407745,326.955956922507,1795.8910093299405,HCT116 OsTIRF74G mAC/mCh-POLR2A Clone 1,No addition,Vehicle,90,Total Pol II F12,Goat anti-mouse Alexa647,1354,693.9698461841175,1728.6922296611888,241029_mACmChPOLR2A_ActivePolII,276.00584351712075,0.47632514728162995,128.56358539961957,0.5858677269516359,0,0.0
162,K08,328.95884646961827,291.148838442539,331.2531839053851,1797.244567533021,HCT116 OsTIRF74G mAC/mCh-POLR2A Clone 1,No addition,10 µM 5PhIAA,90,pSer2 3E10,Goat anti-rat Alexa647,1688,1032.8699800898537,1739.3071744161582,241029_mACmChPOLR2A_ActivePolII,46.60623111888518,0.08043206483984318,139.3662381758116,0.6350957070780686,90,1.5
163,K09,320.14166491523093,512.1602230621354,370.4082460643344,1799.9142857142858,HCT116 OsTIRF74G mAC/mCh-POLR2A Clone 1,No addition,Vehicle,90,pSer2 3E10,Goat anti-rat Alexa647,1426,1206.6567101368719,1736.1309754075712,241029_mACmChPOLR2A_ActivePolII,267.6176157384816,0.46184891815119744,130.54905662142426,0.5949155728718544,0,0.0
164,K10,334.59738282676614,289.46758431223753,368.26828346656185,1752.3152119700749,HCT116 OsTIRF74G mAC/mCh-POLR2A Clone 1,No addition,10 µM 5PhIAA,90,pSer2 3E10,Goat anti-rat Alexa647,1330,1099.2937892981513,1722.085462744256,241029_mACmChPOLR2A_ActivePolII,44.92497698858372,0.07753059141077061,145.00477453295946,0.660790669369515,90,1.5
165,K11,320.01313314649104,523.8065307853916,379.2688982293522,1716.5007832898173,HCT116 OsTIRF74G mAC/mCh-POLR2A Clone 1,No addition,Vehicle,90,pSer2 3E10,Goat anti-rat Alexa647,1473,1147.0865177364324,1698.7211740041928,241029_mACmChPOLR2A_ActivePolII,279.2639234617378,0.4819478739228461,130.42052485268437,0.5943298501342794,0,0.0
168,K14,329.4892420873949,284.1894825718455,381.80304204836983,1821.8919145370758,HCT116 OsTIRF74G mAC/mCh-POLR2A Clone 1,"EU 1 mM, 30 mins",10 µM 5PhIAA,90,No primary,No secondary,1357,431.9114514325085,1684.8830939226518,241029_mACmChPOLR2A_ActivePolII,39.64687524819166,0.06842175314552669,139.89663379358825,0.6375127342168655,90,1.5
169,K15,325.3829424527866,480.5984035138226,398.51094279674635,1790.4455445544554,HCT116 OsTIRF74G mAC/mCh-POLR2A Clone 1,"EU 1 mM, 30 mins",Vehicle,90,No primary,No secondary,1454,447.97702625714334,1676.6368275568786,241029_mACmChPOLR2A_ActivePolII,236.05579619016876,0.40738018606475596,135.79033415897993,0.6188002160054885,0,0.0
170,K16,331.19731611533155,287.09049751136075,394.2054951225676,1811.8172451193059,HCT116 OsTIRF74G mAC/mCh-POLR2A Clone 1,"EU 1 mM, 30 mins",10 µM 5PhIAA,90,No primary,No secondary,1143,476.29875572234266,1708.04146856841,241029_mACmChPOLR2A_ActivePolII,42.54789018770694,0.0734282644234124,141.60470782152487,0.6452964736412276,90,1.5
171,K17,324.59728145529795,516.447484934089,417.8158212900726,1729.6100917431193,HCT116 OsTIRF74G mAC/mCh-POLR2A Clone 1,"EU 1 mM, 30 mins",Vehicle,90,No primary,No secondary,1117,397.328678905235,1646.5858585858587,241029_mACmChPOLR2A_ActivePolII,271.90487761043516,0.4692477855685335,135.00467316149127,0.6152199376449987,0,0.0
172,K18,326.828476580289,281.4752276652271,395.3565637803295,1720.885736196319,HCT116 OsTIRF74G mAC/mCh-POLR2A Clone 1,"EU 1 mM, 30 mins",10 µM 5PhIAA,90,No primary,No secondary,1489,459.031626038559,1614.1476578411405,241029_mACmChPOLR2A_ActivePolII,36.93262034157331,0.06373754845014792,137.23586828648234,0.6253875540209803,90,1.5
173,K19,324.0401624136495,505.0911973553976,441.04778228765065,1820.0360824742268,HCT116 OsTIRF74G mAC/mCh-POLR2A Clone 1,"EU 1 mM, 30 mins",Vehicle,90,No primary,No secondary,930,421.60485054328717,1678.9201193238316,241029_mACmChPOLR2A_ActivePolII,260.54859003174374,0.44964934053359285,134.44755411984283,0.612681131142695,0,0.0
174,K20,340.5042168176032,290.5085234338765,430.0364718580364,1683.1613123718387,HCT116 OsTIRF74G mAC/mCh-POLR2A Clone 1,"EU 1 mM, 30 mins",10 µM 5PhIAA,90,No primary,No secondary,886,428.5625552578035,1603.7857785778579,241029_mACmChPOLR2A_ActivePolII,45.96591611022271,0.07932702250841563,150.91160852379653,0.6877082712156021,90,1.5
175,K21,341.09037831842164,520.2126974443922,458.42879000831425,1646.9027272727274,HCT116 OsTIRF74G mAC/mCh-POLR2A Clone 1,"EU 1 mM, 30 mins",Vehicle,90,No primary,No secondary,875,434.3675722138858,1584.0963284642717,241029_mACmChPOLR2A_ActivePolII,275.67009012073845,0.47574571104961344,151.49777002461497,0.6903794249878278,0,0.0
178,L04,314.2962552460086,300.97924020219233,294.9750310589457,1849.8785805899956,HCT116 OsTIRF74G mAC/mCh-POLR2A Clone 1,No addition,10 µM 5PhIAA,60,Total Pol II F12,Goat anti-mouse Alexa647,1093,559.9774445127158,1780.4233464365066,241029_mACmChPOLR2A_ActivePolII,56.43663287853852,0.09739716784757721,124.70364695220195,0.5682778833164219,60,1.0
179,L05,318.38748943089513,440.0221021581613,304.5600303070269,1788.4724864130435,HCT116 OsTIRF74G mAC/mCh-POLR2A Clone 1,No addition,Vehicle,60,Total Pol II F12,Goat anti-mouse Alexa647,1199,673.7403657736478,1754.383118971061,241029_mACmChPOLR2A_ActivePolII,195.4794948345075,0.3373544486633655,128.79488113708845,0.586921747866993,0,0.0
180,L06,328.1578111951505,316.62224504085276,339.9002801517931,1736.0487012987012,HCT116 OsTIRF74G mAC/mCh-POLR2A Clone 1,No addition,10 µM 5PhIAA,60,Total Pol II F12,Goat anti-mouse Alexa647,1020,541.3488751554233,1755.7358530856288,241029_mACmChPOLR2A_ActivePolII,72.07963771719895,0.1243935404198122,138.5652029013438,0.63144536772263,60,1.0
181,L08,326.17886670844393,306.56062074989256,333.2776630465458,1809.0122887864823,HCT116 OsTIRF74G mAC/mCh-POLR2A Clone 1,No addition,10 µM 5PhIAA,60,pSer2 3E10,Goat anti-rat Alexa647,1444,1138.8174983350361,1752.5335600907028,241029_mACmChPOLR2A_ActivePolII,62.01801342623875,0.10702939837407774,136.58625841463726,0.6224272643103268,60,1.0
182,L09,336.6174698469162,527.1125265451199,370.9943247404195,1688.818431911967,HCT116 OsTIRF74G mAC/mCh-POLR2A Clone 1,No addition,Vehicle,60,pSer2 3E10,Goat anti-rat Alexa647,1299,1159.840180727066,1694.2056313993173,241029_mACmChPOLR2A_ActivePolII,282.5699192214661,0.4876532926817331,147.02486155310953,0.6699962604166306,0,0.0
183,L10,324.3066881974296,307.1420641442317,369.03642470811434,1764.6120950323975,HCT116 OsTIRF74G mAC/mCh-POLR2A Clone 1,No addition,10 µM 5PhIAA,60,pSer2 3E10,Goat anti-rat Alexa647,1073,1101.9040491779617,1695.0509891902916,241029_mACmChPOLR2A_ActivePolII,62.5994568205779,0.10803284129729739,134.71407990362292,0.6138956963295001,60,1.0
184,L11,314.9001731686382,505.4339922007992,368.11480800680715,1747.7824228028503,HCT116 OsTIRF74G mAC/mCh-POLR2A Clone 1,No addition,Vehicle,60,pSer2 3E10,Goat anti-rat Alexa647,1040,1104.7777581609027,1669.9949660757277,241029_mACmChPOLR2A_ActivePolII,260.89138487714536,0.45024092875195304,125.30756487483154,0.5710299535818596,0,0.0
187,L14,325.2295767174439,306.0035701711924,411.3603270516858,1823.1516646115906,HCT116 OsTIRF74G mAC/mCh-POLR2A Clone 1,"EU 1 mM, 30 mins",10 µM 5PhIAA,60,No primary,No secondary,1535,407.9631305291341,1684.349164467898,241029_mACmChPOLR2A_ActivePolII,61.46096284753858,0.10606805206502318,135.6369684236372,0.6181013242121535,60,1.0
188,L15,320.3179078987741,509.1383878609261,383.9427124168921,1782.0897755610972,HCT116 OsTIRF74G mAC/mCh-POLR2A Clone 1,"EU 1 mM, 30 mins",Vehicle,60,No primary,No secondary,1236,396.57522022548864,1666.4541984732825,241029_mACmChPOLR2A_ActivePolII,264.5957805372723,0.45663389777722635,130.7252996049674,0.5957187169024027,0,0.0
189,L16,325.76537533984236,305.39002310938963,383.87804532488906,1794.2113821138212,HCT116 OsTIRF74G mAC/mCh-POLR2A Clone 1,"EU 1 mM, 30 mins",10 µM 5PhIAA,60,No primary,No secondary,834,393.56914717898445,1670.8794788273615,241029_mACmChPOLR2A_ActivePolII,60.84741578573582,0.10500920529984849,136.1727670460357,0.62054297298877,60,1.0
190,L17,316.4024158451897,485.53508562252875,377.7586058194426,1771.0543789353178,HCT116 OsTIRF74G mAC/mCh-POLR2A Clone 1,"EU 1 mM, 30 mins",Vehicle,60,No primary,No secondary,825,351.238560684556,1653.2684509326846,241029_mACmChPOLR2A_ActivePolII,240.99247829887494,0.41589980942688304,126.80980755138302,0.577875713985206,0,0.0
191,L18,321.53911238349957,302.9803112190045,367.9210461769228,1787.5046170559478,HCT116 OsTIRF74G mAC/mCh-POLR2A Clone 1,"EU 1 mM, 30 mins",10 µM 5PhIAA,60,No primary,No secondary,1128,422.45999005015676,1651.5536384096024,241029_mACmChPOLR2A_ActivePolII,58.437703895350666,0.10085057461120946,131.9465040896929,0.6012837786839745,60,1.0
192,L19,322.28509161715084,513.9172488324045,399.5041080735278,1758.2465753424658,HCT116 OsTIRF74G mAC/mCh-POLR2A Clone 1,"EU 1 mM, 30 mins",Vehicle,60,No primary,No secondary,1179,370.79290224311836,1611.4918123785735,241029_mACmChPOLR2A_ActivePolII,269.37464150875076,0.4648811567014264,132.69248332334416,0.6046832261761544,0,0.0
193,L20,336.40556589678084,314.59048644659094,403.77010959496414,1740.8046722907204,HCT116 OsTIRF74G mAC/mCh-POLR2A Clone 1,"EU 1 mM, 30 mins",10 µM 5PhIAA,60,No primary,No secondary,766,403.59137222685274,1654.0963052695336,241029_mACmChPOLR2A_ActivePolII,70.04787912293713,0.12088717367293408,146.81295760297417,0.6690306083992885,60,1.0
194,L21,324.8556826705127,524.2628220918012,396.4470055933524,1805.4387909319898,HCT116 OsTIRF74G mAC/mCh-POLR2A Clone 1,"EU 1 mM, 30 mins",Vehicle,60,No primary,No secondary,819,411.4384871026238,1691.8449224612307,241029_mACmChPOLR2A_ActivePolII,279.72021476814746,0.48273533197431095,135.26307437670602,0.6163974789536736,0,0.0
197,M04,319.3866670804683,365.7857489161655,321.34021813156363,1810.588674793551,HCT116 OsTIRF74G mAC/mCh-POLR2A Clone 1,No addition,10 µM 5PhIAA,30,Total Pol II F12,Goat anti-mouse Alexa647,1097,612.0155840572438,1713.6044052863435,241029_mACmChPOLR2A_ActivePolII,121.2431415925117,0.20923889342349494,129.79405878666165,0.5914750273711135,30,0.5
198,M06,320.9734995865934,363.2362178519291,344.4290811121604,1786.811555075594,HCT116 OsTIRF74G mAC/mCh-POLR2A Clone 1,No addition,10 µM 5PhIAA,30,Total Pol II F12,Goat anti-mouse Alexa647,1123,581.0174800019452,1720.2534246575342,241029_mACmChPOLR2A_ActivePolII,118.69361052827529,0.20483896571110877,131.3808912927867,0.5987062659098235,30,0.5
199,M07,316.460871433576,460.75546837107504,351.8441890792317,1784.8138268916712,HCT116 OsTIRF74G mAC/mCh-POLR2A Clone 1,No addition,Vehicle,30,Total Pol II F12,Goat anti-mouse Alexa647,1026,633.815637785337,1740.0731126458682,241029_mACmChPOLR2A_ActivePolII,216.21286104742123,0.37313566107960733,126.86826313976934,0.5781420976784506,0,0.0
200,M08,325.4369277686007,358.5018107144248,361.78310434400845,1712.547285954113,HCT116 OsTIRF74G mAC/mCh-POLR2A Clone 1,No addition,10 µM 5PhIAA,30,pSer2 3E10,Goat anti-rat Alexa647,1357,1090.7761978414565,1638.7827204937003,241029_mACmChPOLR2A_ActivePolII,113.95920339077097,0.19666842428949913,135.84431947479402,0.619046228546026,30,0.5
201,M09,321.9303619303744,506.14831367995674,375.1750973925307,1752.341840161182,HCT116 OsTIRF74G mAC/mCh-POLR2A Clone 1,No addition,Vehicle,30,pSer2 3E10,Goat anti-rat Alexa647,1170,1105.8767842243353,1695.3717746182201,241029_mACmChPOLR2A_ActivePolII,261.6057063563029,0.4514736899117545,132.3377536365677,0.6030667134239003,0,0.0
202,M10,324.5498363860283,359.58387698269655,380.9620325252498,1780.1317008603573,HCT116 OsTIRF74G mAC/mCh-POLR2A Clone 1,No addition,10 µM 5PhIAA,30,pSer2 3E10,Goat anti-rat Alexa647,934,1051.5099766106455,1720.056104794859,241029_mACmChPOLR2A_ActivePolII,115.04126965904274,0.19853583176187412,134.9572280922216,0.6150037291844017,30,0.5
203,M11,326.75468712539697,517.8284674811442,380.8681202829072,1760.212323682257,HCT116 OsTIRF74G mAC/mCh-POLR2A Clone 1,No addition,Vehicle,30,pSer2 3E10,Goat anti-rat Alexa647,1125,1061.313909668761,1716.2884111169376,241029_mACmChPOLR2A_ActivePolII,273.28586015749045,0.47163105654112314,137.1620788315903,0.6250512934844045,0,0.0
206,M14,332.4504496248772,369.0960892836874,418.59066893143887,1753.9840470193114,HCT116 OsTIRF74G mAC/mCh-POLR2A Clone 1,"EU 1 mM, 30 mins",10 µM 5PhIAA,30,No primary,No secondary,752,380.16232628657804,1625.702795031056,241029_mACmChPOLR2A_ActivePolII,124.55348196003357,0.21495181001619879,142.85784133107052,0.6510070368502605,30,0.5
207,M15,316.5479966663215,504.78796796116023,398.7231059171014,1788.1388274336284,HCT116 OsTIRF74G mAC/mCh-POLR2A Clone 1,"EU 1 mM, 30 mins",Vehicle,30,No primary,No secondary,1218,401.16284097788747,1682.3541228684887,241029_mACmChPOLR2A_ActivePolII,260.24536063750645,0.44912603354838676,126.95538837251485,0.5785391297144667,0,0.0
208,M16,323.2807950933364,367.5540987828574,416.5632501529295,1776.0885608856088,HCT116 OsTIRF74G mAC/mCh-POLR2A Clone 1,"EU 1 mM, 30 mins",10 µM 5PhIAA,30,No primary,No secondary,984,397.02602440398704,1671.8719620628335,241029_mACmChPOLR2A_ActivePolII,123.0114914592036,0.21229067486393108,133.68818679952972,0.6092206737784239,30,0.5
209,M17,317.4682164602172,505.3241977101551,412.0037062836794,1800.1965174129352,HCT116 OsTIRF74G mAC/mCh-POLR2A Clone 1,"EU 1 mM, 30 mins",Vehicle,30,No primary,No secondary,768,328.61482848340404,1638.0329522528582,241029_mACmChPOLR2A_ActivePolII,260.7815903865013,0.45005144770234806,127.87560816641053,0.5827325961402029,0,0.0
210,M18,340.02277591250544,373.26399484629457,423.0491440124282,1648.3711340206185,HCT116 OsTIRF74G mAC/mCh-POLR2A Clone 1,"EU 1 mM, 30 mins",10 µM 5PhIAA,30,No primary,No secondary,989,297.72287606112894,1613.7026522226372,241029_mACmChPOLR2A_ActivePolII,128.72138752264075,0.22214469479597934,150.43016761869876,0.6855143320231439,30,0.5
211,M19,327.980494335437,536.6370394685799,467.5569001135476,1666.419795221843,HCT116 OsTIRF74G mAC/mCh-POLR2A Clone 1,"EU 1 mM, 30 mins",Vehicle,30,No primary,No secondary,645,372.941527451595,1616.650495049505,241029_mACmChPOLR2A_ActivePolII,292.09443214492615,0.5040904990946165,138.38788604163034,0.6306373300094034,0,0.0
212,M20,328.8840767326861,351.1195156018738,419.92656208811746,1705.861596009975,HCT116 OsTIRF74G mAC/mCh-POLR2A Clone 1,"EU 1 mM, 30 mins",10 µM 5PhIAA,30,No primary,No secondary,1058,436.7949250879809,1579.6943488943489,241029_mACmChPOLR2A_ActivePolII,106.57690827821997,0.18392821284341723,139.2914684388794,0.6347549793697904,30,0.5
213,M21,331.7079777103235,444.14062159071534,447.56108152874236,1729.3414195867026,HCT116 OsTIRF74G mAC/mCh-POLR2A Clone 1,"EU 1 mM, 30 mins",Vehicle,30,No primary,No secondary,780,432.62406747391674,1600.4346335190742,241029_mACmChPOLR2A_ActivePolII,199.59801426706153,0.3444621038865125,142.11536941651684,0.647623572305826,0,0.0
61,F04,332.12372730845414,492.9300739201751,317.9006234137284,1811.539689781022,HCT116 OsTIRF74G mAC/mCh-POLR2A Clone 1,No addition,Vehicle,30,Total Pol II F12,Goat anti-mouse Alexa647,1522,731.6471124969862,1766.7337908187412,241111_mACmChPOLR2A_ActivePolII,223.03971734635184,0.4115016666906261,115.2544392440374,0.5378121655185495,0,0.0
62,F05,339.31499958297536,370.45670742146234,346.8640653823861,1787.0163487738419,HCT116 OsTIRF74G mAC/mCh-POLR2A Clone 1,No addition,10 µM 5PhIAA,30,Total Pol II F12,Goat anti-mouse Alexa647,956,645.768790301594,1758.8599710284886,241111_mACmChPOLR2A_ActivePolII,100.56635084763906,0.18554193611416275,122.44571151855862,0.5713688227732404,30,0.5
63,F06,336.5028977447605,504.3750732895719,334.5322770701325,1789.8525679758309,HCT116 OsTIRF74G mAC/mCh-POLR2A Clone 1,No addition,Vehicle,30,Total Pol II F12,Goat anti-mouse Alexa647,1221,760.4217810722615,1722.5364611260054,241111_mACmChPOLR2A_ActivePolII,234.48471671574862,0.4326173512503697,119.63360968034377,0.5582467027994775,0,0.0
64,F07,333.59849377848104,366.6185159095089,342.4793074624061,1790.1021820117085,HCT116 OsTIRF74G mAC/mCh-POLR2A Clone 1,No addition,10 µM 5PhIAA,30,Total Pol II F12,Goat anti-mouse Alexa647,1279,610.534936389506,1770.2310305775763,241111_mACmChPOLR2A_ActivePolII,96.72815933568563,0.17846058655437108,116.7292057140643,0.5446938731046662,30,0.5
65,F08,339.79635928031945,468.4745802676639,359.55644858310234,1828.7228549734245,HCT116 OsTIRF74G mAC/mCh-POLR2A Clone 1,No addition,Vehicle,30,pSer2 3E10,Goat anti-rat Alexa647,879,1067.0188827436298,1754.25583108274,241111_mACmChPOLR2A_ActivePolII,198.5842236938406,0.36638200586302955,122.92707121590271,0.5736149930979585,0,0.0
66,F09,341.0431021743095,366.41057728094165,394.24737333821605,1808.0822822822822,HCT116 OsTIRF74G mAC/mCh-POLR2A Clone 1,No addition,10 µM 5PhIAA,30,pSer2 3E10,Goat anti-rat Alexa647,1029,1028.6285349912812,1709.0690018435607,241111_mACmChPOLR2A_ActivePolII,96.52022070711837,0.17807694594881956,124.17381410989279,0.5794326735279672,30,0.5
67,F10,336.9958972314816,499.90228808844074,379.77200596501683,1807.9097027481773,HCT116 OsTIRF74G mAC/mCh-POLR2A Clone 1,No addition,Vehicle,30,pSer2 3E10,Goat anti-rat Alexa647,1085,1089.2233345198547,1788.2731254831228,241111_mACmChPOLR2A_ActivePolII,230.01193151461746,0.4243651951460088,120.12660916706486,0.5605471879113056,0,0.0
68,F11,351.6707976237694,381.0593580045553,416.44932882304715,1760.333121827411,HCT116 OsTIRF74G mAC/mCh-POLR2A Clone 1,No addition,10 µM 5PhIAA,30,pSer2 3E10,Goat anti-rat Alexa647,1572,1072.6068762292239,1745.4356164383562,241111_mACmChPOLR2A_ActivePolII,111.16900143073201,0.20510351213385392,134.80150955935264,0.6290247234449629,30,0.5
71,F14,341.2348595171715,511.07430715510856,389.5199645665749,1812.0639423076923,HCT116 OsTIRF74G mAC/mCh-POLR2A Clone 1,"EU 1 mM, 30 mins",Vehicle,30,No primary,No secondary,1367,480.92554384774905,1719.9109540636043,241111_mACmChPOLR2A_ActivePolII,241.18395058128527,0.4449772391394749,124.36557145275478,0.5803274714420009,0,0.0
72,F15,358.1457517721815,395.12919802052846,432.0276668838306,1811.2155992390615,HCT116 OsTIRF74G mAC/mCh-POLR2A Clone 1,"EU 1 mM, 30 mins",10 µM 5PhIAA,30,No primary,No secondary,1298,453.18553666560007,1744.8296074154853,241111_mACmChPOLR2A_ActivePolII,125.23884144670518,0.23106194987547224,141.27646370776475,0.6592388230929379,30,0.5
73,F16,353.08828924015904,520.7887699310935,416.3038487940566,1839.8278080158339,HCT116 OsTIRF74G mAC/mCh-POLR2A Clone 1,"EU 1 mM, 30 mins",Vehicle,30,No primary,No secondary,1494,520.5116651046253,1757.5949427480916,241111_mACmChPOLR2A_ActivePolII,250.89841335727021,0.46290013498458676,136.2190011757423,0.6356391691948635,0,0.0
74,F17,342.23771312220845,381.96830419773516,411.2281063214011,1793.9011993146773,HCT116 OsTIRF74G mAC/mCh-POLR2A Clone 1,"EU 1 mM, 30 mins",10 µM 5PhIAA,30,No primary,No secondary,1227,410.1325234421573,1692.2944976076556,241111_mACmChPOLR2A_ActivePolII,112.07794762391188,0.20678049091537198,125.36842505779171,0.5850070904880057,30,0.5
75,F18,345.9303500616551,507.35084520232846,410.1904927437207,1810.4646983311939,HCT116 OsTIRF74G mAC/mCh-POLR2A Clone 1,"EU 1 mM, 30 mins",Vehicle,30,No primary,No secondary,1060,381.8935176349906,1700.0053506054633,241111_mACmChPOLR2A_ActivePolII,237.46048862850517,0.4381075622153026,129.06106199723834,0.6022380542747678,0,0.0
76,F19,351.43649693139645,391.6049409045952,430.21932899534295,1740.8438061041293,HCT116 OsTIRF74G mAC/mCh-POLR2A Clone 1,"EU 1 mM, 30 mins",10 µM 5PhIAA,30,No primary,No secondary,713,408.95920849091056,1622.1268057784912,241111_mACmChPOLR2A_ActivePolII,121.71458433077191,0.22455979997003273,134.5672088669797,0.6279314053604353,30,0.5
77,F20,348.0654166771991,506.26769153262273,434.6514478428444,1773.4398530762167,HCT116 OsTIRF74G mAC/mCh-POLR2A Clone 1,"EU 1 mM, 30 mins",Vehicle,30,No primary,No secondary,829,411.2069926709135,1669.7118320610687,241111_mACmChPOLR2A_ActivePolII,236.37733495879945,0.4361091758038196,131.19612861278236,0.6122009225821723,0,0.0
78,F21,350.8149903359717,375.83210465173846,414.8635639887623,1853.7761877504292,HCT116 OsTIRF74G mAC/mCh-POLR2A Clone 1,"EU 1 mM, 30 mins",10 µM 5PhIAA,30,No primary,No secondary,685,362.8521274013922,1685.791214607039,241111_mACmChPOLR2A_ActivePolII,105.94174807791518,0.19545938465516802,133.94570227155495,0.6250312671083919,30,0.5
81,G04,336.5784346860185,454.45168628769056,341.0135597136544,1840.6342321219227,HCT116 OsTIRF74G mAC/mCh-POLR2A Clone 1,No addition,Vehicle,60,Total Pol II F12,Goat anti-mouse Alexa647,1115,667.3309670078115,1759.4222826086957,241111_mACmChPOLR2A_ActivePolII,184.56132971386728,0.3405101821661576,119.70914662160177,0.558599181074684,0,0.0
82,G05,344.0418342090053,313.1056729373275,347.0415625632716,1843.3664416586307,HCT116 OsTIRF74G mAC/mCh-POLR2A Clone 1,No addition,10 µM 5PhIAA,60,Total Pol II F12,Goat anti-mouse Alexa647,1193,569.2171837931377,1752.0191066997518,241111_mACmChPOLR2A_ActivePolII,43.2153163635042,0.0797309776111745,127.17254614458855,0.5934256665958938,60,1.0
83,G06,332.9459378423394,488.6859757251334,342.3982859731543,1825.6,HCT116 OsTIRF74G mAC/mCh-POLR2A Clone 1,No addition,Vehicle,60,Total Pol II F12,Goat anti-mouse Alexa647,1198,705.9605106427196,1774.4016137428423,241111_mACmChPOLR2A_ActivePolII,218.79561915131012,0.40367143133327793,116.07664977792265,0.5416488492128296,0,0.0
84,G07,344.5757965290296,324.2685840059612,360.1104637298115,1828.361803713528,HCT116 OsTIRF74G mAC/mCh-POLR2A Clone 1,No addition,10 µM 5PhIAA,60,Total Pol II F12,Goat anti-mouse Alexa647,1386,533.90652471727,1749.224651609803,241111_mACmChPOLR2A_ActivePolII,54.37822743213792,0.10032621761826621,127.70650846461288,0.5959172967102839,60,1.0
85,G08,340.9121493486002,511.1902374376329,363.58714997167607,1815.8974358974358,HCT116 OsTIRF74G mAC/mCh-POLR2A Clone 1,No addition,Vehicle,60,pSer2 3E10,Goat anti-rat Alexa647,1225,1089.9981838093465,1717.8979124964255,241111_mACmChPOLR2A_ActivePolII,241.29988086380962,0.44519112707408254,124.04286128418349,0.5788216079305166,0,0.0
86,G09,348.00317955947065,321.4996452007838,377.82661729447074,1776.029937228392,HCT116 OsTIRF74G mAC/mCh-POLR2A Clone 1,No addition,10 µM 5PhIAA,60,pSer2 3E10,Goat anti-rat Alexa647,1260,983.8262347056944,1746.5989932885907,241111_mACmChPOLR2A_ActivePolII,51.609288626960506,0.09521760760543392,131.13389149505392,0.6119105053168529,60,1.0
87,G10,345.8188949636437,515.4109684111183,393.8796762514596,1819.2700729927008,HCT116 OsTIRF74G mAC/mCh-POLR2A Clone 1,No addition,Vehicle,60,pSer2 3E10,Goat anti-rat Alexa647,1314,1046.2140392955375,1758.7642393655372,241111_mACmChPOLR2A_ActivePolII,245.52061183729506,0.45297825060035984,128.94960689922695,0.6017179709876272,0,0.0
88,G11,356.39776089503204,329.9260223752249,441.61152978606026,1798.2520161290322,HCT116 OsTIRF74G mAC/mCh-POLR2A Clone 1,No addition,10 µM 5PhIAA,60,pSer2 3E10,Goat anti-rat Alexa647,1584,1038.6016903073412,1746.9842902027992,241111_mACmChPOLR2A_ActivePolII,60.03566580140159,0.1107640236998456,139.5284728306153,0.6510821675652849,60,1.0
91,G14,353.9660544232606,527.5435533366752,433.8822848767148,1859.36865234375,HCT116 OsTIRF74G mAC/mCh-POLR2A Clone 1,"EU 1 mM, 30 mins",Vehicle,60,No primary,No secondary,1766,425.4223668076803,1735.6155735691477,241111_mACmChPOLR2A_ActivePolII,257.65319676285196,0.4753625101283586,137.09676635884384,0.639735087729863,0,0.0
92,G15,349.4922566172205,330.11633333618937,422.1718523051601,1824.6280393171237,HCT116 OsTIRF74G mAC/mCh-POLR2A Clone 1,"EU 1 mM, 30 mins",10 µM 5PhIAA,60,No primary,No secondary,1750,387.4301007559844,1691.3973224958163,241111_mACmChPOLR2A_ActivePolII,60.22597676236609,0.11111514178122649,132.62296855280377,0.6188589904451068,60,1.0
93,G16,349.42951292755134,512.7431654816294,453.75496544954257,1775.7555988315482,HCT116 OsTIRF74G mAC/mCh-POLR2A Clone 1,"EU 1 mM, 30 mins",Vehicle,60,No primary,No secondary,1584,444.10495782448663,1686.86994076999,241111_mACmChPOLR2A_ActivePolII,242.8528089078061,0.4480562332800899,132.5602248631346,0.6185662093614893,0,0.0
94,G17,352.00360040955184,325.50988088318564,436.19566753779753,1792.2787258248009,HCT116 OsTIRF74G mAC/mCh-POLR2A Clone 1,"EU 1 mM, 30 mins",10 µM 5PhIAA,60,No primary,No secondary,1432,409.1262436143356,1690.56755360372,241111_mACmChPOLR2A_ActivePolII,55.61952430936236,0.10261637355960704,135.1343123451351,0.6305776821690368,60,1.0
95,G18,345.9509833285229,500.53965327133227,424.59774947627085,1822.1986652977412,HCT116 OsTIRF74G mAC/mCh-POLR2A Clone 1,"EU 1 mM, 30 mins",Vehicle,60,No primary,No secondary,1198,359.1496749442545,1716.216864716636,241111_mACmChPOLR2A_ActivePolII,230.649296697509,0.42554111501432157,129.08169526410617,0.6023343353552078,0,0.0
96,G19,364.25755858532847,327.25265691184075,484.6547000917871,1657.0916104146577,HCT116 OsTIRF74G mAC/mCh-POLR2A Clone 1,"EU 1 mM, 30 mins",10 µM 5PhIAA,60,No primary,No secondary,585,380.78732104300764,1604.8994299674266,241111_mACmChPOLR2A_ActivePolII,57.36230033801746,0.10583174366943549,147.38827052091173,0.6877583671466795,60,1.0
97,G20,349.69803641876376,509.7907817099456,434.12974536288806,1814.2633744855966,HCT116 OsTIRF74G mAC/mCh-POLR2A Clone 1,"EU 1 mM, 30 mins",Vehicle,60,No primary,No secondary,794,401.7964812006918,1691.3497581620315,241111_mACmChPOLR2A_ActivePolII,239.9004251361223,0.4426091727421157,132.82874835434703,0.6198192214037914,0,0.0
98,G21,348.63012525443463,318.07314971962796,428.2787851671344,1766.9777914867366,HCT116 OsTIRF74G mAC/mCh-POLR2A Clone 1,"EU 1 mM, 30 mins",10 µM 5PhIAA,60,No primary,No secondary,909,375.85122748278286,1668.9652004454342,241111_mACmChPOLR2A_ActivePolII,48.18279314580468,0.08889582501810236,131.7608371900179,0.614836024056805,60,1.0
101,H04,343.2332227141361,510.5257430931255,353.78318714809427,1752.2080185938407,HCT116 OsTIRF74G mAC/mCh-POLR2A Clone 1,No addition,Vehicle,90,Total Pol II F12,Goat anti-mouse Alexa647,1055,672.4496699234181,1724.6014263074485,241111_mACmChPOLR2A_ActivePolII,240.63538651930224,0.44396515470680836,126.36393464971937,0.5896524401417007,0,0.0
102,H05,345.13615368230427,300.3283851392644,356.82610659497806,1814.5,HCT116 OsTIRF74G mAC/mCh-POLR2A Clone 1,No addition,10 µM 5PhIAA,90,Total Pol II F12,Goat anti-mouse Alexa647,1211,535.994894315968,1770.429963798385,241111_mACmChPOLR2A_ActivePolII,30.43802856544113,0.05615726039504319,128.26686561788753,0.5985320931211046,90,1.5
103,H06,338.0509612692781,513.1039949756445,361.6511639801641,1762.4363979848868,HCT116 OsTIRF74G mAC/mCh-POLR2A Clone 1,No addition,Vehicle,90,Total Pol II F12,Goat anti-mouse Alexa647,1331,675.6258356547742,1746.9460784313726,241111_mACmChPOLR2A_ActivePolII,243.21363840182119,0.4487219530000794,121.18167320486137,0.5654704366698774,0,0.0
104,H07,343.9895439759369,305.01745217006913,350.3528605828966,1808.3648130393096,HCT116 OsTIRF74G mAC/mCh-POLR2A Clone 1,No addition,10 µM 5PhIAA,90,Total Pol II F12,Goat anti-mouse Alexa647,1500,536.4510150928418,1758.7785698373802,241111_mACmChPOLR2A_ActivePolII,35.12709559624585,0.06480845006367003,127.12025591152016,0.5931816645108857,90,1.5
105,H08,336.70111280324716,499.8084166949058,370.0231890645294,1833.8969072164948,HCT116 OsTIRF74G mAC/mCh-POLR2A Clone 1,No addition,Vehicle,90,pSer2 3E10,Goat anti-rat Alexa647,1472,1034.281123645719,1749.421607378129,241111_mACmChPOLR2A_ActivePolII,229.91806012108253,0.42419200520767053,119.83182473883042,0.5591716343729797,0,0.0
106,H09,343.6847286007623,304.5726393973189,396.8451970873592,1797.9330332020259,HCT116 OsTIRF74G mAC/mCh-POLR2A Clone 1,No addition,10 µM 5PhIAA,90,pSer2 3E10,Goat anti-rat Alexa647,1236,982.0098332680985,1747.716146473335,241111_mACmChPOLR2A_ActivePolII,34.6822828234956,0.06398778368402354,126.81544053634556,0.5917593035321568,90,1.5
107,H10,342.61888871288045,501.8782427586804,396.9131959667269,1833.6810198300284,HCT116 OsTIRF74G mAC/mCh-POLR2A Clone 1,No addition,Vehicle,90,pSer2 3E10,Goat anti-rat Alexa647,1552,1001.3762458097747,1745.8655965500718,241111_mACmChPOLR2A_ActivePolII,231.98788618485713,0.428010772937188,125.74960064846371,0.5867857713892077,0,0.0
108,H11,366.57241795649463,313.9362655683909,453.54869464275527,1738.4667527437057,HCT116 OsTIRF74G mAC/mCh-POLR2A Clone 1,No addition,10 µM 5PhIAA,90,pSer2 3E10,Goat anti-rat Alexa647,2057,1046.0479296097067,1710.6846615252784,241111_mACmChPOLR2A_ActivePolII,44.04590899456764,0.08126339639330916,149.7031298920779,0.6985602029756814,90,1.5
111,H14,349.1426491082876,492.93900380219475,432.1281889012227,1782.5283822138126,HCT116 OsTIRF74G mAC/mCh-POLR2A Clone 1,"EU 1 mM, 30 mins",Vehicle,90,No primary,No secondary,1361,417.7448860966617,1700.624654782827,241111_mACmChPOLR2A_ActivePolII,223.04864722837146,0.41151814205823395,132.2733610438709,0.6172276157866209,0,0.0
112,H15,362.1575559509267,318.16330860615017,450.0822723266724,1862.3961625282168,HCT116 OsTIRF74G mAC/mCh-POLR2A Clone 1,"EU 1 mM, 30 mins",10 µM 5PhIAA,90,No primary,No secondary,1579,379.142152424592,1735.1968980021031,241111_mACmChPOLR2A_ActivePolII,48.272952032326884,0.08906216549105608,145.28826788650994,0.6779591180087707,90,1.5
113,H16,340.75148164108043,504.2544339165897,412.0598518881643,1820.2363523573201,HCT116 OsTIRF74G mAC/mCh-POLR2A Clone 1,"EU 1 mM, 30 mins",Vehicle,90,No primary,No secondary,1376,436.6914667879032,1697.9319470699434,241111_mACmChPOLR2A_ActivePolII,234.3640773427664,0.4323947751834641,123.8821935766637,0.5780718836832175,0,0.0
114,H17,357.07315416136856,310.1926516028182,435.5876301961037,1820.6627218934912,HCT116 OsTIRF74G mAC/mCh-POLR2A Clone 1,"EU 1 mM, 30 mins",10 µM 5PhIAA,90,No primary,No secondary,1394,395.40530587450735,1702.1102798559157,241111_mACmChPOLR2A_ActivePolII,40.30229502899493,0.07435653960292295,140.20386609695183,0.6542337573654486,90,1.5
115,H18,345.4382472993133,511.54099678409295,434.5989433511923,1783.6613226452905,HCT116 OsTIRF74G mAC/mCh-POLR2A Clone 1,"EU 1 mM, 30 mins",Vehicle,90,No primary,No secondary,1044,437.69393136657663,1688.833460949464,241111_mACmChPOLR2A_ActivePolII,241.65064021026967,0.4458382676703535,128.56895923489654,0.5999417535508337,0,0.0
116,H19,360.2014303401238,313.39488650224433,458.58577255946017,1789.8606770833333,HCT116 OsTIRF74G mAC/mCh-POLR2A Clone 1,"EU 1 mM, 30 mins",10 µM 5PhIAA,90,No primary,No secondary,1164,441.4554433567267,1719.2872860635696,241111_mACmChPOLR2A_ActivePolII,43.50452992842105,0.08026456806496803,143.33214227570707,0.6688312426950516,90,1.5
117,H20,351.0197783939679,497.8937268598657,467.15915688709094,1704.0546995377504,HCT116 OsTIRF74G mAC/mCh-POLR2A Clone 1,"EU 1 mM, 30 mins",Vehicle,90,No primary,No secondary,961,427.0947799332197,1644.1202697639565,241111_mACmChPOLR2A_ActivePolII,228.0033702860424,0.4206594592212931,134.15049032955116,0.6259868702909303,0,0.0
118,H21,362.6486793433122,309.55621064743474,466.823560338425,1781.7232502011263,HCT116 OsTIRF74G mAC/mCh-POLR2A Clone 1,"EU 1 mM, 30 mins",10 µM 5PhIAA,90,No primary,No secondary,819,369.47496171280045,1692.5663865546219,241111_mACmChPOLR2A_ActivePolII,39.665854073611456,0.07318232490696464,145.77939127889547,0.6802508486954856,90,1.5
121,I04,335.0653610909689,423.9973407827466,339.95583567625516,1784.5697674418604,HCT116 OsTIRF74G mAC/mCh-POLR2A Clone 1,No addition,Vehicle,120,Total Pol II F12,Goat anti-mouse Alexa647,1217,662.5061089845466,1773.88720666162,241111_mACmChPOLR2A_ActivePolII,154.10698420892334,0.28432281750143285,118.19607302655217,0.551538720826211,0,0.0
122,I05,335.39477400176713,289.78682469664335,349.75349789849326,1754.4117026884555,HCT116 OsTIRF74G mAC/mCh-POLR2A Clone 1,No addition,10 µM 5PhIAA,120,Total Pol II F12,Goat anti-mouse Alexa647,1155,565.6089877726812,1724.2452922474934,241111_mACmChPOLR2A_ActivePolII,19.896468122820067,0.03670839387355998,118.5254859373504,0.5530758613655966,120,2.0
123,I06,333.6603213386572,423.1397442423824,349.34349087435686,1753.7680722891566,HCT116 OsTIRF74G mAC/mCh-POLR2A Clone 1,No addition,Vehicle,120,Total Pol II F12,Goat anti-mouse Alexa647,1169,677.3681006576327,1711.3879937629938,241111_mACmChPOLR2A_ActivePolII,153.2493876685591,0.28274057730714497,116.79103327424045,0.5449823792502443,0,0.0
124,I07,338.87326950781346,294.6469162752806,353.7083541377274,1851.1630144307858,HCT116 OsTIRF74G mAC/mCh-POLR2A Clone 1,No addition,10 µM 5PhIAA,120,Total Pol II F12,Goat anti-mouse Alexa647,1487,538.8483035541183,1750.8011377689834,241111_mACmChPOLR2A_ActivePolII,24.75655970145732,0.04567511876306772,122.00398144339673,0.5693075762836847,120,2.0
125,I08,334.26419677808633,423.5487320039308,364.91283114174183,1831.3329479768786,HCT116 OsTIRF74G mAC/mCh-POLR2A Clone 1,No addition,Vehicle,120,pSer2 3E10,Goat anti-rat Alexa647,1670,1071.2317941895558,1740.594192799071,241111_mACmChPOLR2A_ActivePolII,153.65837543010753,0.2834951476031246,117.3949087136696,0.5478002451815963,0,0.0
126,I09,343.1921224548894,298.72657948013347,393.8228036258636,1758.2150684931507,HCT116 OsTIRF74G mAC/mCh-POLR2A Clone 1,No addition,10 µM 5PhIAA,120,pSer2 3E10,Goat anti-rat Alexa647,1538,1073.9265339419435,1692.0560693641619,241111_mACmChPOLR2A_ActivePolII,28.836222906310184,0.05320197643804601,126.32283439047265,0.5894606538680107,120,2.0
127,I10,345.0817430824819,431.2422083731836,400.64878990967463,1755.17749825297,HCT116 OsTIRF74G mAC/mCh-POLR2A Clone 1,No addition,Vehicle,120,pSer2 3E10,Goat anti-rat Alexa647,1064,1107.0928927231698,1693.3905099536405,241111_mACmChPOLR2A_ActivePolII,161.3518517993603,0.2976893834381542,128.21245501806519,0.598278196761801,0,0.0
128,I11,356.36797459552173,312.05473786394873,438.7410135781887,1793.5851619644723,HCT116 OsTIRF74G mAC/mCh-POLR2A Clone 1,No addition,10 µM 5PhIAA,120,pSer2 3E10,Goat anti-rat Alexa647,1633,1038.0096586274492,1722.0364621828037,241111_mACmChPOLR2A_ActivePolII,42.16438129012545,0.07779203355482316,139.498686531105,0.650943175658791,120,2.0
131,I14,349.6714202646408,433.2743797584666,437.1972552423015,1794.3601575689363,HCT116 OsTIRF74G mAC/mCh-POLR2A Clone 1,"EU 1 mM, 30 mins",Vehicle,120,No primary,No secondary,1412,488.44305849026074,1683.0220338983052,241111_mACmChPOLR2A_ActivePolII,163.3840231846433,0.301438679402094,132.80213220022407,0.6196950223570515,0,0.0
132,I15,352.870424237986,309.86582292901204,422.8709948628276,1795.5283653846154,HCT116 OsTIRF74G mAC/mCh-POLR2A Clone 1,"EU 1 mM, 30 mins",10 µM 5PhIAA,120,No primary,No secondary,1386,492.47409827635755,1724.575421472937,241111_mACmChPOLR2A_ActivePolII,39.97546635518876,0.07375355038829495,136.00113617356928,0.6346225450250883,120,2.0
133,I16,345.18746637454154,440.00135239625826,436.73111635289234,1782.4720843672458,HCT116 OsTIRF74G mAC/mCh-POLR2A Clone 1,"EU 1 mM, 30 mins",Vehicle,120,No primary,No secondary,1177,419.60450469458186,1667.1130008648026,241111_mACmChPOLR2A_ActivePolII,170.11099582243497,0.31384974450371855,128.3181783101248,0.598771533704146,0,0.0
134,I17,360.5457415991032,306.1129234986096,454.821350445804,1653.4176570458403,HCT116 OsTIRF74G mAC/mCh-POLR2A Clone 1,"EU 1 mM, 30 mins",10 µM 5PhIAA,120,No primary,No secondary,1196,401.2973727434408,1622.8177837655776,241111_mACmChPOLR2A_ActivePolII,36.22256692478629,0.06682956219055715,143.6764535346865,0.6704379034451166,120,2.0
135,I18,340.3871938718817,438.930348030607,402.83978078847105,1881.7370812038614,HCT116 OsTIRF74G mAC/mCh-POLR2A Clone 1,"EU 1 mM, 30 mins",Vehicle,120,No primary,No secondary,970,430.8200767482913,1693.0097402597403,241111_mACmChPOLR2A_ActivePolII,169.0399914567837,0.31187377319806064,123.51790580746498,0.5763720064784025,0,0.0
136,I19,354.47504735834593,304.35510172636657,458.5914879860962,1700.9890368050117,HCT116 OsTIRF74G mAC/mCh-POLR2A Clone 1,"EU 1 mM, 30 mins",10 µM 5PhIAA,120,No primary,No secondary,961,411.7130600698561,1603.0957756737073,241111_mACmChPOLR2A_ActivePolII,34.46474515254329,0.06358643312982666,137.6057592939292,0.6421102031219242,120,2.0
137,I20,336.53154256282386,429.61683120599963,402.3269380762035,1765.3745098039215,HCT116 OsTIRF74G mAC/mCh-POLR2A Clone 1,"EU 1 mM, 30 mins",Vehicle,120,No primary,No secondary,841,433.42351438647427,1627.1544232572678,241111_mACmChPOLR2A_ActivePolII,159.72647463217635,0.29469061074755554,119.66225449840712,0.5583803682073749,0,0.0
138,I21,355.7415524338738,302.093871873235,448.570757725512,1708.7735271614383,HCT116 OsTIRF74G mAC/mCh-POLR2A Clone 1,"EU 1 mM, 30 mins",10 µM 5PhIAA,120,No primary,No secondary,806,399.4090052000456,1626.2924099335432,241111_mACmChPOLR2A_ActivePolII,32.20351529941172,0.05941453108294012,138.87226436945704,0.6480200998840578,120,2.0
141,J04,336.06924757116946,425.81556517218996,351.782534608949,1822.1001157407406,HCT116 OsTIRF74G mAC/mCh-POLR2A Clone 1,No addition,Vehicle,120,Total Pol II F12,Goat anti-mouse Alexa647,1222,644.543062263639,1747.1774744027305,241111_mACmChPOLR2A_ActivePolII,155.92520859836668,0.28767738760031625,119.19995950675272,0.5562231595809585,0,0.0
142,J05,342.6653699880358,290.23218016935147,345.9343087870121,1761.1076724693746,HCT116 OsTIRF74G mAC/mCh-POLR2A Clone 1,No addition,10 µM 5PhIAA,120,Total Pol II F12,Goat anti-mouse Alexa647,1208,550.6950737566829,1720.7264690587624,241111_mACmChPOLR2A_ActivePolII,20.341823595528183,0.03753006151854087,125.79608192361908,0.587002667114972,120,2.0
143,J06,325.43533769806356,420.72254322060377,341.4032885238871,1807.5321608040201,HCT116 OsTIRF74G mAC/mCh-POLR2A Clone 1,No addition,Vehicle,120,Total Pol II F12,Goat anti-mouse Alexa647,1308,631.3109507210063,1734.0508306471609,241111_mACmChPOLR2A_ActivePolII,150.83218664678049,0.27828091307773073,108.56604963364683,0.5066021112786473,0,0.0
144,J07,334.53313342190876,294.89665726939126,360.23168070228115,1821.1080361894624,HCT116 OsTIRF74G mAC/mCh-POLR2A Clone 1,No addition,10 µM 5PhIAA,120,Total Pol II F12,Goat anti-mouse Alexa647,1774,539.3294147421177,1769.590007725985,241111_mACmChPOLR2A_ActivePolII,25.006300695567973,0.04613588349385296,117.66384535749202,0.5490551851192691,120,2.0
145,J08,340.1447340149949,442.006402481174,375.6138394377829,1743.4744958481613,HCT116 OsTIRF74G mAC/mCh-POLR2A Clone 1,No addition,Vehicle,120,pSer2 3E10,Goat anti-rat Alexa647,1764,1080.9381035312722,1717.6016360932078,241111_mACmChPOLR2A_ActivePolII,172.11604590735072,0.31754900247246753,123.27544595057819,0.5752406152579089,0,0.0
146,J09,340.00099436058713,294.24580358771885,400.4544332740772,1710.5893508388037,HCT116 OsTIRF74G mAC/mCh-POLR2A Clone 1,No addition,10 µM 5PhIAA,120,pSer2 3E10,Goat anti-rat Alexa647,1782,1129.217301148991,1658.7951070336392,241111_mACmChPOLR2A_ActivePolII,24.35544701389557,0.04493507774514399,123.13170629617039,0.5745698824400236,120,2.0
147,J10,347.8315323283929,447.4052644746606,424.7593475278636,1766.5910509885537,HCT116 OsTIRF74G mAC/mCh-POLR2A Clone 1,No addition,Vehicle,120,pSer2 3E10,Goat anti-rat Alexa647,1116,1089.528946716498,1708.4846832814123,241111_mACmChPOLR2A_ActivePolII,177.51490790083733,0.32750974280600414,130.96224426397615,0.6111095472829872,0,0.0
148,J11,353.00846674667326,309.19865827453106,413.36659012373264,1813.8514963297573,HCT116 OsTIRF74G mAC/mCh-POLR2A Clone 1,No addition,10 µM 5PhIAA,120,pSer2 3E10,Goat anti-rat Alexa647,1775,1039.059082734642,1760.979718031165,241111_mACmChPOLR2A_ActivePolII,39.30830170070777,0.07252265137827837,136.13917868225653,0.6352666932333279,120,2.0
151,J14,347.44855211378746,434.2460785377474,415.78416940105944,1876.1785028790787,HCT116 OsTIRF74G mAC/mCh-POLR2A Clone 1,"EU 1 mM, 30 mins",Vehicle,120,No primary,No secondary,1627,430.86439744998233,1738.2390219560878,241111_mACmChPOLR2A_ActivePolII,164.3557219639241,0.30323143484472387,130.57926404937072,0.6093224454592424,0,0.0
152,J15,349.45094061273335,310.27517891504414,417.6779236082421,1814.9425893380198,HCT116 OsTIRF74G mAC/mCh-POLR2A Clone 1,"EU 1 mM, 30 mins",10 µM 5PhIAA,120,No primary,No secondary,1391,390.361902149539,1690.8069226608977,241111_mACmChPOLR2A_ActivePolII,40.384822341220854,0.07450880004753124,132.5816525483166,0.6186661974386981,120,2.0
153,J16,354.58795230060844,453.24743558932994,441.1860441129376,1758.1299862448418,HCT116 OsTIRF74G mAC/mCh-POLR2A Clone 1,"EU 1 mM, 30 mins",Vehicle,120,No primary,No secondary,1064,420.75125497165897,1636.5266170578134,241111_mACmChPOLR2A_ActivePolII,183.35707901550666,0.3382883753266196,137.7186642361917,0.6426370518220197,0,0.0
154,J17,345.6592485067127,304.2821812690704,425.8186852031923,1746.2452707110242,HCT116 OsTIRF74G mAC/mCh-POLR2A Clone 1,"EU 1 mM, 30 mins",10 µM 5PhIAA,120,No primary,No secondary,1290,417.96239072634694,1693.3174510377082,241111_mACmChPOLR2A_ActivePolII,34.391824695247124,0.06345189704777712,128.78996044229595,0.6009730122052793,120,2.0
155,J18,352.5612717922991,440.4731443243285,452.6811802374003,1739.9109347442682,HCT116 OsTIRF74G mAC/mCh-POLR2A Clone 1,"EU 1 mM, 30 mins",Vehicle,120,No primary,No secondary,1060,442.4627604031822,1578.4416775884665,241111_mACmChPOLR2A_ActivePolII,170.5827877505052,0.3147201866251574,135.6919837278824,0.6331799459600912,0,0.0
156,J19,355.1224895449042,308.0407910166087,441.4195967119356,1773.2922374429224,HCT116 OsTIRF74G mAC/mCh-POLR2A Clone 1,"EU 1 mM, 30 mins",10 µM 5PhIAA,120,No primary,No secondary,1079,397.24441811987623,1678.3858114674442,241111_mACmChPOLR2A_ActivePolII,38.15043444278541,0.07038642061135326,138.2532014804875,0.6451313647074117,120,2.0
157,J20,343.1943009696486,428.5278687548041,432.61869701382614,1736.0424187725632,HCT116 OsTIRF74G mAC/mCh-POLR2A Clone 1,"EU 1 mM, 30 mins",Vehicle,120,No primary,No secondary,867,451.5157501676255,1620.6163757273482,241111_mACmChPOLR2A_ActivePolII,158.63751218098082,0.29268150730641995,126.32501290523189,0.5894708194785326,0,0.0
158,J21,344.13782360790447,296.23257479923404,418.2326780485163,1721.4555097230407,HCT116 OsTIRF74G mAC/mCh-POLR2A Clone 1,"EU 1 mM, 30 mins",10 µM 5PhIAA,120,No primary,No secondary,592,369.91514417615576,1634.092717011556,241111_mACmChPOLR2A_ActivePolII,26.34221822541076,0.04860061173432983,127.26853554348773,0.5938735822408563,120,2.0
161,K04,331.7386083120272,504.9193470294557,342.1118633133253,1875.4681647940074,HCT116 OsTIRF74G mAC/mCh-POLR2A Clone 1,No addition,Vehicle,90,Total Pol II F12,Goat anti-mouse Alexa647,1294,677.0998064921721,1747.16036505867,241111_mACmChPOLR2A_ActivePolII,235.02899045563242,0.433621520165946,114.86932024761049,0.5360150834902198,0,0.0
162,K05,336.85294806796657,296.75701326263095,356.5475604775414,1798.4118322802988,HCT116 OsTIRF74G mAC/mCh-POLR2A Clone 1,No addition,10 µM 5PhIAA,90,Total Pol II F12,Goat anti-mouse Alexa647,970,537.6146723866208,1727.2745490981963,241111_mACmChPOLR2A_ActivePolII,26.866656688807666,0.04956818515278685,119.98366000354983,0.5598801437636499,90,1.5
163,K06,333.72311999155335,305.6785576601991,334.374545222399,1800.2353535353536,HCT116 OsTIRF74G mAC/mCh-POLR2A Clone 1,No addition,Vehicle,90,Total Pol II F12,Goat anti-mouse Alexa647,1527,539.3412067467375,1753.3664799253036,241111_mACmChPOLR2A_ActivePolII,35.78820108637581,0.06602817009507747,116.85383192713661,0.5452754168089471,0,0.0
164,K07,345.14390230349755,302.41806225286916,364.06919806545613,1737.237062937063,HCT116 OsTIRF74G mAC/mCh-POLR2A Clone 1,No addition,10 µM 5PhIAA,90,Total Pol II F12,Goat anti-mouse Alexa647,1354,530.2139768127237,1685.2423600605143,241111_mACmChPOLR2A_ActivePolII,32.52770567904588,0.060012652723030635,128.27461423908082,0.5985682505374356,90,1.5
165,K08,330.9879349267052,509.2898941787551,365.3680938654237,1782.3351715686274,HCT116 OsTIRF74G mAC/mCh-POLR2A Clone 1,No addition,Vehicle,90,pSer2 3E10,Goat anti-rat Alexa647,1688,1097.7951345614417,1722.794652406417,241111_mACmChPOLR2A_ActivePolII,239.39953760493182,0.4416850500954332,114.11864686228844,0.5325122138254569,0,0.0
166,K09,349.8072643766121,314.85746009416624,392.13769513904674,1827.138080495356,HCT116 OsTIRF74G mAC/mCh-POLR2A Clone 1,No addition,10 µM 5PhIAA,90,pSer2 3E10,Goat anti-rat Alexa647,1426,1002.4497823784844,1750.6774012881547,241111_mACmChPOLR2A_ActivePolII,44.96710352034296,0.08296297298537493,132.9379763121954,0.6203289121795299,90,1.5
167,K10,347.56184042135374,397.80189186922144,408.8538527549786,1806.4855797527957,HCT116 OsTIRF74G mAC/mCh-POLR2A Clone 1,No addition,Vehicle,90,pSer2 3E10,Goat anti-rat Alexa647,1330,1056.927672291166,1715.2956521739131,241111_mACmChPOLR2A_ActivePolII,127.91153529539815,0.2359929907966866,130.692552356937,0.6098510830581044,0,0.0
168,K11,341.61117813299234,308.5408119722416,404.8274735603632,1861.8569579288026,HCT116 OsTIRF74G mAC/mCh-POLR2A Clone 1,No addition,10 µM 5PhIAA,90,pSer2 3E10,Goat anti-rat Alexa647,1473,1011.9292777756667,1736.6229195088677,241111_mACmChPOLR2A_ActivePolII,38.65045539841833,0.07130894445182095,124.7418900685756,0.5820834882256235,90,1.5
171,K14,344.53862044204664,531.608813513978,420.38906294378165,1823.4082774049216,HCT116 OsTIRF74G mAC/mCh-POLR2A Clone 1,"EU 1 mM, 30 mins",Vehicle,90,No primary,No secondary,1357,453.42198790104527,1731.1033806957373,241111_mACmChPOLR2A_ActivePolII,261.71845694015474,0.4828627946444719,127.6693323776299,0.5957438218144191,0,0.0
172,K15,351.2901188979468,311.42697331931544,437.6953386915433,1776.5701530612246,HCT116 OsTIRF74G mAC/mCh-POLR2A Clone 1,"EU 1 mM, 30 mins",10 µM 5PhIAA,90,No primary,No secondary,1454,405.07600511368355,1625.9525558616467,241111_mACmChPOLR2A_ActivePolII,41.536616745492154,0.07663382657949447,134.42083083353006,0.6272483610658272,90,1.5
173,K16,341.6866649904839,523.6110873249543,417.14138075833796,1743.3138364779875,HCT116 OsTIRF74G mAC/mCh-POLR2A Clone 1,"EU 1 mM, 30 mins",Vehicle,90,No primary,No secondary,1143,386.98832383156935,1675.4705547652916,241111_mACmChPOLR2A_ActivePolII,253.720730751131,0.46810722691117923,124.81737692606717,0.5824357327947873,0,0.0
174,K17,357.20965585278424,314.5814965631866,473.85992302286394,1708.6131117266852,HCT116 OsTIRF74G mAC/mCh-POLR2A Clone 1,"EU 1 mM, 30 mins",10 µM 5PhIAA,90,No primary,No secondary,1117,380.00425805517943,1609.517025440313,241111_mACmChPOLR2A_ActivePolII,44.69113998936331,0.0824538284514101,140.3403677883675,0.6548707156530316,90,1.5
175,K18,346.19885725938644,539.9891920597045,431.33127129706025,1723.4522431259045,HCT116 OsTIRF74G mAC/mCh-POLR2A Clone 1,"EU 1 mM, 30 mins",Vehicle,90,No primary,No secondary,1489,424.1608836504244,1603.7079334612924,241111_mACmChPOLR2A_ActivePolII,270.0988354858812,0.49832434463249337,129.3295691949697,0.6034909902867461,0,0.0
176,K19,354.16405685375656,308.9789795729843,464.6340351079934,1776.282729805014,HCT116 OsTIRF74G mAC/mCh-POLR2A Clone 1,"EU 1 mM, 30 mins",10 µM 5PhIAA,90,No primary,No secondary,930,419.0542234516597,1613.471590909091,241111_mACmChPOLR2A_ActivePolII,39.08862299916103,0.07211735068610371,137.29476878933983,0.6406590271166792,90,1.5
177,K20,336.87071326411245,485.26693074748863,405.3417146981454,1762.9973427812224,HCT116 OsTIRF74G mAC/mCh-POLR2A Clone 1,"EU 1 mM, 30 mins",Vehicle,90,No primary,No secondary,886,411.55541700726417,1596.0730850316234,241111_mACmChPOLR2A_ActivePolII,215.37657417366535,0.39736339470406074,120.00142519969572,0.5599630415563315,0,0.0
178,K21,348.17240163942796,308.13626756432484,416.25371587145224,1799.8013377926422,HCT116 OsTIRF74G mAC/mCh-POLR2A Clone 1,"EU 1 mM, 30 mins",10 µM 5PhIAA,90,No primary,No secondary,875,404.3902339807248,1657.3085036255768,241111_mACmChPOLR2A_ActivePolII,38.24591099050156,0.0705625720115725,131.30311357501122,0.6127001468601404,90,1.5
181,L04,331.7028870244427,508.8820972597809,347.4156196824217,1857.1096239643084,HCT116 OsTIRF74G mAC/mCh-POLR2A Clone 1,No addition,Vehicle,60,Total Pol II F12,Goat anti-mouse Alexa647,1093,654.0199702716254,1742.5411324786326,241111_mACmChPOLR2A_ActivePolII,238.9917406859576,0.4409326768687015,114.83359896002597,0.5358483971295298,0,0.0
182,L05,334.41077493919795,315.8874988774096,343.910210540539,1787.8684389911384,HCT116 OsTIRF74G mAC/mCh-POLR2A Clone 1,No addition,10 µM 5PhIAA,60,Total Pol II F12,Goat anti-mouse Alexa647,1199,536.2961847472345,1725.2601764873327,241111_mACmChPOLR2A_ActivePolII,45.997142303586315,0.08486336400587835,117.54148687478121,0.5484842233325659,60,1.0
183,L06,334.1749721568121,522.4416073672012,348.72661474410546,1824.95263509006,HCT116 OsTIRF74G mAC/mCh-POLR2A Clone 1,No addition,Vehicle,60,Total Pol II F12,Goat anti-mouse Alexa647,1020,670.5691384617667,1768.672842920354,241111_mACmChPOLR2A_ActivePolII,252.5512507933779,0.46594957105731455,117.30568409239535,0.547383896040515,0,0.0
184,L07,330.78924951984106,309.7536419999208,347.1285595624485,1826.3992592592592,HCT116 OsTIRF74G mAC/mCh-POLR2A Clone 1,No addition,10 µM 5PhIAA,60,Total Pol II F12,Goat anti-mouse Alexa647,1338,516.7808109771067,1720.186567164179,241111_mACmChPOLR2A_ActivePolII,39.86328542609749,0.0735465798996251,113.91996145542433,0.5315850874637879,60,1.0
185,L08,336.03325520245704,510.06807371748806,371.0684606817706,1817.827868852459,HCT116 OsTIRF74G mAC/mCh-POLR2A Clone 1,No addition,Vehicle,60,pSer2 3E10,Goat anti-rat Alexa647,1444,995.9942567043122,1739.5660329531052,241111_mACmChPOLR2A_ActivePolII,240.17771714366478,0.4431207682759575,119.1639671380403,0.5560552082735178,0,0.0
186,L09,345.4141270566972,328.4419448612362,410.6914769342267,1735.757339724386,HCT116 OsTIRF74G mAC/mCh-POLR2A Clone 1,No addition,10 µM 5PhIAA,60,pSer2 3E10,Goat anti-rat Alexa647,1299,1016.6296241390718,1728.899660825325,241111_mACmChPOLR2A_ActivePolII,58.551588287412926,0.10802594468069011,128.5448389922805,0.599829201184094,60,1.0
187,L10,347.3169194983294,545.2611587828385,428.97090934886506,1847.3143049026191,HCT116 OsTIRF74G mAC/mCh-POLR2A Clone 1,No addition,Vehicle,60,pSer2 3E10,Goat anti-rat Alexa647,1073,1069.1376061248284,1758.5902836281944,241111_mACmChPOLR2A_ActivePolII,275.3708022090152,0.5080509669539265,130.44763143391268,0.6087082077566714,0,0.0
188,L11,347.5864121283386,349.09607366763566,446.4463842402414,1777.5132343447385,HCT116 OsTIRF74G mAC/mCh-POLR2A Clone 1,No addition,10 µM 5PhIAA,60,pSer2 3E10,Goat anti-rat Alexa647,1040,1008.997029773796,1771.7819396051104,241111_mACmChPOLR2A_ActivePolII,79.20571709381238,0.1461322000552792,130.7171240639219,0.6099657420944999,60,1.0
191,L14,335.1503927654872,514.5365373621552,409.2977512651777,1851.8219178082193,HCT116 OsTIRF74G mAC/mCh-POLR2A Clone 1,"EU 1 mM, 30 mins",Vehicle,60,No primary,No secondary,1535,371.040453778036,1713.2304230423042,241111_mACmChPOLR2A_ActivePolII,244.6461807883319,0.4513649512367509,118.28110470107046,0.5519355044061781,0,0.0
192,L15,351.68334315465876,333.7199893567987,443.511966500978,1721.7158018867924,HCT116 OsTIRF74G mAC/mCh-POLR2A Clone 1,"EU 1 mM, 30 mins",10 µM 5PhIAA,60,No primary,No secondary,1236,388.5716844425789,1646.0594533671456,241111_mACmChPOLR2A_ActivePolII,63.82963278297541,0.11776378031208364,134.81405509024202,0.6290832646966443,60,1.0
193,L16,343.0842780486369,529.4530498051676,417.1513607624429,1768.1777003484322,HCT116 OsTIRF74G mAC/mCh-POLR2A Clone 1,"EU 1 mM, 30 mins",Vehicle,60,No primary,No secondary,834,372.9036453175718,1672.8485447866628,241111_mACmChPOLR2A_ActivePolII,259.56269323134427,0.47888547450740804,126.21498998422018,0.5889574191635938,0,0.0
194,L17,348.1242135678738,325.4578552235504,434.99649379702305,1706.994271685761,HCT116 OsTIRF74G mAC/mCh-POLR2A Clone 1,"EU 1 mM, 30 mins",10 µM 5PhIAA,60,No primary,No secondary,825,353.2893293083955,1668.2733173898189,241111_mACmChPOLR2A_ActivePolII,55.5674986497271,0.10252038775983424,131.2549255034571,0.6124752867047774,60,1.0
195,L18,347.7420427548108,528.2333069731648,432.91650786476316,1692.144694533762,HCT116 OsTIRF74G mAC/mCh-POLR2A Clone 1,"EU 1 mM, 30 mins",Vehicle,60,No primary,No secondary,1128,410.7280553783735,1635.9007444168735,241111_mACmChPOLR2A_ActivePolII,258.3429503993415,0.4766350851405507,130.8727546903941,0.6106919617940882,0,0.0
196,L19,345.4465413840917,325.75194318868535,447.8117561281446,1752.212449255751,HCT116 OsTIRF74G mAC/mCh-POLR2A Clone 1,"EU 1 mM, 30 mins",10 µM 5PhIAA,60,No primary,No secondary,1179,385.46414579159125,1626.8006198347107,241111_mACmChPOLR2A_ActivePolII,55.86158661486206,0.10306297133753295,128.57725331967495,0.59998045626567,60,1.0
197,L20,342.2933114731727,517.5388512240552,424.3226270441187,1838.4956803455723,HCT116 OsTIRF74G mAC/mCh-POLR2A Clone 1,"EU 1 mM, 30 mins",Vehicle,60,No primary,No secondary,766,405.1035581284112,1648.335090030742,241111_mACmChPOLR2A_ActivePolII,247.6484946502319,0.45690413131104113,125.42402340875597,0.5852665292543342,0,0.0
198,L21,345.79205510188905,316.9683723067274,424.336864254985,1771.6395112016294,HCT116 OsTIRF74G mAC/mCh-POLR2A Clone 1,"EU 1 mM, 30 mins",10 µM 5PhIAA,60,No primary,No secondary,819,388.9784132056025,1658.1817615935263,241111_mACmChPOLR2A_ActivePolII,47.078015732904134,0.08685754344144142,128.9227670374723,0.6015927280532365,60,1.0
201,M04,325.765842069731,503.2860429168339,345.8392012559443,1836.0163288288288,HCT116 OsTIRF74G mAC/mCh-POLR2A Clone 1,No addition,Vehicle,30,Total Pol II F12,Goat anti-mouse Alexa647,1097,643.791609403513,1753.6297445691096,241111_mACmChPOLR2A_ActivePolII,233.3956863430106,0.43060812249600167,108.89655400531424,0.5081443449054445,0,0.0
202,M05,335.4440483012797,368.89008981695406,369.44806710314674,1745.8942639944714,HCT116 OsTIRF74G mAC/mCh-POLR2A Clone 1,No addition,10 µM 5PhIAA,30,Total Pol II F12,Goat anti-mouse Alexa647,998,537.5543186205357,1757.450423517688,241111_mACmChPOLR2A_ActivePolII,98.99973324313078,0.1826515730748259,118.57476023686294,0.5533057901900226,30,0.5
203,M06,338.2339044990411,526.9589863016595,377.50440692562034,1720.7622641509433,HCT116 OsTIRF74G mAC/mCh-POLR2A Clone 1,No addition,Vehicle,30,Total Pol II F12,Goat anti-mouse Alexa647,1123,658.3269898034571,1691.8934847256014,241111_mACmChPOLR2A_ActivePolII,257.0686297278362,0.47428400127772263,121.36461643462437,0.5663241052592275,0,0.0
204,M07,339.449666337988,378.65926242012324,390.1793253174774,1698.7909300538047,HCT116 OsTIRF74G mAC/mCh-POLR2A Clone 1,No addition,10 µM 5PhIAA,30,Total Pol II F12,Goat anti-mouse Alexa647,1026,536.9308688034151,1744.5865297493203,241111_mACmChPOLR2A_ActivePolII,108.76890584629996,0.20067540692926866,122.58037827357126,0.5719972186911049,30,0.5
205,M08,325.54987525468295,505.732300687431,379.81484189319707,1734.9643551523006,HCT116 OsTIRF74G mAC/mCh-POLR2A Clone 1,No addition,Vehicle,30,pSer2 3E10,Goat anti-rat Alexa647,1357,1113.5263056938843,1711.6776677667767,241111_mACmChPOLR2A_ActivePolII,235.84194411360772,0.4351213955656247,108.68058719026621,0.5071365782524377,0,0.0
206,M09,342.4277822039866,391.2104612946819,406.45273953423896,1739.3878064110622,HCT116 OsTIRF74G mAC/mCh-POLR2A Clone 1,No addition,10 µM 5PhIAA,30,pSer2 3E10,Goat anti-rat Alexa647,1170,967.5578940269696,1700.0795627859684,241111_mACmChPOLR2A_ActivePolII,121.32010472085864,0.22383199678373877,125.55849413956989,0.5858940104638412,30,0.5
207,M10,343.2914905231778,546.9946203550093,417.430676277878,1787.013094417643,HCT116 OsTIRF74G mAC/mCh-POLR2A Clone 1,No addition,Vehicle,30,pSer2 3E10,Goat anti-rat Alexa647,934,1010.7777752530009,1706.124391563007,241111_mACmChPOLR2A_ActivePolII,277.104263781186,0.5112491521676601,126.42220245876106,0.5899243354089571,0,0.0
208,M11,343.5147160134,394.1989881854361,428.83052035131294,1803.2323353293414,HCT116 OsTIRF74G mAC/mCh-POLR2A Clone 1,No addition,10 µM 5PhIAA,30,pSer2 3E10,Goat anti-rat Alexa647,1125,1066.783523698724,1724.0436016511867,241111_mACmChPOLR2A_ActivePolII,124.30863161161284,0.22934574030496738,126.64542794898327,0.5909659732415888,30,0.5
211,M14,343.0959990079753,537.8676987224129,447.42333606799195,1697.7651217596228,HCT116 OsTIRF74G mAC/mCh-POLR2A Clone 1,"EU 1 mM, 30 mins",Vehicle,30,No primary,No secondary,752,340.082791128857,1646.5715229600264,241111_mACmChPOLR2A_ActivePolII,267.9773421485896,0.4944102523149673,126.22671094355857,0.5890121127143593,0,0.0
212,M15,350.0856918599505,395.659742045195,465.17476726682946,1722.1254169446297,HCT116 OsTIRF74G mAC/mCh-POLR2A Clone 1,"EU 1 mM, 30 mins",10 µM 5PhIAA,30,No primary,No secondary,1218,339.2214442259137,1651.346594333936,241111_mACmChPOLR2A_ActivePolII,125.76938547137172,0.23204078787347784,133.21640379553375,0.6216281392525715,30,0.5
213,M16,339.2204245449654,527.7705727448109,415.42844802104065,1810.0280898876404,HCT116 OsTIRF74G mAC/mCh-POLR2A Clone 1,"EU 1 mM, 30 mins",Vehicle,30,No primary,No secondary,984,373.5440129943791,1726.726719415703,241111_mACmChPOLR2A_ActivePolII,257.88021617098764,0.47578135420658113,122.35113648054866,0.5709275069651054,0,0.0
214,M17,351.89896091435304,396.66200709251063,476.46015029110504,1736.0564102564103,HCT116 OsTIRF74G mAC/mCh-POLR2A Clone 1,"EU 1 mM, 30 mins",10 µM 5PhIAA,30,No primary,No secondary,768,321.1870537692447,1591.486643437863,241111_mACmChPOLR2A_ActivePolII,126.77165051868735,0.23388993717452222,135.0296728499363,0.6300894025515161,30,0.5
215,M18,336.92630848940445,524.4944372685596,425.23953662294593,1738.1997084548104,HCT116 OsTIRF74G mAC/mCh-POLR2A Clone 1,"EU 1 mM, 30 mins",Vehicle,30,No primary,No secondary,989,260.5532458009584,1672.8234029484029,241111_mACmChPOLR2A_ActivePolII,254.60408069473635,0.4697369813710103,120.05702042498771,0.5602224657373251,0,0.0
216,M19,350.4420645574237,387.27562230390754,498.18205367421467,1634.6033653846155,HCT116 OsTIRF74G mAC/mCh-POLR2A Clone 1,"EU 1 mM, 30 mins",10 µM 5PhIAA,30,No primary,No secondary,645,327.1766624408935,1563.5286516853932,241111_mACmChPOLR2A_ActivePolII,117.38526573008426,0.2165723354905507,133.57277649300696,0.6232910823323945,30,0.5
217,M20,343.9563618189838,537.2154940823866,441.27536663488934,1740.781224489796,HCT116 OsTIRF74G mAC/mCh-POLR2A Clone 1,"EU 1 mM, 30 mins",Vehicle,30,No primary,No secondary,1058,309.22164555847525,1665.9585997980478,241111_mACmChPOLR2A_ActivePolII,267.32513750856333,0.49320695408814336,127.08707375456706,0.5930268265037376,0,0.0
218,M21,337.11899943196676,372.9932297403275,441.6147071541096,1752.433303491495,HCT116 OsTIRF74G mAC/mCh-POLR2A Clone 1,"EU 1 mM, 30 mins",10 µM 5PhIAA,30,No primary,No secondary,780,343.32800876598543,1635.2099209202013,241111_mACmChPOLR2A_ActivePolII,103.1028731665042,0.19022174459952826,120.24971136755002,0.5611216201106836,30,0.5
