,WELL,IF_561_Intensity,GFP_488_Intensity,DAPI_Intensity,NucleusArea,CELL,DRUG,DRUG_CONCENTRATION,TIME_MINUTES,PRIMARY,SECONDARY,TotalNumberCells,EXPERIMENT,ROW,COLUMN,GFP_Intensity_BGS,GFP_Intensity_FC,IF_647_Intensity,TIME_IN_AUXIN,TIME_IN_AUXIN_HRS,DRUG_CONCENTRATION_LOG
0,C03,2593.2489339273325,275.54706372969923,458.7232144577456,1567.7804208600182,HCT116 OsTIRF74G,Vehicle,0,480,Total Pol II (F12),Goat anti-mouse Alexa647,1093,250905_mACPOLR2A_Kinetic_pSer2,C,03,15.30470548045082,0.024013382615985502,,0,0.0,-12
1,C04,2269.083878975587,271.6190389126815,432.36593693534934,1663.1464108031273,HCT116 OsTIRF74G,Vehicle,0,480,Total Pol II (F12),Goat anti-mouse Alexa647,1407,250905_mACPOLR2A_Kinetic_pSer2,C,04,11.376680663433092,0.017850234754263,,0,0.0,-12
2,C05,2245.798431497741,272.1624857781509,411.88775564217,1646.881934566145,HCT116 OsTIRF74G,Vehicle,0,480,Total Pol II (F12),Goat anti-mouse Alexa647,1406,250905_mACPOLR2A_Kinetic_pSer2,C,05,11.92012752890247,0.018702913528685892,,0,0.0,-12
3,C06,275.40860990860995,259.0146472162097,153.85438537157287,31.75,HCT116 OsTIRF74G,Vehicle,0,480,Total Pol II (F12),Goat anti-mouse Alexa647,4,250905_mACPOLR2A_Kinetic_pSer2,C,06,-1.2277110330387018,-0.001926302653512856,,0,0.0,-12
4,C12,2172.1050049017167,259.53717048739577,389.2406979646787,1579.478834524464,HCT116 OsTIRF74G,Vehicle,0,480,Total Pol II (F12),Goat anti-mouse Alexa647,1819,250905_mACPOLR2A_Kinetic_pSer2,C,12,-0.7051877618526419,-0.0011064534082742207,,0,0.0,-12
5,C13,2479.962438391381,258.0332006314005,453.1682114669231,1509.5020815986677,HCT116 OsTIRF74G,Vehicle,0,480,pSer2 Pol II (3E10),Goat anti-rat Alexa647,1201,250905_mACPOLR2A_Kinetic_pSer2,C,13,-2.209157617847893,-0.0034662115650746844,,0,0.0,-12
6,C14,2216.1645140303544,257.9859189103405,399.4528002764804,1606.5588988476313,HCT116 OsTIRF74G,Vehicle,0,480,pSer2 Pol II (3E10),Goat anti-rat Alexa647,1562,250905_mACPOLR2A_Kinetic_pSer2,C,14,-2.25643933890791,-0.0035403975113515837,,0,0.0,-12
7,C15,2345.7428752231085,254.88533918434305,431.0998862878229,1612.445588235294,HCT116 OsTIRF74G,Vehicle,0,480,pSer2 Pol II (3E10),Goat anti-rat Alexa647,1360,250905_mACPOLR2A_Kinetic_pSer2,C,15,-5.357019064905359,-0.00840526782112974,,0,0.0,-12
8,C16,2163.7754337725005,254.41471954505704,395.1102290827884,1622.3995061728394,HCT116 OsTIRF74G,Vehicle,0,480,pSer2 Pol II (3E10),Goat anti-rat Alexa647,2025,250905_mACPOLR2A_Kinetic_pSer2,C,16,-5.827638704191372,-0.009143679251471045,,0,0.0,-12
9,D03,2155.910886322869,271.4893327999883,405.80622193404116,1561.7441462021702,HCT116 OsTIRF74G,Vehicle,0,480,Total Pol II (F12),Goat anti-mouse Alexa647,1751,250905_mACPOLR2A_Kinetic_pSer2,D,03,11.246974550739878,0.01764672332336923,,0,0.0,-12
10,D04,1751.5326855593253,945.7652556201078,316.2842977136059,1892.4781136008337,HCT116 OsTIRF74G mAC-POLR2A Clone 5,Vehicle,0,60,Total Pol II (F12),Goat anti-mouse Alexa647,3838,250905_mACPOLR2A_Kinetic_pSer2,D,04,685.5228973708595,1.0755988507986962,,0,0.0,-12
11,D05,1711.5500413485618,954.0250072058177,313.3313370092708,1924.3519629225736,HCT116 OsTIRF74G mAC-POLR2A Clone 5,Vehicle,0,120,Total Pol II (F12),Goat anti-mouse Alexa647,3668,250905_mACPOLR2A_Kinetic_pSer2,D,05,693.7826489565693,1.0885585627901486,,0,0.0,-12
12,D06,1819.6547659863543,947.0677623609596,316.36510871037353,1918.4043377226956,HCT116 OsTIRF74G mAC-POLR2A Clone 5,Vehicle,0,240,Total Pol II (F12),Goat anti-mouse Alexa647,3873,250905_mACPOLR2A_Kinetic_pSer2,D,06,686.8254041117111,1.0776425093825168,,0,0.0,-12
13,D07,1365.4373861278698,654.6884288542891,313.60627102485466,1947.665731125456,HCT116 OsTIRF74G mAC-POLR2A Clone 5,Vehicle,10,480,Total Pol II (F12),Goat anti-mouse Alexa647,3563,250905_mACPOLR2A_Kinetic_pSer2,D,07,394.4460706050407,0.618893609348428,,0,0.0,-8
14,D08,1738.7069068077337,878.2847181769259,315.48391014528715,1931.66395821242,HCT116 OsTIRF74G mAC-POLR2A Clone 5,Vehicle,0,60,Total Pol II (F12),Goat anti-mouse Alexa647,3446,250905_mACPOLR2A_Kinetic_pSer2,D,08,618.0423599276776,0.9697205660564451,,0,0.0,-12
15,D09,1706.8166458320363,912.1070714791866,307.6671284693622,1926.3664143537987,HCT116 OsTIRF74G mAC-POLR2A Clone 5,Vehicle,0,120,Total Pol II (F12),Goat anti-mouse Alexa647,3567,250905_mACPOLR2A_Kinetic_pSer2,D,09,651.8647132299382,1.0227885007421311,,0,0.0,-12
16,D10,1784.7868723318281,885.0246513711513,317.333457927131,1969.4789966757328,HCT116 OsTIRF74G mAC-POLR2A Clone 5,Vehicle,0,240,Total Pol II (F12),Goat anti-mouse Alexa647,3309,250905_mACPOLR2A_Kinetic_pSer2,D,10,624.782293121903,0.9802956532285472,,0,0.0,-12
17,D11,1367.6753257209475,640.7361176110888,313.5791765104266,1834.847046773643,HCT116 OsTIRF74G mAC-POLR2A Clone 5,Vehicle,10,480,Total Pol II (F12),Goat anti-mouse Alexa647,2929,250905_mACPOLR2A_Kinetic_pSer2,D,11,380.49375936184043,0.5970021597750765,,0,0.0,-8
18,D12,2295.7352831338662,263.8334551355617,421.10088442621304,1525.521597392013,HCT116 OsTIRF74G,Vehicle,0,480,Total Pol II (F12),Goat anti-mouse Alexa647,1227,250905_mACPOLR2A_Kinetic_pSer2,D,12,3.5910968863132666,0.005634501340275024,,0,0.0,-12
19,D13,2067.819038574722,255.37422020059287,374.2811420834219,1621.884771573604,HCT116 OsTIRF74G,Vehicle,0,480,pSer2 Pol II (3E10),Goat anti-rat Alexa647,1970,250905_mACPOLR2A_Kinetic_pSer2,D,13,-4.868138048655538,-0.007638203932713577,,0,0.0,-12
20,D14,1450.88613111987,877.9089511055573,291.44960889724666,1952.9344262295083,HCT116 OsTIRF74G mAC-POLR2A Clone 5,Vehicle,0,60,pSer2 Pol II (3E10),Goat anti-rat Alexa647,3416,250905_mACPOLR2A_Kinetic_pSer2,D,14,617.6665928563089,0.9691309801626956,,0,0.0,-12
21,D15,1620.6017277813821,880.8716726832007,320.22184422384885,1923.5027027027027,HCT116 OsTIRF74G mAC-POLR2A Clone 5,Vehicle,0,120,pSer2 Pol II (3E10),Goat anti-rat Alexa647,3700,250905_mACPOLR2A_Kinetic_pSer2,D,15,620.6293144339522,0.973779548337984,,0,0.0,-12
22,D16,1647.0771540084068,853.2474395686636,334.4977303171649,1908.443113772455,HCT116 OsTIRF74G mAC-POLR2A Clone 5,Vehicle,0,240,pSer2 Pol II (3E10),Goat anti-rat Alexa647,3340,250905_mACPOLR2A_Kinetic_pSer2,D,16,593.0050813194152,0.9304365856066937,,0,0.0,-12
23,D17,1544.1015995256466,869.5557048414837,315.36344944561586,1944.182956627978,HCT116 OsTIRF74G mAC-POLR2A Clone 5,Vehicle,0,480,pSer2 Pol II (3E10),Goat anti-rat Alexa647,3274,250905_mACPOLR2A_Kinetic_pSer2,D,17,609.3133465922353,0.9560245731899533,,0,0.0,-12
24,D18,1708.1631439865018,868.7795985530018,347.01973675424335,1893.4752840036845,HCT116 OsTIRF74G mAC-POLR2A Clone 5,Vehicle,0,60,pSer2 Pol II (3E10),Goat anti-rat Alexa647,3257,250905_mACPOLR2A_Kinetic_pSer2,D,18,608.5372403037534,0.9548068472245764,,0,0.0,-12
25,D19,1633.020485669859,877.4649174256006,303.17638297847475,1945.2791270679338,HCT116 OsTIRF74G mAC-POLR2A Clone 5,Vehicle,0,120,pSer2 Pol II (3E10),Goat anti-rat Alexa647,2841,250905_mACPOLR2A_Kinetic_pSer2,D,19,617.2225591763522,0.9684342826231838,,0,0.0,-12
26,D20,1759.4231165656654,868.9932531377451,351.24669058419244,1955.9199512393336,HCT116 OsTIRF74G mAC-POLR2A Clone 5,Vehicle,0,240,pSer2 Pol II (3E10),Goat anti-rat Alexa647,2461,250905_mACPOLR2A_Kinetic_pSer2,D,20,608.7508948884968,0.9551420754521078,,0,0.0,-12
27,D21,1645.742313870537,870.298879382914,338.29316547212085,1993.4733475479745,HCT116 OsTIRF74G mAC-POLR2A Clone 5,Vehicle,0,480,pSer2 Pol II (3E10),Goat anti-rat Alexa647,2814,250905_mACPOLR2A_Kinetic_pSer2,D,21,610.0565211336657,0.9571906285992926,,0,0.0,-12
28,D22,2404.992971904621,252.4986553370627,410.83393579600965,1582.715179968701,HCT116 OsTIRF74G,Vehicle,0,480,pSer2 Pol II (3E10),Goat anti-rat Alexa647,1278,250905_mACPOLR2A_Kinetic_pSer2,D,22,-7.743702912185711,-0.012150021516739384,,0,0.0,-12
29,E03,1910.0314494869099,268.71455760678157,367.1328794653151,1573.1090094574415,HCT116 OsTIRF74G,Vehicle,0,480,Total Pol II (F12),Goat anti-mouse Alexa647,2009,250905_mACPOLR2A_Kinetic_pSer2,E,03,8.472199357533157,0.013293046705878686,,0,0.0,-12
30,E04,1340.0159962245766,797.1879915063496,287.9298021345777,1915.8285870755751,HCT116 OsTIRF74G mAC-POLR2A Clone 5,5PhIAA,10,60,Total Pol II (F12),Goat anti-mouse Alexa647,3652,250905_mACPOLR2A_Kinetic_pSer2,E,04,536.9456332571012,0.8424782137660316,,60,1.0,-8
31,E05,1374.6951114220767,732.7593720049415,317.14831754961205,1835.3828182039426,HCT116 OsTIRF74G mAC-POLR2A Clone 5,5PhIAA,10,120,Total Pol II (F12),Goat anti-mouse Alexa647,4109,250905_mACPOLR2A_Kinetic_pSer2,E,05,472.5170137556931,0.7413884480411517,,120,2.0,-8
32,E06,1379.345871908386,677.6590660141177,337.5768078650541,2036.4329019073568,HCT116 OsTIRF74G mAC-POLR2A Clone 5,5PhIAA,10,240,Total Pol II (F12),Goat anti-mouse Alexa647,2936,250905_mACPOLR2A_Kinetic_pSer2,E,06,417.4167077648693,0.6549349888938572,,240,4.0,-8
33,E07,1741.5357181722406,933.6464795933653,316.9651504521654,1869.9359203472045,HCT116 OsTIRF74G mAC-POLR2A Clone 5,5PhIAA,0,480,Total Pol II (F12),Goat anti-mouse Alexa647,3917,250905_mACPOLR2A_Kinetic_pSer2,E,07,673.4041213441169,1.0565842538866994,,0,0.0,-12
34,E08,1414.391575306382,778.8715721204479,311.86673627273154,1860.7681198181333,HCT116 OsTIRF74G mAC-POLR2A Clone 5,5PhIAA,10,60,Total Pol II (F12),Goat anti-mouse Alexa647,3739,250905_mACPOLR2A_Kinetic_pSer2,E,08,518.6292138711995,0.8137393930529945,,60,1.0,-8
35,E09,1282.3713748342398,706.067340797212,306.64178416860995,1880.5657561962569,HCT116 OsTIRF74G mAC-POLR2A Clone 5,5PhIAA,10,120,Total Pol II (F12),Goat anti-mouse Alexa647,3954,250905_mACPOLR2A_Kinetic_pSer2,E,09,445.82498254796354,0.6995081283572636,,120,2.0,-8
36,E10,1300.2059024048674,653.754430509106,313.7485965740762,1891.9290838852098,HCT116 OsTIRF74G mAC-POLR2A Clone 5,5PhIAA,10,240,Total Pol II (F12),Goat anti-mouse Alexa647,3624,250905_mACPOLR2A_Kinetic_pSer2,E,10,393.5120722598576,0.6174281476540342,,240,4.0,-8
37,E11,1669.0351171746477,909.7480505135586,314.6941715122989,1909.1819727891157,HCT116 OsTIRF74G mAC-POLR2A Clone 5,5PhIAA,0,480,Total Pol II (F12),Goat anti-mouse Alexa647,2940,250905_mACPOLR2A_Kinetic_pSer2,E,11,649.5056922643103,1.0190871506495656,,0,0.0,-12
38,E12,1912.639700177735,254.49412961290054,377.9424239276591,1544.792611795204,HCT116 OsTIRF74G,Vehicle,0,480,Total Pol II (F12),Goat anti-mouse Alexa647,1543,250905_mACPOLR2A_Kinetic_pSer2,E,12,-5.748228636347875,-0.009019083299910724,,0,0.0,-12
39,E13,2117.274499881182,255.52171089537617,382.03116194944073,1488.378787878788,HCT116 OsTIRF74G,Vehicle,0,480,pSer2 Pol II (3E10),Goat anti-rat Alexa647,1716,250905_mACPOLR2A_Kinetic_pSer2,E,13,-4.720647353872238,-0.0074067881442390505,,0,0.0,-12
40,E14,1402.9010988359978,748.4186068782467,280.13460029725366,1912.431948051948,HCT116 OsTIRF74G mAC-POLR2A Clone 5,5PhIAA,10,60,pSer2 Pol II (3E10),Goat anti-rat Alexa647,3850,250905_mACPOLR2A_Kinetic_pSer2,E,14,488.1762486289983,0.7659580942173932,,60,1.0,-8
41,E15,1493.274386817592,666.8739381725246,298.19960642738323,1894.015606242497,HCT116 OsTIRF74G mAC-POLR2A Clone 5,5PhIAA,10,120,pSer2 Pol II (3E10),Goat anti-rat Alexa647,4165,250905_mACPOLR2A_Kinetic_pSer2,E,15,406.6315799232762,0.6380129121016376,,120,2.0,-8
42,E16,1491.2889896357453,628.6055578075274,299.7947388794605,1885.004227804029,HCT116 OsTIRF74G mAC-POLR2A Clone 5,5PhIAA,10,240,pSer2 Pol II (3E10),Goat anti-rat Alexa647,4021,250905_mACPOLR2A_Kinetic_pSer2,E,16,368.36319955827895,0.5779690738864851,,240,4.0,-8
43,E17,1431.4512211191854,622.5573128755115,303.48089575168734,2003.6441048034935,HCT116 OsTIRF74G mAC-POLR2A Clone 5,5PhIAA,10,480,pSer2 Pol II (3E10),Goat anti-rat Alexa647,3664,250905_mACPOLR2A_Kinetic_pSer2,E,17,362.31495462626305,0.568479259143352,,480,8.0,-8
44,E18,1647.8477756568982,736.6377248222251,326.76309576909125,1815.18937287612,HCT116 OsTIRF74G mAC-POLR2A Clone 5,5PhIAA,10,60,pSer2 Pol II (3E10),Goat anti-rat Alexa647,3237,250905_mACPOLR2A_Kinetic_pSer2,E,18,476.3953665729767,0.747473659562548,,60,1.0,-8
45,E19,1482.258923561388,706.0213990080869,301.82309580267463,1905.0553167096589,HCT116 OsTIRF74G mAC-POLR2A Clone 5,5PhIAA,10,120,pSer2 Pol II (3E10),Goat anti-rat Alexa647,3489,250905_mACPOLR2A_Kinetic_pSer2,E,19,445.77904075883845,0.6994360447904329,,120,2.0,-8
46,E20,1581.8074761195862,638.9877248296744,321.2652636453007,1926.8968328629664,HCT116 OsTIRF74G mAC-POLR2A Clone 5,5PhIAA,10,240,pSer2 Pol II (3E10),Goat anti-rat Alexa647,3189,250905_mACPOLR2A_Kinetic_pSer2,E,20,378.74536658042604,0.5942588972616777,,240,4.0,-8
47,E21,1472.1559597030925,608.786468521674,318.5974529414873,2049.225262488069,HCT116 OsTIRF74G mAC-POLR2A Clone 5,5PhIAA,10,480,pSer2 Pol II (3E10),Goat anti-rat Alexa647,3143,250905_mACPOLR2A_Kinetic_pSer2,E,21,348.5441102724256,0.5468725346731375,,480,8.0,-8
48,E22,2290.0658338113267,251.0438204571797,366.2534317149947,1524.6006006006005,HCT116 OsTIRF74G,Vehicle,0,480,pSer2 Pol II (3E10),Goat anti-rat Alexa647,1332,250905_mACPOLR2A_Kinetic_pSer2,E,22,-9.19853779206872,-0.014432685933793096,,0,0.0,-12
49,F03,1786.1962154510331,270.63788806145493,362.93804010854217,1526.002621231979,HCT116 OsTIRF74G,Vehicle,0,480,Total Pol II (F12),Goat anti-mouse Alexa647,1526,250905_mACPOLR2A_Kinetic_pSer2,F,03,10.395529812206519,0.016310789854483747,,0,0.0,-12
50,F04,1012.3654011222718,651.6589263837187,283.32872927454537,1928.7079697498546,HCT116 OsTIRF74G mAC-POLR2A Clone 5,5PhIAA,100,60,Total Pol II (F12),Goat anti-mouse Alexa647,3438,250905_mACPOLR2A_Kinetic_pSer2,F,04,391.4165681344703,0.6141402606443445,,60,1.0,-7
51,F05,936.8434316955991,538.3549960475532,322.2655782288383,1912.0101314348303,HCT116 OsTIRF74G mAC-POLR2A Clone 5,5PhIAA,100,120,Total Pol II (F12),Goat anti-mouse Alexa647,3652,250905_mACPOLR2A_Kinetic_pSer2,F,05,278.1126377983048,0.4363641750781971,,120,2.0,-7
52,F06,879.1923044505437,471.08210740656455,309.057387081976,1845.030547004499,HCT116 OsTIRF74G mAC-POLR2A Clone 5,5PhIAA,100,240,Total Pol II (F12),Goat anti-mouse Alexa647,4223,250905_mACPOLR2A_Kinetic_pSer2,F,06,210.83974915731613,0.33081169537304306,,240,4.0,-7
53,F07,940.7330757058058,479.6163765730891,304.8877934927633,1878.2063119457487,HCT116 OsTIRF74G mAC-POLR2A Clone 5,5PhIAA,100,480,Total Pol II (F12),Goat anti-mouse Alexa647,3834,250905_mACPOLR2A_Kinetic_pSer2,F,07,219.3740183238407,0.34420213082476303,,480,8.0,-7
54,F08,1097.4686948474332,645.8664599664138,299.38526933064793,1842.350395532806,HCT116 OsTIRF74G mAC-POLR2A Clone 5,5PhIAA,100,60,Total Pol II (F12),Goat anti-mouse Alexa647,4298,250905_mACPOLR2A_Kinetic_pSer2,F,08,385.6241017171654,0.6050517673997889,,60,1.0,-7
55,F09,924.3764969012393,534.9131738137758,295.28407696078114,1829.9917159763313,HCT116 OsTIRF74G mAC-POLR2A Clone 5,5PhIAA,100,120,Total Pol II (F12),Goat anti-mouse Alexa647,4225,250905_mACPOLR2A_Kinetic_pSer2,F,09,274.67081556452735,0.4309638885910462,,120,2.0,-7
56,F10,825.7859065109466,456.88441693736706,288.29934118658883,1887.0882213812677,HCT116 OsTIRF74G mAC-POLR2A Clone 5,5PhIAA,100,240,Total Pol II (F12),Goat anti-mouse Alexa647,4228,250905_mACPOLR2A_Kinetic_pSer2,F,10,196.64205868811865,0.3085352409887587,,240,4.0,-7
57,F11,954.2929096118578,468.478400127511,299.47189740332317,1866.800131061599,HCT116 OsTIRF74G mAC-POLR2A Clone 5,5PhIAA,100,480,Total Pol II (F12),Goat anti-mouse Alexa647,3052,250905_mACPOLR2A_Kinetic_pSer2,F,11,208.2360418782626,0.3267264276629389,,480,8.0,-7
58,F12,1813.031488142542,253.94718515098558,366.29621998721007,1569.9623983739837,HCT116 OsTIRF74G,Vehicle,0,480,Total Pol II (F12),Goat anti-mouse Alexa647,1968,250905_mACPOLR2A_Kinetic_pSer2,F,12,-6.295173098262836,-0.009877249871651337,,0,0.0,-12
59,F13,2022.4287559184895,252.61815881347482,352.78670957119556,1541.4902056807052,HCT116 OsTIRF74G,Vehicle,0,480,pSer2 Pol II (3E10),Goat anti-rat Alexa647,2042,250905_mACPOLR2A_Kinetic_pSer2,F,13,-7.6241994357735905,-0.011962518221972284,,0,0.0,-12
60,F14,1317.760267872654,618.1453677578244,275.98799940113895,1804.1156220322887,HCT116 OsTIRF74G mAC-POLR2A Clone 5,5PhIAA,100,60,pSer2 Pol II (3E10),Goat anti-rat Alexa647,4212,250905_mACPOLR2A_Kinetic_pSer2,F,14,357.90300950857596,0.5615568308531064,,60,1.0,-7
61,F15,1379.2858126225822,507.70573307326663,304.5746084281146,1914.2881493506493,HCT116 OsTIRF74G mAC-POLR2A Clone 5,5PhIAA,100,120,pSer2 Pol II (3E10),Goat anti-rat Alexa647,3696,250905_mACPOLR2A_Kinetic_pSer2,F,15,247.46337482401822,0.3882748812567899,,120,2.0,-7
62,F16,1294.4961636868657,440.38792774170395,300.92811765744324,1824.113786112519,HCT116 OsTIRF74G mAC-POLR2A Clone 5,5PhIAA,100,240,pSer2 Pol II (3E10),Goat anti-rat Alexa647,3946,250905_mACPOLR2A_Kinetic_pSer2,F,16,180.14556949245554,0.2826519263845066,,240,4.0,-7
63,F17,1328.6510295893254,450.5864833036194,317.5174060824354,1855.1326842837275,HCT116 OsTIRF74G mAC-POLR2A Clone 5,5PhIAA,100,480,pSer2 Pol II (3E10),Goat anti-rat Alexa647,3595,250905_mACPOLR2A_Kinetic_pSer2,F,17,190.34412505437098,0.2986536597828711,,480,8.0,-7
64,F18,1512.127198457986,603.1882045631479,310.2960207613173,1853.0035733919735,HCT116 OsTIRF74G mAC-POLR2A Clone 5,5PhIAA,100,60,pSer2 Pol II (3E10),Goat anti-rat Alexa647,3638,250905_mACPOLR2A_Kinetic_pSer2,F,18,342.9458463138995,0.5380887488895375,,60,1.0,-7
65,F19,1418.2873185653475,500.33716897474784,322.65622621949234,1886.83927940657,HCT116 OsTIRF74G mAC-POLR2A Clone 5,5PhIAA,100,120,pSer2 Pol II (3E10),Goat anti-rat Alexa647,2831,250905_mACPOLR2A_Kinetic_pSer2,F,19,240.09481072549943,0.3767134598851625,,120,2.0,-7
66,F20,1383.288665163366,435.47082061360373,309.29261884261007,1964.867864693446,HCT116 OsTIRF74G mAC-POLR2A Clone 5,5PhIAA,100,240,pSer2 Pol II (3E10),Goat anti-rat Alexa647,2838,250905_mACPOLR2A_Kinetic_pSer2,F,20,175.22846236435532,0.2749368890071665,,240,4.0,-7
67,F21,1260.8212494727056,438.07957425525314,299.50933947710456,1923.260305563563,HCT116 OsTIRF74G mAC-POLR2A Clone 5,5PhIAA,100,480,pSer2 Pol II (3E10),Goat anti-rat Alexa647,3469,250905_mACPOLR2A_Kinetic_pSer2,F,21,177.83721600600472,0.27903007455900813,,480,8.0,-7
68,F22,2358.864338398841,251.4460027606533,365.10266901070764,1518.9356395816574,HCT116 OsTIRF74G,Vehicle,0,480,pSer2 Pol II (3E10),Goat anti-rat Alexa647,1243,250905_mACPOLR2A_Kinetic_pSer2,F,22,-8.796355488595111,-0.013801654023572653,,0,0.0,-12
69,G03,1856.3118663925043,268.0106487000382,365.64760361773585,1612.179398148148,HCT116 OsTIRF74G,Vehicle,0,480,Total Pol II (F12),Goat anti-mouse Alexa647,1728,250905_mACPOLR2A_Kinetic_pSer2,G,03,7.768290450789777,0.012188599846315144,,0,0.0,-12
70,G04,993.8167001415899,610.2629461200148,313.0108683464078,1864.8710648781823,HCT116 OsTIRF74G mAC-POLR2A Clone 5,5PhIAA,1000,60,Total Pol II (F12),Goat anti-mouse Alexa647,3653,250905_mACPOLR2A_Kinetic_pSer2,G,04,350.0205878707664,0.549189156939288,,60,1.0,-6
71,G05,780.3951238082163,488.59164722429955,296.8909049173863,1827.7244740892766,HCT116 OsTIRF74G mAC-POLR2A Clone 5,5PhIAA,1000,120,Total Pol II (F12),Goat anti-mouse Alexa647,3898,250905_mACPOLR2A_Kinetic_pSer2,G,05,228.34928897505114,0.3582845062422345,,120,2.0,-6
72,G06,712.4070382613986,411.9561461924932,310.61433516676516,1899.3618506073922,HCT116 OsTIRF74G mAC-POLR2A Clone 5,5PhIAA,1000,240,Total Pol II (F12),Goat anti-mouse Alexa647,3869,250905_mACPOLR2A_Kinetic_pSer2,G,06,151.71378794324477,0.23804190434472253,,240,4.0,-6
73,G07,791.710477870995,411.92380882961015,298.02000021333834,1877.8056470588235,HCT116 OsTIRF74G mAC-POLR2A Clone 5,5PhIAA,1000,480,Total Pol II (F12),Goat anti-mouse Alexa647,4250,250905_mACPOLR2A_Kinetic_pSer2,G,07,151.68145058036174,0.23799116638908568,,480,8.0,-6
74,G08,970.8500318749223,605.9344069569778,305.1392131397619,1898.4634020618557,HCT116 OsTIRF74G mAC-POLR2A Clone 5,5PhIAA,1000,60,Total Pol II (F12),Goat anti-mouse Alexa647,3880,250905_mACPOLR2A_Kinetic_pSer2,G,08,345.6920487077294,0.5423975942252551,,60,1.0,-6
75,G09,755.9333498686307,475.2981227834076,294.7988773076378,1874.4913414318946,HCT116 OsTIRF74G mAC-POLR2A Clone 5,5PhIAA,1000,120,Total Pol II (F12),Goat anti-mouse Alexa647,3869,250905_mACPOLR2A_Kinetic_pSer2,G,09,215.0557645341592,0.33742670606294684,,120,2.0,-6
76,G10,693.0790515053058,405.9979188548449,295.20546751489815,1834.7500642838777,HCT116 OsTIRF74G mAC-POLR2A Clone 5,5PhIAA,1000,240,Total Pol II (F12),Goat anti-mouse Alexa647,3889,250905_mACPOLR2A_Kinetic_pSer2,G,10,145.7555606055965,0.22869332896999678,,240,4.0,-6
77,G11,773.0876383440998,399.42227420209593,298.0647661429687,1822.9774748073503,HCT116 OsTIRF74G mAC-POLR2A Clone 5,5PhIAA,1000,480,Total Pol II (F12),Goat anti-mouse Alexa647,3374,250905_mACPOLR2A_Kinetic_pSer2,G,11,139.17991595284752,0.21837601373678858,,480,8.0,-6
78,G12,1657.9812749438147,252.68991522010433,347.96998517265865,1605.6201482773658,HCT116 OsTIRF74G,Vehicle,0,480,Total Pol II (F12),Goat anti-mouse Alexa647,2293,250905_mACPOLR2A_Kinetic_pSer2,G,12,-7.5524430291440865,-0.01184993101474092,,0,0.0,-12
79,G13,1952.40100195008,252.69886553482237,336.4963773961,1557.8779097387173,HCT116 OsTIRF74G,Vehicle,0,480,pSer2 Pol II (3E10),Goat anti-rat Alexa647,2105,250905_mACPOLR2A_Kinetic_pSer2,G,13,-7.543492714426037,-0.011835887795671298,,0,0.0,-12
80,G14,1364.7799740693197,592.4806281634095,273.1976015272777,1823.1991396761134,HCT116 OsTIRF74G mAC-POLR2A Clone 5,5PhIAA,1000,60,pSer2 Pol II (3E10),Goat anti-rat Alexa647,3952,250905_mACPOLR2A_Kinetic_pSer2,G,14,332.2382699141611,0.5212883518283037,,60,1.0,-6
81,G15,1302.5566480928583,461.150565436036,296.7053082286382,1902.75,HCT116 OsTIRF74G mAC-POLR2A Clone 5,5PhIAA,1000,120,pSer2 Pol II (3E10),Goat anti-rat Alexa647,3580,250905_mACPOLR2A_Kinetic_pSer2,G,15,200.9082071867876,0.3152289115285809,,120,2.0,-6
82,G16,1141.7147753704528,384.7029073114199,286.6122986678788,1909.8669432918396,HCT116 OsTIRF74G mAC-POLR2A Clone 5,5PhIAA,1000,240,pSer2 Pol II (3E10),Goat anti-rat Alexa647,3615,250905_mACPOLR2A_Kinetic_pSer2,G,16,124.46054906217148,0.19528103883104078,,240,4.0,-6
83,G17,1199.7767180472977,392.55521812045765,294.50710619085095,1918.5657614483493,HCT116 OsTIRF74G mAC-POLR2A Clone 5,5PhIAA,1000,480,pSer2 Pol II (3E10),Goat anti-rat Alexa647,3756,250905_mACPOLR2A_Kinetic_pSer2,G,17,132.31285987120924,0.20760146826484574,,480,8.0,-6
84,G18,1438.4446226730477,574.9599571257813,302.9953176708237,1858.554919908467,HCT116 OsTIRF74G mAC-POLR2A Clone 5,5PhIAA,1000,60,pSer2 Pol II (3E10),Goat anti-rat Alexa647,3496,250905_mACPOLR2A_Kinetic_pSer2,G,18,314.7175988765329,0.49379807585711344,,60,1.0,-6
85,G19,1268.7056270589121,461.70239949505856,290.17506350154656,1825.403069466882,HCT116 OsTIRF74G mAC-POLR2A Clone 5,5PhIAA,1000,120,pSer2 Pol II (3E10),Goat anti-rat Alexa647,3714,250905_mACPOLR2A_Kinetic_pSer2,G,19,201.46004124581015,0.31609474997393794,,120,2.0,-6
86,G20,1188.664831301844,383.2608977188653,295.8601838196157,1837.4556464811783,HCT116 OsTIRF74G mAC-POLR2A Clone 5,5PhIAA,1000,240,pSer2 Pol II (3E10),Goat anti-rat Alexa647,3055,250905_mACPOLR2A_Kinetic_pSer2,G,20,123.01853946961688,0.19301849754096723,,240,4.0,-6
87,G21,1155.4843899529294,389.68057485261664,282.26689984842625,2030.6926229508197,HCT116 OsTIRF74G mAC-POLR2A Clone 5,5PhIAA,1000,480,pSer2 Pol II (3E10),Goat anti-rat Alexa647,3416,250905_mACPOLR2A_Kinetic_pSer2,G,21,129.43821660336823,0.20309109668250416,,480,8.0,-6
88,G22,2103.1560153087275,250.13934604468076,333.1652199292846,1562.0461997019374,HCT116 OsTIRF74G,Vehicle,0,480,pSer2 Pol II (3E10),Goat anti-rat Alexa647,1342,250905_mACPOLR2A_Kinetic_pSer2,G,22,-10.103012204567648,-0.015851823999628367,,0,0.0,-12
89,H03,1560.9833963288459,267.9180499224067,331.6231449269366,1591.1636582430806,HCT116 OsTIRF74G,5PhIAA,10000,480,Total Pol II (F12),Goat anti-mouse Alexa647,1662,250905_mACPOLR2A_Kinetic_pSer2,H,03,7.675691673158269,0.012043310550818524,,480,8.0,-5
90,H04,878.2662180871795,602.8680854877049,281.9068278364633,1891.5763222800767,HCT116 OsTIRF74G mAC-POLR2A Clone 5,5PhIAA,10000,60,Total Pol II (F12),Goat anti-mouse Alexa647,3649,250905_mACPOLR2A_Kinetic_pSer2,H,04,342.6257272384565,0.5375864757911687,,60,1.0,-5
91,H05,744.4196902326098,492.2334866892447,296.6831476382566,1844.5213756866492,HCT116 OsTIRF74G mAC-POLR2A Clone 5,5PhIAA,10000,120,Total Pol II (F12),Goat anti-mouse Alexa647,4187,250905_mACPOLR2A_Kinetic_pSer2,H,05,231.99112843999632,0.3639986236820919,,120,2.0,-5
92,H06,682.3649280229331,411.8751038944129,312.83689639297285,1893.8672517827756,HCT116 OsTIRF74G mAC-POLR2A Clone 5,5PhIAA,10000,240,Total Pol II (F12),Goat anti-mouse Alexa647,3646,250905_mACPOLR2A_Kinetic_pSer2,H,06,151.6327456451645,0.2379147473919562,,240,4.0,-5
93,H07,738.4331147036386,409.4251857888074,290.80137718926903,1873.8657004830918,HCT116 OsTIRF74G mAC-POLR2A Clone 5,5PhIAA,10000,480,Total Pol II (F12),Goat anti-mouse Alexa647,4140,250905_mACPOLR2A_Kinetic_pSer2,H,07,149.182827539559,0.2340707779066968,,480,8.0,-5
94,H08,936.1138546531141,614.042503041373,295.8124596638889,1859.006508600651,HCT116 OsTIRF74G mAC-POLR2A Clone 5,5PhIAA,10000,60,Total Pol II (F12),Goat anti-mouse Alexa647,4302,250905_mACPOLR2A_Kinetic_pSer2,H,08,353.8001447921246,0.5551193557652244,,60,1.0,-5
95,H09,747.0188165776683,477.33919656917556,304.1408396573185,1866.8135376756065,HCT116 OsTIRF74G mAC-POLR2A Clone 5,5PhIAA,10000,120,Total Pol II (F12),Goat anti-mouse Alexa647,3915,250905_mACPOLR2A_Kinetic_pSer2,H,09,217.09683831992714,0.34062919080384624,,120,2.0,-5
96,H10,673.6744458750112,406.1321809150907,294.6820161736711,1815.7797921198937,HCT116 OsTIRF74G mAC-POLR2A Clone 5,5PhIAA,10000,240,Total Pol II (F12),Goat anti-mouse Alexa647,4137,250905_mACPOLR2A_Kinetic_pSer2,H,10,145.8898226658423,0.22890398877182122,,240,4.0,-5
97,H11,722.730324396474,396.62463180523645,295.8126500769091,1823.0507731958762,HCT116 OsTIRF74G mAC-POLR2A Clone 5,5PhIAA,10000,480,Total Pol II (F12),Goat anti-mouse Alexa647,3880,250905_mACPOLR2A_Kinetic_pSer2,H,11,136.38227355598804,0.21398645802895078,,480,8.0,-5
98,H12,1569.5022299973486,254.03667792947715,337.2896062970034,1581.6802557953638,HCT116 OsTIRF74G,5PhIAA,10000,480,Total Pol II (F12),Goat anti-mouse Alexa647,2502,250905_mACPOLR2A_Kinetic_pSer2,H,12,-6.205680319771261,-0.009736833949631091,,480,8.0,-5
99,H13,2043.2320303706956,253.29867289815056,348.2247614044534,1571.3146666666667,HCT116 OsTIRF74G,5PhIAA,10000,480,pSer2 Pol II (3E10),Goat anti-rat Alexa647,2250,250905_mACPOLR2A_Kinetic_pSer2,H,13,-6.943685351097855,-0.010894778296381488,,480,8.0,-5
100,H14,1385.2088251661037,581.9909567648908,291.88587212672826,1781.7475930262815,HCT116 OsTIRF74G mAC-POLR2A Clone 5,5PhIAA,10000,60,pSer2 Pol II (3E10),Goat anti-rat Alexa647,3843,250905_mACPOLR2A_Kinetic_pSer2,H,14,321.7485985156424,0.50482985198129,,60,1.0,-5
101,H15,1290.1936515212515,454.21947216586653,302.2470154174356,1855.2015247776367,HCT116 OsTIRF74G mAC-POLR2A Clone 5,5PhIAA,10000,120,pSer2 Pol II (3E10),Goat anti-rat Alexa647,3935,250905_mACPOLR2A_Kinetic_pSer2,H,15,193.97711391661812,0.304353890453771,,120,2.0,-5
102,H16,1154.6459042510644,384.6127988246872,301.95935959464805,1852.2371625198518,HCT116 OsTIRF74G mAC-POLR2A Clone 5,5PhIAA,10000,240,pSer2 Pol II (3E10),Goat anti-rat Alexa647,3778,250905_mACPOLR2A_Kinetic_pSer2,H,16,124.3704405754388,0.19513965685073262,,240,4.0,-5
103,H17,1188.7682172980346,385.6433031702281,296.14142264614077,1873.3679012345679,HCT116 OsTIRF74G mAC-POLR2A Clone 5,5PhIAA,10000,480,pSer2 Pol II (3E10),Goat anti-rat Alexa647,3645,250905_mACPOLR2A_Kinetic_pSer2,H,17,125.40094492097967,0.19675653834959697,,480,8.0,-5
104,H18,1390.1127447971376,570.1428112383786,301.42561483137376,1749.9091153535896,HCT116 OsTIRF74G mAC-POLR2A Clone 5,5PhIAA,10000,60,pSer2 Pol II (3E10),Goat anti-rat Alexa647,3719,250905_mACPOLR2A_Kinetic_pSer2,H,18,309.9004529891302,0.48623987962400206,,60,1.0,-5
105,H19,1317.224091290189,454.0205610359301,310.5776960549438,1800.1939174947306,HCT116 OsTIRF74G mAC-POLR2A Clone 5,5PhIAA,10000,120,pSer2 Pol II (3E10),Goat anti-rat Alexa647,3321,250905_mACPOLR2A_Kinetic_pSer2,H,19,193.77820278668167,0.3040417949955576,,120,2.0,-5
106,H20,1153.9418622387905,378.5983943983594,302.1879877468541,1809.9869451697127,HCT116 OsTIRF74G mAC-POLR2A Clone 5,5PhIAA,10000,240,pSer2 Pol II (3E10),Goat anti-rat Alexa647,3447,250905_mACPOLR2A_Kinetic_pSer2,H,20,118.35603614911099,0.185702938523734,,240,4.0,-5
107,H21,1113.645741317307,374.8535699508716,285.9956647251926,1895.6431226765799,HCT116 OsTIRF74G mAC-POLR2A Clone 5,5PhIAA,10000,480,pSer2 Pol II (3E10),Goat anti-rat Alexa647,3766,250905_mACPOLR2A_Kinetic_pSer2,H,21,114.61121170162318,0.17982723562947794,,480,8.0,-5
108,H22,2336.158977549465,251.69939396116462,345.7359809710827,1529.7953394123606,HCT116 OsTIRF74G,5PhIAA,10000,480,pSer2 Pol II (3E10),Goat anti-rat Alexa647,987,250905_mACPOLR2A_Kinetic_pSer2,H,22,-8.542964288083795,-0.013404078267725902,,480,8.0,-5
109,I03,1639.1529119690388,268.9816918131845,337.37348289825417,1570.9710055521284,HCT116 OsTIRF74G,Vehicle,0,480,Total Pol II (F12),Goat anti-mouse Alexa647,1621,250905_mACPOLR2A_Kinetic_pSer2,I,03,8.7393335639361,0.013712185507103273,,0,0.0,-12
110,I04,1360.1138139395814,951.7970641942187,281.2423984772955,1910.9255121042831,HCT116 OsTIRF74G mAC-POLR2A Clone 5,Vehicle,0,60,Total Pol II (F12),Goat anti-mouse Alexa647,3759,250905_mACPOLR2A_Kinetic_pSer2,I,04,691.5547059449702,1.0850628765743975,,0,0.0,-12
111,I05,1509.6334230414445,967.9666361339459,307.3937572257468,1873.0167768174886,HCT116 OsTIRF74G mAC-POLR2A Clone 5,Vehicle,0,120,Total Pol II (F12),Goat anti-mouse Alexa647,3934,250905_mACPOLR2A_Kinetic_pSer2,I,05,707.7242778846976,1.1104332516019566,,0,0.0,-12
112,I06,1520.6623915818666,945.7018967267883,298.09701293019555,1829.4023215608793,HCT116 OsTIRF74G mAC-POLR2A Clone 5,Vehicle,0,240,Total Pol II (F12),Goat anti-mouse Alexa647,4049,250905_mACPOLR2A_Kinetic_pSer2,I,06,685.4595384775398,1.0754994394542994,,0,0.0,-12
113,I07,1480.0222618298287,952.4819296168647,298.67201884651263,1881.0197305101058,HCT116 OsTIRF74G mAC-POLR2A Clone 5,Vehicle,0,480,Total Pol II (F12),Goat anti-mouse Alexa647,4156,250905_mACPOLR2A_Kinetic_pSer2,I,07,692.2395713676162,1.0861374438344773,,0,0.0,-12
114,I08,1457.1021411072043,946.2908956047756,300.331867886256,1796.8959722592692,HCT116 OsTIRF74G mAC-POLR2A Clone 5,Vehicle,0,60,Total Pol II (F12),Goat anti-mouse Alexa647,3749,250905_mACPOLR2A_Kinetic_pSer2,I,08,686.0485373555273,1.0764235902284234,,0,0.0,-12
115,I09,1432.336901123745,955.0164285544475,290.968267913328,1866.092649310873,HCT116 OsTIRF74G mAC-POLR2A Clone 5,Vehicle,0,120,Total Pol II (F12),Goat anti-mouse Alexa647,3918,250905_mACPOLR2A_Kinetic_pSer2,I,09,694.7740703051991,1.0901141223014839,,0,0.0,-12
116,I10,1482.0370913628196,957.6234454335187,296.3094248192463,1818.9705221084187,HCT116 OsTIRF74G mAC-POLR2A Clone 5,Vehicle,0,240,Total Pol II (F12),Goat anti-mouse Alexa647,4003,250905_mACPOLR2A_Kinetic_pSer2,I,10,697.3810871842702,1.0942045828388287,,0,0.0,-12
117,I11,1386.8240175543658,965.1297689845712,286.2181957307497,1860.2001009336361,HCT116 OsTIRF74G mAC-POLR2A Clone 5,Vehicle,0,480,Total Pol II (F12),Goat anti-mouse Alexa647,3963,250905_mACPOLR2A_Kinetic_pSer2,I,11,704.8874107353229,1.105982151489271,,0,0.0,-12
118,I12,1639.3226449866122,255.86431317652594,347.62142582545755,1521.0508140108534,HCT116 OsTIRF74G,Vehicle,0,480,Total Pol II (F12),Goat anti-mouse Alexa647,2027,250905_mACPOLR2A_Kinetic_pSer2,I,12,-4.378045072722472,-0.0068692384558201895,,0,0.0,-12
119,I13,1833.4485527115219,253.5383919425712,328.4883887866226,1632.071794871795,HCT116 OsTIRF74G,Vehicle,0,480,pSer2 Pol II (3E10),Goat anti-rat Alexa647,1950,250905_mACPOLR2A_Kinetic_pSer2,I,13,-6.703966306677216,-0.01051865442118741,,0,0.0,-12
120,I14,1483.3712476556734,922.379165655399,276.16777486723015,1820.5529742149604,HCT116 OsTIRF74G mAC-POLR2A Clone 5,Vehicle,0,60,pSer2 Pol II (3E10),Goat anti-rat Alexa647,3917,250905_mACPOLR2A_Kinetic_pSer2,I,14,662.1368074061506,1.0389056176664588,,0,0.0,-12
121,I15,1494.3941194829267,917.9058419844374,301.4600215343438,1900.9404641775984,HCT116 OsTIRF74G mAC-POLR2A Clone 5,Vehicle,0,120,pSer2 Pol II (3E10),Goat anti-rat Alexa647,3964,250905_mACPOLR2A_Kinetic_pSer2,I,15,657.663483735189,1.0318868852241287,,0,0.0,-12
122,I16,1536.0183571143202,911.4645376998986,301.9128262608394,2003.8706771287416,HCT116 OsTIRF74G mAC-POLR2A Clone 5,Vehicle,0,240,pSer2 Pol II (3E10),Goat anti-rat Alexa647,3441,250905_mACPOLR2A_Kinetic_pSer2,I,16,651.2221794506502,1.0217803526594746,,0,0.0,-12
123,I17,1452.5409365191053,904.9920033922119,293.97642965623953,1800.0351254480286,HCT116 OsTIRF74G mAC-POLR2A Clone 5,Vehicle,0,480,pSer2 Pol II (3E10),Goat anti-rat Alexa647,4185,250905_mACPOLR2A_Kinetic_pSer2,I,17,644.7496451429636,1.0116248195769137,,0,0.0,-12
124,I18,1605.6958174916438,920.4399876258872,308.3123868889488,1845.8913641364136,HCT116 OsTIRF74G mAC-POLR2A Clone 5,Vehicle,0,60,pSer2 Pol II (3E10),Goat anti-rat Alexa647,3636,250905_mACPOLR2A_Kinetic_pSer2,I,18,660.1976293766388,1.035863009362584,,0,0.0,-12
125,I19,1465.6312093681715,922.4027812163287,283.6203146900523,1870.1111662531018,HCT116 OsTIRF74G mAC-POLR2A Clone 5,Vehicle,0,120,pSer2 Pol II (3E10),Goat anti-rat Alexa647,4030,250905_mACPOLR2A_Kinetic_pSer2,I,19,662.1604229670802,1.0389426709440288,,0,0.0,-12
126,I20,1531.1527576349727,902.7616975500889,298.17840298115243,1824.4298938197658,HCT116 OsTIRF74G mAC-POLR2A Clone 5,Vehicle,0,240,pSer2 Pol II (3E10),Goat anti-rat Alexa647,3673,250905_mACPOLR2A_Kinetic_pSer2,I,20,642.5193393008406,1.0081254260337986,,0,0.0,-12
127,I21,1433.688752122199,893.4835474891001,286.0589251168167,1939.8494055482167,HCT116 OsTIRF74G mAC-POLR2A Clone 5,Vehicle,0,480,pSer2 Pol II (3E10),Goat anti-rat Alexa647,3785,250905_mACPOLR2A_Kinetic_pSer2,I,21,633.2411892398518,0.9935678268909963,,0,0.0,-12
128,I22,2060.6436392860955,252.6262116179848,327.01100856661674,1542.6163480553726,HCT116 OsTIRF74G,Vehicle,0,480,pSer2 Pol II (3E10),Goat anti-rat Alexa647,1517,250905_mACPOLR2A_Kinetic_pSer2,I,22,-7.616146631263604,-0.011949883213995354,,0,0.0,-12
129,J03,1561.7808898504527,269.818524030839,331.4875439984655,1591.4544989775052,HCT116 OsTIRF74G,Vehicle,0,480,Total Pol II (F12),Goat anti-mouse Alexa647,1956,250905_mACPOLR2A_Kinetic_pSer2,J,03,9.57616578159059,0.01502519164456793,,0,0.0,-12
130,J04,1131.1909107381553,798.4145109299888,287.9391592776392,1918.967865970887,HCT116 OsTIRF74G mAC-POLR2A Clone 5,5PhIAA,10,60,Total Pol II (F12),Goat anti-mouse Alexa647,3641,250905_mACPOLR2A_Kinetic_pSer2,J,04,538.1721526807403,0.8444026467610607,,60,1.0,-8
131,J05,1089.6045225461237,744.3569857898544,281.33735931081304,1899.134881422925,HCT116 OsTIRF74G mAC-POLR2A Clone 5,5PhIAA,10,120,Total Pol II (F12),Goat anti-mouse Alexa647,4048,250905_mACPOLR2A_Kinetic_pSer2,J,05,484.114627540606,0.7595853311896237,,120,2.0,-8
132,J06,1038.2733295737596,691.2355266850836,281.9197159200415,1881.5050906381923,HCT116 OsTIRF74G mAC-POLR2A Clone 5,5PhIAA,10,240,Total Pol II (F12),Goat anti-mouse Alexa647,4027,250905_mACPOLR2A_Kinetic_pSer2,J,06,430.99316843583523,0.6762367215589656,,240,4.0,-8
133,J07,1064.443544136596,700.5665299257718,283.3108768587521,1849.7646072796936,HCT116 OsTIRF74G mAC-POLR2A Clone 5,5PhIAA,10,480,Total Pol II (F12),Goat anti-mouse Alexa647,4176,250905_mACPOLR2A_Kinetic_pSer2,J,07,440.32417167652335,0.6908772483757577,,480,8.0,-8
134,J08,1088.6399022270955,777.3242313425907,281.9705245932849,1841.2412010829437,HCT116 OsTIRF74G mAC-POLR2A Clone 5,5PhIAA,10,60,Total Pol II (F12),Goat anti-mouse Alexa647,4063,250905_mACPOLR2A_Kinetic_pSer2,J,08,517.0818730933422,0.8113115850704452,,60,1.0,-8
135,J09,1040.4809647348593,706.151359194914,277.9404186024602,1831.0982698961939,HCT116 OsTIRF74G mAC-POLR2A Clone 5,5PhIAA,10,120,Total Pol II (F12),Goat anti-mouse Alexa647,4335,250905_mACPOLR2A_Kinetic_pSer2,J,09,445.9090009456656,0.6996399548686184,,120,2.0,-8
136,J10,1030.8030854438487,683.9820239751009,278.80294515272954,1780.2876590046865,HCT116 OsTIRF74G mAC-POLR2A Clone 5,5PhIAA,10,240,Total Pol II (F12),Goat anti-mouse Alexa647,4481,250905_mACPOLR2A_Kinetic_pSer2,J,10,423.7396657258525,0.664855833759237,,240,4.0,-8
137,J11,1054.4402042471586,685.1796702137773,274.38461787956373,1799.3892468340368,HCT116 OsTIRF74G mAC-POLR2A Clone 5,5PhIAA,10,480,Total Pol II (F12),Goat anti-mouse Alexa647,4501,250905_mACPOLR2A_Kinetic_pSer2,J,11,424.9373119645289,0.6667349641616265,,480,8.0,-8
138,J12,1547.581963430895,255.81421112797506,335.775215527827,1597.5824175824175,HCT116 OsTIRF74G,Vehicle,0,480,Total Pol II (F12),Goat anti-mouse Alexa647,1911,250905_mACPOLR2A_Kinetic_pSer2,J,12,-4.428147121273355,-0.006947849551161673,,0,0.0,-12
139,J13,1795.9516083338217,255.54927552117854,332.0468668274316,1641.3112016293278,HCT116 OsTIRF74G,Vehicle,0,480,pSer2 Pol II (3E10),Goat anti-rat Alexa647,2455,250905_mACPOLR2A_Kinetic_pSer2,J,13,-4.693082728069868,-0.00736353870654786,,0,0.0,-12
140,J14,1509.8144723065343,761.0423143511094,296.43256229800295,1718.7954492686324,HCT116 OsTIRF74G mAC-POLR2A Clone 5,5PhIAA,10,60,pSer2 Pol II (3E10),Goat anti-rat Alexa647,4307,250905_mACPOLR2A_Kinetic_pSer2,J,14,500.799956101861,0.7857649384565938,,60,1.0,-8
141,J15,1419.500528909237,688.380086029872,286.93654781574,1906.0161493817816,HCT116 OsTIRF74G mAC-POLR2A Clone 5,5PhIAA,10,120,pSer2 Pol II (3E10),Goat anti-rat Alexa647,3963,250905_mACPOLR2A_Kinetic_pSer2,J,15,428.1377277806236,0.6717564792518907,,120,2.0,-8
142,J16,1444.5052028435298,645.7704156336785,291.1984346833252,1874.5833546734955,HCT116 OsTIRF74G mAC-POLR2A Clone 5,5PhIAA,10,240,pSer2 Pol II (3E10),Goat anti-rat Alexa647,3905,250905_mACPOLR2A_Kinetic_pSer2,J,16,385.52805738443004,0.604901071960859,,240,4.0,-8
143,J17,1382.4587529857774,655.4907082987045,285.2642490656711,1882.660186199343,HCT116 OsTIRF74G mAC-POLR2A Clone 5,5PhIAA,10,480,pSer2 Pol II (3E10),Goat anti-rat Alexa647,3652,250905_mACPOLR2A_Kinetic_pSer2,J,17,395.24835004945606,0.620152401508022,,480,8.0,-8
144,J18,1532.060256775097,753.9541134867784,295.73499689183797,1869.3529071449234,HCT116 OsTIRF74G mAC-POLR2A Clone 5,5PhIAA,10,60,pSer2 Pol II (3E10),Goat anti-rat Alexa647,3457,250905_mACPOLR2A_Kinetic_pSer2,J,18,493.71175523753,0.7746434124898538,,60,1.0,-8
145,J19,1542.2216733084645,695.7615230001884,293.9092797115717,1863.4369973190348,HCT116 OsTIRF74G mAC-POLR2A Clone 5,5PhIAA,10,120,pSer2 Pol II (3E10),Goat anti-rat Alexa647,2984,250905_mACPOLR2A_Kinetic_pSer2,J,19,435.51916475094,0.6833380984114622,,120,2.0,-8
146,J20,1455.1809650740174,642.4805055182292,289.02647633610314,1868.7376486129458,HCT116 OsTIRF74G mAC-POLR2A Clone 5,5PhIAA,10,240,pSer2 Pol II (3E10),Goat anti-rat Alexa647,3785,250905_mACPOLR2A_Kinetic_pSer2,J,20,382.23814726898075,0.5997391385623105,,240,4.0,-8
147,J21,1400.090075252725,633.79866004346,279.55594291871887,1882.0990539788536,HCT116 OsTIRF74G mAC-POLR2A Clone 5,5PhIAA,10,480,pSer2 Pol II (3E10),Goat anti-rat Alexa647,3594,250905_mACPOLR2A_Kinetic_pSer2,J,21,373.5563017942116,0.5861171529929187,,480,8.0,-8
148,J22,2069.094452184575,253.89547012069772,329.2418248476707,1553.1138079827401,HCT116 OsTIRF74G,Vehicle,0,480,pSer2 Pol II (3E10),Goat anti-rat Alexa647,1854,250905_mACPOLR2A_Kinetic_pSer2,J,22,-6.346888128550688,-0.009958391766925685,,0,0.0,-12
149,K03,1579.4809829119715,271.1839853301065,338.54110299334377,1525.6630360789652,HCT116 OsTIRF74G,Vehicle,0,480,Total Pol II (F12),Goat anti-mouse Alexa647,1469,250905_mACPOLR2A_Kinetic_pSer2,K,03,10.941627080858098,0.017167627163403247,,0,0.0,-12
150,K04,939.5226999545264,659.3649691113004,292.7556256397621,1947.6579391891892,HCT116 OsTIRF74G mAC-POLR2A Clone 5,5PhIAA,100,60,Total Pol II (F12),Goat anti-mouse Alexa647,3552,250905_mACPOLR2A_Kinetic_pSer2,K,04,399.122610862052,0.6262311925939282,,60,1.0,-7
151,K05,762.3013372354651,533.8747414592784,285.3097114117282,1951.8179899762595,HCT116 OsTIRF74G mAC-POLR2A Clone 5,5PhIAA,100,120,Total Pol II (F12),Goat anti-mouse Alexa647,3791,250905_mACPOLR2A_Kinetic_pSer2,K,05,273.63238321003,0.42933456789087227,,120,2.0,-7
152,K06,741.5971803897464,473.0097647547014,293.2752006688322,1893.8932630995287,HCT116 OsTIRF74G mAC-POLR2A Clone 5,5PhIAA,100,240,Total Pol II (F12),Goat anti-mouse Alexa647,3607,250905_mACPOLR2A_Kinetic_pSer2,K,06,212.76740650545298,0.3338362275022273,,240,4.0,-7
153,K07,794.36143519843,482.2348114621934,283.3947193269307,1881.2156242394744,HCT116 OsTIRF74G mAC-POLR2A Clone 5,5PhIAA,100,480,Total Pol II (F12),Goat anti-mouse Alexa647,4109,250905_mACPOLR2A_Kinetic_pSer2,K,07,221.992453212945,0.3483105064434525,,480,8.0,-7
154,K08,902.3278941223551,636.8454168718841,282.9551878751856,1845.363590772317,HCT116 OsTIRF74G mAC-POLR2A Clone 5,5PhIAA,100,60,Total Pol II (F12),Goat anti-mouse Alexa647,3988,250905_mACPOLR2A_Kinetic_pSer2,K,08,376.60305862263573,0.5908975741223725,,60,1.0,-7
155,K09,748.1525559108535,528.4406525610458,278.87433550154776,1851.6615204678362,HCT116 OsTIRF74G mAC-POLR2A Clone 5,5PhIAA,100,120,Total Pol II (F12),Goat anti-mouse Alexa647,4275,250905_mACPOLR2A_Kinetic_pSer2,K,09,268.1982943117974,0.4208083759919678,,120,2.0,-7
156,K10,715.7259956416679,460.4662895652356,311.78640119054563,1840.743309285548,HCT116 OsTIRF74G mAC-POLR2A Clone 5,5PhIAA,100,240,Total Pol II (F12),Goat anti-mouse Alexa647,4297,250905_mACPOLR2A_Kinetic_pSer2,K,10,200.22393131598722,0.3141552692868922,,240,4.0,-7
157,K11,778.3696305474097,473.8784133145439,278.5595035985052,1915.5588958731894,HCT116 OsTIRF74G mAC-POLR2A Clone 5,5PhIAA,100,480,Total Pol II (F12),Goat anti-mouse Alexa647,3659,250905_mACPOLR2A_Kinetic_pSer2,K,11,213.63605506529547,0.335199154103655,,480,8.0,-7
158,K12,1504.037967067317,258.6740097850609,331.0506098221658,1560.0177584846092,HCT116 OsTIRF74G,Vehicle,0,480,Total Pol II (F12),Goat anti-mouse Alexa647,2534,250905_mACPOLR2A_Kinetic_pSer2,K,12,-1.5683484641875225,-0.00246076945380192,,0,0.0,-12
159,K13,1975.0265973380147,256.93868783391446,349.2578300453014,1588.3922018348624,HCT116 OsTIRF74G,Vehicle,0,480,pSer2 Pol II (3E10),Goat anti-rat Alexa647,2180,250905_mACPOLR2A_Kinetic_pSer2,K,13,-3.3036704153339542,-0.0051835235785399215,,0,0.0,-12
160,K14,1385.0513929951637,619.0168782712897,287.1008814627272,1838.3702989392477,HCT116 OsTIRF74G mAC-POLR2A Clone 5,5PhIAA,100,60,pSer2 Pol II (3E10),Goat anti-rat Alexa647,4148,250905_mACPOLR2A_Kinetic_pSer2,K,14,358.77452002204126,0.5629242479158149,,60,1.0,-7
161,K15,1309.0777390314008,511.5013695039845,292.79215708123934,1884.8146023468057,HCT116 OsTIRF74G mAC-POLR2A Clone 5,5PhIAA,100,120,pSer2 Pol II (3E10),Goat anti-rat Alexa647,3835,250905_mACPOLR2A_Kinetic_pSer2,K,15,251.2590112547361,0.39423030914780194,,120,2.0,-7
162,K16,1211.6527822323837,449.67054736758763,286.0808874563327,1946.8577120091065,HCT116 OsTIRF74G mAC-POLR2A Clone 5,5PhIAA,100,240,pSer2 Pol II (3E10),Goat anti-rat Alexa647,3514,250905_mACPOLR2A_Kinetic_pSer2,K,16,189.42818911833922,0.297216538362158,,240,4.0,-7
163,K17,1207.0971811499091,461.4619859819154,283.2357082050297,1888.663377696191,HCT116 OsTIRF74G mAC-POLR2A Clone 5,5PhIAA,100,480,pSer2 Pol II (3E10),Goat anti-rat Alexa647,4358,250905_mACPOLR2A_Kinetic_pSer2,K,17,201.219627732667,0.3157175364637182,,480,8.0,-7
164,K18,1414.759675015054,635.6792736784331,297.0575826729913,1785.865236051502,HCT116 OsTIRF74G mAC-POLR2A Clone 5,5PhIAA,100,60,pSer2 Pol II (3E10),Goat anti-rat Alexa647,3495,250905_mACPOLR2A_Kinetic_pSer2,K,18,375.4369154291847,0.5890678726148763,,60,1.0,-7
165,K19,1266.6893971526763,514.7811501005,286.3838464929243,1877.596875856399,HCT116 OsTIRF74G mAC-POLR2A Clone 5,5PhIAA,100,120,pSer2 Pol II (3E10),Goat anti-rat Alexa647,3649,250905_mACPOLR2A_Kinetic_pSer2,K,19,254.53879185125157,0.39937634913277337,,120,2.0,-7
166,K20,1253.470469681973,456.62593835715256,284.3949758090048,1892.1871165644172,HCT116 OsTIRF74G mAC-POLR2A Clone 5,5PhIAA,100,240,pSer2 Pol II (3E10),Goat anti-rat Alexa647,3586,250905_mACPOLR2A_Kinetic_pSer2,K,20,196.38358010790415,0.30812968303452976,,240,4.0,-7
167,K21,1184.4770564884643,460.3265115158637,275.02749629633934,1911.2658192870958,HCT116 OsTIRF74G mAC-POLR2A Clone 5,5PhIAA,100,480,pSer2 Pol II (3E10),Goat anti-rat Alexa647,3619,250905_mACPOLR2A_Kinetic_pSer2,K,21,200.08415326661526,0.3139359547901074,,480,8.0,-7
168,K22,1951.8596247194025,253.30146537599998,321.2487348634125,1575.4713483146068,HCT116 OsTIRF74G,Vehicle,0,480,pSer2 Pol II (3E10),Goat anti-rat Alexa647,1780,250905_mACPOLR2A_Kinetic_pSer2,K,22,-6.94089287324843,-0.010890396843949714,,0,0.0,-12
169,L03,1590.460097629134,271.91141105253496,344.6815440405623,1549.5596816976126,HCT116 OsTIRF74G,Vehicle,0,480,Total Pol II (F12),Goat anti-mouse Alexa647,1131,250905_mACPOLR2A_Kinetic_pSer2,L,03,11.669052803286547,0.018308972367314318,,0,0.0,-12
170,L04,850.930776461751,604.6617882125873,295.1224505669997,2004.9217974905164,HCT116 OsTIRF74G mAC-POLR2A Clone 5,5PhIAA,1000,60,Total Pol II (F12),Goat anti-mouse Alexa647,3427,250905_mACPOLR2A_Kinetic_pSer2,L,04,344.4194299633389,0.5404008304931887,,60,1.0,-6
171,L05,706.2171648745447,509.40856639647455,286.406824852877,1905.3620981387478,HCT116 OsTIRF74G mAC-POLR2A Clone 5,5PhIAA,1000,120,Total Pol II (F12),Goat anti-mouse Alexa647,4137,250905_mACPOLR2A_Kinetic_pSer2,L,05,249.16620814722614,0.39094666008805673,,120,2.0,-6
172,L06,602.6899302889484,410.4673243283287,284.8050555637028,1941.7605449305738,HCT116 OsTIRF74G mAC-POLR2A Clone 5,5PhIAA,1000,240,Total Pol II (F12),Goat anti-mouse Alexa647,3817,250905_mACPOLR2A_Kinetic_pSer2,L,06,150.22496607908027,0.2357059136837527,,240,4.0,-6
173,L07,673.30485883013,426.25131007956844,271.1120535547774,1873.437222715173,HCT116 OsTIRF74G mAC-POLR2A Clone 5,5PhIAA,1000,480,Total Pol II (F12),Goat anti-mouse Alexa647,4508,250905_mACPOLR2A_Kinetic_pSer2,L,07,166.00895183032003,0.26047129643051165,,480,8.0,-6
174,L08,873.8002824931978,617.5481628038307,283.2952644712629,1919.711077080143,HCT116 OsTIRF74G mAC-POLR2A Clone 5,5PhIAA,1000,60,Total Pol II (F12),Goat anti-mouse Alexa647,3918,250905_mACPOLR2A_Kinetic_pSer2,L,08,357.30580455458227,0.5606198045850262,,60,1.0,-6
175,L09,661.9399379368564,473.14179456022305,279.65007788063417,1956.5371167975677,HCT116 OsTIRF74G mAC-POLR2A Clone 5,5PhIAA,1000,120,Total Pol II (F12),Goat anti-mouse Alexa647,3947,250905_mACPOLR2A_Kinetic_pSer2,L,09,212.89943631097464,0.33404338485267454,,120,2.0,-6
176,L10,627.2971916404312,416.98672202744376,273.98855239868766,1864.5518509438589,HCT116 OsTIRF74G mAC-POLR2A Clone 5,5PhIAA,1000,240,Total Pol II (F12),Goat anti-mouse Alexa647,4079,250905_mACPOLR2A_Kinetic_pSer2,L,10,156.74436377819535,0.24593497634520645,,240,4.0,-6
177,L11,663.4756169483564,422.216455569681,273.5185030241652,1914.12245398773,HCT116 OsTIRF74G mAC-POLR2A Clone 5,5PhIAA,1000,480,Total Pol II (F12),Goat anti-mouse Alexa647,4075,250905_mACPOLR2A_Kinetic_pSer2,L,11,161.97409732043258,0.254140530688595,,480,8.0,-6
178,L12,1586.6633553327745,261.34179057195746,331.01698053476565,1486.4966236955188,HCT116 OsTIRF74G,Vehicle,0,480,Total Pol II (F12),Goat anti-mouse Alexa647,1629,250905_mACPOLR2A_Kinetic_pSer2,L,12,1.099432322709049,0.0017250308448808099,,0,0.0,-12
179,L13,1915.5035038330868,258.8127643518353,331.32110419345634,1560.9462927756654,HCT116 OsTIRF74G,Vehicle,0,480,pSer2 Pol II (3E10),Goat anti-rat Alexa647,2104,250905_mACPOLR2A_Kinetic_pSer2,L,13,-1.429593897413099,-0.0022430608212558336,,0,0.0,-12
180,L14,1342.6653657853003,608.0400815901781,285.86874677677577,1803.9911141490088,HCT116 OsTIRF74G mAC-POLR2A Clone 5,5PhIAA,1000,60,pSer2 Pol II (3E10),Goat anti-rat Alexa647,4389,250905_mACPOLR2A_Kinetic_pSer2,L,14,347.79772334092974,0.545701438960876,,60,1.0,-6
181,L15,1166.4384729603944,472.1338240600535,276.3472337687171,1858.428780487805,HCT116 OsTIRF74G mAC-POLR2A Clone 5,5PhIAA,1000,120,pSer2 Pol II (3E10),Goat anti-rat Alexa647,4100,250905_mACPOLR2A_Kinetic_pSer2,L,15,211.89146581080507,0.3324618593984856,,120,2.0,-6
182,L16,1105.7774182879673,401.08801074001394,284.71860728297474,1854.1107544141253,HCT116 OsTIRF74G mAC-POLR2A Clone 5,5PhIAA,1000,240,pSer2 Pol II (3E10),Goat anti-rat Alexa647,3738,250905_mACPOLR2A_Kinetic_pSer2,L,16,140.84565249076553,0.22098958698545682,,240,4.0,-6
183,L17,1097.4826680786966,404.5941055482518,279.86105456068924,1903.5651723244364,HCT116 OsTIRF74G mAC-POLR2A Clone 5,5PhIAA,1000,480,pSer2 Pol II (3E10),Goat anti-rat Alexa647,3859,250905_mACPOLR2A_Kinetic_pSer2,L,17,144.35174729900336,0.2264907184006074,,480,8.0,-6
184,L18,1377.4610541276706,580.7391422057467,293.44781004604755,1891.9541312272174,HCT116 OsTIRF74G mAC-POLR2A Clone 5,5PhIAA,1000,60,pSer2 Pol II (3E10),Goat anti-rat Alexa647,3292,250905_mACPOLR2A_Kinetic_pSer2,L,18,320.4967839564983,0.5028657304232904,,60,1.0,-6
185,L19,1169.8176050450822,475.67105238103255,278.3031544634702,1867.9411318847904,HCT116 OsTIRF74G mAC-POLR2A Clone 5,5PhIAA,1000,120,pSer2 Pol II (3E10),Goat anti-rat Alexa647,3958,250905_mACPOLR2A_Kinetic_pSer2,L,19,215.42869413178414,0.3380118399048252,,120,2.0,-6
186,L20,1081.0804753487785,397.54821217567,282.5773526568547,1901.7141744548287,HCT116 OsTIRF74G mAC-POLR2A Clone 5,5PhIAA,1000,240,pSer2 Pol II (3E10),Goat anti-rat Alexa647,3852,250905_mACPOLR2A_Kinetic_pSer2,L,20,137.3058539264216,0.21543557371694386,,240,4.0,-6
187,L21,1125.7581635036522,404.46657146916056,277.7501194273958,1910.8835582208897,HCT116 OsTIRF74G mAC-POLR2A Clone 5,5PhIAA,1000,480,pSer2 Pol II (3E10),Goat anti-rat Alexa647,4002,250905_mACPOLR2A_Kinetic_pSer2,L,21,144.22421321991214,0.2262906149329708,,480,8.0,-6
188,L22,1971.2869252285323,254.46968094128957,326.9358748489201,1592.1636274026614,HCT116 OsTIRF74G,Vehicle,0,480,pSer2 Pol II (3E10),Goat anti-rat Alexa647,2029,250905_mACPOLR2A_Kinetic_pSer2,L,22,-5.772677307958844,-0.009057443744454833,,0,0.0,-12
189,M03,1608.994805688682,267.5406119189377,337.73967287158183,1624.186150409531,HCT116 OsTIRF74G,5PhIAA,10000,480,Total Pol II (F12),Goat anti-mouse Alexa647,1343,250905_mACPOLR2A_Kinetic_pSer2,M,03,7.298253669689302,0.011451102931881254,,480,8.0,-5
190,M04,886.2732044877038,621.0745758480133,280.63226890158063,1961.192391304348,HCT116 OsTIRF74G mAC-POLR2A Clone 5,5PhIAA,10000,60,Total Pol II (F12),Goat anti-mouse Alexa647,3680,250905_mACPOLR2A_Kinetic_pSer2,M,04,360.8322175987649,0.566152815710273,,60,1.0,-5
191,M05,680.7871727202005,489.16447649556,284.7662045503328,1929.2996632996633,HCT116 OsTIRF74G mAC-POLR2A Clone 5,5PhIAA,10000,120,Total Pol II (F12),Goat anti-mouse Alexa647,3564,250905_mACPOLR2A_Kinetic_pSer2,M,05,228.92211824631158,0.3591832865867491,,120,2.0,-5
192,M06,619.0317015481074,415.616624450764,282.3460520582716,1898.0625698324022,HCT116 OsTIRF74G mAC-POLR2A Clone 5,5PhIAA,10000,240,Total Pol II (F12),Goat anti-mouse Alexa647,3580,250905_mACPOLR2A_Kinetic_pSer2,M,06,155.37426620151558,0.2437852664163175,,240,4.0,-5
193,M07,656.6221344788966,418.2380384148871,280.9011239495024,1902.6072282753123,HCT116 OsTIRF74G mAC-POLR2A Clone 5,5PhIAA,10000,480,Total Pol II (F12),Goat anti-mouse Alexa647,3763,250905_mACPOLR2A_Kinetic_pSer2,M,07,157.9956801656387,0.24789831626205172,,480,8.0,-5
194,M08,860.7831954710323,608.8710050237577,276.96879899239104,1882.4055676855896,HCT116 OsTIRF74G mAC-POLR2A Clone 5,5PhIAA,10000,60,Total Pol II (F12),Goat anti-mouse Alexa647,3664,250905_mACPOLR2A_Kinetic_pSer2,M,08,348.62864677450926,0.5470051741004133,,60,1.0,-5
195,M09,670.7966935438366,473.90986106710784,279.08913149355755,1932.7133794694348,HCT116 OsTIRF74G mAC-POLR2A Clone 5,5PhIAA,10000,120,Total Pol II (F12),Goat anti-mouse Alexa647,3468,250905_mACPOLR2A_Kinetic_pSer2,M,09,213.66750281785943,0.3352484962432797,,120,2.0,-5
196,M10,618.2053946312495,409.11803173641516,272.10007053610286,1869.0287984111221,HCT116 OsTIRF74G mAC-POLR2A Clone 5,5PhIAA,10000,240,Total Pol II (F12),Goat anti-mouse Alexa647,4028,250905_mACPOLR2A_Kinetic_pSer2,M,10,148.87567348716675,0.23358884718339298,,240,4.0,-5
197,M11,654.0741831328928,408.7497251051044,274.529785697463,1990.0554545454545,HCT116 OsTIRF74G mAC-POLR2A Clone 5,5PhIAA,10000,480,Total Pol II (F12),Goat anti-mouse Alexa647,3300,250905_mACPOLR2A_Kinetic_pSer2,M,11,148.507366855856,0.23301096686619466,,480,8.0,-5
198,M12,1581.8899818210682,262.1365392423895,323.53620450744233,1555.0367321089298,HCT116 OsTIRF74G,5PhIAA,10000,480,Total Pol II (F12),Goat anti-mouse Alexa647,1579,250905_mACPOLR2A_Kinetic_pSer2,M,12,1.8941809931411058,0.0029720070726173124,,480,8.0,-5
199,M13,1997.5917754422296,262.9171884130721,331.49277681082367,1563.3648380700595,HCT116 OsTIRF74G,5PhIAA,10000,480,pSer2 Pol II (3E10),Goat anti-rat Alexa647,1513,250905_mACPOLR2A_Kinetic_pSer2,M,13,2.6748301638236853,0.004196860909131674,,480,8.0,-5
200,M14,1394.3231007678346,595.4950941505217,287.4231460117065,1904.3687556766577,HCT116 OsTIRF74G mAC-POLR2A Clone 5,5PhIAA,10000,60,pSer2 Pol II (3E10),Goat anti-rat Alexa647,3303,250905_mACPOLR2A_Kinetic_pSer2,M,14,335.2527359012733,0.5260181079953768,,60,1.0,-5
201,M15,1163.6579225730966,461.3075645159917,276.06810329421614,1904.2862369828315,HCT116 OsTIRF74G mAC-POLR2A Clone 5,5PhIAA,10000,120,pSer2 Pol II (3E10),Goat anti-rat Alexa647,3553,250905_mACPOLR2A_Kinetic_pSer2,M,15,201.0652062667433,0.3154752461595968,,120,2.0,-5
202,M16,1086.7988738569652,401.9890469985094,280.93939275724256,1920.39649122807,HCT116 OsTIRF74G mAC-POLR2A Clone 5,5PhIAA,10000,240,pSer2 Pol II (3E10),Goat anti-rat Alexa647,3420,250905_mACPOLR2A_Kinetic_pSer2,M,16,141.746688749261,0.22240333052033015,,240,4.0,-5
203,M17,1064.2814017526575,404.9128340332043,272.70815083568107,1951.2908233989465,HCT116 OsTIRF74G mAC-POLR2A Clone 5,5PhIAA,10000,480,pSer2 Pol II (3E10),Goat anti-rat Alexa647,3607,250905_mACPOLR2A_Kinetic_pSer2,M,17,144.6704757839559,0.2269908096352643,,480,8.0,-5
204,M18,1336.6234379493512,569.2950108325496,278.2058720594998,1896.9876688197298,HCT116 OsTIRF74G mAC-POLR2A Clone 5,5PhIAA,10000,60,pSer2 Pol II (3E10),Goat anti-rat Alexa647,3406,250905_mACPOLR2A_Kinetic_pSer2,M,18,309.05265258330115,0.4849096641844978,,60,1.0,-5
205,M19,1220.5827051369872,472.4650438861509,280.2490281576901,1922.2087586433981,HCT116 OsTIRF74G mAC-POLR2A Clone 5,5PhIAA,10000,120,pSer2 Pol II (3E10),Goat anti-rat Alexa647,3037,250905_mACPOLR2A_Kinetic_pSer2,M,19,212.2226856369025,0.33298154979202094,,120,2.0,-5
206,M20,1043.9318535731497,395.2720176495563,272.710904368984,1952.2783284221805,HCT116 OsTIRF74G mAC-POLR2A Clone 5,5PhIAA,10000,240,pSer2 Pol II (3E10),Goat anti-rat Alexa647,3733,250905_mACPOLR2A_Kinetic_pSer2,M,20,135.02965940030788,0.2118641799299939,,240,4.0,-5
207,M21,1073.6724136489142,394.0828960483575,279.49693730463633,1936.0355317595522,HCT116 OsTIRF74G mAC-POLR2A Clone 5,5PhIAA,10000,480,pSer2 Pol II (3E10),Goat anti-rat Alexa647,4109,250905_mACPOLR2A_Kinetic_pSer2,M,21,133.8405377991091,0.2099984248507476,,480,8.0,-5
208,M22,2125.804943559847,255.07245859376772,331.9227720072859,1623.146529562982,HCT116 OsTIRF74G,5PhIAA,10000,480,pSer2 Pol II (3E10),Goat anti-rat Alexa647,1167,250905_mACPOLR2A_Kinetic_pSer2,M,22,-5.169899655480691,-0.008111673803320556,,480,8.0,-5
209,N03,1521.0836685276868,266.14811821018304,300.4156497909097,1619.5477911646587,HCT116 OsTIRF74G,Vehicle,0,480,Total Pol II (F12),Goat anti-mouse Alexa647,1245,250905_mACPOLR2A_Kinetic_pSer2,N,03,5.905759960934631,0.009266253033175877,,0,0.0,-12
210,N04,1566.9755569636923,268.6405453096894,309.4176706840221,1681.190012180268,HCT116 OsTIRF74G,Vehicle,0,480,Total Pol II (F12),Goat anti-mouse Alexa647,1642,250905_mACPOLR2A_Kinetic_pSer2,N,04,8.39818706044099,0.013176919962333545,,0,0.0,-12
211,N05,1650.9600395041884,267.76636973803704,318.15378389575824,1507.8110383536016,HCT116 OsTIRF74G,Vehicle,0,480,Total Pol II (F12),Goat anti-mouse Alexa647,1069,250905_mACPOLR2A_Kinetic_pSer2,N,05,7.524011488788631,0.01180532137113886,,0,0.0,-12
212,N06,1525.6004215172588,265.85304541188907,312.21515917185627,1626.5082530949105,HCT116 OsTIRF74G,Vehicle,0,480,Total Pol II (F12),Goat anti-mouse Alexa647,1454,250905_mACPOLR2A_Kinetic_pSer2,N,06,5.610687162640659,0.008803278034143491,,0,0.0,-12
213,N07,1571.9716775756092,266.8623638827935,320.18095378655624,1691.9115044247787,HCT116 OsTIRF74G,Vehicle,0,480,Total Pol II (F12),Goat anti-mouse Alexa647,1017,250905_mACPOLR2A_Kinetic_pSer2,N,07,6.620005633545077,0.010386918480813183,,0,0.0,-12
214,N08,1553.1363281608185,263.1639826711039,311.47205565325277,1618.4648464163822,HCT116 OsTIRF74G,Vehicle,0,480,Total Pol II (F12),Goat anti-mouse Alexa647,1465,250905_mACPOLR2A_Kinetic_pSer2,N,08,2.9216244218554834,0.004584085933037932,,0,0.0,-12
215,N09,190.22021625404943,264.558363642808,317.84925428227126,1604.3005431502716,HCT116 OsTIRF74G,Vehicle,0,480,No primary,Goat anti-mouse Alexa647,1657,250905_mACPOLR2A_Kinetic_pSer2,N,09,4.316005393559578,0.006771896984269856,,0,0.0,-12
216,N10,1579.5751816452162,268.48673376688464,300.5887182405049,1683.97417721519,HCT116 OsTIRF74G,Vehicle,0,480,Total Pol II (F12),Goat anti-mouse Alexa647,1975,250905_mACPOLR2A_Kinetic_pSer2,N,10,8.244375517636229,0.012935586639530072,,0,0.0,-12
217,N11,188.66645535312196,263.23550039979546,314.0280839047261,1640.7829787234043,HCT116 OsTIRF74G,Vehicle,0,480,No primary,Goat anti-mouse Alexa647,1410,250905_mACPOLR2A_Kinetic_pSer2,N,11,2.993142150547044,0.004696298649910554,,0,0.0,-12
218,N12,1665.1095814226787,264.25091469954367,318.31571392150244,1555.083523158694,HCT116 OsTIRF74G,Vehicle,0,480,Total Pol II (F12),Goat anti-mouse Alexa647,1317,250905_mACPOLR2A_Kinetic_pSer2,N,12,4.008556450295259,0.006289503571412816,,0,0.0,-12
219,N13,2244.810930130121,262.73982357315083,322.0882103613334,1543.637987012987,HCT116 OsTIRF74G,Vehicle,0,480,pSer2 Pol II (3E10),Goat anti-rat Alexa647,1232,250905_mACPOLR2A_Kinetic_pSer2,N,13,2.497465323902418,0.003918572001900317,,0,0.0,-12
220,N14,1897.530203261709,260.30690407779235,313.62802004025735,1683.5954292773317,HCT116 OsTIRF74G,Vehicle,0,480,pSer2 Pol II (3E10),Goat anti-rat Alexa647,1619,250905_mACPOLR2A_Kinetic_pSer2,N,14,0.06454582854394175,0.00010127366900795895,,0,0.0,-12
221,N15,181.78698217336182,261.2106343656199,317.1393685691782,1623.9437577255871,HCT116 OsTIRF74G,Vehicle,0,480,No primary,Goat anti-rat Alexa647,1618,250905_mACPOLR2A_Kinetic_pSer2,N,15,0.9682761163714986,0.0015192441886614071,,0,0.0,-12
222,N16,2032.5140407628903,258.06337948813723,313.9275748201441,1629.740506329114,HCT116 OsTIRF74G,Vehicle,0,480,pSer2 Pol II (3E10),Goat anti-rat Alexa647,1422,250905_mACPOLR2A_Kinetic_pSer2,N,16,-2.178978761111182,-0.0034188603478521556,,0,0.0,-12
223,N17,1990.7754031672932,257.13931617174006,321.2980698599137,1601.912310286678,HCT116 OsTIRF74G,Vehicle,0,480,pSer2 Pol II (3E10),Goat anti-rat Alexa647,1779,250905_mACPOLR2A_Kinetic_pSer2,N,17,-3.1030420775083485,-0.00486873378751981,,0,0.0,-12
224,N18,2075.8486210554784,258.77402784796135,315.49310003412546,1651.694835680751,HCT116 OsTIRF74G,Vehicle,0,480,pSer2 Pol II (3E10),Goat anti-rat Alexa647,1065,250905_mACPOLR2A_Kinetic_pSer2,N,18,-1.4683304012870622,-0.0023038391544239725,,0,0.0,-12
225,N19,2033.5724296173748,256.26875036627206,313.19330933273056,1693.2998652291105,HCT116 OsTIRF74G,Vehicle,0,480,pSer2 Pol II (3E10),Goat anti-rat Alexa647,1484,250905_mACPOLR2A_Kinetic_pSer2,N,19,-3.973607882976353,-0.006234668584879988,,0,0.0,-12
226,N20,2275.9224340667056,255.4137619379133,316.3095825971171,1573.1806775407779,HCT116 OsTIRF74G,Vehicle,0,480,pSer2 Pol II (3E10),Goat anti-rat Alexa647,797,250905_mACPOLR2A_Kinetic_pSer2,N,20,-4.8285963113351045,-0.00757616217249877,,0,0.0,-12
227,N21,179.66354845407164,255.9966459051814,325.6618212211605,1674.0434782608695,HCT116 OsTIRF74G,Vehicle,0,480,No primary,Goat anti-rat Alexa647,1265,250905_mACPOLR2A_Kinetic_pSer2,N,21,-4.245712344067016,-0.006661605813043764,,0,0.0,-12
228,N22,2238.3104659359233,256.14458353168413,312.45489869765123,1648.785935884178,HCT116 OsTIRF74G,Vehicle,0,480,pSer2 Pol II (3E10),Goat anti-rat Alexa647,967,250905_mACPOLR2A_Kinetic_pSer2,N,22,-4.097774717564278,-0.006429488779949026,,0,0.0,-12
0,C03,1901.0469745240944,266.18944165846546,321.62606359538444,1730.572891072891,HCT116 OsTIRF74G,Vehicle,0,480,pSer2 Pol II (3E10),Goat anti-rat Alexa647,2442,250912_mACPOLR2A_Kinetic_pSer2,C,03,-3.638653185465216,-0.004924224493237443,,0,0.0,-12
1,C04,1871.977518600805,268.6085646476718,320.8684521097988,1672.8459669582119,HCT116 OsTIRF74G,Vehicle,0,480,pSer2 Pol II (3E10),Goat anti-rat Alexa647,2058,250912_mACPOLR2A_Kinetic_pSer2,C,04,-1.2195301962588587,-0.0016504019912226794,,0,0.0,-12
2,C05,2017.6234812580374,270.2889115225443,323.3262504062184,1692.3127090301002,HCT116 OsTIRF74G,Vehicle,0,480,pSer2 Pol II (3E10),Goat anti-rat Alexa647,1196,250912_mACPOLR2A_Kinetic_pSer2,C,05,0.4608166786136394,0.000623627661131845,,0,0.0,-12
3,C06,2162.5840467041967,270.3637726021786,327.25128408146884,1650.9734079776067,HCT116 OsTIRF74G,Vehicle,0,480,pSer2 Pol II (3E10),Goat anti-rat Alexa647,1429,250912_mACPOLR2A_Kinetic_pSer2,C,06,0.535677758247914,0.0007249378831111794,,0,0.0,-12
4,C07,2182.5864942398757,271.4922498329163,327.3099496824658,1607.4405458089668,HCT116 OsTIRF74G,Vehicle,0,480,pSer2 Pol II (3E10),Goat anti-rat Alexa647,1026,250912_mACPOLR2A_Kinetic_pSer2,C,07,1.664154988985615,0.002252117016823776,,0,0.0,-12
5,C08,1879.3626579630832,272.77649661873875,328.7455409780488,1729.1878761822873,HCT116 OsTIRF74G,Vehicle,0,480,pSer2 Pol II (3E10),Goat anti-rat Alexa647,2326,250912_mACPOLR2A_Kinetic_pSer2,C,08,2.948401774808076,0.003990100593650949,,0,0.0,-12
6,C09,2047.8174422083594,269.6487183975268,329.16500475246323,1712.257275132275,HCT116 OsTIRF74G,Vehicle,0,480,pSer2 Pol II (3E10),Goat anti-rat Alexa647,1512,250912_mACPOLR2A_Kinetic_pSer2,C,09,-0.17937644640386452,-0.0002427518771011618,,0,0.0,-12
7,C10,1905.9617768088933,276.30713288418116,323.57406006388203,1730.6841286307053,HCT116 OsTIRF74G,Vehicle,0,480,pSer2 Pol II (3E10),Goat anti-rat Alexa647,1928,250912_mACPOLR2A_Kinetic_pSer2,C,10,6.479038040250487,0.008768144745935572,,0,0.0,-12
8,C11,1890.7207883593192,275.1707673217473,326.3671177744824,1627.1157450796627,HCT116 OsTIRF74G,Vehicle,0,480,pSer2 Pol II (3E10),Goat anti-rat Alexa647,2134,250912_mACPOLR2A_Kinetic_pSer2,C,11,5.34267247781662,0.007230290256763378,,0,0.0,-12
9,C12,1837.6553452135902,278.2623832224156,332.2571363138829,1719.7974736842104,HCT116 OsTIRF74G,Vehicle,0,480,pSer2 Pol II (3E10),Goat anti-rat Alexa647,2375,250912_mACPOLR2A_Kinetic_pSer2,C,12,8.43428837848495,0.011414203909915486,,0,0.0,-12
10,C13,1565.2432441882727,277.64059568395714,326.799026123435,1689.8156996587031,HCT116 OsTIRF74G,Vehicle,0,480,Total Pol II (F12),Goat anti-mouse Alexa647,1758,250912_mACPOLR2A_Kinetic_pSer2,C,13,7.812500840026473,0.010572732829709861,,0,0.0,-12
11,C14,1490.0705771099692,279.4682961860097,336.4635861268887,1663.4106976744185,HCT116 OsTIRF74G,Vehicle,0,480,Total Pol II (F12),Goat anti-mouse Alexa647,2150,250912_mACPOLR2A_Kinetic_pSer2,C,14,9.640201342079024,0.013046177568675512,,0,0.0,-12
12,C15,1628.4782938844287,276.0765094856157,326.1167307399809,1655.1660516605166,HCT116 OsTIRF74G,Vehicle,0,480,Total Pol II (F12),Goat anti-mouse Alexa647,1355,250912_mACPOLR2A_Kinetic_pSer2,C,15,6.248414641685031,0.008456039873598177,,0,0.0,-12
13,C16,1471.102164513443,273.53836651482294,310.8208915168693,1676.0843860535624,HCT116 OsTIRF74G,Vehicle,0,480,Total Pol II (F12),Goat anti-mouse Alexa647,1979,250912_mACPOLR2A_Kinetic_pSer2,C,16,3.7102716708922685,0.005021146481163415,,0,0.0,-12
14,C17,1507.7618687582758,272.368048135826,337.8967573497683,1673.780487804878,HCT116 OsTIRF74G,Vehicle,0,480,Total Pol II (F12),Goat anti-mouse Alexa647,2255,250912_mACPOLR2A_Kinetic_pSer2,C,17,2.5399532918953014,0.003437343317464538,,0,0.0,-12
15,C18,1408.1731329030135,274.2561136986664,326.63653177760796,1688.974040632054,HCT116 OsTIRF74G,Vehicle,0,480,Total Pol II (F12),Goat anti-mouse Alexa647,2658,250912_mACPOLR2A_Kinetic_pSer2,C,18,4.42801885473574,0.0059924806761211405,,0,0.0,-12
16,C19,1527.7262305873755,272.09847552113035,326.8878630323826,1693.303967327888,HCT116 OsTIRF74G,Vehicle,0,480,Total Pol II (F12),Goat anti-mouse Alexa647,1714,250912_mACPOLR2A_Kinetic_pSer2,C,19,2.2703806771996824,0.0030725280948176704,,0,0.0,-12
17,C20,1461.7826336584387,271.9202459953812,326.4565196708865,1693.3428912783752,HCT116 OsTIRF74G,Vehicle,0,480,Total Pol II (F12),Goat anti-mouse Alexa647,2511,250912_mACPOLR2A_Kinetic_pSer2,C,20,2.092151151450537,0.0028313283565139977,,0,0.0,-12
18,C21,1624.7911455352512,270.1560060453142,324.80256476768454,1656.704105344694,HCT116 OsTIRF74G,Vehicle,0,480,Total Pol II (F12),Goat anti-mouse Alexa647,1291,250912_mACPOLR2A_Kinetic_pSer2,C,21,0.3279112013835288,0.00044376539536928727,,0,0.0,-12
19,C22,1373.7035113055813,269.9541370178551,325.4744678196782,1734.742712294043,HCT116 OsTIRF74G,Vehicle,0,480,Total Pol II (F12),Goat anti-mouse Alexa647,3156,250912_mACPOLR2A_Kinetic_pSer2,C,22,0.12604217392441797,0.00017057409112216856,,0,0.0,-12
20,D03,1817.6069239482372,269.77351682646923,317.07645986610197,1681.607329842932,HCT116 OsTIRF74G,5PhIAA,10000,480,pSer2 Pol II (3E10),Goat anti-rat Alexa647,1719,250912_mACPOLR2A_Kinetic_pSer2,D,03,-0.05457801746143787,-7.386095807358234e-05,,480,8.0,-5
21,D04,1274.4694483267879,418.91582270622604,318.6606278360807,2061.533000554631,HCT116 OsTIRF74G mAC-POLR2A Clone 5,5PhIAA,10000,480,pSer2 Pol II (3E10),Goat anti-rat Alexa647,1803,250912_mACPOLR2A_Kinetic_pSer2,D,04,149.08772786229537,0.20176186181007805,,480,8.0,-5
22,D05,1372.7927162776973,422.6303694099401,315.5906384629782,2129.5861445783135,HCT116 OsTIRF74G mAC-POLR2A Clone 5,5PhIAA,10000,480,pSer2 Pol II (3E10),Goat anti-rat Alexa647,1660,250912_mACPOLR2A_Kinetic_pSer2,D,05,152.80227456600943,0.20678879373444187,,480,8.0,-5
23,D06,1303.440689107888,421.18227210752195,310.6340850258191,2044.0816110227875,HCT116 OsTIRF74G mAC-POLR2A Clone 5,5PhIAA,10000,480,pSer2 Pol II (3E10),Goat anti-rat Alexa647,1887,250912_mACPOLR2A_Kinetic_pSer2,D,06,151.35417726359128,0.20482906967125203,,480,8.0,-5
24,D07,1305.012710041688,423.485839503009,317.28478601658895,2111.596338672769,HCT116 OsTIRF74G mAC-POLR2A Clone 5,5PhIAA,10000,480,pSer2 Pol II (3E10),Goat anti-rat Alexa647,2185,250912_mACPOLR2A_Kinetic_pSer2,D,07,153.65774465907833,0.20794650967240186,,480,8.0,-5
25,D08,1208.7822738528805,425.647786200158,315.2086364544844,2054.184336198663,HCT116 OsTIRF74G mAC-POLR2A Clone 5,5PhIAA,10000,480,pSer2 Pol II (3E10),Goat anti-rat Alexa647,2094,250912_mACPOLR2A_Kinetic_pSer2,D,08,155.81969135622734,0.21087229301490357,,480,8.0,-5
26,D09,1324.6255377011819,439.6169270255648,317.1650048582261,2055.8841594827586,HCT116 OsTIRF74G mAC-POLR2A Clone 5,5PhIAA,10000,480,pSer2 Pol II (3E10),Goat anti-rat Alexa647,1856,250912_mACPOLR2A_Kinetic_pSer2,D,09,169.78883218163412,0.22977686618959497,,480,8.0,-5
27,D10,1353.469175710466,426.4014721123952,317.37944757099075,2012.14832793959,HCT116 OsTIRF74G mAC-POLR2A Clone 5,5PhIAA,10000,480,pSer2 Pol II (3E10),Goat anti-rat Alexa647,1854,250912_mACPOLR2A_Kinetic_pSer2,D,10,156.57337726846453,0.21189226343804568,,480,8.0,-5
28,D11,1344.335563402269,430.26700953242744,319.8193272002413,2036.8445419103314,HCT116 OsTIRF74G mAC-POLR2A Clone 5,5PhIAA,10000,480,pSer2 Pol II (3E10),Goat anti-rat Alexa647,2052,250912_mACPOLR2A_Kinetic_pSer2,D,11,160.43891468849677,0.2171235325568735,,480,8.0,-5
29,D12,1764.6462166912258,272.507710199085,313.28014174462396,1761.0110220440881,HCT116 OsTIRF74G,5PhIAA,10000,480,pSer2 Pol II (3E10),Goat anti-rat Alexa647,1996,250912_mACPOLR2A_Kinetic_pSer2,D,12,2.67961535515434,0.0036263493363463033,,480,8.0,-5
30,D13,1410.4328033166767,276.9741052077842,310.27467321335166,1715.2393405343946,HCT116 OsTIRF74G,5PhIAA,10000,480,Total Pol II (F12),Goat anti-mouse Alexa647,1759,250912_mACPOLR2A_Kinetic_pSer2,D,13,7.14601036385352,0.009670764832212806,,480,8.0,-5
31,D14,716.0286093655502,430.11834070565385,326.8911259180177,2171.3806078147613,HCT116 OsTIRF74G mAC-POLR2A Clone 5,5PhIAA,10000,480,Total Pol II (F12),Goat anti-mouse Alexa647,2073,250912_mACPOLR2A_Kinetic_pSer2,D,14,160.29024586172318,0.21692233759795196,,480,8.0,-5
32,D15,750.1916086211891,434.42451471613214,324.0667178807851,2110.1179094964946,HCT116 OsTIRF74G mAC-POLR2A Clone 5,5PhIAA,10000,480,Total Pol II (F12),Goat anti-mouse Alexa647,1569,250912_mACPOLR2A_Kinetic_pSer2,D,15,164.59641987220147,0.22274992446972156,,480,8.0,-5
33,D16,739.0924648841378,425.2110841876466,327.0039013148006,2062.4550468836183,HCT116 OsTIRF74G mAC-POLR2A Clone 5,5PhIAA,10000,480,Total Pol II (F12),Goat anti-mouse Alexa647,1813,250912_mACPOLR2A_Kinetic_pSer2,D,16,155.3829893437159,0.2102812999642757,,480,8.0,-5
34,D17,731.0812681424835,432.5081654265951,331.3517485774086,2014.5436720142602,HCT116 OsTIRF74G mAC-POLR2A Clone 5,5PhIAA,10000,480,Total Pol II (F12),Goat anti-mouse Alexa647,1683,250912_mACPOLR2A_Kinetic_pSer2,D,17,162.68007058266443,0.22015651047059925,,480,8.0,-5
35,D18,756.0210591763375,443.5765884728545,331.395701634861,1846.9203480589022,HCT116 OsTIRF74G mAC-POLR2A Clone 5,5PhIAA,10000,480,Total Pol II (F12),Goat anti-mouse Alexa647,1494,250912_mACPOLR2A_Kinetic_pSer2,D,18,173.74849362892382,0.2351355142634369,,480,8.0,-5
36,D19,724.965345704397,423.12333912132016,320.1665569479837,2034.6512292738707,HCT116 OsTIRF74G mAC-POLR2A Clone 5,5PhIAA,10000,480,Total Pol II (F12),Goat anti-mouse Alexa647,1749,250912_mACPOLR2A_Kinetic_pSer2,D,19,153.2952442773895,0.20745593440530838,,480,8.0,-5
37,D20,710.1490174321981,420.1620200642492,310.0216862756648,1917.2088495575222,HCT116 OsTIRF74G mAC-POLR2A Clone 5,5PhIAA,10000,480,Total Pol II (F12),Goat anti-mouse Alexa647,1695,250912_mACPOLR2A_Kinetic_pSer2,D,20,150.33392522031852,0.20344835272883285,,480,8.0,-5
38,D21,745.8955821332808,424.0368894856973,323.1738486686915,1985.5911413969336,HCT116 OsTIRF74G mAC-POLR2A Clone 5,5PhIAA,10000,480,Total Pol II (F12),Goat anti-mouse Alexa647,1761,250912_mACPOLR2A_Kinetic_pSer2,D,21,154.20879464176664,0.20869225093529303,,480,8.0,-5
39,D22,1436.8665396929473,267.82611916507835,327.9219980072308,1700.5741079597437,HCT116 OsTIRF74G,5PhIAA,10000,480,Total Pol II (F12),Goat anti-mouse Alexa647,2186,250912_mACPOLR2A_Kinetic_pSer2,D,22,-2.001975678852318,-0.0027092930186502057,,480,8.0,-5
40,E03,1774.161367954099,268.5531018833232,322.9230239410507,1589.7638676844783,HCT116 OsTIRF74G,Vehicle,0,480,pSer2 Pol II (3E10),Goat anti-rat Alexa647,1965,250912_mACPOLR2A_Kinetic_pSer2,E,03,-1.2749929606074488,-0.0017254602858023716,,0,0.0,-12
41,E04,1291.0114975335248,427.78924467690257,311.52364880049964,2002.8321428571428,HCT116 OsTIRF74G mAC-POLR2A Clone 5,5PhIAA,1000,480,pSer2 Pol II (3E10),Goat anti-rat Alexa647,1960,250912_mACPOLR2A_Kinetic_pSer2,E,04,157.9611498329719,0.21377034945088355,,480,8.0,-6
42,E05,1232.907939363345,423.62216433076804,316.25987735390476,2110.4805653710246,HCT116 OsTIRF74G mAC-POLR2A Clone 5,5PhIAA,1000,240,pSer2 Pol II (3E10),Goat anti-rat Alexa647,1981,250912_mACPOLR2A_Kinetic_pSer2,E,05,153.79406948683737,0.20813099937825483,,240,4.0,-6
43,E06,1398.1976584594936,453.09938969927595,310.59814384772375,2107.545240893067,HCT116 OsTIRF74G mAC-POLR2A Clone 5,5PhIAA,1000,120,pSer2 Pol II (3E10),Goat anti-rat Alexa647,1702,250912_mACPOLR2A_Kinetic_pSer2,E,06,183.27129485534527,0.24802281312189645,,120,2.0,-6
44,E07,1510.3482715284767,576.7446072575224,311.61188981876154,2002.2784598214287,HCT116 OsTIRF74G mAC-POLR2A Clone 5,5PhIAA,1000,60,pSer2 Pol II (3E10),Goat anti-rat Alexa647,1792,250912_mACPOLR2A_Kinetic_pSer2,E,07,306.9165124135917,0.4153530800470595,,60,1.0,-6
45,E08,1360.272229713662,431.8618145060808,315.95356877041536,2091.6812577065352,HCT116 OsTIRF74G mAC-POLR2A Clone 5,5PhIAA,1000,480,pSer2 Pol II (3E10),Goat anti-rat Alexa647,1622,250912_mACPOLR2A_Kinetic_pSer2,E,08,162.03371966215013,0.21928179752825652,,480,8.0,-6
46,E09,1326.131044528687,428.24335117170773,327.4407865397876,1977.90942217595,HCT116 OsTIRF74G mAC-POLR2A Clone 5,5PhIAA,1000,240,pSer2 Pol II (3E10),Goat anti-rat Alexa647,1921,250912_mACPOLR2A_Kinetic_pSer2,E,09,158.41525632777706,0.2143848961554692,,240,4.0,-6
47,E10,1336.9011673162797,454.4901450075934,317.9002083620586,2036.7950310559006,HCT116 OsTIRF74G mAC-POLR2A Clone 5,5PhIAA,1000,120,pSer2 Pol II (3E10),Goat anti-rat Alexa647,2093,250912_mACPOLR2A_Kinetic_pSer2,E,10,184.66205016366274,0.24990493571073594,,120,2.0,-6
48,E11,1493.874609085965,580.4635798474778,316.9107084374657,2023.5703441295548,HCT116 OsTIRF74G mAC-POLR2A Clone 5,5PhIAA,1000,60,pSer2 Pol II (3E10),Goat anti-rat Alexa647,1976,250912_mACPOLR2A_Kinetic_pSer2,E,11,310.63548500354716,0.4203860015660132,,60,1.0,-6
49,E12,1759.948338834913,271.21884116723936,315.52002854156353,1752.5510057471265,HCT116 OsTIRF74G,Vehicle,0,480,pSer2 Pol II (3E10),Goat anti-rat Alexa647,2784,250912_mACPOLR2A_Kinetic_pSer2,E,12,1.39074632330869,0.0018821104293403504,,0,0.0,-12
50,E13,1391.4698861223872,273.5050208104549,319.3151463975685,1671.4427860696517,HCT116 OsTIRF74G,Vehicle,0,480,Total Pol II (F12),Goat anti-mouse Alexa647,2613,250912_mACPOLR2A_Kinetic_pSer2,E,13,3.676925966524209,0.004976019417432976,,0,0.0,-12
51,E14,726.6042388207352,445.437968106641,320.0084536085705,2109.1228175797714,HCT116 OsTIRF74G mAC-POLR2A Clone 5,5PhIAA,1000,480,Total Pol II (F12),Goat anti-mouse Alexa647,1661,250912_mACPOLR2A_Kinetic_pSer2,E,14,175.60987326271032,0.23765453729660707,,480,8.0,-6
52,E15,631.8436811218744,427.82388154219393,324.61965594762916,1972.6548619447778,HCT116 OsTIRF74G mAC-POLR2A Clone 5,5PhIAA,1000,240,Total Pol II (F12),Goat anti-mouse Alexa647,1666,250912_mACPOLR2A_Kinetic_pSer2,E,15,157.99578669826326,0.21381722385515983,,240,4.0,-6
53,E16,666.5914571041649,469.7836614016713,320.6198329962127,2021.1258278145694,HCT116 OsTIRF74G mAC-POLR2A Clone 5,5PhIAA,1000,120,Total Pol II (F12),Goat anti-mouse Alexa647,1661,250912_mACPOLR2A_Kinetic_pSer2,E,16,199.9555665577406,0.2706017991315948,,120,2.0,-6
54,E17,801.1235308985979,578.1183539454662,317.0988659797393,2033.0950131233596,HCT116 OsTIRF74G mAC-POLR2A Clone 5,5PhIAA,1000,60,Total Pol II (F12),Goat anti-mouse Alexa647,1905,250912_mACPOLR2A_Kinetic_pSer2,E,17,308.2902591015355,0.4172121847057004,,60,1.0,-6
55,E18,711.4820593752742,447.76700304625206,316.9479480074408,2040.5169154228856,HCT116 OsTIRF74G mAC-POLR2A Clone 5,5PhIAA,1000,480,Total Pol II (F12),Goat anti-mouse Alexa647,2010,250912_mACPOLR2A_Kinetic_pSer2,E,18,177.9389082023214,0.2408064427711521,,480,8.0,-6
56,E19,630.4350186429656,424.2968756342021,323.43163798962144,1939.8189894503055,HCT116 OsTIRF74G mAC-POLR2A Clone 5,5PhIAA,1000,240,Total Pol II (F12),Goat anti-mouse Alexa647,1801,250912_mACPOLR2A_Kinetic_pSer2,E,19,154.4687807902714,0.2090440927006703,,240,4.0,-6
57,E20,673.1747832548548,482.7228299295194,317.87816688921464,1960.8814460393407,HCT116 OsTIRF74G mAC-POLR2A Clone 5,5PhIAA,1000,120,Total Pol II (F12),Goat anti-mouse Alexa647,1881,250912_mACPOLR2A_Kinetic_pSer2,E,20,212.8947350855887,0.28811250084987644,,120,2.0,-6
58,E21,818.4680399035758,581.9799590573833,318.0612426619756,2219.8402555910543,HCT116 OsTIRF74G mAC-POLR2A Clone 5,5PhIAA,1000,60,Total Pol II (F12),Goat anti-mouse Alexa647,1565,250912_mACPOLR2A_Kinetic_pSer2,E,21,312.15186421345265,0.4224381321939829,,60,1.0,-6
59,E22,1377.0218477123185,272.55527371120985,318.64122379507756,1704.0637779941578,HCT116 OsTIRF74G,Vehicle,0,480,Total Pol II (F12),Goat anti-mouse Alexa647,2054,250912_mACPOLR2A_Kinetic_pSer2,E,22,2.7271788672791786,0.00369071749661096,,0,0.0,-12
60,F03,1804.4000756639684,269.31560458643065,304.8502820633039,1670.1302305721606,HCT116 OsTIRF74G,Vehicle,0,480,pSer2 Pol II (3E10),Goat anti-rat Alexa647,2342,250912_mACPOLR2A_Kinetic_pSer2,F,03,-0.5124902575000192,-0.000693558014434537,,0,0.0,-12
61,F04,1443.8393469316836,503.2669878594353,304.2385535879544,2085.846629213483,HCT116 OsTIRF74G mAC-POLR2A Clone 5,5PhIAA,100,480,pSer2 Pol II (3E10),Goat anti-rat Alexa647,1780,250912_mACPOLR2A_Kinetic_pSer2,F,04,233.43889301550462,0.31591510816500473,,480,8.0,-7
62,F05,1389.412182444957,477.8091712751921,303.17346034317603,2094.752582644628,HCT116 OsTIRF74G mAC-POLR2A Clone 5,5PhIAA,100,240,pSer2 Pol II (3E10),Goat anti-rat Alexa647,1936,250912_mACPOLR2A_Kinetic_pSer2,F,05,207.98107643126144,0.28146279914329486,,240,4.0,-7
63,F06,1477.960843530352,528.3117495806916,307.62436293718537,1969.5941597139451,HCT116 OsTIRF74G mAC-POLR2A Clone 5,5PhIAA,100,120,pSer2 Pol II (3E10),Goat anti-rat Alexa647,1678,250912_mACPOLR2A_Kinetic_pSer2,F,06,258.48365473676097,0.3498084260518916,,120,2.0,-7
64,F07,1477.1475002862046,631.634300564384,307.4210733970059,2031.596241979835,HCT116 OsTIRF74G mAC-POLR2A Clone 5,5PhIAA,100,60,pSer2 Pol II (3E10),Goat anti-rat Alexa647,2182,250912_mACPOLR2A_Kinetic_pSer2,F,07,361.80620572045336,0.489635832052011,,60,1.0,-7
65,F08,1409.9593086231064,499.7042135014776,311.44847965779473,2050.241395793499,HCT116 OsTIRF74G mAC-POLR2A Clone 5,5PhIAA,100,480,pSer2 Pol II (3E10),Goat anti-rat Alexa647,2092,250912_mACPOLR2A_Kinetic_pSer2,F,08,229.87611865754695,0.3110935712217716,,480,8.0,-7
66,F09,1381.0445861666517,491.3346569788972,308.8217094372404,2052.136385776912,HCT116 OsTIRF74G mAC-POLR2A Clone 5,5PhIAA,100,240,pSer2 Pol II (3E10),Goat anti-rat Alexa647,2053,250912_mACPOLR2A_Kinetic_pSer2,F,09,221.50656213496654,0.2997669695575472,,240,4.0,-7
67,F10,1495.5844502026723,531.194441588848,314.1056509425951,2068.842570754717,HCT116 OsTIRF74G mAC-POLR2A Clone 5,5PhIAA,100,120,pSer2 Pol II (3E10),Goat anti-rat Alexa647,1696,250912_mACPOLR2A_Kinetic_pSer2,F,10,261.36634674491734,0.35370960098379395,,120,2.0,-7
68,F11,1646.1051459343953,635.9014723546873,320.3675253691594,2031.5579975579976,HCT116 OsTIRF74G mAC-POLR2A Clone 5,5PhIAA,100,60,pSer2 Pol II (3E10),Goat anti-rat Alexa647,1638,250912_mACPOLR2A_Kinetic_pSer2,F,11,366.0733775107566,0.4954106368425853,,60,1.0,-7
69,F12,1704.6550982793647,265.4299223289341,313.5659204962353,1642.474287585981,HCT116 OsTIRF74G,Vehicle,0,480,pSer2 Pol II (3E10),Goat anti-rat Alexa647,3053,250912_mACPOLR2A_Kinetic_pSer2,F,12,-4.398172514996588,-0.005952089336335283,,0,0.0,-12
70,F13,1298.4640992814705,266.2794325352442,305.858774461182,1716.244460077383,HCT116 OsTIRF74G,Vehicle,0,480,Total Pol II (F12),Goat anti-mouse Alexa647,2843,250912_mACPOLR2A_Kinetic_pSer2,F,13,-3.5486623086864597,-0.004802438970678714,,0,0.0,-12
71,F14,834.1176976754532,523.7310942058778,313.6802073003968,2126.7021803766106,HCT116 OsTIRF74G mAC-POLR2A Clone 5,5PhIAA,100,480,Total Pol II (F12),Goat anti-mouse Alexa647,2018,250912_mACPOLR2A_Kinetic_pSer2,F,14,253.90299936194708,0.3436093808991851,,480,8.0,-7
72,F15,718.6038311032949,482.5289237217595,322.29717869334416,2027.7900302114804,HCT116 OsTIRF74G mAC-POLR2A Clone 5,5PhIAA,100,240,Total Pol II (F12),Goat anti-mouse Alexa647,1986,250912_mACPOLR2A_Kinetic_pSer2,F,15,212.70082887782883,0.2878500857064228,,240,4.0,-7
73,F16,735.5117021913991,525.610383670852,316.2804676920983,1939.0962962962963,HCT116 OsTIRF74G mAC-POLR2A Clone 5,5PhIAA,100,120,Total Pol II (F12),Goat anti-mouse Alexa647,1755,250912_mACPOLR2A_Kinetic_pSer2,F,16,255.78228882692133,0.3461526414798513,,120,2.0,-7
74,F17,881.5643251594756,654.0069560717933,323.72624697246937,2030.5513368983957,HCT116 OsTIRF74G mAC-POLR2A Clone 5,5PhIAA,100,60,Total Pol II (F12),Goat anti-mouse Alexa647,1870,250912_mACPOLR2A_Kinetic_pSer2,F,17,384.1788612278626,0.5199129627959961,,60,1.0,-7
75,F18,853.2958429973495,520.0390625768873,317.29272087790247,1990.0041536863966,HCT116 OsTIRF74G mAC-POLR2A Clone 5,5PhIAA,100,480,Total Pol II (F12),Goat anti-mouse Alexa647,1926,250912_mACPOLR2A_Kinetic_pSer2,F,18,250.21096773295665,0.3386129188428659,,480,8.0,-7
76,F19,704.7124003451361,481.52108580274586,314.1363908610441,1961.348823866896,HCT116 OsTIRF74G mAC-POLR2A Clone 5,5PhIAA,100,240,Total Pol II (F12),Goat anti-mouse Alexa647,1743,250912_mACPOLR2A_Kinetic_pSer2,F,19,211.6929909588152,0.28648616891824286,,240,4.0,-7
77,F20,794.3996108344876,553.0720972580306,312.70284850756263,1901.2999361837906,HCT116 OsTIRF74G mAC-POLR2A Clone 5,5PhIAA,100,120,Total Pol II (F12),Goat anti-mouse Alexa647,1567,250912_mACPOLR2A_Kinetic_pSer2,F,20,283.2440024140999,0.38331684366664664,,120,2.0,-7
78,F21,931.6207418235826,659.4310870175474,317.90325931766534,2097.386098130841,HCT116 OsTIRF74G mAC-POLR2A Clone 5,5PhIAA,100,60,Total Pol II (F12),Goat anti-mouse Alexa647,1712,250912_mACPOLR2A_Kinetic_pSer2,F,21,389.6029921736167,0.5272534915840384,,60,1.0,-7
79,F22,1391.3148513228723,272.01805126919766,316.9158763898651,1721.610510805501,HCT116 OsTIRF74G,Vehicle,0,480,Total Pol II (F12),Goat anti-mouse Alexa647,2036,250912_mACPOLR2A_Kinetic_pSer2,F,22,2.1899564252669848,0.0029636891780450473,,0,0.0,-12
80,G03,1692.1114765007665,268.8720033818839,305.7040451650413,1686.1070780399275,HCT116 OsTIRF74G,Vehicle,0,480,pSer2 Pol II (3E10),Goat anti-rat Alexa647,2755,250912_mACPOLR2A_Kinetic_pSer2,G,03,-0.9560914620467429,-0.0012938878082671215,,0,0.0,-12
81,G04,1538.2908743966532,685.8582109942829,307.4052288920626,2197.3708044752266,HCT116 OsTIRF74G mAC-POLR2A Clone 5,5PhIAA,10,480,pSer2 Pol II (3E10),Goat anti-rat Alexa647,1877,250912_mACPOLR2A_Kinetic_pSer2,G,04,416.0301161503522,0.5630175736603097,,480,8.0,-8
82,G05,1707.8828733600833,710.4582912565446,315.3017590881554,1994.4538510502864,HCT116 OsTIRF74G mAC-POLR2A Clone 5,5PhIAA,10,240,pSer2 Pol II (3E10),Goat anti-rat Alexa647,1571,250912_mACPOLR2A_Kinetic_pSer2,G,05,440.63019641261394,0.5963090998345879,,240,4.0,-8
83,G06,1540.790120579205,690.6072040657724,305.786688091808,2036.8628064684403,HCT116 OsTIRF74G mAC-POLR2A Clone 5,5PhIAA,10,120,pSer2 Pol II (3E10),Goat anti-rat Alexa647,1917,250912_mACPOLR2A_Kinetic_pSer2,G,06,420.77910922184174,0.5694444318435123,,120,2.0,-8
84,G07,1712.0397728785051,758.6039196678337,318.196146515247,2044.1134644478063,HCT116 OsTIRF74G mAC-POLR2A Clone 5,5PhIAA,10,60,pSer2 Pol II (3E10),Goat anti-rat Alexa647,1983,250912_mACPOLR2A_Kinetic_pSer2,G,07,488.775824823903,0.6614650436910141,,60,1.0,-8
85,G08,1492.112199550738,693.2596399859922,313.2501254769827,2065.266911165444,HCT116 OsTIRF74G mAC-POLR2A Clone 5,5PhIAA,10,480,pSer2 Pol II (3E10),Goat anti-rat Alexa647,2454,250912_mACPOLR2A_Kinetic_pSer2,G,08,423.4315451420615,0.5730339989880983,,480,8.0,-8
86,G09,1614.6269384310456,684.2967658558046,318.925187933495,2017.6912611198325,HCT116 OsTIRF74G mAC-POLR2A Clone 5,5PhIAA,10,240,pSer2 Pol II (3E10),Goat anti-rat Alexa647,1911,250912_mACPOLR2A_Kinetic_pSer2,G,09,414.4686710118739,0.5609044548760146,,240,4.0,-8
87,G10,1565.6306018538999,723.8090905285009,319.38436505058945,2107.4690618762475,HCT116 OsTIRF74G mAC-POLR2A Clone 5,5PhIAA,10,120,pSer2 Pol II (3E10),Goat anti-rat Alexa647,2004,250912_mACPOLR2A_Kinetic_pSer2,G,10,453.9809956845702,0.6143768654138617,,120,2.0,-8
88,G11,1704.4109854954597,761.842024345381,325.20086018559476,2033.5853658536585,HCT116 OsTIRF74G mAC-POLR2A Clone 5,5PhIAA,10,60,pSer2 Pol II (3E10),Goat anti-rat Alexa647,2501,250912_mACPOLR2A_Kinetic_pSer2,G,11,492.0139295014503,0.6658472020205133,,60,1.0,-8
89,G12,1644.8174891681601,264.35655525205567,319.40923401352615,1649.7371937639198,HCT116 OsTIRF74G,Vehicle,0,480,pSer2 Pol II (3E10),Goat anti-rat Alexa647,3143,250912_mACPOLR2A_Kinetic_pSer2,G,12,-5.4715395918750005,-0.00740468736664841,,0,0.0,-12
90,G13,1257.3985857380685,265.6865104399951,304.62786199644864,1693.1012701682114,HCT116 OsTIRF74G,Vehicle,0,480,Total Pol II (F12),Goat anti-mouse Alexa647,2913,250912_mACPOLR2A_Kinetic_pSer2,G,13,-4.141584403935553,-0.00560484616784443,,0,0.0,-12
91,G14,1001.3269384102766,723.0987486726267,303.4771306530002,2023.513153153153,HCT116 OsTIRF74G mAC-POLR2A Clone 5,5PhIAA,10,480,Total Pol II (F12),Goat anti-mouse Alexa647,2775,250912_mACPOLR2A_Kinetic_pSer2,G,14,453.270653828696,0.6134155529207558,,480,8.0,-8
92,G15,1006.2296711551184,703.9435418464293,314.22674964707744,2075.085429314831,HCT116 OsTIRF74G mAC-POLR2A Clone 5,5PhIAA,10,240,Total Pol II (F12),Goat anti-mouse Alexa647,2306,250912_mACPOLR2A_Kinetic_pSer2,G,15,434.1154470024986,0.5874926265469606,,240,4.0,-8
93,G16,1030.914932381597,751.3239515891105,308.67587110002626,2039.6145884672253,HCT116 OsTIRF74G mAC-POLR2A Clone 5,5PhIAA,10,120,Total Pol II (F12),Goat anti-mouse Alexa647,2029,250912_mACPOLR2A_Kinetic_pSer2,G,16,481.4958567451798,0.65161299258968,,120,2.0,-8
94,G17,1030.964118177712,796.2555328381334,310.6731203621794,2062.0234070221068,HCT116 OsTIRF74G mAC-POLR2A Clone 5,5PhIAA,10,60,Total Pol II (F12),Goat anti-mouse Alexa647,2307,250912_mACPOLR2A_Kinetic_pSer2,G,17,526.4274379942027,0.712419335384353,,60,1.0,-8
95,G18,1046.4616500817465,737.7290737430573,307.92186597442384,1990.1868409953606,HCT116 OsTIRF74G mAC-POLR2A Clone 5,5PhIAA,10,480,Total Pol II (F12),Goat anti-mouse Alexa647,2371,250912_mACPOLR2A_Kinetic_pSer2,G,18,467.9009788991266,0.6332149131190895,,480,8.0,-8
96,G19,962.4295480346515,721.6233109267346,310.59400568421154,2045.4188235294118,HCT116 OsTIRF74G mAC-POLR2A Clone 5,5PhIAA,10,240,Total Pol II (F12),Goat anti-mouse Alexa647,2125,250912_mACPOLR2A_Kinetic_pSer2,G,19,451.7952160828039,0.6114188287713944,,240,4.0,-8
97,G20,1063.5948646222475,767.5052784823032,310.2554488536404,2117.0065645514223,HCT116 OsTIRF74G mAC-POLR2A Clone 5,5PhIAA,10,120,Total Pol II (F12),Goat anti-mouse Alexa647,1828,250912_mACPOLR2A_Kinetic_pSer2,G,20,497.6771836383725,0.6735113385323022,,120,2.0,-8
98,G21,1143.7803931900055,839.3268873319845,312.8693478772804,2009.9793932455639,HCT116 OsTIRF74G mAC-POLR2A Clone 5,5PhIAA,10,60,Total Pol II (F12),Goat anti-mouse Alexa647,1747,250912_mACPOLR2A_Kinetic_pSer2,G,21,569.4987924880538,0.7707082153476181,,60,1.0,-8
99,G22,1348.069285594085,268.6791794530485,303.5379048557015,1699.0299435028248,HCT116 OsTIRF74G,Vehicle,0,480,Total Pol II (F12),Goat anti-mouse Alexa647,1770,250912_mACPOLR2A_Kinetic_pSer2,G,22,-1.1489153908821663,-0.0015548382932010867,,0,0.0,-12
100,H03,1632.2283907241494,272.79116201167716,302.7858454231611,1697.0964912280701,HCT116 OsTIRF74G,Vehicle,0,480,pSer2 Pol II (3E10),Goat anti-rat Alexa647,2394,250912_mACPOLR2A_Kinetic_pSer2,H,03,2.9630671677464875,0.00400994741153366,,0,0.0,-12
101,H04,1574.001698000008,957.0300126147752,303.3048776098817,2020.2940868655155,HCT116 OsTIRF74G mAC-POLR2A Clone 5,Vehicle,0,480,pSer2 Pol II (3E10),Goat anti-rat Alexa647,1911,250912_mACPOLR2A_Kinetic_pSer2,H,04,687.2019177708445,0.9299969914154613,,0,0.0,-12
102,H05,1212.0562014776694,429.3450263137986,305.4415477300496,2103.67922657412,HCT116 OsTIRF74G mAC-POLR2A Clone 5,5PhIAA,10000,240,pSer2 Pol II (3E10),Goat anti-rat Alexa647,2017,250912_mACPOLR2A_Kinetic_pSer2,H,05,159.51693146986793,0.21587580376379656,,240,4.0,-5
103,H06,1267.1862337495152,478.9085226241685,306.28633263559743,2016.2973443622116,HCT116 OsTIRF74G mAC-POLR2A Clone 5,5PhIAA,10000,120,pSer2 Pol II (3E10),Goat anti-rat Alexa647,2297,250912_mACPOLR2A_Kinetic_pSer2,H,06,209.0804277802378,0.28295056193996027,,120,2.0,-5
104,H07,1361.1900126720689,579.9257523485725,305.85318083361193,2111.3841326759302,HCT116 OsTIRF74G mAC-POLR2A Clone 5,5PhIAA,10000,60,pSer2 Pol II (3E10),Goat anti-rat Alexa647,2231,250912_mACPOLR2A_Kinetic_pSer2,H,07,310.0976575046418,0.41965815441811094,,60,1.0,-5
105,H08,1568.0300056736019,981.0433856522363,307.24131959709763,2017.2533524904215,HCT116 OsTIRF74G mAC-POLR2A Clone 5,Vehicle,0,480,pSer2 Pol II (3E10),Goat anti-rat Alexa647,2088,250912_mACPOLR2A_Kinetic_pSer2,H,08,711.2152908083057,0.9624945210367669,,0,0.0,-12
106,H09,1136.9159465319385,415.17417859016143,314.57851721089907,2075.7102406795657,HCT116 OsTIRF74G mAC-POLR2A Clone 5,5PhIAA,10000,240,pSer2 Pol II (3E10),Goat anti-rat Alexa647,2119,250912_mACPOLR2A_Kinetic_pSer2,H,09,145.34608374623076,0.1966982586959089,,240,4.0,-5
107,H10,1221.857756909526,466.82969245632773,310.1845412651902,2079.3800623052957,HCT116 OsTIRF74G mAC-POLR2A Clone 5,5PhIAA,10000,120,pSer2 Pol II (3E10),Goat anti-rat Alexa647,2568,250912_mACPOLR2A_Kinetic_pSer2,H,10,197.00159761239706,0.2666041644322978,,120,2.0,-5
108,H11,1422.9945485122475,592.4164511957127,320.57657467790193,2007.6021786492374,HCT116 OsTIRF74G mAC-POLR2A Clone 5,5PhIAA,10000,60,pSer2 Pol II (3E10),Goat anti-rat Alexa647,2295,250912_mACPOLR2A_Kinetic_pSer2,H,11,322.58835635178207,0.4365619377867578,,60,1.0,-5
109,H12,1664.4403157791735,263.27229812655327,309.55478286036094,1678.9544044665013,HCT116 OsTIRF74G,Vehicle,0,480,pSer2 Pol II (3E10),Goat anti-rat Alexa647,3224,250912_mACPOLR2A_Kinetic_pSer2,H,12,-6.5557967173774045,-0.008872023004926212,,0,0.0,-12
110,H13,1238.7182162260292,266.01955559319407,303.505002321927,1658.2905119008803,HCT116 OsTIRF74G,Vehicle,0,480,Total Pol II (F12),Goat anti-mouse Alexa647,3067,250912_mACPOLR2A_Kinetic_pSer2,H,13,-3.808539250736601,-0.005154132945906347,,0,0.0,-12
111,H14,1298.692946751233,1007.3238904323109,318.9003556545599,2027.636947487722,HCT116 OsTIRF74G mAC-POLR2A Clone 5,Vehicle,0,480,Total Pol II (F12),Goat anti-mouse Alexa647,2647,250912_mACPOLR2A_Kinetic_pSer2,H,14,737.4957955883802,0.9980601819383407,,0,0.0,-12
112,H15,574.1981366448338,434.8316118819367,324.67385828272353,2051.329065300896,HCT116 OsTIRF74G mAC-POLR2A Clone 5,5PhIAA,10000,240,Total Pol II (F12),Goat anti-mouse Alexa647,2343,250912_mACPOLR2A_Kinetic_pSer2,H,15,165.003517038006,0.22330085299541613,,240,4.0,-5
113,H16,601.7447156194879,478.4689599916819,318.07173664889837,2070.0971293747543,HCT116 OsTIRF74G mAC-POLR2A Clone 5,5PhIAA,10000,120,Total Pol II (F12),Goat anti-mouse Alexa647,2543,250912_mACPOLR2A_Kinetic_pSer2,H,16,208.64086514775124,0.2823556975846959,,120,2.0,-5
114,H17,797.9651023118919,612.5627343225157,322.945762376846,2060.5313309166236,HCT116 OsTIRF74G mAC-POLR2A Clone 5,5PhIAA,10000,60,Total Pol II (F12),Goat anti-mouse Alexa647,1931,250912_mACPOLR2A_Kinetic_pSer2,H,17,342.734639478585,0.46382609728867946,,60,1.0,-5
115,H18,1357.3988047871035,1020.0907380403781,317.68922325542223,1951.4997728305316,HCT116 OsTIRF74G mAC-POLR2A Clone 5,Vehicle,0,480,Total Pol II (F12),Goat anti-mouse Alexa647,2201,250912_mACPOLR2A_Kinetic_pSer2,H,18,750.2626431964475,1.015337680091833,,0,0.0,-12
116,H19,562.5306731583853,414.00313958481007,321.8150020203489,2087.2757242757243,HCT116 OsTIRF74G mAC-POLR2A Clone 5,5PhIAA,10000,240,Total Pol II (F12),Goat anti-mouse Alexa647,2002,250912_mACPOLR2A_Kinetic_pSer2,H,19,144.1750447408794,0.19511348030160577,,240,4.0,-5
117,H20,637.607691061008,479.20814134046867,315.61821264274494,2034.0925287356322,HCT116 OsTIRF74G mAC-POLR2A Clone 5,5PhIAA,10000,120,Total Pol II (F12),Goat anti-mouse Alexa647,1740,250912_mACPOLR2A_Kinetic_pSer2,H,20,209.380046496538,0.28335603884205446,,120,2.0,-5
118,H21,772.350179006408,582.2557823959833,310.77000965325095,2101.9948559670784,HCT116 OsTIRF74G mAC-POLR2A Clone 5,5PhIAA,10000,60,Total Pol II (F12),Goat anti-mouse Alexa647,1944,250912_mACPOLR2A_Kinetic_pSer2,H,21,312.4276875520526,0.4228114065816508,,60,1.0,-5
119,H22,1258.9080945465332,264.97890839943335,309.3013801002419,1737.4631236442517,HCT116 OsTIRF74G,Vehicle,0,480,Total Pol II (F12),Goat anti-mouse Alexa647,1844,250912_mACPOLR2A_Kinetic_pSer2,H,22,-4.84918644449732,-0.006562450842430518,,0,0.0,-12
120,I03,1650.0814911350374,267.7473876096396,294.3462576823243,1707.795634920635,HCT116 OsTIRF74G,5PhIAA,10000,480,pSer2 Pol II (3E10),Goat anti-rat Alexa647,2520,250912_mACPOLR2A_Kinetic_pSer2,I,03,-2.080707234291083,-0.0028158411929117434,,480,8.0,-5
121,I04,1187.2439646720568,430.64451302515636,301.3856177672714,2090.410520887055,HCT116 OsTIRF74G mAC-POLR2A Clone 5,5PhIAA,10000,480,pSer2 Pol II (3E10),Goat anti-rat Alexa647,1939,250912_mACPOLR2A_Kinetic_pSer2,I,04,160.81641818122569,0.2176344116790179,,480,8.0,-5
122,I05,1237.8543541806232,431.31469137605427,304.5174756278034,1953.6808070356958,HCT116 OsTIRF74G mAC-POLR2A Clone 5,5PhIAA,10000,480,pSer2 Pol II (3E10),Goat anti-rat Alexa647,1933,250912_mACPOLR2A_Kinetic_pSer2,I,05,161.4865965321236,0.2185413705129929,,480,8.0,-5
123,I06,1332.314282563426,442.3040832368558,309.8005815543599,1937.7041420118344,HCT116 OsTIRF74G mAC-POLR2A Clone 5,5PhIAA,10000,480,pSer2 Pol II (3E10),Goat anti-rat Alexa647,1859,250912_mACPOLR2A_Kinetic_pSer2,I,06,172.4759883929251,0.2334134206393707,,480,8.0,-5
124,I07,1284.5900011701744,434.54747666816206,307.3796474031032,1888.4196737518537,HCT116 OsTIRF74G mAC-POLR2A Clone 5,5PhIAA,10000,480,pSer2 Pol II (3E10),Goat anti-rat Alexa647,2023,250912_mACPOLR2A_Kinetic_pSer2,I,07,164.7193818242314,0.22291633006680917,,480,8.0,-5
125,I08,1257.4385619326524,440.1960993472771,310.08497401410534,1989.4188071397475,HCT116 OsTIRF74G mAC-POLR2A Clone 5,5PhIAA,10000,480,pSer2 Pol II (3E10),Goat anti-rat Alexa647,2297,250912_mACPOLR2A_Kinetic_pSer2,I,08,170.3680045033464,0.23056066568545605,,480,8.0,-5
126,I09,1214.4474129068426,431.57002801650293,314.02307648713975,2004.8792401628223,HCT116 OsTIRF74G mAC-POLR2A Clone 5,5PhIAA,10000,480,pSer2 Pol II (3E10),Goat anti-rat Alexa647,2211,250912_mACPOLR2A_Kinetic_pSer2,I,09,161.74193317257226,0.21888692005421898,,480,8.0,-5
127,I10,1273.5236331293825,436.883899380478,316.351466789815,2040.6122222222223,HCT116 OsTIRF74G mAC-POLR2A Clone 5,5PhIAA,10000,480,pSer2 Pol II (3E10),Goat anti-rat Alexa647,1800,250912_mACPOLR2A_Kinetic_pSer2,I,10,167.05580453654733,0.22607823348549713,,480,8.0,-5
128,I11,1253.8258326352475,442.2817345358796,321.3633599924123,2012.3193946634806,HCT116 OsTIRF74G mAC-POLR2A Clone 5,5PhIAA,10000,480,pSer2 Pol II (3E10),Goat anti-rat Alexa647,2511,250912_mACPOLR2A_Kinetic_pSer2,I,11,172.45363969194892,0.23338317592652516,,480,8.0,-5
129,I12,1586.2862097566194,267.3234636135931,306.1825356945061,1678.2509234178774,HCT116 OsTIRF74G,5PhIAA,10000,480,pSer2 Pol II (3E10),Goat anti-rat Alexa647,4061,250912_mACPOLR2A_Kinetic_pSer2,I,12,-2.5046312303375657,-0.003389541630464241,,480,8.0,-5
130,I13,1151.5325546898546,265.6095961979364,303.95801596957,1710.1796768008765,HCT116 OsTIRF74G,5PhIAA,10000,480,Total Pol II (F12),Goat anti-mouse Alexa647,3651,250912_mACPOLR2A_Kinetic_pSer2,I,13,-4.218498645994259,-0.005708934954359502,,480,8.0,-5
131,I14,633.1817636507624,442.73817224243425,315.7497448603841,1967.7186813186813,HCT116 OsTIRF74G mAC-POLR2A Clone 5,5PhIAA,10000,480,Total Pol II (F12),Goat anti-mouse Alexa647,2730,250912_mACPOLR2A_Kinetic_pSer2,I,14,172.91007739850357,0.23400087748248322,,480,8.0,-5
132,I15,625.4323753532104,439.5979571555701,314.1996298997058,1995.0946358482338,HCT116 OsTIRF74G mAC-POLR2A Clone 5,5PhIAA,10000,480,Total Pol II (F12),Goat anti-mouse Alexa647,2293,250912_mACPOLR2A_Kinetic_pSer2,I,15,169.76986231163943,0.229751194081345,,480,8.0,-5
133,I16,639.5004634593529,446.54379721420014,319.7118437957239,1912.8972133394243,HCT116 OsTIRF74G mAC-POLR2A Clone 5,5PhIAA,10000,480,Total Pol II (F12),Goat anti-mouse Alexa647,2189,250912_mACPOLR2A_Kinetic_pSer2,I,16,176.71570237026947,0.2391510665065162,,480,8.0,-5
134,I17,600.3716998662724,438.4946576999694,304.4930171281421,2010.2229934924078,HCT116 OsTIRF74G mAC-POLR2A Clone 5,5PhIAA,10000,480,Total Pol II (F12),Goat anti-mouse Alexa647,2305,250912_mACPOLR2A_Kinetic_pSer2,I,17,168.66656285603875,0.22825808827385932,,480,8.0,-5
135,I18,632.16779672399,444.6786142405462,313.0116871559042,2009.8525641025642,HCT116 OsTIRF74G mAC-POLR2A Clone 5,5PhIAA,10000,480,Total Pol II (F12),Goat anti-mouse Alexa647,2340,250912_mACPOLR2A_Kinetic_pSer2,I,18,174.85051939661554,0.23662689637677578,,480,8.0,-5
136,I19,623.2550633446839,449.05087400124023,318.66200763196304,1996.377990430622,HCT116 OsTIRF74G mAC-POLR2A Clone 5,5PhIAA,10000,480,Total Pol II (F12),Goat anti-mouse Alexa647,2508,250912_mACPOLR2A_Kinetic_pSer2,I,19,179.22277915730956,0.24254391773248196,,480,8.0,-5
137,I20,651.9495528275319,450.120277212696,324.1861616484068,1939.5955555555556,HCT116 OsTIRF74G mAC-POLR2A Clone 5,5PhIAA,10000,480,Total Pol II (F12),Goat anti-mouse Alexa647,1800,250912_mACPOLR2A_Kinetic_pSer2,I,20,180.29218236876534,0.2439911514254408,,480,8.0,-5
138,I21,646.3290980261689,449.0291884751786,314.0873828269029,1918.209889001009,HCT116 OsTIRF74G mAC-POLR2A Clone 5,5PhIAA,10000,480,Total Pol II (F12),Goat anti-mouse Alexa647,1982,250912_mACPOLR2A_Kinetic_pSer2,I,21,179.20109363124794,0.24251457050065237,,480,8.0,-5
139,I22,1246.9156424897596,267.564582758789,316.78387169132554,1704.3020134228188,HCT116 OsTIRF74G,5PhIAA,10000,480,Total Pol II (F12),Goat anti-mouse Alexa647,1937,250912_mACPOLR2A_Kinetic_pSer2,I,22,-2.263512085141656,-0.0030632327628576763,,480,8.0,-5
140,J03,1685.1532978801085,269.03477060547374,300.7342531098757,1696.6018860188601,HCT116 OsTIRF74G,Vehicle,0,480,pSer2 Pol II (3E10),Goat anti-rat Alexa647,2439,250912_mACPOLR2A_Kinetic_pSer2,J,03,-0.7933242384569326,-0.001073613352790342,,0,0.0,-12
141,J04,1187.2098803940594,445.47584129427054,292.1083476973286,2183.26618705036,HCT116 OsTIRF74G mAC-POLR2A Clone 5,5PhIAA,1000,480,pSer2 Pol II (3E10),Goat anti-rat Alexa647,2224,250912_mACPOLR2A_Kinetic_pSer2,J,04,175.64774645033987,0.23770579144715576,,480,8.0,-6
142,J05,1198.9229843408384,428.62609680806145,302.89765982382875,2012.5176348547718,HCT116 OsTIRF74G mAC-POLR2A Clone 5,5PhIAA,1000,240,pSer2 Pol II (3E10),Goat anti-rat Alexa647,1928,250912_mACPOLR2A_Kinetic_pSer2,J,05,158.79800196413078,0.2149028695212028,,240,4.0,-6
143,J06,1313.7912183001117,479.0286987203067,299.13960122580556,2024.1095238095238,HCT116 OsTIRF74G mAC-POLR2A Clone 5,5PhIAA,1000,120,pSer2 Pol II (3E10),Goat anti-rat Alexa647,1890,250912_mACPOLR2A_Kinetic_pSer2,J,06,209.20060387637602,0.2831131974113674,,120,2.0,-6
144,J07,1372.2327121742776,591.9545256832668,308.11902311708644,2079.165839829908,HCT116 OsTIRF74G mAC-POLR2A Clone 5,5PhIAA,1000,60,pSer2 Pol II (3E10),Goat anti-rat Alexa647,2822,250912_mACPOLR2A_Kinetic_pSer2,J,07,322.1264308393361,0.43593680953009295,,60,1.0,-6
145,J08,1163.1318156817972,432.9198765175999,289.07086481917764,2030.3272208638957,HCT116 OsTIRF74G mAC-POLR2A Clone 5,5PhIAA,1000,480,pSer2 Pol II (3E10),Goat anti-rat Alexa647,2454,250912_mACPOLR2A_Kinetic_pSer2,J,08,163.09178167366923,0.2207136830658226,,480,8.0,-6
146,J09,1157.5775579370093,432.49469369638524,309.8257778594426,1967.6831758034027,HCT116 OsTIRF74G mAC-POLR2A Clone 5,5PhIAA,1000,240,pSer2 Pol II (3E10),Goat anti-rat Alexa647,2645,250912_mACPOLR2A_Kinetic_pSer2,J,09,162.66659885245457,0.22013827904801392,,240,4.0,-6
147,J10,1245.661284318493,487.36623185109136,301.4348028701175,2033.2306800618237,HCT116 OsTIRF74G mAC-POLR2A Clone 5,5PhIAA,1000,120,pSer2 Pol II (3E10),Goat anti-rat Alexa647,2588,250912_mACPOLR2A_Kinetic_pSer2,J,10,217.53813700716069,0.29439646151023463,,120,2.0,-6
148,J11,1404.5526783327575,598.4839569741068,318.4200488174223,2067.876179690449,HCT116 OsTIRF74G mAC-POLR2A Clone 5,5PhIAA,1000,60,pSer2 Pol II (3E10),Goat anti-rat Alexa647,2649,250912_mACPOLR2A_Kinetic_pSer2,J,11,328.65586213017616,0.44477315194868344,,60,1.0,-6
149,J12,1540.7931925977446,267.8879999044575,296.7629225267322,1727.058698296837,HCT116 OsTIRF74G,Vehicle,0,480,pSer2 Pol II (3E10),Goat anti-rat Alexa647,3288,250912_mACPOLR2A_Kinetic_pSer2,J,12,-1.9400949394731697,-0.0026255492164852607,,0,0.0,-12
150,J13,1193.3470872886471,265.2112829964902,294.573612893419,1719.3816222687817,HCT116 OsTIRF74G,Vehicle,0,480,Total Pol II (F12),Goat anti-mouse Alexa647,3341,250912_mACPOLR2A_Kinetic_pSer2,J,13,-4.616811847440488,-0.00624797605626396,,0,0.0,-12
151,J14,633.0585220137273,453.5810342300344,310.2692438087621,2000.5060783430888,HCT116 OsTIRF74G mAC-POLR2A Clone 5,5PhIAA,1000,480,Total Pol II (F12),Goat anti-mouse Alexa647,2221,250912_mACPOLR2A_Kinetic_pSer2,J,14,183.75293938610372,0.24867462731646398,,480,8.0,-6
152,J15,565.644744737021,433.37164397178043,312.8624765487118,2065.9603143418467,HCT116 OsTIRF74G mAC-POLR2A Clone 5,5PhIAA,1000,120,Total Pol II (F12),Goat anti-mouse Alexa647,2545,250912_mACPOLR2A_Kinetic_pSer2,J,15,163.54354912784976,0.22132506432414356,,120,2.0,-6
153,J16,617.7533600280805,486.08503741767794,307.83639936766855,2058.6078147612156,HCT116 OsTIRF74G mAC-POLR2A Clone 5,5PhIAA,1000,240,Total Pol II (F12),Goat anti-mouse Alexa647,2073,250912_mACPOLR2A_Kinetic_pSer2,J,16,216.25694257374727,0.29266260871139826,,240,4.0,-6
154,J17,807.9544918889992,614.4993583330731,316.93373283088187,2050.6448723690105,HCT116 OsTIRF74G mAC-POLR2A Clone 5,5PhIAA,1000,60,Total Pol II (F12),Goat anti-mouse Alexa647,2233,250912_mACPOLR2A_Kinetic_pSer2,J,17,344.67126348914246,0.46644694926354546,,60,1.0,-6
155,J18,616.2360502844522,450.7465225129892,301.86866534451104,2002.9519184069936,HCT116 OsTIRF74G mAC-POLR2A Clone 5,5PhIAA,1000,480,Total Pol II (F12),Goat anti-mouse Alexa647,2059,250912_mACPOLR2A_Kinetic_pSer2,J,18,180.91842766905853,0.24483865523778459,,480,8.0,-6
156,J19,563.2122741620854,434.5971206790429,311.9793068073471,1953.922077922078,HCT116 OsTIRF74G mAC-POLR2A Clone 5,5PhIAA,1000,240,Total Pol II (F12),Goat anti-mouse Alexa647,1848,250912_mACPOLR2A_Kinetic_pSer2,J,19,164.76902583511225,0.22298351378613107,,240,4.0,-6
157,J20,584.0075260469166,481.78472943515214,295.3906700420917,2035.460302457467,HCT116 OsTIRF74G mAC-POLR2A Clone 5,5PhIAA,1000,120,Total Pol II (F12),Goat anti-mouse Alexa647,2116,250912_mACPOLR2A_Kinetic_pSer2,J,20,211.95663459122147,0.2868429603919032,,120,2.0,-6
158,J21,765.2983993724679,618.2619677917775,306.96132088457205,2008.6707188160676,HCT116 OsTIRF74G mAC-POLR2A Clone 5,5PhIAA,1000,60,Total Pol II (F12),Goat anti-mouse Alexa647,1892,250912_mACPOLR2A_Kinetic_pSer2,J,21,348.4338729478468,0.47153892497836475,,60,1.0,-6
159,J22,1245.0263234121323,268.08360075156565,310.95315415761996,1647.3950966525224,HCT116 OsTIRF74G,Vehicle,0,480,Total Pol II (F12),Goat anti-mouse Alexa647,2121,250912_mACPOLR2A_Kinetic_pSer2,J,22,-1.7444940923650165,-0.0023608407012369703,,0,0.0,-12
160,K03,1774.6097907926526,267.111276833509,295.5631256989122,1676.2462479155085,HCT116 OsTIRF74G,Vehicle,0,480,pSer2 Pol II (3E10),Goat anti-rat Alexa647,1799,250912_mACPOLR2A_Kinetic_pSer2,K,03,-2.7168180104216617,-0.003676696048974095,,0,0.0,-12
161,K04,1335.9124942492074,502.6227667928655,291.4702993632363,1954.6294416243654,HCT116 OsTIRF74G mAC-POLR2A Clone 5,5PhIAA,100,480,pSer2 Pol II (3E10),Goat anti-rat Alexa647,1773,250912_mACPOLR2A_Kinetic_pSer2,K,04,232.79467194893482,0.31504327757457246,,480,8.0,-7
162,K05,1385.130228746997,493.5606065481459,308.2529091029014,1956.5857664233577,HCT116 OsTIRF74G mAC-POLR2A Clone 5,5PhIAA,100,240,pSer2 Pol II (3E10),Goat anti-rat Alexa647,1644,250912_mACPOLR2A_Kinetic_pSer2,K,05,223.73251170421526,0.3027793686049174,,240,4.0,-7
163,K06,1380.5866587318285,534.2316346556596,302.2668833921363,1938.3206951026857,HCT116 OsTIRF74G mAC-POLR2A Clone 5,5PhIAA,100,120,pSer2 Pol II (3E10),Goat anti-rat Alexa647,1899,250912_mACPOLR2A_Kinetic_pSer2,K,06,264.40353981172893,0.35781986369034324,,120,2.0,-7
164,K07,1511.8634078428306,634.9403255707904,307.6959185335119,2056.882080329557,HCT116 OsTIRF74G mAC-POLR2A Clone 5,5PhIAA,100,60,pSer2 Pol II (3E10),Goat anti-rat Alexa647,1942,250912_mACPOLR2A_Kinetic_pSer2,K,07,365.1122307268597,0.4941099076184407,,60,1.0,-7
165,K08,1282.9214976513947,514.1694182046971,302.39842404436797,2034.8219895287957,HCT116 OsTIRF74G mAC-POLR2A Clone 5,5PhIAA,100,480,pSer2 Pol II (3E10),Goat anti-rat Alexa647,2483,250912_mACPOLR2A_Kinetic_pSer2,K,08,244.3413233607664,0.3306694724326422,,480,8.0,-7
166,K09,1331.4510393739363,477.7042861168296,311.79975893967213,2017.7987388334209,HCT116 OsTIRF74G mAC-POLR2A Clone 5,5PhIAA,100,240,pSer2 Pol II (3E10),Goat anti-rat Alexa647,1903,250912_mACPOLR2A_Kinetic_pSer2,K,09,207.87619127289895,0.2813208570456394,,240,4.0,-7
167,K10,1404.1707055991235,532.863795117645,313.82092879758596,1942.0042194092828,HCT116 OsTIRF74G mAC-POLR2A Clone 5,5PhIAA,100,120,pSer2 Pol II (3E10),Goat anti-rat Alexa647,1896,250912_mACPOLR2A_Kinetic_pSer2,K,10,263.0357002737144,0.3559687532347452,,120,2.0,-7
168,K11,1439.8000047637381,646.7640316218244,312.40645325553646,2008.7611319184352,HCT116 OsTIRF74G mAC-POLR2A Clone 5,5PhIAA,100,60,pSer2 Pol II (3E10),Goat anti-rat Alexa647,2403,250912_mACPOLR2A_Kinetic_pSer2,K,11,376.93593677789374,0.5101110431951741,,60,1.0,-7
169,K12,1612.6156867087323,265.2823432147537,296.7787432054701,1683.121959575197,HCT116 OsTIRF74G,Vehicle,0,480,pSer2 Pol II (3E10),Goat anti-rat Alexa647,2919,250912_mACPOLR2A_Kinetic_pSer2,K,12,-4.545751629176948,-0.006151809576681383,,0,0.0,-12
170,K13,1103.593551328471,266.3981038151192,297.5180482129967,1683.4615144904956,HCT116 OsTIRF74G,Vehicle,0,480,Total Pol II (F12),Goat anti-mouse Alexa647,3209,250912_mACPOLR2A_Kinetic_pSer2,K,13,-3.4299910288114575,-0.004641839981652062,,0,0.0,-12
171,K14,750.0359383056954,541.5411832517226,311.2395957331786,2017.3226086956522,HCT116 OsTIRF74G mAC-POLR2A Clone 5,5PhIAA,100,480,Total Pol II (F12),Goat anti-mouse Alexa647,2300,250912_mACPOLR2A_Kinetic_pSer2,K,14,271.71308840779193,0.3677119463914432,,480,8.0,-7
172,K15,650.188552642252,487.4691698308234,306.4608092917717,2058.465038314176,HCT116 OsTIRF74G mAC-POLR2A Clone 5,5PhIAA,100,120,Total Pol II (F12),Goat anti-mouse Alexa647,2088,250912_mACPOLR2A_Kinetic_pSer2,K,15,217.6410749868927,0.2945357684722462,,120,2.0,-7
173,K16,698.2924190301961,560.7688421652962,309.958338028862,2031.9174635128334,HCT116 OsTIRF74G mAC-POLR2A Clone 5,5PhIAA,100,240,Total Pol II (F12),Goat anti-mouse Alexa647,1987,250912_mACPOLR2A_Kinetic_pSer2,K,16,290.9407473213655,0.39373292287473205,,240,4.0,-7
174,K17,768.6365046846677,650.6737602975624,300.32179587075046,2096.823134953898,HCT116 OsTIRF74G mAC-POLR2A Clone 5,5PhIAA,100,60,Total Pol II (F12),Goat anti-mouse Alexa647,2386,250912_mACPOLR2A_Kinetic_pSer2,K,17,380.8456654536317,0.5154021167670897,,60,1.0,-7
175,K18,723.1929214172116,518.9615564608887,303.3243843905698,1958.0979699911738,HCT116 OsTIRF74G mAC-POLR2A Clone 5,5PhIAA,100,480,Total Pol II (F12),Goat anti-mouse Alexa647,2266,250912_mACPOLR2A_Kinetic_pSer2,K,18,249.13346161695802,0.33715471941094194,,480,8.0,-7
176,K19,660.8879762333786,500.6022251384049,309.9028976013413,2086.571280456195,HCT116 OsTIRF74G mAC-POLR2A Clone 5,5PhIAA,100,240,Total Pol II (F12),Goat anti-mouse Alexa647,1929,250912_mACPOLR2A_Kinetic_pSer2,K,19,230.77413029447422,0.3123088590418457,,240,4.0,-7
177,K20,646.3701210571309,533.6906933798775,305.6173867384669,2100.9641943734014,HCT116 OsTIRF74G mAC-POLR2A Clone 5,5PhIAA,100,120,Total Pol II (F12),Goat anti-mouse Alexa647,1955,250912_mACPOLR2A_Kinetic_pSer2,K,20,263.86259853594686,0.35708780263812495,,120,2.0,-7
178,K21,776.0036617067815,646.6457241981939,302.5849544666371,2065.8133147113595,HCT116 OsTIRF74G mAC-POLR2A Clone 5,5PhIAA,100,60,Total Pol II (F12),Goat anti-mouse Alexa647,2148,250912_mACPOLR2A_Kinetic_pSer2,K,21,376.8176293542632,0.5099509366163167,,60,1.0,-7
179,K22,1174.3456499663905,264.2079623160607,300.9710278198441,1677.7155260469867,HCT116 OsTIRF74G,Vehicle,0,480,Total Pol II (F12),Goat anti-mouse Alexa647,1958,250912_mACPOLR2A_Kinetic_pSer2,K,22,-5.620132527869998,-0.0076057796218464225,,0,0.0,-12
180,L03,1610.2528966192212,269.3344642876325,288.5278229338394,1719.693449334698,HCT116 OsTIRF74G,Vehicle,0,480,pSer2 Pol II (3E10),Goat anti-rat Alexa647,1954,250912_mACPOLR2A_Kinetic_pSer2,L,03,-0.49363055629817154,-0.0006680349986757807,,0,0.0,-12
181,L04,1595.6133029109783,726.2211943230789,297.0718731316424,2026.7654485049834,HCT116 OsTIRF74G mAC-POLR2A Clone 5,5PhIAA,10,480,pSer2 Pol II (3E10),Goat anti-rat Alexa647,1505,250912_mACPOLR2A_Kinetic_pSer2,L,04,456.3930994791482,0.6176411887720037,,480,8.0,-8
182,L05,1445.894897667103,702.7794124668387,300.75092417784344,2009.5133136094676,HCT116 OsTIRF74G mAC-POLR2A Clone 5,5PhIAA,10,240,pSer2 Pol II (3E10),Goat anti-rat Alexa647,2028,250912_mACPOLR2A_Kinetic_pSer2,L,05,432.95131762290805,0.5859171990159237,,240,4.0,-8
183,L06,1463.7362188600744,683.085761389273,291.0105372383131,2085.0665105386415,HCT116 OsTIRF74G mAC-POLR2A Clone 5,5PhIAA,10,120,pSer2 Pol II (3E10),Goat anti-rat Alexa647,2135,250912_mACPOLR2A_Kinetic_pSer2,L,06,413.2576665453423,0.5592655908371622,,120,2.0,-8
184,L07,1512.9545235281848,772.3789852806498,300.2733527013753,2014.380551659654,HCT116 OsTIRF74G mAC-POLR2A Clone 5,5PhIAA,10,60,pSer2 Pol II (3E10),Goat anti-rat Alexa647,2139,250912_mACPOLR2A_Kinetic_pSer2,L,07,502.5508904367191,0.6801069730063823,,60,1.0,-8
185,L08,1529.0425495386364,739.6058722863173,297.30165300522054,1972.449223946785,HCT116 OsTIRF74G mAC-POLR2A Clone 5,5PhIAA,10,480,pSer2 Pol II (3E10),Goat anti-rat Alexa647,2255,250912_mACPOLR2A_Kinetic_pSer2,L,08,469.77777744238665,0.6357548027113459,,480,8.0,-8
186,L09,1391.2728183004401,696.2557877043242,300.81167742318337,2072.252398831873,HCT116 OsTIRF74G mAC-POLR2A Clone 5,5PhIAA,10,240,pSer2 Pol II (3E10),Goat anti-rat Alexa647,2397,250912_mACPOLR2A_Kinetic_pSer2,L,09,426.42769286039356,0.577088714628188,,240,4.0,-8
187,L10,1453.132061542168,735.2872951909934,297.1490429575343,2036.0600169061709,HCT116 OsTIRF74G mAC-POLR2A Clone 5,5PhIAA,10,120,pSer2 Pol II (3E10),Goat anti-rat Alexa647,2366,250912_mACPOLR2A_Kinetic_pSer2,L,10,465.45920034706273,0.6299104306250819,,120,2.0,-8
188,L11,1574.7999377913297,812.116684018432,310.105243262729,2040.6310360993905,HCT116 OsTIRF74G mAC-POLR2A Clone 5,5PhIAA,10,60,pSer2 Pol II (3E10),Goat anti-rat Alexa647,2133,250912_mACPOLR2A_Kinetic_pSer2,L,11,542.2885891745013,0.7338843844428778,,60,1.0,-8
189,L12,1605.8859695238784,264.0503778690245,287.66382291411355,1680.7282533054977,HCT116 OsTIRF74G,Vehicle,0,480,pSer2 Pol II (3E10),Goat anti-rat Alexa647,2874,250912_mACPOLR2A_Kinetic_pSer2,L,12,-5.777716974906184,-0.007819040175764713,,0,0.0,-12
190,L13,1222.912233573067,265.7727181935462,288.1936949016299,1703.4003139717424,HCT116 OsTIRF74G,Vehicle,0,480,Total Pol II (F12),Goat anti-mouse Alexa647,1911,250912_mACPOLR2A_Kinetic_pSer2,L,13,-4.05537665038446,-0.005488180382482148,,0,0.0,-12
191,L14,1013.7563042352394,759.0824635866007,348.3724526560343,2005.4643377001455,HCT116 OsTIRF74G mAC-POLR2A Clone 5,5PhIAA,10,480,Total Pol II (F12),Goat anti-mouse Alexa647,2061,250912_mACPOLR2A_Kinetic_pSer2,L,14,489.25436874267007,0.6621126617974321,,480,8.0,-8
192,L15,924.7848042779873,726.1078078178622,304.8499303944694,2063.6262931034485,HCT116 OsTIRF74G mAC-POLR2A Clone 5,5PhIAA,10,120,Total Pol II (F12),Goat anti-mouse Alexa647,2320,250912_mACPOLR2A_Kinetic_pSer2,L,15,456.2797129739315,0.6174877417195557,,120,2.0,-8
193,L16,960.1394601774977,749.7458729772757,316.29037317965697,2108.2717277486913,HCT116 OsTIRF74G mAC-POLR2A Clone 5,5PhIAA,10,240,Total Pol II (F12),Goat anti-mouse Alexa647,1910,250912_mACPOLR2A_Kinetic_pSer2,L,16,479.917778133345,0.6494773635652673,,240,4.0,-8
194,L17,1049.825669136789,851.3193264278646,313.3904291665275,2129.003203074952,HCT116 OsTIRF74G mAC-POLR2A Clone 5,5PhIAA,10,60,Total Pol II (F12),Goat anti-mouse Alexa647,1561,250912_mACPOLR2A_Kinetic_pSer2,L,17,581.4912315839339,0.7869376989833443,,60,1.0,-8
195,L18,1006.8078780367018,773.7375278909657,318.02824890171,1921.7939058171746,HCT116 OsTIRF74G mAC-POLR2A Clone 5,5PhIAA,10,480,Total Pol II (F12),Goat anti-mouse Alexa647,1805,250912_mACPOLR2A_Kinetic_pSer2,L,18,503.909433047035,0.6819455018399483,,480,8.0,-8
196,L19,894.2402930949411,719.4941015806221,300.1163563962447,2069.6767830045524,HCT116 OsTIRF74G mAC-POLR2A Clone 5,5PhIAA,10,240,Total Pol II (F12),Goat anti-mouse Alexa647,1977,250912_mACPOLR2A_Kinetic_pSer2,L,19,449.66600673669143,0.6085373492021849,,240,4.0,-8
197,L20,995.0418336192511,761.1619271578181,312.26670701625204,1884.4035921817222,HCT116 OsTIRF74G mAC-POLR2A Clone 5,5PhIAA,10,120,Total Pol II (F12),Goat anti-mouse Alexa647,1893,250912_mACPOLR2A_Kinetic_pSer2,L,20,491.33383231388746,0.6649268199290965,,120,2.0,-8
198,L21,1029.8708793098428,840.030060596456,308.0615453321862,2055.1919140225177,HCT116 OsTIRF74G mAC-POLR2A Clone 5,5PhIAA,10,60,Total Pol II (F12),Goat anti-mouse Alexa647,1954,250912_mACPOLR2A_Kinetic_pSer2,L,21,570.2019657525253,0.7716598265167539,,60,1.0,-8
199,L22,1232.6848171192357,267.0166279247683,307.6641173818978,1664.9205097087379,HCT116 OsTIRF74G,Vehicle,0,480,Total Pol II (F12),Goat anti-mouse Alexa647,1648,250912_mACPOLR2A_Kinetic_pSer2,L,22,-2.811466919162399,-0.003804785331168145,,0,0.0,-12
200,M03,1773.1689304080735,266.1896767540418,284.4879247101109,1682.6987261146496,HCT116 OsTIRF74G,Vehicle,0,480,pSer2 Pol II (3E10),Goat anti-rat Alexa647,1570,250912_mACPOLR2A_Kinetic_pSer2,M,03,-3.638418089888887,-0.004923906336123752,,0,0.0,-12
201,M04,1496.0079610317803,982.4916043501759,290.1887981334094,2005.1782583284628,HCT116 OsTIRF74G mAC-POLR2A Clone 5,Vehicle,0,480,pSer2 Pol II (3E10),Goat anti-rat Alexa647,1711,250912_mACPOLR2A_Kinetic_pSer2,M,04,712.6635095062452,0.9644544093856882,,0,0.0,-12
202,M05,1136.18020886826,420.7470863537332,293.807059103668,2023.861617312073,HCT116 OsTIRF74G mAC-POLR2A Clone 5,5PhIAA,10000,240,pSer2 Pol II (3E10),Goat anti-rat Alexa647,1756,250912_mACPOLR2A_Kinetic_pSer2,M,05,150.91899150980254,0.20424012858819562,,240,4.0,-5
203,M06,1293.3069775281203,517.1088915093289,287.0976549749479,2038.031568722681,HCT116 OsTIRF74G mAC-POLR2A Clone 5,5PhIAA,10000,120,pSer2 Pol II (3E10),Goat anti-rat Alexa647,2059,250912_mACPOLR2A_Kinetic_pSer2,M,06,247.28079666539827,0.3346474900413842,,120,2.0,-5
204,M07,1316.5662675469732,577.6789076095042,289.5000319003548,2117.6311224489796,HCT116 OsTIRF74G mAC-POLR2A Clone 5,5PhIAA,10000,60,pSer2 Pol II (3E10),Goat anti-rat Alexa647,1960,250912_mACPOLR2A_Kinetic_pSer2,M,07,307.85081276557355,0.4166174777356458,,60,1.0,-5
205,M08,1582.186314729107,1018.5141135665225,303.77380907546336,1972.792100932529,HCT116 OsTIRF74G mAC-POLR2A Clone 5,Vehicle,0,480,pSer2 Pol II (3E10),Goat anti-rat Alexa647,1823,250912_mACPOLR2A_Kinetic_pSer2,M,08,748.6860187225918,1.0132040189663898,,0,0.0,-12
206,M09,1179.9188638912422,428.3338234935328,306.5697764279808,1893.143310082435,HCT116 OsTIRF74G mAC-POLR2A Clone 5,5PhIAA,10000,240,pSer2 Pol II (3E10),Goat anti-rat Alexa647,1577,250912_mACPOLR2A_Kinetic_pSer2,M,09,158.50572864960213,0.2145073332222583,,240,4.0,-5
207,M10,1242.8282189280642,477.52500870939156,296.05030451298865,2045.833836858006,HCT116 OsTIRF74G mAC-POLR2A Clone 5,5PhIAA,10000,120,pSer2 Pol II (3E10),Goat anti-rat Alexa647,1986,250912_mACPOLR2A_Kinetic_pSer2,M,10,207.69691386546089,0.28107823919892705,,120,2.0,-5
208,M11,1345.7594889678169,601.0333537522412,298.1896507120301,2211.9206500956025,HCT116 OsTIRF74G mAC-POLR2A Clone 5,5PhIAA,10000,60,pSer2 Pol II (3E10),Goat anti-rat Alexa647,2092,250912_mACPOLR2A_Kinetic_pSer2,M,11,331.2052589083105,0.44822327522726807,,60,1.0,-5
209,M12,1753.621231446855,271.39335967068484,298.0656802891407,1635.4493150684932,HCT116 OsTIRF74G,Vehicle,0,480,pSer2 Pol II (3E10),Goat anti-rat Alexa647,2190,250912_mACPOLR2A_Kinetic_pSer2,M,12,1.5652648267541736,0.002118288005324284,,0,0.0,-12
210,M13,1177.0006864269983,268.694723942706,292.2167549424265,1643.1515422440768,HCT116 OsTIRF74G,Vehicle,0,480,Total Pol II (F12),Goat anti-mouse Alexa647,2237,250912_mACPOLR2A_Kinetic_pSer2,M,13,-1.13337090122468,-0.0015338017852392861,,0,0.0,-12
211,M14,1333.4172956781326,1070.5159510238905,316.2416017755477,1922.7172533179457,HCT116 OsTIRF74G mAC-POLR2A Clone 5,Vehicle,0,480,Total Pol II (F12),Goat anti-mouse Alexa647,1733,250912_mACPOLR2A_Kinetic_pSer2,M,14,800.6878561799598,1.0835786077630916,,0,0.0,-12
212,M15,554.528824913049,438.80546698306375,314.9874134081626,1976.9249667994688,HCT116 OsTIRF74G mAC-POLR2A Clone 5,5PhIAA,10000,120,Total Pol II (F12),Goat anti-mouse Alexa647,1506,250912_mACPOLR2A_Kinetic_pSer2,M,15,168.97737213913308,0.2286787094780599,,120,2.0,-5
213,M16,601.9384708846975,490.889502999326,311.3799959833221,2031.9846897663174,HCT116 OsTIRF74G mAC-POLR2A Clone 5,5PhIAA,10000,240,Total Pol II (F12),Goat anti-mouse Alexa647,1241,250912_mACPOLR2A_Kinetic_pSer2,M,16,221.06140815539533,0.29916453837827933,,240,4.0,-5
214,M17,746.5163577050625,622.1400594521607,311.5950117540785,2066.5024154589373,HCT116 OsTIRF74G mAC-POLR2A Clone 5,5PhIAA,10000,60,Total Pol II (F12),Goat anti-mouse Alexa647,1656,250912_mACPOLR2A_Kinetic_pSer2,M,17,352.31196460823,0.47678718387189195,,60,1.0,-5
215,M18,1271.6778164930029,1033.0485331938394,304.677534408454,2061.019822639541,HCT116 OsTIRF74G mAC-POLR2A Clone 5,Vehicle,0,480,Total Pol II (F12),Goat anti-mouse Alexa647,1917,250912_mACPOLR2A_Kinetic_pSer2,M,18,763.2204383499087,1.0328735894024286,,0,0.0,-12
216,M19,536.0165367381296,432.6952297615886,317.97224681568883,2063.6847767617,HCT116 OsTIRF74G mAC-POLR2A Clone 5,5PhIAA,10000,240,Total Pol II (F12),Goat anti-mouse Alexa647,1859,250912_mACPOLR2A_Kinetic_pSer2,M,19,162.86713491765795,0.22040966644156834,,240,4.0,-5
217,M20,584.9168391047218,498.778586141409,303.5726086218733,1962.3380035026269,HCT116 OsTIRF74G mAC-POLR2A Clone 5,5PhIAA,10000,120,Total Pol II (F12),Goat anti-mouse Alexa647,1713,250912_mACPOLR2A_Kinetic_pSer2,M,20,228.95049129747832,0.3098409107768939,,120,2.0,-5
218,M21,749.2456903195406,612.6111062521667,309.7246711702549,2003.1104684788895,HCT116 OsTIRF74G mAC-POLR2A Clone 5,5PhIAA,10000,60,Total Pol II (F12),Goat anti-mouse Alexa647,1729,250912_mACPOLR2A_Kinetic_pSer2,M,21,342.783011408236,0.46389155948818894,,60,1.0,-5
219,M22,1131.5503430583858,269.3370575755087,307.0492683017867,1753.268930523029,HCT116 OsTIRF74G,Vehicle,0,480,Total Pol II (F12),Goat anti-mouse Alexa647,2562,250912_mACPOLR2A_Kinetic_pSer2,M,22,-0.4910372684219624,-0.0006645254771503286,,0,0.0,-12
220,N03,1790.3280276669047,268.3975992855761,296.34179385802395,1698.6520127118645,HCT116 OsTIRF74G,Vehicle,0,480,pSer2 Pol II (3E10),Goat anti-rat Alexa647,1888,250912_mACPOLR2A_Kinetic_pSer2,N,03,-1.4304955583545507,-0.0019359034529739707,,0,0.0,-12
221,N04,1761.315053455097,269.72281210069065,287.5948144995595,1701.872110181997,HCT116 OsTIRF74G,Vehicle,0,480,pSer2 Pol II (3E10),Goat anti-rat Alexa647,2033,250912_mACPOLR2A_Kinetic_pSer2,N,04,-0.10528274324002496,-0.00014248015310958404,,0,0.0,-12
222,N05,1883.7137628383025,269.401910533212,286.246689166416,1699.1182136602451,HCT116 OsTIRF74G,Vehicle,0,480,pSer2 Pol II (3E10),Goat anti-rat Alexa647,1142,250912_mACPOLR2A_Kinetic_pSer2,N,05,-0.4261843107186678,-0.0005767593432255245,,0,0.0,-12
223,N06,1788.884451718996,271.95110254312726,283.2824269779581,1707.4543624161074,HCT116 OsTIRF74G,Vehicle,0,480,pSer2 Pol II (3E10),Goat anti-rat Alexa647,1490,250912_mACPOLR2A_Kinetic_pSer2,N,06,2.1230076991965916,0.0028730868205508625,,0,0.0,-12
224,N07,1851.9925401301273,269.0256566035247,283.31550716969974,1716.575,HCT116 OsTIRF74G,Vehicle,0,480,pSer2 Pol II (3E10),Goat anti-rat Alexa647,1240,250912_mACPOLR2A_Kinetic_pSer2,N,07,-0.8024382404059907,-0.0010859474196390976,,0,0.0,-12
225,N08,1790.830916322439,268.1889270889058,289.6817365718222,1653.7963898916967,HCT116 OsTIRF74G,Vehicle,0,480,pSer2 Pol II (3E10),Goat anti-rat Alexa647,1385,250912_mACPOLR2A_Kinetic_pSer2,N,08,-1.6391677550248573,-0.0022183015518106998,,0,0.0,-12
226,N09,203.33781702163228,276.54947568788606,287.16624181507393,1748.4922206506365,HCT116 OsTIRF74G,Vehicle,0,480,No primary,Goat anti-rat Alexa647,1414,250912_mACPOLR2A_Kinetic_pSer2,N,09,6.721380843955387,0.009096109602418846,,0,0.0,-12
227,N10,1811.7017947028496,273.1009489643924,295.9625346483989,1672.7975384615384,HCT116 OsTIRF74G,Vehicle,0,480,pSer2 Pol II (3E10),Goat anti-rat Alexa647,1625,250912_mACPOLR2A_Kinetic_pSer2,N,10,3.272854120461716,0.004429185086159878,,0,0.0,-12
228,N11,179.4127875003005,273.0007173730363,293.18895945817445,1707.0605,HCT116 OsTIRF74G,Vehicle,0,480,No primary,Goat anti-rat Alexa647,2000,250912_mACPOLR2A_Kinetic_pSer2,N,11,3.172622529105638,0.00429354070567225,,0,0.0,-12
229,N12,1837.8694822319765,269.68717195698275,292.37438183825276,1654.7054896142433,HCT116 OsTIRF74G,Vehicle,0,480,pSer2 Pol II (3E10),Goat anti-rat Alexa647,1348,250912_mACPOLR2A_Kinetic_pSer2,N,12,-0.14092288694791932,-0.0001907123037553119,,0,0.0,-12
230,N13,183.62841412333114,266.5286562930568,298.8407850994487,1694.632045929019,HCT116 OsTIRF74G,Vehicle,0,480,Total Pol II (F12),Goat anti-mouse Alexa647,1916,250912_mACPOLR2A_Kinetic_pSer2,N,13,-3.2994385508738446,-0.0044651620525542265,,0,0.0,-12
231,N14,1170.0553536019963,270.33327823949605,293.8288683726418,1750.6822846943328,HCT116 OsTIRF74G,Vehicle,0,480,Total Pol II (F12),Goat anti-mouse Alexa647,2241,250912_mACPOLR2A_Kinetic_pSer2,N,14,0.5051833955653819,0.0006836695676182888,,0,0.0,-12
232,N15,183.89977679747875,266.4460850086465,296.65546499073736,1669.1383526383527,HCT116 OsTIRF74G,Vehicle,0,480,Total Pol II (F12),Goat anti-mouse Alexa647,1554,250912_mACPOLR2A_Kinetic_pSer2,N,15,-3.3820098352841796,-0.004576906569112064,,0,0.0,-12
233,N16,1180.0587962244297,267.1334580452025,294.68948985463277,1706.2116136236739,HCT116 OsTIRF74G,Vehicle,0,480,Total Pol II (F12),Goat anti-mouse Alexa647,1791,250912_mACPOLR2A_Kinetic_pSer2,N,16,-2.6946367987281974,-0.003646678000992235,,0,0.0,-12
234,N17,185.13298778922294,269.18392836345737,298.98024500523184,1710.172324881822,HCT116 OsTIRF74G,Vehicle,0,480,Total Pol II (F12),Goat anti-mouse Alexa647,2327,250912_mACPOLR2A_Kinetic_pSer2,N,17,-0.6441664804733023,-0.0008717567185408023,,0,0.0,-12
235,N18,1203.1146296058748,277.1355293144004,300.86791518595163,1666.3224092116918,HCT116 OsTIRF74G,Vehicle,0,480,Total Pol II (F12),Goat anti-mouse Alexa647,2258,250912_mACPOLR2A_Kinetic_pSer2,N,18,7.30743447046973,0.009889221634519147,,0,0.0,-12
236,N19,185.5811791187186,272.5658355153622,305.99284496069765,1703.8005974607916,HCT116 OsTIRF74G,Vehicle,0,480,No primary,Goat anti-mouse Alexa647,2678,250912_mACPOLR2A_Kinetic_pSer2,N,19,2.7377406714315384,0.003705010888162421,,0,0.0,-12
237,N20,1178.513391457649,273.356752755213,301.86816215517854,1682.3569641367806,HCT116 OsTIRF74G,Vehicle,0,480,Total Pol II (F12),Goat anti-mouse Alexa647,2398,250912_mACPOLR2A_Kinetic_pSer2,N,20,3.5286579112823233,0.004775366826495423,,0,0.0,-12
238,N21,181.88089895728845,267.8954290872602,298.48698177014336,1766.9488636363637,HCT116 OsTIRF74G,Vehicle,0,480,No primary,Goat anti-mouse Alexa647,2640,250912_mACPOLR2A_Kinetic_pSer2,N,21,-1.932665756670474,-0.002615495231657054,,0,0.0,-12
239,N22,1178.4092505594765,266.1928305784691,299.0661455681675,1713.562652705061,HCT116 OsTIRF74G,Vehicle,0,480,Total Pol II (F12),Goat anti-mouse Alexa647,2865,250912_mACPOLR2A_Kinetic_pSer2,N,22,-3.635264265461558,-0.004919638235070741,,0,0.0,-12
0,C03,1070.4114720201715,224.79536947862564,416.7627797554265,1793.7128712871288,HCT116 OsTIRF74G,Vehicle,0,480,pSer2 Pol II (3E10),Goat anti-rat Alexa568,3030,260522_mACPOLR2A_Kinetic_pSer2,C,03,-15.690447366299537,-0.036634637661243225,2443.855820503874,0,0.0,-12
1,C04,1156.2459991143344,244.4727939447165,457.37594488097284,1736.8157594213933,HCT116 OsTIRF74G,Vehicle,0,480,pSer2 Pol II (3E10),Goat anti-rat Alexa568,2627,260522_mACPOLR2A_Kinetic_pSer2,C,04,3.986977099791318,0.009308941804186219,2484.863721239369,0,0.0,-12
2,C05,1155.9705829355019,244.9848747625888,459.78073053582585,1748.3550512445095,HCT116 OsTIRF74G,Vehicle,0,480,pSer2 Pol II (3E10),Goat anti-rat Alexa568,2732,260522_mACPOLR2A_Kinetic_pSer2,C,05,4.499057917663606,0.010504567064452379,2482.6857985934325,0,0.0,-12
3,C06,1095.9501664859706,245.77554823516024,438.6592200938705,1712.2979452054794,HCT116 OsTIRF74G,Vehicle,0,480,pSer2 Pol II (3E10),Goat anti-rat Alexa568,2920,260522_mACPOLR2A_Kinetic_pSer2,C,06,5.289731390235062,0.012350660773560151,2442.9750758212977,0,0.0,-12
4,C07,1141.2190655180439,247.27479148158653,449.4760183150152,1789.3352803738317,HCT116 OsTIRF74G,Vehicle,0,480,pSer2 Pol II (3E10),Goat anti-rat Alexa568,2568,260522_mACPOLR2A_Kinetic_pSer2,C,07,6.788974636661351,0.015851149435015477,2449.5907434850037,0,0.0,-12
5,C08,1065.1891186230655,245.60875395339627,412.98288858103103,1753.2623211446742,HCT116 OsTIRF74G,Vehicle,0,480,pSer2 Pol II (3E10),Goat anti-rat Alexa568,3145,260522_mACPOLR2A_Kinetic_pSer2,C,08,5.122937108471092,0.01196122330669005,2355.355171447967,0,0.0,-12
6,C09,1119.0368933591124,244.00931062877618,448.5623658621188,1685.5243949289281,HCT116 OsTIRF74G,Vehicle,0,480,pSer2 Pol II (3E10),Goat anti-rat Alexa568,2603,260522_mACPOLR2A_Kinetic_pSer2,C,09,3.523493783850995,0.008226783791408681,2388.5443026657017,0,0.0,-12
7,C10,1086.1645900717417,244.04980268764726,421.8540323191823,1716.3577981651376,HCT116 OsTIRF74G,Vehicle,0,480,pSer2 Pol II (3E10),Goat anti-rat Alexa568,2616,260522_mACPOLR2A_Kinetic_pSer2,C,10,3.563985842722076,0.008321326150225416,2366.086326402022,0,0.0,-12
8,C11,1071.0989349713268,248.6880746255553,422.72954444782243,1706.6271043771044,HCT116 OsTIRF74G,Vehicle,0,480,pSer2 Pol II (3E10),Goat anti-rat Alexa568,2376,260522_mACPOLR2A_Kinetic_pSer2,C,11,8.202257780630106,0.019150935265420943,2334.7056648588923,0,0.0,-12
9,C12,1157.3096816876864,246.69533769206842,459.5732823681711,1737.1661224489796,HCT116 OsTIRF74G,Vehicle,0,480,pSer2 Pol II (3E10),Goat anti-rat Alexa568,2450,260522_mACPOLR2A_Kinetic_pSer2,C,12,6.209520847143239,0.014498219265157814,2431.236645972163,0,0.0,-12
10,C13,902.0705945100943,247.05366845930658,467.2596637120451,1678.728842105263,HCT116 OsTIRF74G,Vehicle,0,480,Total Pol II (F12),Goat anti-mouse Alexa568,2375,260522_mACPOLR2A_Kinetic_pSer2,C,13,6.5678516143813965,0.015334863212534387,2900.145476830647,0,0.0,-12
11,C14,853.721553948149,246.57440454784464,422.50709637583964,1725.4088298636038,HCT116 OsTIRF74G,Vehicle,0,480,Total Pol II (F12),Goat anti-mouse Alexa568,2786,260522_mACPOLR2A_Kinetic_pSer2,C,14,6.088587702919455,0.014215860080843615,2798.453495595544,0,0.0,-12
12,C15,843.7955382436726,247.644556473055,415.94647189331226,1701.5476609215618,HCT116 OsTIRF74G,Vehicle,0,480,Total Pol II (F12),Goat anti-mouse Alexa568,2843,260522_mACPOLR2A_Kinetic_pSer2,C,15,7.158739628129808,0.0167144904326313,2766.4549756313404,0,0.0,-12
13,C16,849.2315732036944,243.9937915990242,399.68484964725076,1732.7147138148036,HCT116 OsTIRF74G,Vehicle,0,480,Total Pol II (F12),Goat anti-mouse Alexa568,3337,260522_mACPOLR2A_Kinetic_pSer2,C,16,3.507974754099024,0.00819054938594242,2831.692234591368,0,0.0,-12
14,C17,858.3772660819358,246.40795916245537,431.2914913591137,1768.4528448947779,HCT116 OsTIRF74G,Vehicle,0,480,Total Pol II (F12),Goat anti-mouse Alexa568,2566,260522_mACPOLR2A_Kinetic_pSer2,C,17,5.922142317530188,0.013827237230151765,2767.784345014408,0,0.0,-12
15,C18,848.2696357332512,246.19750696171008,417.7521812565,1754.4663719608461,HCT116 OsTIRF74G,Vehicle,0,480,Total Pol II (F12),Goat anti-mouse Alexa568,3167,260522_mACPOLR2A_Kinetic_pSer2,C,18,5.711690116784894,0.013335865637020869,2747.551219101358,0,0.0,-12
16,C19,825.9583173883062,247.18519425875218,417.31991622846056,1728.0070646414695,HCT116 OsTIRF74G,Vehicle,0,480,Total Pol II (F12),Goat anti-mouse Alexa568,2831,260522_mACPOLR2A_Kinetic_pSer2,C,19,6.699377413826994,0.01564195452059638,2713.8451388104427,0,0.0,-12
17,C20,807.2395307468372,244.93060632052376,400.19671425169383,1777.0699426111908,HCT116 OsTIRF74G,Vehicle,0,480,Total Pol II (F12),Goat anti-mouse Alexa568,2788,260522_mACPOLR2A_Kinetic_pSer2,C,20,4.444789475598583,0.010377859095898058,2718.331123478923,0,0.0,-12
18,C21,836.742650353425,242.67032561248325,428.28127802606565,1821.264705882353,HCT116 OsTIRF74G,Vehicle,0,480,Total Pol II (F12),Goat anti-mouse Alexa568,2312,260522_mACPOLR2A_Kinetic_pSer2,C,21,2.1845087675580714,0.005100471981390869,2773.68887178917,0,0.0,-12
19,C22,842.474451380366,240.67459389294518,407.26838387094307,1751.1859229747677,HCT116 OsTIRF74G,Vehicle,0,480,Total Pol II (F12),Goat anti-mouse Alexa568,3012,260522_mACPOLR2A_Kinetic_pSer2,C,22,0.1887770480200004,0.00044076364373305037,3000.2541004109976,0,0.0,-12
20,D03,1090.0022925662136,243.5690005728619,409.5392686251901,1792.2320675105486,HCT116 OsTIRF74G,Vehicle,0,480,pSer2 Pol II (3E10),Goat anti-rat Alexa568,2844,260522_mACPOLR2A_Kinetic_pSer2,D,03,3.083183727936728,0.0071987315644424345,2329.5937690286232,0,0.0,-12
21,D04,1062.171673488191,677.4584423702465,433.49078015039674,2269.564825253664,HCT116 OsTIRF74G mAC-POLR2A Clone 5,Vehicle,0,60,pSer2 Pol II (3E10),Goat anti-rat Alexa568,1774,260522_mACPOLR2A_Kinetic_pSer2,D,04,436.97262552532135,1.020259870880769,2352.4790262609167,0,0.0,-12
22,D05,1078.437339310299,673.6257723955339,434.16209688394315,2268.2709480122326,HCT116 OsTIRF74G mAC-POLR2A Clone 5,Vehicle,0,120,pSer2 Pol II (3E10),Goat anti-rat Alexa568,1635,260522_mACPOLR2A_Kinetic_pSer2,D,05,433.1399555506087,1.0113112110675189,2370.351909680943,0,0.0,-12
23,D06,973.5039223804209,664.0007571992857,398.4206880869545,2462.596252129472,HCT116 OsTIRF74G mAC-POLR2A Clone 5,Vehicle,0,240,pSer2 Pol II (3E10),Goat anti-rat Alexa568,2348,260522_mACPOLR2A_Kinetic_pSer2,D,06,423.5149403543605,0.9888383690913328,2283.039294974013,0,0.0,-12
24,D07,1052.7799797437053,683.235793962579,412.90897170160036,2285.974403723095,HCT116 OsTIRF74G mAC-POLR2A Clone 5,Vehicle,0,480,pSer2 Pol II (3E10),Goat anti-rat Alexa568,1719,260522_mACPOLR2A_Kinetic_pSer2,D,07,442.7499771176538,1.0337490453629001,2477.309628767798,0,0.0,-12
25,D08,1085.700196045044,678.6353203095049,415.90681516459455,2360.274496644295,HCT116 OsTIRF74G mAC-POLR2A Clone 5,Vehicle,0,60,pSer2 Pol II (3E10),Goat anti-rat Alexa568,1490,260522_mACPOLR2A_Kinetic_pSer2,D,08,438.1495034645797,1.0230076890831261,2423.1268655634117,0,0.0,-12
26,D09,943.7746322248832,644.9579008432675,394.07985532592096,2500.5595903165736,HCT116 OsTIRF74G mAC-POLR2A Clone 5,Vehicle,0,120,pSer2 Pol II (3E10),Goat anti-rat Alexa568,2148,260522_mACPOLR2A_Kinetic_pSer2,D,09,404.47208399834227,0.9443764027527428,2130.5331244919566,0,0.0,-12
27,D10,981.3766784510437,653.510920127233,407.23154889738896,2414.500466853408,HCT116 OsTIRF74G mAC-POLR2A Clone 5,Vehicle,0,240,pSer2 Pol II (3E10),Goat anti-rat Alexa568,2142,260522_mACPOLR2A_Kinetic_pSer2,D,10,413.02510328230784,0.9643463089678262,2271.6409468862175,0,0.0,-12
28,D11,1004.8748088968061,668.9310653794676,426.2767043534845,2469.3171487603304,HCT116 OsTIRF74G mAC-POLR2A Clone 5,Vehicle,0,480,pSer2 Pol II (3E10),Goat anti-rat Alexa568,1936,260522_mACPOLR2A_Kinetic_pSer2,D,11,428.4452485345424,1.0003498352415696,2305.2429242441654,0,0.0,-12
29,D12,1024.638684654177,247.04690524055997,404.6353425945474,1682.5490399584846,HCT116 OsTIRF74G,Vehicle,0,480,pSer2 Pol II (3E10),Goat anti-rat Alexa568,3854,260522_mACPOLR2A_Kinetic_pSer2,D,12,6.561088395634783,0.015319072198905416,2263.233470368772,0,0.0,-12
30,D13,836.0187149327459,249.10383969697477,444.1224404494794,1706.941393442623,HCT116 OsTIRF74G,Vehicle,0,480,Total Pol II (F12),Goat anti-mouse Alexa568,2440,260522_mACPOLR2A_Kinetic_pSer2,D,13,8.618022852049592,0.020121678953479723,2753.078857243197,0,0.0,-12
31,D14,825.4491038564066,668.213989117918,418.42078519087227,2444.1941209095953,HCT116 OsTIRF74G mAC-POLR2A Clone 5,Vehicle,0,60,Total Pol II (F12),Goat anti-mouse Alexa568,1803,260522_mACPOLR2A_Kinetic_pSer2,D,14,427.7281722729928,0.9986755790266849,2780.62614391354,0,0.0,-12
32,D15,842.0404506335051,680.2321501895168,425.2467587473558,2393.3290358744393,HCT116 OsTIRF74G mAC-POLR2A Clone 5,Vehicle,0,120,Total Pol II (F12),Goat anti-mouse Alexa568,1784,260522_mACPOLR2A_Kinetic_pSer2,D,15,439.7463333445916,1.0267360266311383,2824.280302823748,0,0.0,-12
33,D16,850.1412218051778,669.721206625152,419.170903153611,2526.397571277719,HCT116 OsTIRF74G mAC-POLR2A Clone 5,Vehicle,0,240,Total Pol II (F12),Goat anti-mouse Alexa568,1894,260522_mACPOLR2A_Kinetic_pSer2,D,16,429.23538978022685,1.0021946862876288,2816.251832736697,0,0.0,-12
34,D17,814.9088489385991,648.1764065973856,400.07664102188954,2404.915254237288,HCT116 OsTIRF74G mAC-POLR2A Clone 5,Vehicle,0,480,Total Pol II (F12),Goat anti-mouse Alexa568,2242,260522_mACPOLR2A_Kinetic_pSer2,D,17,407.6905897524604,0.9518910891960365,2647.848404057979,0,0.0,-12
35,D18,836.9367972844876,666.3796521105173,431.7638167013824,2346.647810218978,HCT116 OsTIRF74G mAC-POLR2A Clone 5,Vehicle,0,60,Total Pol II (F12),Goat anti-mouse Alexa568,1644,260522_mACPOLR2A_Kinetic_pSer2,D,18,425.89383526559214,0.9943927010407412,2726.8577458420277,0,0.0,-12
36,D19,828.4304022186519,656.9285774073333,423.7514672355112,2399.6524035921816,HCT116 OsTIRF74G mAC-POLR2A Clone 5,Vehicle,0,120,Total Pol II (F12),Goat anti-mouse Alexa568,1893,260522_mACPOLR2A_Kinetic_pSer2,D,19,416.44276056240807,0.9723259817702538,2726.3384186806943,0,0.0,-12
37,D20,886.0705018643215,666.2750563619023,431.28808598099056,2395.017554479419,HCT116 OsTIRF74G mAC-POLR2A Clone 5,Vehicle,0,240,Total Pol II (F12),Goat anti-mouse Alexa568,1652,260522_mACPOLR2A_Kinetic_pSer2,D,20,425.78923951697715,0.9941484870128068,2872.2957063608073,0,0.0,-12
38,D21,855.0418312784934,649.6176520163158,414.1204359406282,2289.5238536359425,HCT116 OsTIRF74G mAC-POLR2A Clone 5,Vehicle,0,480,Total Pol II (F12),Goat anti-mouse Alexa568,2159,260522_mACPOLR2A_Kinetic_pSer2,D,21,409.1318351713906,0.9552561623817022,2825.305092623801,0,0.0,-12
39,D22,827.4362146472565,241.45598342881993,404.729797744818,1772.7966034755134,HCT116 OsTIRF74G,Vehicle,0,480,Total Pol II (F12),Goat anti-mouse Alexa568,2532,260522_mACPOLR2A_Kinetic_pSer2,D,22,0.970166583894752,0.002265180873578405,2880.1996647197448,0,0.0,-12
40,E03,1130.6703826161465,245.15970241581567,416.2409409183975,1780.4929747089523,HCT116 OsTIRF74G,Vehicle,0,480,pSer2 Pol II (3E10),Goat anti-rat Alexa568,2491,260522_mACPOLR2A_Kinetic_pSer2,E,03,4.673885570890491,0.010912761144558004,2309.1547251308966,0,0.0,-12
41,E04,992.9139257871608,517.139186185793,416.0227892107013,2384.7994143484625,HCT116 OsTIRF74G mAC-POLR2A Clone 5,5PhIAA,10,60,pSer2 Pol II (3E10),Goat anti-rat Alexa568,2049,260522_mACPOLR2A_Kinetic_pSer2,E,04,276.65336934086787,0.6459405335588637,1481.622474080345,60,1.0,-8
42,E05,946.6504547350248,484.17608272871445,409.16260489730104,2370.742158671587,HCT116 OsTIRF74G mAC-POLR2A Clone 5,5PhIAA,10,120,pSer2 Pol II (3E10),Goat anti-rat Alexa568,2168,260522_mACPOLR2A_Kinetic_pSer2,E,05,243.69026588378927,0.5689770587038475,1321.5974289034004,120,2.0,-8
43,E06,934.284087209932,472.613242705451,408.4077702715433,2387.398696088265,HCT116 OsTIRF74G mAC-POLR2A Clone 5,5PhIAA,10,240,pSer2 Pol II (3E10),Goat anti-rat Alexa568,1994,260522_mACPOLR2A_Kinetic_pSer2,E,06,232.12742586052582,0.5419797115474496,1312.6669152992824,240,4.0,-8
44,E07,952.2814878536061,490.14371615733035,403.6062418492619,2428.545913218971,HCT116 OsTIRF74G mAC-POLR2A Clone 5,5PhIAA,10,480,pSer2 Pol II (3E10),Goat anti-rat Alexa568,1982,260522_mACPOLR2A_Kinetic_pSer2,E,07,249.65789931240516,0.5829105102650841,1440.7501669739554,480,8.0,-8
45,E08,965.4158415578435,516.3629459034737,401.40260264716994,2341.9973684210527,HCT116 OsTIRF74G mAC-POLR2A Clone 5,5PhIAA,10,60,pSer2 Pol II (3E10),Goat anti-rat Alexa568,2280,260522_mACPOLR2A_Kinetic_pSer2,E,08,275.8771290585485,0.64412813899694,1472.372364925941,60,1.0,-8
46,E09,911.8273746910107,474.57646208753147,393.0184926892071,2507.178881388621,HCT116 OsTIRF74G mAC-POLR2A Clone 5,5PhIAA,10,120,pSer2 Pol II (3E10),Goat anti-rat Alexa568,2074,260522_mACPOLR2A_Kinetic_pSer2,E,09,234.09064524260629,0.5465635088754037,1270.3627364109898,120,2.0,-8
47,E10,913.4377154882492,458.9216105032894,388.6839939382572,2539.7076923076925,HCT116 OsTIRF74G mAC-POLR2A Clone 5,5PhIAA,10,240,pSer2 Pol II (3E10),Goat anti-rat Alexa568,2080,260522_mACPOLR2A_Kinetic_pSer2,E,10,218.43579365836422,0.5100119815645221,1329.6237803529777,240,4.0,-8
48,E11,920.8745052940079,479.48261209905615,388.06212282499354,2389.6185220729367,HCT116 OsTIRF74G mAC-POLR2A Clone 5,5PhIAA,10,480,pSer2 Pol II (3E10),Goat anti-rat Alexa568,2084,260522_mACPOLR2A_Kinetic_pSer2,E,11,238.99679525413097,0.5580185696386776,1449.951283235527,480,8.0,-8
49,E12,1022.1600133460131,241.80665607400533,401.3173944190525,1682.524803469775,HCT116 OsTIRF74G,Vehicle,0,480,pSer2 Pol II (3E10),Goat anti-rat Alexa568,3689,260522_mACPOLR2A_Kinetic_pSer2,E,12,1.3208392290801498,0.003083944353940951,2229.0517234276776,0,0.0,-12
50,E13,766.6686081587197,241.7240163923437,408.9837244199903,1713.75146009085,HCT116 OsTIRF74G,Vehicle,0,480,Total Pol II (F12),Goat anti-mouse Alexa568,3082,260522_mACPOLR2A_Kinetic_pSer2,E,13,1.2381995474185317,0.002890994164348755,2670.397429174102,0,0.0,-12
51,E14,579.2465529987985,497.1355446088388,389.959091839685,2473.941505595117,HCT116 OsTIRF74G mAC-POLR2A Clone 5,5PhIAA,10,60,Total Pol II (F12),Goat anti-mouse Alexa568,1966,260522_mACPOLR2A_Kinetic_pSer2,E,14,256.64972776391363,0.5992352903004027,1614.7496505802528,60,1.0,-8
52,E15,578.503504552659,491.61232321184895,396.0766693629732,2467.4105263157894,HCT116 OsTIRF74G mAC-POLR2A Clone 5,5PhIAA,10,120,Total Pol II (F12),Goat anti-mouse Alexa568,1710,260522_mACPOLR2A_Kinetic_pSer2,E,15,251.12650636692376,0.5863394684109552,1607.7309535791128,120,2.0,-8
53,E16,571.2077568969019,468.5086343567362,395.0767698528651,2393.0330542089027,HCT116 OsTIRF74G mAC-POLR2A Clone 5,5PhIAA,10,240,Total Pol II (F12),Goat anti-mouse Alexa568,2269,260522_mACPOLR2A_Kinetic_pSer2,E,16,228.022817511811,0.5323961199463936,1567.6899014392059,240,4.0,-8
54,E17,600.9038054311591,492.81124871745493,389.2176509411437,2445.6568047337278,HCT116 OsTIRF74G mAC-POLR2A Clone 5,5PhIAA,10,480,Total Pol II (F12),Goat anti-mouse Alexa568,2197,260522_mACPOLR2A_Kinetic_pSer2,E,17,252.32543187252975,0.589138764087829,1704.178063847691,480,8.0,-8
55,E18,574.436413007647,500.8340027562024,400.03903994308735,2353.8771583621115,HCT116 OsTIRF74G mAC-POLR2A Clone 5,5PhIAA,10,60,Total Pol II (F12),Goat anti-mouse Alexa568,2027,260522_mACPOLR2A_Kinetic_pSer2,E,18,260.3481859112772,0.6078705873681556,1624.3763198580673,60,1.0,-8
56,E19,562.678462372959,482.49452329594016,403.51118289211314,2415.775641025641,HCT116 OsTIRF74G mAC-POLR2A Clone 5,5PhIAA,10,120,Total Pol II (F12),Goat anti-mouse Alexa568,1560,260522_mACPOLR2A_Kinetic_pSer2,E,19,242.00870645101497,0.5650508914577914,1501.9614481315223,120,2.0,-8
57,E20,581.832385882774,491.11286238616253,400.3000894802902,2363.1423541247486,HCT116 OsTIRF74G mAC-POLR2A Clone 5,5PhIAA,10,240,Total Pol II (F12),Goat anti-mouse Alexa568,1988,260522_mACPOLR2A_Kinetic_pSer2,E,20,250.62704554123735,0.58517330877587,1633.877452097381,240,4.0,-8
58,E21,640.2530017678009,498.74575529071075,414.1708532741355,2134.490932642487,HCT116 OsTIRF74G mAC-POLR2A Clone 5,5PhIAA,10,480,Total Pol II (F12),Goat anti-mouse Alexa568,1544,260522_mACPOLR2A_Kinetic_pSer2,E,21,258.25993844578556,0.6029948698402022,1820.0174147403081,480,8.0,-8
59,E22,728.3046586632821,241.92608201473513,398.9700970596003,1809.4971026490066,HCT116 OsTIRF74G,Vehicle,0,480,Total Pol II (F12),Goat anti-mouse Alexa568,2416,260522_mACPOLR2A_Kinetic_pSer2,E,22,1.4402651698099476,0.0033627844637128556,2619.1647251947534,0,0.0,-12
60,F03,1084.2047099789438,244.4422311826997,403.10806737448536,1723.8476714100905,HCT116 OsTIRF74G,Vehicle,0,480,pSer2 Pol II (3E10),Goat anti-rat Alexa568,3092,260522_mACPOLR2A_Kinetic_pSer2,F,03,3.956414337774504,0.009237582735430943,2264.7760528548556,0,0.0,-12
61,F04,893.1314761656156,444.0672100067417,393.313004936322,2450.8999528079285,HCT116 OsTIRF74G mAC-POLR2A Clone 5,5PhIAA,100,60,pSer2 Pol II (3E10),Goat anti-rat Alexa568,2119,260522_mACPOLR2A_Kinetic_pSer2,F,04,203.5813931618165,0.4753293771006853,1069.2283382656688,60,1.0,-7
62,F05,860.4627157084374,395.47560899189915,393.57295167875327,2484.8585260892955,HCT116 OsTIRF74G mAC-POLR2A Clone 5,5PhIAA,100,120,pSer2 Pol II (3E10),Goat anti-rat Alexa568,1859,260522_mACPOLR2A_Kinetic_pSer2,F,05,154.98979214697397,0.3618759072919219,868.8155276162502,120,2.0,-7
63,F06,802.1894056179507,358.33960046814286,387.11944138532334,2413.552303262956,HCT116 OsTIRF74G mAC-POLR2A Clone 5,5PhIAA,100,240,pSer2 Pol II (3E10),Goat anti-rat Alexa568,2084,260522_mACPOLR2A_Kinetic_pSer2,F,06,117.85378362321768,0.275169379129143,797.3977005048571,240,4.0,-7
64,F07,852.9636489804745,370.6672771227643,383.4061503562028,2241.637610186092,HCT116 OsTIRF74G mAC-POLR2A Clone 5,5PhIAA,100,480,pSer2 Pol II (3E10),Goat anti-rat Alexa568,2042,260522_mACPOLR2A_Kinetic_pSer2,F,07,130.1814602778391,0.30395249518082595,947.4885186663488,480,8.0,-7
65,F08,871.6875415423738,451.1607033649218,384.05679652551476,2454.6020922123207,HCT116 OsTIRF74G mAC-POLR2A Clone 5,5PhIAA,100,60,pSer2 Pol II (3E10),Goat anti-rat Alexa568,2581,260522_mACPOLR2A_Kinetic_pSer2,F,08,210.67488651999662,0.49189152812561504,1114.855864742989,60,1.0,-7
66,F09,795.2035822758038,389.9477511579319,372.55522649502996,2370.7750103777503,HCT116 OsTIRF74G mAC-POLR2A Clone 5,5PhIAA,100,120,pSer2 Pol II (3E10),Goat anti-rat Alexa568,2409,260522_mACPOLR2A_Kinetic_pSer2,F,09,149.46193431300674,0.3489692600776931,885.0849675346363,120,2.0,-7
67,F10,753.6699752921538,338.0132721583493,367.1188258937082,2348.6546644844516,HCT116 OsTIRF74G mAC-POLR2A Clone 5,5PhIAA,100,240,pSer2 Pol II (3E10),Goat anti-rat Alexa568,2444,260522_mACPOLR2A_Kinetic_pSer2,F,10,97.52745531342413,0.2277107149350209,782.1579388575052,240,4.0,-7
68,F11,790.2504602440599,348.61060343074115,368.89639681292005,2367.185510887772,HCT116 OsTIRF74G mAC-POLR2A Clone 5,5PhIAA,100,480,pSer2 Pol II (3E10),Goat anti-rat Alexa568,2388,260522_mACPOLR2A_Kinetic_pSer2,F,11,108.12478658581597,0.2524537564989019,912.2856526027327,480,8.0,-7
69,F12,1031.4978643899142,231.01528996204067,393.33664826201823,1740.3120872810796,HCT116 OsTIRF74G,Vehicle,0,480,pSer2 Pol II (3E10),Goat anti-rat Alexa568,3483,260522_mACPOLR2A_Kinetic_pSer2,F,12,-9.470526882884513,-0.022112136940131272,2233.7427971235006,0,0.0,-12
70,F13,702.2562122513995,229.4996928059601,373.635260215878,1700.2673267326732,HCT116 OsTIRF74G,Vehicle,0,480,Total Pol II (F12),Goat anti-mouse Alexa568,3838,260522_mACPOLR2A_Kinetic_pSer2,F,13,-10.986124038965073,-0.025650809315571434,2573.588595432297,0,0.0,-12
71,F14,479.8072879489492,437.2410396557234,374.8042963767509,2463.514435695538,HCT116 OsTIRF74G mAC-POLR2A Clone 5,5PhIAA,100,60,Total Pol II (F12),Goat anti-mouse Alexa568,2286,260522_mACPOLR2A_Kinetic_pSer2,F,14,196.75522281079822,0.4593913817341163,1311.1106005428098,60,1.0,-7
72,F15,433.28935785931947,388.9004868955036,385.53160755012163,2401.336458333333,HCT116 OsTIRF74G mAC-POLR2A Clone 5,5PhIAA,100,120,Total Pol II (F12),Goat anti-mouse Alexa568,1920,260522_mACPOLR2A_Kinetic_pSer2,F,15,148.41467005057842,0.3465240686886933,1066.420659640211,120,2.0,-7
73,F16,386.19105407638347,333.3130275797861,370.4244076823777,2405.2183381088826,HCT116 OsTIRF74G mAC-POLR2A Clone 5,5PhIAA,100,240,Total Pol II (F12),Goat anti-mouse Alexa568,1745,260522_mACPOLR2A_Kinetic_pSer2,F,16,92.8272107348609,0.21673640980305087,887.1476994196312,240,4.0,-7
74,F17,439.1151854514057,361.9878612183619,362.3752371334121,2311.916286779942,HCT116 OsTIRF74G mAC-POLR2A Clone 5,5PhIAA,100,480,Total Pol II (F12),Goat anti-mouse Alexa568,2413,260522_mACPOLR2A_Kinetic_pSer2,F,17,121.50204437343672,0.28368747345480727,1098.1694030599567,480,8.0,-7
75,F18,487.1664500798196,449.90585434655827,393.1175912652397,2363.6747474747476,HCT116 OsTIRF74G mAC-POLR2A Clone 5,5PhIAA,100,60,Total Pol II (F12),Goat anti-mouse Alexa568,1980,260522_mACPOLR2A_Kinetic_pSer2,F,18,209.4200375016331,0.4889616601598327,1294.2395628665392,60,1.0,-7
76,F19,422.432033756498,397.34164614386424,382.33667525760364,2500.2295233688105,HCT116 OsTIRF74G mAC-POLR2A Clone 5,5PhIAA,100,120,Total Pol II (F12),Goat anti-mouse Alexa568,2161,260522_mACPOLR2A_Kinetic_pSer2,F,19,156.85582929893906,0.36623279994952,1016.6521911979687,120,2.0,-7
77,F20,401.63506903491884,359.0574723756394,391.3009651066912,2423.2211789254043,HCT116 OsTIRF74G mAC-POLR2A Clone 5,5PhIAA,100,240,Total Pol II (F12),Goat anti-mouse Alexa568,1917,260522_mACPOLR2A_Kinetic_pSer2,F,20,118.57165553071422,0.27684549304765416,937.5911451815628,240,4.0,-7
78,F21,472.86903098472555,371.4641351503225,397.4514320536116,2223.9591360186805,HCT116 OsTIRF74G mAC-POLR2A Clone 5,5PhIAA,100,480,Total Pol II (F12),Goat anti-mouse Alexa568,1713,260522_mACPOLR2A_Kinetic_pSer2,F,21,130.9783183053973,0.30581302881798333,1175.6456060804483,480,8.0,-7
79,F22,750.1749731240003,243.46389494000383,390.91336970734665,1716.2696115765423,HCT116 OsTIRF74G,Vehicle,0,480,Total Pol II (F12),Goat anti-mouse Alexa568,2626,260522_mACPOLR2A_Kinetic_pSer2,F,22,2.9780780950786436,0.006953327039891922,2749.711252705534,0,0.0,-12
80,G03,1080.3755310703446,244.19488029607186,407.2842787466826,1745.1937931034483,HCT116 OsTIRF74G,Vehicle,0,480,pSer2 Pol II (3E10),Goat anti-rat Alexa568,2900,260522_mACPOLR2A_Kinetic_pSer2,G,03,3.709063451146676,0.008660058723830067,2177.3280891675677,0,0.0,-12
81,G04,879.4900109947004,425.20182467198305,392.8207475913236,2529.900437105391,HCT116 OsTIRF74G mAC-POLR2A Clone 5,5PhIAA,1000,60,pSer2 Pol II (3E10),Goat anti-rat Alexa568,2059,260522_mACPOLR2A_Kinetic_pSer2,G,04,184.71600782705787,0.4312817766757899,1002.0050185205973,60,1.0,-6
82,G05,789.4699317879646,369.4585516556128,395.58128489671986,2464.215996578272,HCT116 OsTIRF74G mAC-POLR2A Clone 5,5PhIAA,1000,120,pSer2 Pol II (3E10),Goat anti-rat Alexa568,2338,260522_mACPOLR2A_Kinetic_pSer2,G,05,128.9727348106876,0.30113031819075997,774.7527319320101,120,2.0,-6
83,G06,711.296651287471,330.7812297237161,386.11704824466744,2249.0457294028724,HCT116 OsTIRF74G mAC-POLR2A Clone 5,5PhIAA,1000,240,pSer2 Pol II (3E10),Goat anti-rat Alexa568,2646,260522_mACPOLR2A_Kinetic_pSer2,G,06,90.2954128787909,0.2108250743947405,679.2612787071063,240,4.0,-6
84,G07,735.7448111372241,328.57826364993736,372.76055621237094,2370.0107962213224,HCT116 OsTIRF74G mAC-POLR2A Clone 5,5PhIAA,1000,480,pSer2 Pol II (3E10),Goat anti-rat Alexa568,2223,260522_mACPOLR2A_Kinetic_pSer2,G,07,88.09244680501217,0.20568150761115495,749.6358295941006,480,8.0,-6
85,G08,869.3426659644649,431.18154044916236,387.1075471849113,2344.3297872340427,HCT116 OsTIRF74G mAC-POLR2A Clone 5,5PhIAA,1000,60,pSer2 Pol II (3E10),Goat anti-rat Alexa568,2256,260522_mACPOLR2A_Kinetic_pSer2,G,08,190.69572360423717,0.4452434385519642,1037.4692343907564,60,1.0,-6
86,G09,755.2079896740582,357.4621917284704,370.62415015133087,2375.649178832117,HCT116 OsTIRF74G mAC-POLR2A Clone 5,5PhIAA,1000,120,pSer2 Pol II (3E10),Goat anti-rat Alexa568,2192,260522_mACPOLR2A_Kinetic_pSer2,G,09,116.97637488354519,0.2731207727058648,757.0266338792865,120,2.0,-6
87,G10,692.2965922975849,306.3065048986281,370.9779887742583,2409.4759194395797,HCT116 OsTIRF74G mAC-POLR2A Clone 5,5PhIAA,1000,240,pSer2 Pol II (3E10),Goat anti-rat Alexa568,2284,260522_mACPOLR2A_Kinetic_pSer2,G,10,65.8206880537029,0.15368058036638477,651.265946889068,240,4.0,-6
88,G11,719.6434131056191,321.0249449871257,360.615913018483,2265.989247311828,HCT116 OsTIRF74G mAC-POLR2A Clone 5,5PhIAA,1000,480,pSer2 Pol II (3E10),Goat anti-rat Alexa568,2511,260522_mACPOLR2A_Kinetic_pSer2,G,11,80.53912814220052,0.18804573943373865,788.0029794405787,480,8.0,-6
89,G12,953.3702140843369,220.87251034207756,367.3430840365545,1643.8238993710693,HCT116 OsTIRF74G,Vehicle,0,480,pSer2 Pol II (3E10),Goat anti-rat Alexa568,4452,260522_mACPOLR2A_Kinetic_pSer2,G,12,-19.61330650284762,-0.04579387447001689,2149.729745405399,0,0.0,-12
90,G13,674.1245363906373,221.0021723872832,379.01152733094045,1677.42758444217,HCT116 OsTIRF74G,Vehicle,0,480,Total Pol II (F12),Goat anti-mouse Alexa568,3908,260522_mACPOLR2A_Kinetic_pSer2,G,13,-19.483644457641986,-0.045491134724385,2488.975460626585,0,0.0,-12
91,G14,446.17351391406754,422.1111129742835,379.4290580526101,2227.607824427481,HCT116 OsTIRF74G mAC-POLR2A Clone 5,5PhIAA,1000,60,Total Pol II (F12),Goat anti-mouse Alexa568,2096,260522_mACPOLR2A_Kinetic_pSer2,G,14,181.62529612935833,0.4240654685287207,1237.5424849362926,60,1.0,-6
92,G15,368.4651674038291,360.36004269865623,371.30284740352306,2321.7754532775452,HCT116 OsTIRF74G mAC-POLR2A Clone 5,5PhIAA,1000,120,Total Pol II (F12),Goat anti-mouse Alexa568,2151,260522_mACPOLR2A_Kinetic_pSer2,G,15,119.87422585373105,0.27988678248306587,905.6612678886539,120,2.0,-6
93,G16,338.1337274129922,313.9075114350924,379.4504140179919,2236.8483786152497,HCT116 OsTIRF74G mAC-POLR2A Clone 5,5PhIAA,1000,240,Total Pol II (F12),Goat anti-mouse Alexa568,2282,260522_mACPOLR2A_Kinetic_pSer2,G,16,73.42169459016719,0.17142769195749188,787.4952097152461,240,4.0,-6
94,G17,350.6091657439215,317.1748061600788,354.10279102315565,2346.895382100531,HCT116 OsTIRF74G mAC-POLR2A Clone 5,5PhIAA,1000,480,Total Pol II (F12),Goat anti-mouse Alexa568,2447,260522_mACPOLR2A_Kinetic_pSer2,G,17,76.6889893151536,0.17905629269703843,844.4727355343771,480,8.0,-6
95,G18,442.95174109440336,432.1247085537908,388.07977410083726,2406.887089715536,HCT116 OsTIRF74G mAC-POLR2A Clone 5,5PhIAA,1000,60,Total Pol II (F12),Goat anti-mouse Alexa568,2285,260522_mACPOLR2A_Kinetic_pSer2,G,18,191.63889170886563,0.4474455823761688,1193.6806579882877,60,1.0,-6
96,G19,368.5035155006526,374.924963257561,381.4098291276381,2346.256628787879,HCT116 OsTIRF74G mAC-POLR2A Clone 5,5PhIAA,1000,120,Total Pol II (F12),Goat anti-mouse Alexa568,2112,260522_mACPOLR2A_Kinetic_pSer2,G,19,134.4391464126358,0.3138934984665954,894.0205469770738,120,2.0,-6
97,G20,343.5107434962416,333.9620245004014,395.93263953186204,2397.8092723004693,HCT116 OsTIRF74G mAC-POLR2A Clone 5,5PhIAA,1000,240,Total Pol II (F12),Goat anti-mouse Alexa568,1704,260522_mACPOLR2A_Kinetic_pSer2,G,20,93.47620765547623,0.21825171185116657,781.9461621817129,240,4.0,-6
98,G21,365.6678798739945,335.504224517391,382.1787820938344,2306.3930453108537,HCT116 OsTIRF74G mAC-POLR2A Clone 5,5PhIAA,1000,480,Total Pol II (F12),Goat anti-mouse Alexa568,1898,260522_mACPOLR2A_Kinetic_pSer2,G,21,95.0184076724658,0.22185249757158676,893.0006679633146,480,8.0,-6
99,G22,643.8847029803792,243.93862152061686,372.90614811839436,1718.4929706601467,HCT116 OsTIRF74G,Vehicle,0,480,Total Pol II (F12),Goat anti-mouse Alexa568,3272,260522_mACPOLR2A_Kinetic_pSer2,G,22,3.452804675691681,0.008061736243460807,2487.3805697958105,0,0.0,-12
100,H03,1069.2336349746574,245.3858560686873,405.93730991842517,1696.4557522123894,HCT116 OsTIRF74G,5PhIAA,10000,480,pSer2 Pol II (3E10),Goat anti-rat Alexa568,2938,260522_mACPOLR2A_Kinetic_pSer2,H,03,4.900039223762121,0.011440793069671478,2212.3678213493235,480,8.0,-5
101,H04,909.3951467287151,440.17100670028015,391.1917744242044,2339.0241935483873,HCT116 OsTIRF74G mAC-POLR2A Clone 5,5PhIAA,10000,60,pSer2 Pol II (3E10),Goat anti-rat Alexa568,1860,260522_mACPOLR2A_Kinetic_pSer2,H,04,199.68518985535496,0.46623237731128925,1015.977203375614,60,1.0,-5
102,H05,787.9784684253274,370.2197330863646,377.8180042611373,2513.5797101449275,HCT116 OsTIRF74G mAC-POLR2A Clone 5,5PhIAA,10000,120,pSer2 Pol II (3E10),Goat anti-rat Alexa568,1932,260522_mACPOLR2A_Kinetic_pSer2,H,05,129.73391624143943,0.30290755278828674,743.2590506376953,120,2.0,-5
103,H06,688.384804260373,320.51727806618595,366.2244229921291,2279.6033496732025,HCT116 OsTIRF74G mAC-POLR2A Clone 5,5PhIAA,10000,240,pSer2 Pol II (3E10),Goat anti-rat Alexa568,2448,260522_mACPOLR2A_Kinetic_pSer2,H,06,80.03146122126077,0.18686041990351462,628.8098359257987,240,4.0,-5
104,H07,681.2068785905907,319.0700555145496,352.11427089290925,2481.029988465975,HCT116 OsTIRF74G mAC-POLR2A Clone 5,5PhIAA,10000,480,pSer2 Pol II (3E10),Goat anti-rat Alexa568,2601,260522_mACPOLR2A_Kinetic_pSer2,H,07,78.58423866962443,0.1834813910870226,695.7932276871767,480,8.0,-5
105,H08,864.7122646597228,416.24368007904053,368.14139097484787,2315.426889106968,HCT116 OsTIRF74G mAC-POLR2A Clone 5,5PhIAA,10000,60,pSer2 Pol II (3E10),Goat anti-rat Alexa568,2038,260522_mACPOLR2A_Kinetic_pSer2,H,08,175.75786323411535,0.4103659688840792,966.232530271434,60,1.0,-5
106,H09,747.7853705135602,355.93231677154546,379.9784645508817,2338.818181818182,HCT116 OsTIRF74G mAC-POLR2A Clone 5,5PhIAA,10000,120,pSer2 Pol II (3E10),Goat anti-rat Alexa568,2574,260522_mACPOLR2A_Kinetic_pSer2,H,09,115.44649992662028,0.26954876399218514,736.952760508599,120,2.0,-5
107,H10,657.8143255215806,304.1603932298013,360.6847717627173,2384.2636363636366,HCT116 OsTIRF74G mAC-POLR2A Clone 5,5PhIAA,10000,240,pSer2 Pol II (3E10),Goat anti-rat Alexa568,2640,260522_mACPOLR2A_Kinetic_pSer2,H,10,63.674576384876104,0.14866975935328208,619.5101359654566,240,4.0,-5
108,H11,721.3476942322969,312.49905864547935,368.76998741998176,2278.490631808279,HCT116 OsTIRF74G mAC-POLR2A Clone 5,5PhIAA,10000,480,pSer2 Pol II (3E10),Goat anti-rat Alexa568,2295,260522_mACPOLR2A_Kinetic_pSer2,H,11,72.01324180055417,0.1681391842173452,751.1556111343887,480,8.0,-5
109,H12,990.2771276163749,219.15049178963807,372.6730955928767,1648.7779685264663,HCT116 OsTIRF74G,5PhIAA,10000,480,pSer2 Pol II (3E10),Goat anti-rat Alexa568,3495,260522_mACPOLR2A_Kinetic_pSer2,H,12,-21.335325055287115,-0.04981450716721179,2198.3162965317215,480,8.0,-5
110,H13,658.4256794562469,219.34270407370673,367.8501273048888,1641.5272956768697,HCT116 OsTIRF74G,5PhIAA,10000,480,Total Pol II (F12),Goat anti-mouse Alexa568,3169,260522_mACPOLR2A_Kinetic_pSer2,H,13,-21.143112771218455,-0.04936572280711638,2577.630201605798,480,8.0,-5
111,H14,448.5131320788362,434.4768179850796,377.1274927519027,2361.149130832571,HCT116 OsTIRF74G mAC-POLR2A Clone 5,5PhIAA,10000,60,Total Pol II (F12),Goat anti-mouse Alexa568,2186,260522_mACPOLR2A_Kinetic_pSer2,H,14,193.99100114015442,0.45293737459491296,1290.4412613092165,60,1.0,-5
112,H15,376.3774512870802,361.7360160445768,373.0798107302674,2257.6030701754385,HCT116 OsTIRF74G mAC-POLR2A Clone 5,5PhIAA,10000,120,Total Pol II (F12),Goat anti-mouse Alexa568,2280,260522_mACPOLR2A_Kinetic_pSer2,H,15,121.2501991996516,0.28309945601508996,945.0097134291542,120,2.0,-5
113,H16,319.15447112618426,301.1449051255427,358.80782785816336,2443.91217472119,HCT116 OsTIRF74G mAC-POLR2A Clone 5,5PhIAA,10000,240,Total Pol II (F12),Goat anti-mouse Alexa568,2152,260522_mACPOLR2A_Kinetic_pSer2,H,16,60.65908828061754,0.14162908603834679,762.7651427511817,240,4.0,-5
114,H17,349.4678172316818,313.891153640002,349.68740721902776,2378.7858749437696,HCT116 OsTIRF74G mAC-POLR2A Clone 5,5PhIAA,10000,480,Total Pol II (F12),Goat anti-mouse Alexa568,2223,260522_mACPOLR2A_Kinetic_pSer2,H,17,73.40533679507683,0.17138949917164698,848.019235453832,480,8.0,-5
115,H18,421.3811153984661,423.3222808763211,367.3811681875573,2380.409033877039,HCT116 OsTIRF74G mAC-POLR2A Clone 5,5PhIAA,10000,60,Total Pol II (F12),Goat anti-mouse Alexa568,2391,260522_mACPOLR2A_Kinetic_pSer2,H,18,182.8364640313959,0.42689334820622277,1154.770956748453,60,1.0,-5
116,H19,339.95814815023334,354.135326248228,361.81394349227304,2483.8277471361903,HCT116 OsTIRF74G mAC-POLR2A Clone 5,5PhIAA,10000,120,Total Pol II (F12),Goat anti-mouse Alexa568,2357,260522_mACPOLR2A_Kinetic_pSer2,H,19,113.64950940330283,0.26535308396053614,791.4345350477909,120,2.0,-5
117,H20,329.82838948961347,328.99149451905475,381.0063551232822,2257.417704011065,HCT116 OsTIRF74G mAC-POLR2A Clone 5,5PhIAA,10000,240,Total Pol II (F12),Goat anti-mouse Alexa568,2169,260522_mACPOLR2A_Kinetic_pSer2,H,20,88.50567767412957,0.2066463343498158,765.2901513100151,240,4.0,-5
118,H21,363.27731123571465,334.1560229155015,385.19315044318927,2278.548418972332,HCT116 OsTIRF74G mAC-POLR2A Clone 5,5PhIAA,10000,480,Total Pol II (F12),Goat anti-mouse Alexa568,2024,260522_mACPOLR2A_Kinetic_pSer2,H,21,93.67020607057634,0.21870466653614978,872.2980850147259,480,8.0,-5
119,H22,690.8150399331464,244.672371351176,387.89978376499016,1765.5215128383068,HCT116 OsTIRF74G,5PhIAA,10000,480,Total Pol II (F12),Goat anti-mouse Alexa568,2882,260522_mACPOLR2A_Kinetic_pSer2,H,22,4.186554506250815,0.009774922524832724,2681.164325631645,480,8.0,-5
120,I03,1075.4106071683163,246.13377213069532,396.02339080703996,1745.537655279503,HCT116 OsTIRF74G,Vehicle,0,480,pSer2 Pol II (3E10),Goat anti-rat Alexa568,2576,260522_mACPOLR2A_Kinetic_pSer2,I,03,5.647955285770138,0.013187055192926003,2132.079006472519,0,0.0,-12
121,I04,992.3727369234334,683.1526246905423,380.70462330844356,2408.3695652173915,HCT116 OsTIRF74G mAC-POLR2A Clone 5,Vehicle,0,60,pSer2 Pol II (3E10),Goat anti-rat Alexa568,2024,260522_mACPOLR2A_Kinetic_pSer2,I,04,442.66680784561714,1.033554858666085,2143.3557170243757,0,0.0,-12
122,I05,938.1492658730398,661.1980466644941,386.1105959763424,2413.2210868555503,HCT116 OsTIRF74G mAC-POLR2A Clone 5,Vehicle,0,120,pSer2 Pol II (3E10),Goat anti-rat Alexa568,2153,260522_mACPOLR2A_Kinetic_pSer2,I,05,420.7122298195689,0.982294496726548,1999.187673269954,0,0.0,-12
123,I06,897.4749157774737,674.5123454073382,364.5281235389016,2554.9104416013206,HCT116 OsTIRF74G mAC-POLR2A Clone 5,Vehicle,0,240,pSer2 Pol II (3E10),Goat anti-rat Alexa568,2423,260522_mACPOLR2A_Kinetic_pSer2,I,06,434.02652856241303,1.0133812145728012,2025.6463221537524,0,0.0,-12
124,I07,930.6567185971319,679.149232751101,362.54179073747827,2433.788124156545,HCT116 OsTIRF74G mAC-POLR2A Clone 5,Vehicle,0,480,pSer2 Pol II (3E10),Goat anti-rat Alexa568,2223,260522_mACPOLR2A_Kinetic_pSer2,I,07,438.66341590617577,1.024207590886303,2113.548757705329,0,0.0,-12
125,I08,956.8885095591345,687.0055853168324,377.47147989920296,2376.3105123674914,HCT116 OsTIRF74G mAC-POLR2A Clone 5,Vehicle,0,60,pSer2 Pol II (3E10),Goat anti-rat Alexa568,2264,260522_mACPOLR2A_Kinetic_pSer2,I,08,446.5197684719072,1.0425508938441732,2124.8575972402273,0,0.0,-12
126,I09,902.276373488444,664.9967966157981,359.53621255408393,2392.180897887324,HCT116 OsTIRF74G mAC-POLR2A Clone 5,Vehicle,0,120,pSer2 Pol II (3E10),Goat anti-rat Alexa568,2272,260522_mACPOLR2A_Kinetic_pSer2,I,09,424.5109797708729,0.9911639588127975,1992.8983344998176,0,0.0,-12
127,I10,915.9392548856857,666.2292943691534,362.69000277907634,2366.3920908708455,HCT116 OsTIRF74G mAC-POLR2A Clone 5,Vehicle,0,240,pSer2 Pol II (3E10),Goat anti-rat Alexa568,2377,260522_mACPOLR2A_Kinetic_pSer2,I,10,425.74347752422824,0.9940416402171818,2070.1158743802152,0,0.0,-12
128,I11,859.5729605267624,673.662959934652,351.0319040566194,2145.5362622036264,HCT116 OsTIRF74G mAC-POLR2A Clone 5,Vehicle,0,480,pSer2 Pol II (3E10),Goat anti-rat Alexa568,2868,260522_mACPOLR2A_Kinetic_pSer2,I,11,433.1771430897268,1.011398037911222,2001.636055522205,0,0.0,-12
129,I12,952.2576347467083,218.46766370795802,362.68389241179295,1677.0609227631915,HCT116 OsTIRF74G,Vehicle,0,480,pSer2 Pol II (3E10),Goat anti-rat Alexa568,3923,260522_mACPOLR2A_Kinetic_pSer2,I,12,-22.018153136967157,-0.05140879946323634,2042.3453874926727,0,0.0,-12
130,I13,624.7147792335351,218.53276828976985,348.4990905432338,1696.211520302172,HCT116 OsTIRF74G,Vehicle,0,480,Total Pol II (F12),Goat anti-mouse Alexa568,4236,260522_mACPOLR2A_Kinetic_pSer2,I,13,-21.953048555155334,-0.05125679087424699,2441.976869718104,0,0.0,-12
131,I14,640.4191616560944,666.1919282809303,353.7461321470174,2268.4808492922566,HCT116 OsTIRF74G mAC-POLR2A Clone 5,Vehicle,0,60,Total Pol II (F12),Goat anti-mouse Alexa568,2402,260522_mACPOLR2A_Kinetic_pSer2,I,14,425.7061114360051,0.993954396490415,2514.913346471305,0,0.0,-12
132,I15,647.1172806655335,665.0584298657742,350.12637058440174,2248.1871030776747,HCT116 OsTIRF74G mAC-POLR2A Clone 5,Vehicle,0,120,Total Pol II (F12),Goat anti-mouse Alexa568,2047,260522_mACPOLR2A_Kinetic_pSer2,I,15,424.572613020849,0.991307862407644,2456.6062327645764,0,0.0,-12
133,I16,665.8682775045752,665.9525693030685,353.8907805511944,2373.414075286416,HCT116 OsTIRF74G mAC-POLR2A Clone 5,Vehicle,0,240,Total Pol II (F12),Goat anti-mouse Alexa568,1833,260522_mACPOLR2A_Kinetic_pSer2,I,16,425.4667524581433,0.9933955322834093,2544.003978062512,0,0.0,-12
134,I17,658.5341585214991,661.1540465921213,356.14699512313746,2440.8118993135013,HCT116 OsTIRF74G mAC-POLR2A Clone 5,Vehicle,0,480,Total Pol II (F12),Goat anti-mouse Alexa568,2185,260522_mACPOLR2A_Kinetic_pSer2,I,17,420.6682297471961,0.982191763727876,2443.387820124794,0,0.0,-12
135,I18,659.518562633751,662.3529690018594,369.0749383847841,2362.4129422718806,HCT116 OsTIRF74G mAC-POLR2A Clone 5,Vehicle,0,60,Total Pol II (F12),Goat anti-mouse Alexa568,2148,260522_mACPOLR2A_Kinetic_pSer2,I,18,421.8671521569342,0.9849910521764027,2475.856386882369,0,0.0,-12
136,I19,642.9229107816084,679.3509819158928,370.2813170832904,2363.918312387792,HCT116 OsTIRF74G mAC-POLR2A Clone 5,Vehicle,0,120,Total Pol II (F12),Goat anti-mouse Alexa568,2228,260522_mACPOLR2A_Kinetic_pSer2,I,19,438.86516507096763,1.0246786423087426,2388.437407154336,0,0.0,-12
137,I20,659.033238159997,680.4395003996069,365.7488307380627,2314.674710910005,HCT116 OsTIRF74G mAC-POLR2A Clone 5,Vehicle,0,240,Total Pol II (F12),Goat anti-mouse Alexa568,1989,260522_mACPOLR2A_Kinetic_pSer2,I,20,439.95368355468173,1.0272201555815943,2479.8020118755567,0,0.0,-12
138,I21,666.3956651005813,680.6914674537243,369.1091098341437,2276.2427536231885,HCT116 OsTIRF74G mAC-POLR2A Clone 5,Vehicle,0,480,Total Pol II (F12),Goat anti-mouse Alexa568,1932,260522_mACPOLR2A_Kinetic_pSer2,I,21,440.2056506087991,1.0278084575920257,2454.066511846051,0,0.0,-12
139,I22,606.0530910417575,247.28696039456528,372.1115946291729,1752.28313470567,HCT116 OsTIRF74G,Vehicle,0,480,Total Pol II (F12),Goat anti-mouse Alexa568,2769,260522_mACPOLR2A_Kinetic_pSer2,I,22,6.801143549640102,0.015879561863756372,2441.6071650089293,0,0.0,-12
140,J03,1066.6443907936984,246.27247639007018,386.4199611133059,1740.2154265679783,HCT116 OsTIRF74G,Vehicle,0,480,pSer2 Pol II (3E10),Goat anti-rat Alexa568,2567,260522_mACPOLR2A_Kinetic_pSer2,J,03,5.786659545145,0.01351090703511013,2100.3842660446985,0,0.0,-12
141,J04,939.7037952884659,536.6437595179023,369.0956283837951,2428.4583333333335,HCT116 OsTIRF74G mAC-POLR2A Clone 5,5PhIAA,10,60,pSer2 Pol II (3E10),Goat anti-rat Alexa568,1896,260522_mACPOLR2A_Kinetic_pSer2,J,04,296.1579426729771,0.6914805337945286,1361.1014496631476,60,1.0,-8
142,J05,857.2332179132507,483.23657436281843,369.3646966914034,2381.108460678345,HCT116 OsTIRF74G mAC-POLR2A Clone 5,5PhIAA,10,120,pSer2 Pol II (3E10),Goat anti-rat Alexa568,2683,260522_mACPOLR2A_Kinetic_pSer2,J,05,242.75075751789325,0.5667834597731866,1150.5271906143153,120,2.0,-8
143,J06,883.4047677590662,489.03866632613517,356.8993800154877,2447.8702983138783,HCT116 OsTIRF74G mAC-POLR2A Clone 5,5PhIAA,10,240,pSer2 Pol II (3E10),Goat anti-rat Alexa568,2313,260522_mACPOLR2A_Kinetic_pSer2,J,06,248.55284948121,0.5803303989898374,1273.4701132771327,240,4.0,-8
144,J07,890.6971038088947,498.3798268908823,350.143343241279,2357.0388692579504,HCT116 OsTIRF74G mAC-POLR2A Clone 5,5PhIAA,10,480,pSer2 Pol II (3E10),Goat anti-rat Alexa568,2264,260522_mACPOLR2A_Kinetic_pSer2,J,07,257.89401004595715,0.6021404866588491,1373.5746786426655,480,8.0,-8
145,J08,906.5939564381589,510.01587699194033,357.40775041888696,2272.4271334792124,HCT116 OsTIRF74G mAC-POLR2A Clone 5,5PhIAA,10,60,pSer2 Pol II (3E10),Goat anti-rat Alexa568,2285,260522_mACPOLR2A_Kinetic_pSer2,J,08,269.53006014701515,0.6293087674164721,1304.6530765647233,60,1.0,-8
146,J09,885.4221160009052,491.79336385566086,359.96514074294544,2206.6487371375115,HCT116 OsTIRF74G mAC-POLR2A Clone 5,5PhIAA,10,120,pSer2 Pol II (3E10),Goat anti-rat Alexa568,2138,260522_mACPOLR2A_Kinetic_pSer2,J,09,251.30754701073568,0.5867621688115985,1204.5776146981254,120,2.0,-8
147,J10,883.8612188269823,483.41524882403695,353.6540206428136,2272.051051051051,HCT116 OsTIRF74G mAC-POLR2A Clone 5,5PhIAA,10,240,pSer2 Pol II (3E10),Goat anti-rat Alexa568,2331,260522_mACPOLR2A_Kinetic_pSer2,J,10,242.92943197911177,0.567200635523071,1277.0815627958368,240,4.0,-8
148,J11,900.4390600171164,513.6161904579822,366.33139390711614,2284.287145969499,HCT116 OsTIRF74G mAC-POLR2A Clone 5,5PhIAA,10,480,pSer2 Pol II (3E10),Goat anti-rat Alexa568,2295,260522_mACPOLR2A_Kinetic_pSer2,J,11,273.130373613057,0.6377149126471446,1431.9743245993236,480,8.0,-8
149,J12,952.6943215165329,220.62304383659938,346.54848169487855,1688.6938479396401,HCT116 OsTIRF74G,Vehicle,0,480,pSer2 Pol II (3E10),Goat anti-rat Alexa568,3446,260522_mACPOLR2A_Kinetic_pSer2,J,12,-19.862773008325803,-0.04637633810686889,2040.2153150508627,0,0.0,-12
150,J13,616.1813093524235,218.91480660963845,351.2592954586665,1654.4683884853375,HCT116 OsTIRF74G,Vehicle,0,480,Total Pol II (F12),Goat anti-mouse Alexa568,3717,260522_mACPOLR2A_Kinetic_pSer2,J,13,-21.571010235286735,-0.05036479365489702,2474.8529505155257,0,0.0,-12
151,J14,499.0064998382614,514.6024158000216,350.74176769992414,2367.25488372093,HCT116 OsTIRF74G mAC-POLR2A Clone 5,5PhIAA,10,60,Total Pol II (F12),Goat anti-mouse Alexa568,2150,260522_mACPOLR2A_Kinetic_pSer2,J,14,274.11659895509644,0.6400175881040314,1631.3456020223973,60,1.0,-8
152,J15,467.7754554051179,472.442458531066,345.8251858283501,2292.535618639529,HCT116 OsTIRF74G mAC-POLR2A Clone 5,5PhIAA,10,120,Total Pol II (F12),Goat anti-mouse Alexa568,1867,260522_mACPOLR2A_Kinetic_pSer2,J,15,231.9566416861408,0.5415809583315083,1436.9873173168314,120,2.0,-8
153,J16,491.27397815728534,459.844497486018,355.87554555691304,2267.0205410821645,HCT116 OsTIRF74G mAC-POLR2A Clone 5,5PhIAA,10,240,Total Pol II (F12),Goat anti-mouse Alexa568,1996,260522_mACPOLR2A_Kinetic_pSer2,J,16,219.3586806410928,0.512166772274133,1488.8216719030777,240,4.0,-8
154,J17,512.0716542722114,485.12421199170643,341.9600003690288,2317.5905334335084,HCT116 OsTIRF74G mAC-POLR2A Clone 5,5PhIAA,10,480,Total Pol II (F12),Goat anti-mouse Alexa568,2662,260522_mACPOLR2A_Kinetic_pSer2,J,17,244.63839514678125,0.5711907860243531,1614.8266350755348,480,8.0,-8
155,J18,483.7307703177924,503.22875574563164,352.3730530731964,2520.1991426344507,HCT116 OsTIRF74G mAC-POLR2A Clone 5,5PhIAA,10,60,Total Pol II (F12),Goat anti-mouse Alexa568,2566,260522_mACPOLR2A_Kinetic_pSer2,J,18,262.74293890070646,0.6134619453458988,1513.2181894690045,60,1.0,-8
156,J19,464.55247919847824,477.51602350327477,353.7311548635986,2413.0191834727007,HCT116 OsTIRF74G mAC-POLR2A Clone 5,5PhIAA,10,120,Total Pol II (F12),Goat anti-mouse Alexa568,2033,260522_mACPOLR2A_Kinetic_pSer2,J,19,237.03020665834958,0.553426905745784,1368.0430820407728,120,2.0,-8
157,J20,485.91969843560344,477.9839526009559,362.67283047464696,2507.7722197409557,HCT116 OsTIRF74G mAC-POLR2A Clone 5,5PhIAA,10,240,Total Pol II (F12),Goat anti-mouse Alexa568,2239,260522_mACPOLR2A_Kinetic_pSer2,J,20,237.4981357560307,0.554519443934435,1444.5627675344795,240,4.0,-8
158,J21,531.5348841820888,514.7247782870573,373.4416135852091,2471.001050972149,HCT116 OsTIRF74G mAC-POLR2A Clone 5,5PhIAA,10,480,Total Pol II (F12),Goat anti-mouse Alexa568,1903,260522_mACPOLR2A_Kinetic_pSer2,J,21,274.23896144213217,0.6403032845708836,1642.9644694991243,480,8.0,-8
159,J22,607.1420321867089,248.87586748679402,371.22682594170624,1719.5089928057555,HCT116 OsTIRF74G,Vehicle,0,480,Total Pol II (F12),Goat anti-mouse Alexa568,2780,260522_mACPOLR2A_Kinetic_pSer2,J,22,8.39005064186884,0.019589400993404303,2445.5545156426915,0,0.0,-12
160,K03,1028.2393513374855,244.70395159480668,398.43893273780816,1704.66878342246,HCT116 OsTIRF74G,Vehicle,0,480,pSer2 Pol II (3E10),Goat anti-rat Alexa568,2992,260522_mACPOLR2A_Kinetic_pSer2,K,03,4.2181347498815,0.009848657247346043,2145.906013012201,0,0.0,-12
161,K04,939.3614366588849,469.27164851343736,387.5018706007472,2508.8663303909207,HCT116 OsTIRF74G mAC-POLR2A Clone 5,5PhIAA,100,60,pSer2 Pol II (3E10),Goat anti-rat Alexa568,1586,260522_mACPOLR2A_Kinetic_pSer2,K,04,228.78583166851217,0.5341776336603482,1126.9537831615212,60,1.0,-7
162,K05,808.1119469852663,401.8503922680844,376.6224325522783,2572.2661808829835,HCT116 OsTIRF74G mAC-POLR2A Clone 5,5PhIAA,100,120,pSer2 Pol II (3E10),Goat anti-rat Alexa568,2333,260522_mACPOLR2A_Kinetic_pSer2,K,05,161.36457542315924,0.3767599873974772,849.6409246053298,120,2.0,-7
163,K06,751.386723674784,349.8881238082741,360.72275216949754,2426.6301169590643,HCT116 OsTIRF74G mAC-POLR2A Clone 5,5PhIAA,100,240,pSer2 Pol II (3E10),Goat anti-rat Alexa568,2052,260522_mACPOLR2A_Kinetic_pSer2,K,06,109.4023069633489,0.25543655839378576,730.7618650565212,240,4.0,-7
164,K07,796.263802361466,369.7498022279538,359.41147346069494,2402.9545661063153,HCT116 OsTIRF74G mAC-POLR2A Clone 5,5PhIAA,100,480,pSer2 Pol II (3E10),Goat anti-rat Alexa568,2201,260522_mACPOLR2A_Kinetic_pSer2,K,07,129.26398538302863,0.3018103408145419,904.0959182335731,480,8.0,-7
165,K08,862.2263972107548,449.50296573072603,365.4767170252618,2500.3635637235316,HCT116 OsTIRF74G mAC-POLR2A Clone 5,5PhIAA,100,60,pSer2 Pol II (3E10),Goat anti-rat Alexa568,2503,260522_mACPOLR2A_Kinetic_pSer2,K,08,209.01714888580085,0.48802098089720347,1073.2948976140422,60,1.0,-7
166,K09,790.6777295001287,377.58982451261477,358.50399740753664,2314.931651376147,HCT116 OsTIRF74G mAC-POLR2A Clone 5,5PhIAA,100,120,pSer2 Pol II (3E10),Goat anti-rat Alexa568,2180,260522_mACPOLR2A_Kinetic_pSer2,K,09,137.1040076676896,0.3201155152273199,780.6941487237656,120,2.0,-7
167,K10,737.7649484041548,352.4050608109946,355.16811199524153,2414.6756872852234,HCT116 OsTIRF74G mAC-POLR2A Clone 5,5PhIAA,100,240,pSer2 Pol II (3E10),Goat anti-rat Alexa568,2328,260522_mACPOLR2A_Kinetic_pSer2,K,10,111.91924396606942,0.2613131961312723,757.8363137295873,240,4.0,-7
168,K11,689.3516517906625,318.62240772304017,345.1185376499213,2462.326173428799,HCT116 OsTIRF74G mAC-POLR2A Clone 5,5PhIAA,1000,480,pSer2 Pol II (3E10),Goat anti-rat Alexa568,2514,260522_mACPOLR2A_Kinetic_pSer2,K,11,78.13659087811499,0.18243620644321015,709.6028026189421,480,8.0,-6
169,K12,1022.702030384949,223.91267066601057,364.8471385585303,1632.3916751961788,HCT116 OsTIRF74G,Vehicle,0,480,pSer2 Pol II (3E10),Goat anti-rat Alexa568,2931,260522_mACPOLR2A_Kinetic_pSer2,K,12,-16.573146178914612,-0.03869559554276406,2115.269135039199,0,0.0,-12
170,K13,648.2423633654593,222.14364426207626,362.94095936088894,1678.2146025247355,HCT116 OsTIRF74G,Vehicle,0,480,Total Pol II (F12),Goat anti-mouse Alexa568,2931,260522_mACPOLR2A_Kinetic_pSer2,K,13,-18.342172582848917,-0.04282598391272867,2555.3870419664177,0,0.0,-12
171,K14,413.9760817641095,434.00490257541014,339.5417512574201,2442.263565891473,HCT116 OsTIRF74G mAC-POLR2A Clone 5,5PhIAA,100,60,Total Pol II (F12),Goat anti-mouse Alexa568,2451,260522_mACPOLR2A_Kinetic_pSer2,K,14,193.51908573048496,0.45183552901738466,1214.8212749287654,60,1.0,-7
172,K15,348.7007697375378,366.156007808564,341.53437439467865,2448.5610816030903,HCT116 OsTIRF74G mAC-POLR2A Clone 5,5PhIAA,100,120,Total Pol II (F12),Goat anti-mouse Alexa568,2071,260522_mACPOLR2A_Kinetic_pSer2,K,15,125.67019096363885,0.29341941649544817,924.2959646650172,120,2.0,-7
173,K16,351.9488126875255,346.0604327520331,353.0132766376001,2349.0412955465586,HCT116 OsTIRF74G mAC-POLR2A Clone 5,5PhIAA,100,240,Total Pol II (F12),Goat anti-mouse Alexa568,2470,260522_mACPOLR2A_Kinetic_pSer2,K,16,105.5746159071079,0.24649952354379465,906.6145412583321,240,4.0,-7
174,K17,376.69140969983084,354.2256868385226,348.737256418376,2496.8911533117184,HCT116 OsTIRF74G mAC-POLR2A Clone 5,5PhIAA,100,480,Total Pol II (F12),Goat anti-mouse Alexa568,2159,260522_mACPOLR2A_Kinetic_pSer2,K,17,113.73986999359744,0.2655640612135754,1012.3523028290564,480,8.0,-7
175,K18,437.5379487762597,453.2015778624673,361.21902184250905,2416.461670235546,HCT116 OsTIRF74G mAC-POLR2A Clone 5,5PhIAA,100,60,Total Pol II (F12),Goat anti-mouse Alexa568,2335,260522_mACPOLR2A_Kinetic_pSer2,K,18,212.7157610175421,0.4966566374933847,1299.2859969801093,60,1.0,-7
176,K19,370.4406543627492,397.87625851974707,367.7351076908349,2420.885151369534,HCT116 OsTIRF74G mAC-POLR2A Clone 5,5PhIAA,100,120,Total Pol II (F12),Goat anti-mouse Alexa568,2081,260522_mACPOLR2A_Kinetic_pSer2,K,19,157.3904416748219,0.36748103272596394,964.2238932356751,120,2.0,-7
177,K20,361.3601780631386,359.7648091273584,360.6365271110474,2076.9640625,HCT116 OsTIRF74G mAC-POLR2A Clone 5,5PhIAA,100,240,Total Pol II (F12),Goat anti-mouse Alexa568,1920,260522_mACPOLR2A_Kinetic_pSer2,K,20,119.2789922824332,0.2784970090942496,914.6524169485274,240,4.0,-7
178,K21,401.07325108181936,384.8784884225817,374.1169761682971,2424.8225629791896,HCT116 OsTIRF74G mAC-POLR2A Clone 5,5PhIAA,100,480,Total Pol II (F12),Goat anti-mouse Alexa568,1826,260522_mACPOLR2A_Kinetic_pSer2,K,21,144.39267157765653,0.33713335768538316,1084.4534359134839,480,8.0,-7
179,K22,637.6850957334743,247.517675437613,386.61045538981205,1717.0950280673617,HCT116 OsTIRF74G,Vehicle,0,480,Total Pol II (F12),Goat anti-mouse Alexa568,2494,260522_mACPOLR2A_Kinetic_pSer2,K,22,7.031858592687826,0.01641824389159997,2594.1609125209607,0,0.0,-12
180,L03,1100.5530560208397,244.9345785680617,385.5574384539935,1710.6305555555555,HCT116 OsTIRF74G,Vehicle,0,480,pSer2 Pol II (3E10),Goat anti-rat Alexa568,2160,260522_mACPOLR2A_Kinetic_pSer2,L,03,4.448761723136528,0.010387133646575683,2233.73300424942,0,0.0,-12
181,L04,916.7034740377527,452.49386412357615,376.2218407931061,2417.4765886287623,HCT116 OsTIRF74G mAC-POLR2A Clone 5,5PhIAA,1000,60,pSer2 Pol II (3E10),Goat anti-rat Alexa568,1794,260522_mACPOLR2A_Kinetic_pSer2,L,04,212.00804727865096,0.4950042412431766,1057.6672959719522,60,1.0,-6
182,L05,788.5524574506215,381.4506387459046,369.98687346726405,2549.4539078156313,HCT116 OsTIRF74G mAC-POLR2A Clone 5,5PhIAA,1000,120,pSer2 Pol II (3E10),Goat anti-rat Alexa568,1996,260522_mACPOLR2A_Kinetic_pSer2,L,05,140.96482190097942,0.329129887297917,770.0712308013507,120,2.0,-6
183,L06,657.7033138864753,323.24585004980264,339.53571913352096,2435.551696606786,HCT116 OsTIRF74G mAC-POLR2A Clone 5,5PhIAA,1000,240,pSer2 Pol II (3E10),Goat anti-rat Alexa568,2505,260522_mACPOLR2A_Kinetic_pSer2,L,06,82.76003320487746,0.1932311908330367,614.6451924394706,240,4.0,-6
184,L07,714.7068040581338,336.98017235282356,333.4659752754192,2501.0204172214826,HCT116 OsTIRF74G mAC-POLR2A Clone 5,5PhIAA,1000,480,pSer2 Pol II (3E10),Goat anti-rat Alexa568,2253,260522_mACPOLR2A_Kinetic_pSer2,L,07,96.49435550789838,0.22529859524462723,740.6213420327774,480,8.0,-6
185,L08,819.4457544383879,426.57495280840084,352.10720439551284,2437.0902712815714,HCT116 OsTIRF74G mAC-POLR2A Clone 5,5PhIAA,1000,60,pSer2 Pol II (3E10),Goat anti-rat Alexa568,2138,260522_mACPOLR2A_Kinetic_pSer2,L,08,186.08913596347566,0.4344878071072847,947.4498856647415,60,1.0,-6
186,L09,751.4158094245831,367.3293819536694,350.1775461502099,2262.8384879725086,HCT116 OsTIRF74G mAC-POLR2A Clone 5,5PhIAA,1000,120,pSer2 Pol II (3E10),Goat anti-rat Alexa568,2328,260522_mACPOLR2A_Kinetic_pSer2,L,09,126.8435651087442,0.2961590539094414,729.6865936258125,120,2.0,-6
187,L10,659.5774312440141,319.73572802941203,346.8186498282883,2464.947156291984,HCT116 OsTIRF74G mAC-POLR2A Clone 5,5PhIAA,1000,240,pSer2 Pol II (3E10),Goat anti-rat Alexa568,2233,260522_mACPOLR2A_Kinetic_pSer2,L,10,79.24991118448685,0.18503562793022518,602.8624854382975,240,4.0,-6
188,L11,805.9252398269882,371.95653907518357,355.31237858875517,2296.8085210577865,HCT116 OsTIRF74G mAC-POLR2A Clone 5,5PhIAA,100,480,pSer2 Pol II (3E10),Goat anti-rat Alexa568,2042,260522_mACPOLR2A_Kinetic_pSer2,L,11,131.4707222302584,0.3069627117396446,888.0083848326977,480,8.0,-7
189,L12,1004.5520753701602,233.47693810629772,363.87411790305384,1709.45873015873,HCT116 OsTIRF74G,Vehicle,0,480,pSer2 Pol II (3E10),Goat anti-rat Alexa568,3150,260522_mACPOLR2A_Kinetic_pSer2,L,12,-7.008878738627459,-0.016364589677200836,2065.905856362963,0,0.0,-12
190,L13,632.4496371554543,231.65554929659572,363.0290211670211,1676.6949389179756,HCT116 OsTIRF74G,Vehicle,0,480,Total Pol II (F12),Goat anti-mouse Alexa568,2865,260522_mACPOLR2A_Kinetic_pSer2,L,13,-8.83026754832946,-0.02061723573157606,2541.268772717154,0,0.0,-12
191,L14,403.35145464259296,432.5844433735193,348.99184760250336,2481.446207238473,HCT116 OsTIRF74G mAC-POLR2A Clone 5,5PhIAA,1000,60,Total Pol II (F12),Goat anti-mouse Alexa568,2017,260522_mACPOLR2A_Kinetic_pSer2,L,14,192.09862652859414,0.44851898826115244,1165.6695493092818,60,1.0,-6
192,L15,344.59213225068055,364.53051022236247,346.3855253184502,2558.2834839769926,HCT116 OsTIRF74G mAC-POLR2A Clone 5,5PhIAA,1000,120,Total Pol II (F12),Goat anti-mouse Alexa568,2434,260522_mACPOLR2A_Kinetic_pSer2,L,15,124.04469337743728,0.289624144525216,870.8153286297373,120,2.0,-6
193,L16,311.5815296687293,316.5457126653337,350.41609500781414,2389.5726817042605,HCT116 OsTIRF74G mAC-POLR2A Clone 5,5PhIAA,1000,240,Total Pol II (F12),Goat anti-mouse Alexa568,1596,260522_mACPOLR2A_Kinetic_pSer2,L,16,76.05989582040854,0.17758746190483737,741.2973378512544,240,4.0,-6
194,L17,325.06417646197167,324.9741151726347,338.2352330410663,2472.1463207145894,HCT116 OsTIRF74G mAC-POLR2A Clone 5,5PhIAA,1000,480,Total Pol II (F12),Goat anti-mouse Alexa568,2351,260522_mACPOLR2A_Kinetic_pSer2,L,17,84.48829832770951,0.19726640825414765,840.3886263209364,480,8.0,-6
195,L18,393.4937239256781,423.50586258429155,346.787110894899,2473.1242084754017,HCT116 OsTIRF74G mAC-POLR2A Clone 5,5PhIAA,1000,60,Total Pol II (F12),Goat anti-mouse Alexa568,2053,260522_mACPOLR2A_Kinetic_pSer2,L,18,183.02004573936637,0.4273219815775806,1114.6394375870175,60,1.0,-6
196,L19,351.092599107169,376.4266506565646,358.91678528328697,2537.7655502392345,HCT116 OsTIRF74G mAC-POLR2A Clone 5,5PhIAA,1000,120,Total Pol II (F12),Goat anti-mouse Alexa568,1672,260522_mACPOLR2A_Kinetic_pSer2,L,19,135.94083381163944,0.317399693826016,891.9533238362892,120,2.0,-6
197,L20,310.16111342113834,330.41567694880774,351.4038936064434,2420.8722249629996,HCT116 OsTIRF74G mAC-POLR2A Clone 5,5PhIAA,1000,240,Total Pol II (F12),Goat anti-mouse Alexa568,2027,260522_mACPOLR2A_Kinetic_pSer2,L,20,89.92986010388256,0.20997156823636334,752.8477815258352,240,4.0,-6
198,L21,360.4730854277396,347.36216126586595,368.3512905757834,2375.8844036697246,HCT116 OsTIRF74G mAC-POLR2A Clone 5,5PhIAA,1000,480,Total Pol II (F12),Goat anti-mouse Alexa568,1635,260522_mACPOLR2A_Kinetic_pSer2,L,21,106.87634442094077,0.2495388474919443,947.0912757905545,480,8.0,-6
199,L22,596.5525408031838,242.9866506833647,354.34436414827564,1720.5080669710808,HCT116 OsTIRF74G,Vehicle,0,480,Total Pol II (F12),Goat anti-mouse Alexa568,3285,260522_mACPOLR2A_Kinetic_pSer2,L,22,2.500833838439519,0.00583903947308642,2527.1995946432876,0,0.0,-12
200,M03,1055.3049236070663,244.76432048911303,378.4627617955115,1713.5198675496688,HCT116 OsTIRF74G,5PhIAA,10000,480,pSer2 Pol II (3E10),Goat anti-rat Alexa568,2416,260522_mACPOLR2A_Kinetic_pSer2,M,03,4.27850364418785,0.009989608777744926,2150.1726337424907,480,8.0,-5
201,M04,914.5652134435879,438.1454338315116,372.42986461791287,2282.1934853420194,HCT116 OsTIRF74G mAC-POLR2A Clone 5,5PhIAA,10000,60,pSer2 Pol II (3E10),Goat anti-rat Alexa568,1535,260522_mACPOLR2A_Kinetic_pSer2,M,04,197.6596169865864,0.4615029947531371,980.3893359478911,60,1.0,-5
202,M05,774.8857954868927,372.43051575449016,368.1342951643093,2405.872911392405,HCT116 OsTIRF74G mAC-POLR2A Clone 5,5PhIAA,10000,120,pSer2 Pol II (3E10),Goat anti-rat Alexa568,1975,260522_mACPOLR2A_Kinetic_pSer2,M,05,131.94469890956498,0.308069370045868,733.7678014512703,120,2.0,-5
203,M06,706.4535350277246,328.1524156599141,361.3509798686712,2372.4961685823755,HCT116 OsTIRF74G mAC-POLR2A Clone 5,5PhIAA,10000,240,pSer2 Pol II (3E10),Goat anti-rat Alexa568,2088,260522_mACPOLR2A_Kinetic_pSer2,M,06,87.6665988149889,0.20468722195128403,640.3302743429706,240,4.0,-5
204,M07,736.1448797157543,334.25853148946845,360.59083503156353,2395.265019651881,HCT116 OsTIRF74G mAC-POLR2A Clone 5,5PhIAA,10000,480,pSer2 Pol II (3E10),Goat anti-rat Alexa568,1781,260522_mACPOLR2A_Kinetic_pSer2,M,07,93.77271464454327,0.2189440073514101,738.1930638465262,480,8.0,-5
205,M08,856.5792254731198,413.12444311336884,361.1945148862055,2438.3015789473684,HCT116 OsTIRF74G mAC-POLR2A Clone 5,5PhIAA,10000,60,pSer2 Pol II (3E10),Goat anti-rat Alexa568,1900,260522_mACPOLR2A_Kinetic_pSer2,M,08,172.63862626844366,0.4030830588848159,918.2915743094039,60,1.0,-5
206,M09,728.9017249066846,359.1979061107709,345.83816151310936,2545.3382006594443,HCT116 OsTIRF74G mAC-POLR2A Clone 5,5PhIAA,10000,120,pSer2 Pol II (3E10),Goat anti-rat Alexa568,2123,260522_mACPOLR2A_Kinetic_pSer2,M,09,118.71208926584569,0.277173382933892,682.0976871449319,120,2.0,-5
207,M10,712.5822118444012,333.82815550085303,358.2422905890071,2368.721433400947,HCT116 OsTIRF74G mAC-POLR2A Clone 5,5PhIAA,10000,240,pSer2 Pol II (3E10),Goat anti-rat Alexa568,1479,260522_mACPOLR2A_Kinetic_pSer2,M,10,93.34233865592785,0.217939149552716,635.7347094740629,240,4.0,-5
208,M11,702.5066705093019,333.4480274927085,343.57980739137565,2430.539168017288,HCT116 OsTIRF74G mAC-POLR2A Clone 5,5PhIAA,10000,480,pSer2 Pol II (3E10),Goat anti-rat Alexa568,1851,260522_mACPOLR2A_Kinetic_pSer2,M,11,92.96221064778331,0.2170516125999344,688.9507657828686,480,8.0,-5
209,M12,1009.8322701501036,243.33420098224354,365.064702950796,1766.6793969849246,HCT116 OsTIRF74G,5PhIAA,10000,480,pSer2 Pol II (3E10),Goat anti-rat Alexa568,2985,260522_mACPOLR2A_Kinetic_pSer2,M,12,2.8483841373183623,0.0066505127836454445,2049.808998875027,480,8.0,-5
210,M13,621.468308150473,242.99976365368906,377.36749911793413,1825.272973889454,HCT116 OsTIRF74G,5PhIAA,10000,480,Total Pol II (F12),Goat anti-mouse Alexa568,2949,260522_mACPOLR2A_Kinetic_pSer2,M,13,2.513946808763876,0.00586965612188429,2425.3358476361427,480,8.0,-5
211,M14,396.3525967806435,433.0611946657405,357.3241039027833,2529.034069400631,HCT116 OsTIRF74G mAC-POLR2A Clone 5,5PhIAA,10000,60,Total Pol II (F12),Goat anti-mouse Alexa568,1585,260522_mACPOLR2A_Kinetic_pSer2,M,14,192.57537782081533,0.44963212483637627,1145.8810745157857,60,1.0,-5
212,M15,327.5490371996679,362.105230780946,358.03473041577365,2493.487295313382,HCT116 OsTIRF74G mAC-POLR2A Clone 5,5PhIAA,10000,120,Total Pol II (F12),Goat anti-mouse Alexa568,1771,260522_mACPOLR2A_Kinetic_pSer2,M,15,121.6194139360208,0.28396151225671945,807.5265976031831,120,2.0,-5
213,M16,308.8712367761021,328.9766323639088,363.846066552106,2453.0712731229596,HCT116 OsTIRF74G mAC-POLR2A Clone 5,5PhIAA,10000,240,Total Pol II (F12),Goat anti-mouse Alexa568,1838,260522_mACPOLR2A_Kinetic_pSer2,M,16,88.4908155189836,0.20661163363950927,743.486998488988,240,4.0,-5
214,M17,325.040887174662,330.30105847206886,346.8344709683559,2560.9823708206686,HCT116 OsTIRF74G mAC-POLR2A Clone 5,5PhIAA,10000,480,Total Pol II (F12),Goat anti-mouse Alexa568,1645,260522_mACPOLR2A_Kinetic_pSer2,M,17,89.81524162714368,0.2097039527715786,818.195091839244,480,8.0,-5
215,M18,402.71788699514764,436.2449167672191,363.74331013754994,2424.2864835756595,HCT116 OsTIRF74G mAC-POLR2A Clone 5,5PhIAA,10000,60,Total Pol II (F12),Goat anti-mouse Alexa568,1857,260522_mACPOLR2A_Kinetic_pSer2,M,18,195.7590999222939,0.4570655971191533,1161.5482811955983,60,1.0,-5
216,M19,332.6605007473502,366.08877974902583,357.27193614280895,2480.029511369134,HCT116 OsTIRF74G mAC-POLR2A Clone 5,5PhIAA,10000,120,Total Pol II (F12),Goat anti-mouse Alexa568,2067,260522_mACPOLR2A_Kinetic_pSer2,M,19,125.60296290410065,0.2932624499320129,838.7987674946025,120,2.0,-5
217,M20,314.1324828768615,325.1553079275591,360.7214658827014,2458.5179584120983,HCT116 OsTIRF74G mAC-POLR2A Clone 5,5PhIAA,10000,240,Total Pol II (F12),Goat anti-mouse Alexa568,2116,260522_mACPOLR2A_Kinetic_pSer2,M,20,84.6694910826339,0.19768946380945032,723.8602403664136,240,4.0,-5
218,M21,317.1140276481124,336.21191112446246,362.6872731856798,2385.451959205582,HCT116 OsTIRF74G mAC-POLR2A Clone 5,5PhIAA,10000,480,Total Pol II (F12),Goat anti-mouse Alexa568,1863,260522_mACPOLR2A_Kinetic_pSer2,M,21,95.72609427953728,0.22350483047341738,827.2999134937312,480,8.0,-5
219,M22,645.0590428663281,243.12339343047873,378.8417360753676,1729.635761589404,HCT116 OsTIRF74G,5PhIAA,10000,480,Total Pol II (F12),Goat anti-mouse Alexa568,1963,260522_mACPOLR2A_Kinetic_pSer2,M,22,2.6375765855535462,0.006158311503792506,2659.014685444837,480,8.0,-5
220,N03,1073.0372824258882,241.19624127386086,373.6816857287952,1783.3346686088857,HCT116 OsTIRF74G,Vehicle,0,480,pSer2 Pol II (3E10),Goat anti-rat Alexa568,2746,260522_mACPOLR2A_Kinetic_pSer2,N,03,0.7104244289356814,0.0016587252697239298,2215.4754647959976,0,0.0,-12
221,N04,1068.124786959243,244.14136024467965,372.2239745259381,1803.8363238512036,HCT116 OsTIRF74G,Vehicle,0,480,pSer2 Pol II (3E10),Goat anti-rat Alexa568,2285,260522_mACPOLR2A_Kinetic_pSer2,N,04,3.655543399754464,0.008535098125537884,2173.4294724856463,0,0.0,-12
222,N05,1096.2992282230173,243.67971486447954,371.43256784722763,1722.8560541913632,HCT116 OsTIRF74G,Vehicle,0,480,pSer2 Pol II (3E10),Goat anti-rat Alexa568,2362,260522_mACPOLR2A_Kinetic_pSer2,N,05,3.1938980195543536,0.00745723139320095,2239.446004139371,0,0.0,-12
223,N06,1032.764028510458,242.0317902621569,355.9375608365546,1738.760917838638,HCT116 OsTIRF74G,Vehicle,0,480,pSer2 Pol II (3E10),Goat anti-rat Alexa568,2702,260522_mACPOLR2A_Kinetic_pSer2,N,06,1.5459734172317212,0.003609595995066601,2108.3899985345934,0,0.0,-12
224,N07,964.6209030322748,243.23943098464775,343.4795560868912,1736.9054640069385,HCT116 OsTIRF74G,Vehicle,0,480,pSer2 Pol II (3E10),Goat anti-rat Alexa568,3459,260522_mACPOLR2A_Kinetic_pSer2,N,07,2.753614139722572,0.006429240283121613,2155.995013565549,0,0.0,-12
225,N08,1043.1943283264097,240.1134706651623,366.52262360333077,1790.5630089181852,HCT116 OsTIRF74G,Vehicle,0,480,pSer2 Pol II (3E10),Goat anti-rat Alexa568,2579,260522_mACPOLR2A_Kinetic_pSer2,N,08,-0.37234617976287154,-0.0008693676516489279,2098.7687018581987,0,0.0,-12
226,N09,1052.160710014905,242.2736054785486,375.6703523029674,1832.5088676671214,HCT116 OsTIRF74G,Vehicle,0,480,pSer2 Pol II (3E10),Goat anti-rat Alexa568,2199,260522_mACPOLR2A_Kinetic_pSer2,N,09,1.7877886336234212,0.0041741951187673244,2186.166805866407,0,0.0,-12
227,N10,1068.267343116185,242.3709084072943,379.20887030491406,1670.0190114068441,HCT116 OsTIRF74G,Vehicle,0,480,pSer2 Pol II (3E10),Goat anti-rat Alexa568,2367,260522_mACPOLR2A_Kinetic_pSer2,N,10,1.8850915623691264,0.004401381600755911,2207.256099917176,0,0.0,-12
228,N11,149.75591345765537,246.08086657554225,378.35742157678897,1760.575735020469,HCT116 OsTIRF74G,Vehicle,0,480,No primary,Goat anti-rat Alexa568,2687,260522_mACPOLR2A_Kinetic_pSer2,N,11,5.595049730617063,0.013063529343212968,2476.6118700977613,0,0.0,-12
229,N12,148.56455625142124,246.11036089436084,368.4792080302494,1735.789269051322,HCT116 OsTIRF74G,Vehicle,0,480,No primary,Goat anti-rat Alexa568,2572,260522_mACPOLR2A_Kinetic_pSer2,N,12,5.624544049435656,0.013132393771215518,162.70276692962847,0,0.0,-12
230,N13,624.2238143466174,245.7537641754069,371.61523666466724,1786.1639950678175,HCT116 OsTIRF74G,Vehicle,0,480,Total Pol II (F12),Goat anti-mouse Alexa568,2433,260522_mACPOLR2A_Kinetic_pSer2,N,13,5.267947330481718,0.012299798543999464,2566.768142624713,0,0.0,-12
231,N14,651.9225056262125,245.04668599206863,384.8526507976837,1656.1347237880495,HCT116 OsTIRF74G,Vehicle,0,480,Total Pol II (F12),Goat anti-mouse Alexa568,1774,260522_mACPOLR2A_Kinetic_pSer2,N,14,4.56086914714345,0.010648886212436242,2584.8056648292227,0,0.0,-12
232,N15,642.9897720829973,245.79627889643572,372.1028488104002,1703.595536413469,HCT116 OsTIRF74G,Vehicle,0,480,Total Pol II (F12),Goat anti-mouse Alexa568,2554,260522_mACPOLR2A_Kinetic_pSer2,N,15,5.310462051510541,0.012399063489338438,2618.648127892677,0,0.0,-12
233,N16,644.478698893303,244.91577289195507,372.1428115724718,1737.3952483801295,HCT116 OsTIRF74G,Vehicle,0,480,Total Pol II (F12),Goat anti-mouse Alexa568,2315,260522_mACPOLR2A_Kinetic_pSer2,N,16,4.42995604702989,0.010343225457468144,2597.549278891895,0,0.0,-12
234,N17,596.7941291427959,244.18832827480537,352.5057682189716,1806.5185866764814,HCT116 OsTIRF74G,Vehicle,0,480,Total Pol II (F12),Goat anti-mouse Alexa568,2717,260522_mACPOLR2A_Kinetic_pSer2,N,17,3.7025114298801896,0.00864476082190013,2454.9055468053343,0,0.0,-12
235,N18,660.6243955594468,241.52647812802167,384.5315943377758,1657.8160275743214,HCT116 OsTIRF74G,Vehicle,0,480,Total Pol II (F12),Goat anti-mouse Alexa568,2321,260522_mACPOLR2A_Kinetic_pSer2,N,18,1.0406612830964832,0.0024297745082915,2653.533994318425,0,0.0,-12
236,N19,608.2159812639109,241.27093265731963,367.20515196924003,1658.5970932579733,HCT116 OsTIRF74G,Vehicle,0,480,Total Pol II (F12),Goat anti-mouse Alexa568,2477,260522_mACPOLR2A_Kinetic_pSer2,N,19,0.7851158123944515,0.0018331174782791886,2529.4762859543043,0,0.0,-12
237,N20,610.7914787617946,240.4975271084912,368.30780704156484,1748.5677537896188,HCT116 OsTIRF74G,Vehicle,0,480,Total Pol II (F12),Goat anti-mouse Alexa568,2177,260522_mACPOLR2A_Kinetic_pSer2,N,20,0.01171026356601601,2.7341557104361325e-05,2424.1070057772936,0,0.0,-12
238,N21,155.87990068482736,239.75615310657787,370.3016865339048,1709.8416119962512,HCT116 OsTIRF74G,Vehicle,0,480,No primary,Goat anti-mouse Alexa568,2134,260522_mACPOLR2A_Kinetic_pSer2,N,21,-0.7296637383473126,-0.0017036459219330888,2423.1628349862585,0,0.0,-12
239,N22,154.69714986147628,239.75481336146117,365.3472529999309,1714.745233968804,HCT116 OsTIRF74G,Vehicle,0,480,No primary,Goat anti-mouse Alexa568,2885,260522_mACPOLR2A_Kinetic_pSer2,N,22,-0.7310034834640078,-0.0017067740084536788,162.52169453460635,0,0.0,-12
