,WELL,IF_561_Intensity,GFP_488_Intensity,DAPI_Intensity,NucleusArea,CELL,DRUG,DRUG_CONCENTRATION,TIME_MINUTES,PRIMARY,SECONDARY,TotalNumberCells,EXPERIMENT,ROW,COLUMN,GFP_Intensity_BGS,GFP_Intensity_FC,IF_561_Intensity_BGS,IF_561_Intensity_FC,IF_647_Intensity,TIME_IN_AUXIN,TIME_IN_AUXIN_HRS
0,C03,2593.2489339273325,275.54706372969923,458.7232144577456,1567.7804208600182,HCT116 OsTIRF74G,Vehicle,0,480,Total Pol II (F12),Goat anti-mouse Alexa647,1093,250905_mACPOLR2A_Kinetic_pSer2,C,03,15.30470548045082,0.024013382615985502,2403.8055981237467,1.7607234457972873,,0,0.0
1,C04,2269.083878975587,271.6190389126815,432.36593693534934,1663.1464108031273,HCT116 OsTIRF74G,Vehicle,0,480,Total Pol II (F12),Goat anti-mouse Alexa647,1407,250905_mACPOLR2A_Kinetic_pSer2,C,04,11.376680663433092,0.017850234754263,2079.6405431720013,1.5232811946405358,,0,0.0
2,C05,2245.798431497741,272.1624857781509,411.88775564217,1646.881934566145,HCT116 OsTIRF74G,Vehicle,0,480,Total Pol II (F12),Goat anti-mouse Alexa647,1406,250905_mACPOLR2A_Kinetic_pSer2,C,05,11.92012752890247,0.018702913528685892,2056.3550956941554,1.506225225825035,,0,0.0
3,C06,275.40860990860995,259.0146472162097,153.85438537157287,31.75,HCT116 OsTIRF74G,Vehicle,0,480,Total Pol II (F12),Goat anti-mouse Alexa647,4,250905_mACPOLR2A_Kinetic_pSer2,C,06,-1.2277110330387018,-0.001926302653512856,85.96527410502426,0.06296726896686204,,0,0.0
4,C12,2172.1050049017167,259.53717048739577,389.2406979646787,1579.478834524464,HCT116 OsTIRF74G,Vehicle,0,480,Total Pol II (F12),Goat anti-mouse Alexa647,1819,250905_mACPOLR2A_Kinetic_pSer2,C,12,-0.7051877618526419,-0.0011064534082742207,1982.661669098131,1.4522467576369091,,0,0.0
9,D03,2155.910886322869,271.4893327999883,405.80622193404116,1561.7441462021702,HCT116 OsTIRF74G,Vehicle,0,480,Total Pol II (F12),Goat anti-mouse Alexa647,1751,250905_mACPOLR2A_Kinetic_pSer2,D,03,11.246974550739878,0.01764672332336923,1966.4675505192831,1.4403849979804484,,0,0.0
10,D04,1751.5326855593253,945.7652556201078,316.2842977136059,1892.4781136008337,HCT116 OsTIRF74G mAC-POLR2A Clone 5,Vehicle,0,60,Total Pol II (F12),Goat anti-mouse Alexa647,3838,250905_mACPOLR2A_Kinetic_pSer2,D,04,685.5228973708595,1.0755988507986962,1562.0893497557395,1.1441887583138826,,0,0.0
11,D05,1711.5500413485618,954.0250072058177,313.3313370092708,1924.3519629225736,HCT116 OsTIRF74G mAC-POLR2A Clone 5,Vehicle,0,120,Total Pol II (F12),Goat anti-mouse Alexa647,3668,250905_mACPOLR2A_Kinetic_pSer2,D,05,693.7826489565693,1.0885585627901486,1522.1067055449762,1.114902538520647,,0,0.0
12,D06,1819.6547659863543,947.0677623609596,316.36510871037353,1918.4043377226956,HCT116 OsTIRF74G mAC-POLR2A Clone 5,Vehicle,0,240,Total Pol II (F12),Goat anti-mouse Alexa647,3873,250905_mACPOLR2A_Kinetic_pSer2,D,06,686.8254041117111,1.0776425093825168,1630.2114301827687,1.1940863641260913,,0,0.0
13,D07,1365.4373861278698,654.6884288542891,313.60627102485466,1947.665731125456,HCT116 OsTIRF74G mAC-POLR2A Clone 5,Vehicle,10,480,Total Pol II (F12),Goat anti-mouse Alexa647,3563,250905_mACPOLR2A_Kinetic_pSer2,D,07,394.4460706050407,0.618893609348428,1175.9940503242842,0.8613842559232983,,0,0.0
14,D08,1738.7069068077337,878.2847181769259,315.48391014528715,1931.66395821242,HCT116 OsTIRF74G mAC-POLR2A Clone 5,Vehicle,0,60,Total Pol II (F12),Goat anti-mouse Alexa647,3446,250905_mACPOLR2A_Kinetic_pSer2,D,08,618.0423599276776,0.9697205660564451,1549.2635710041482,1.1347942176837411,,0,0.0
15,D09,1706.8166458320363,912.1070714791866,307.6671284693622,1926.3664143537987,HCT116 OsTIRF74G mAC-POLR2A Clone 5,Vehicle,0,120,Total Pol II (F12),Goat anti-mouse Alexa647,3567,250905_mACPOLR2A_Kinetic_pSer2,D,09,651.8647132299382,1.0227885007421311,1517.3733100284508,1.1114354526337171,,0,0.0
16,D10,1784.7868723318281,885.0246513711513,317.333457927131,1969.4789966757328,HCT116 OsTIRF74G mAC-POLR2A Clone 5,Vehicle,0,240,Total Pol II (F12),Goat anti-mouse Alexa647,3309,250905_mACPOLR2A_Kinetic_pSer2,D,10,624.782293121903,0.9802956532285472,1595.3435365282426,1.1685465626084437,,0,0.0
17,D11,1367.6753257209475,640.7361176110888,313.5791765104266,1834.847046773643,HCT116 OsTIRF74G mAC-POLR2A Clone 5,Vehicle,10,480,Total Pol II (F12),Goat anti-mouse Alexa647,2929,250905_mACPOLR2A_Kinetic_pSer2,D,11,380.49375936184043,0.5970021597750765,1178.2319899173617,0.8630234869471736,,0,0.0
18,D12,2295.7352831338662,263.8334551355617,421.10088442621304,1525.521597392013,HCT116 OsTIRF74G,Vehicle,0,480,Total Pol II (F12),Goat anti-mouse Alexa647,1227,250905_mACPOLR2A_Kinetic_pSer2,D,12,3.5910968863132666,0.005634501340275024,2106.2919473302804,1.5428026368909111,,0,0.0
29,E03,1910.0314494869099,268.71455760678157,367.1328794653151,1573.1090094574415,HCT116 OsTIRF74G,Vehicle,0,480,Total Pol II (F12),Goat anti-mouse Alexa647,2009,250905_mACPOLR2A_Kinetic_pSer2,E,03,8.472199357533157,0.013293046705878686,1720.588113683324,1.260284872739697,,0,0.0
30,E04,1340.0159962245766,797.1879915063496,287.9298021345777,1915.8285870755751,HCT116 OsTIRF74G mAC-POLR2A Clone 5,5PhIAA,10,60,Total Pol II (F12),Goat anti-mouse Alexa647,3652,250905_mACPOLR2A_Kinetic_pSer2,E,04,536.9456332571012,0.8424782137660316,1150.5726604209908,0.8427637662870232,,60,1.0
31,E05,1374.6951114220767,732.7593720049415,317.14831754961205,1835.3828182039426,HCT116 OsTIRF74G mAC-POLR2A Clone 5,5PhIAA,10,120,Total Pol II (F12),Goat anti-mouse Alexa647,4109,250905_mACPOLR2A_Kinetic_pSer2,E,05,472.5170137556931,0.7413884480411517,1185.2517756184911,0.868165292623181,,120,2.0
32,E06,1379.345871908386,677.6590660141177,337.5768078650541,2036.4329019073568,HCT116 OsTIRF74G mAC-POLR2A Clone 5,5PhIAA,10,240,Total Pol II (F12),Goat anti-mouse Alexa647,2936,250905_mACPOLR2A_Kinetic_pSer2,E,06,417.4167077648693,0.6549349888938572,1189.9025361048002,0.8715718505559121,,240,4.0
33,E07,1741.5357181722406,933.6464795933653,316.9651504521654,1869.9359203472045,HCT116 OsTIRF74G mAC-POLR2A Clone 5,5PhIAA,0,480,Total Pol II (F12),Goat anti-mouse Alexa647,3917,250905_mACPOLR2A_Kinetic_pSer2,E,07,673.4041213441169,1.0565842538866994,1552.0923823686549,1.1368662465104948,,0,0.0
34,E08,1414.391575306382,778.8715721204479,311.86673627273154,1860.7681198181333,HCT116 OsTIRF74G mAC-POLR2A Clone 5,5PhIAA,10,60,Total Pol II (F12),Goat anti-mouse Alexa647,3739,250905_mACPOLR2A_Kinetic_pSer2,E,08,518.6292138711995,0.8137393930529945,1224.9482395027962,0.8972418929651123,,60,1.0
35,E09,1282.3713748342398,706.067340797212,306.64178416860995,1880.5657561962569,HCT116 OsTIRF74G mAC-POLR2A Clone 5,5PhIAA,10,120,Total Pol II (F12),Goat anti-mouse Alexa647,3954,250905_mACPOLR2A_Kinetic_pSer2,E,09,445.82498254796354,0.6995081283572636,1092.928039030654,0.8005406195877663,,120,2.0
36,E10,1300.2059024048674,653.754430509106,313.7485965740762,1891.9290838852098,HCT116 OsTIRF74G mAC-POLR2A Clone 5,5PhIAA,10,240,Total Pol II (F12),Goat anti-mouse Alexa647,3624,250905_mACPOLR2A_Kinetic_pSer2,E,10,393.5120722598576,0.6174281476540342,1110.7625666012818,0.8136039350500619,,240,4.0
37,E11,1669.0351171746477,909.7480505135586,314.6941715122989,1909.1819727891157,HCT116 OsTIRF74G mAC-POLR2A Clone 5,5PhIAA,0,480,Total Pol II (F12),Goat anti-mouse Alexa647,2940,250905_mACPOLR2A_Kinetic_pSer2,E,11,649.5056922643103,1.0190871506495656,1479.591781371062,1.0837614912380662,,0,0.0
38,E12,1912.639700177735,254.49412961290054,377.9424239276591,1544.792611795204,HCT116 OsTIRF74G,Vehicle,0,480,Total Pol II (F12),Goat anti-mouse Alexa647,1543,250905_mACPOLR2A_Kinetic_pSer2,E,12,-5.748228636347875,-0.009019083299910724,1723.1963643741492,1.2621953467594917,,0,0.0
49,F03,1786.1962154510331,270.63788806145493,362.93804010854217,1526.002621231979,HCT116 OsTIRF74G,Vehicle,0,480,Total Pol II (F12),Goat anti-mouse Alexa647,1526,250905_mACPOLR2A_Kinetic_pSer2,F,03,10.395529812206519,0.016310789854483747,1596.7528796474476,1.1695788688295017,,0,0.0
50,F04,1012.3654011222718,651.6589263837187,283.32872927454537,1928.7079697498546,HCT116 OsTIRF74G mAC-POLR2A Clone 5,5PhIAA,100,60,Total Pol II (F12),Goat anti-mouse Alexa647,3438,250905_mACPOLR2A_Kinetic_pSer2,F,04,391.4165681344703,0.6141402606443445,822.9220653186861,0.6027684499950761,,60,1.0
51,F05,936.8434316955991,538.3549960475532,322.2655782288383,1912.0101314348303,HCT116 OsTIRF74G mAC-POLR2A Clone 5,5PhIAA,100,120,Total Pol II (F12),Goat anti-mouse Alexa647,3652,250905_mACPOLR2A_Kinetic_pSer2,F,05,278.1126377983048,0.4363641750781971,747.4000958920134,0.5474506229852218,,120,2.0
52,F06,879.1923044505437,471.08210740656455,309.057387081976,1845.030547004499,HCT116 OsTIRF74G mAC-POLR2A Clone 5,5PhIAA,100,240,Total Pol II (F12),Goat anti-mouse Alexa647,4223,250905_mACPOLR2A_Kinetic_pSer2,F,06,210.83974915731613,0.33081169537304306,689.748968646958,0.5052227109210174,,240,4.0
53,F07,940.7330757058058,479.6163765730891,304.8877934927633,1878.2063119457487,HCT116 OsTIRF74G mAC-POLR2A Clone 5,5PhIAA,100,480,Total Pol II (F12),Goat anti-mouse Alexa647,3834,250905_mACPOLR2A_Kinetic_pSer2,F,07,219.3740183238407,0.34420213082476303,751.2897399022202,0.5502996834125382,,480,8.0
54,F08,1097.4686948474332,645.8664599664138,299.38526933064793,1842.350395532806,HCT116 OsTIRF74G mAC-POLR2A Clone 5,5PhIAA,100,60,Total Pol II (F12),Goat anti-mouse Alexa647,4298,250905_mACPOLR2A_Kinetic_pSer2,F,08,385.6241017171654,0.6050517673997889,908.0253590438475,0.6651043413389612,,60,1.0
55,F09,924.3764969012393,534.9131738137758,295.28407696078114,1829.9917159763313,HCT116 OsTIRF74G mAC-POLR2A Clone 5,5PhIAA,100,120,Total Pol II (F12),Goat anti-mouse Alexa647,4225,250905_mACPOLR2A_Kinetic_pSer2,F,09,274.67081556452735,0.4309638885910462,734.9331610976536,0.5383189259766166,,120,2.0
56,F10,825.7859065109466,456.88441693736706,288.29934118658883,1887.0882213812677,HCT116 OsTIRF74G mAC-POLR2A Clone 5,5PhIAA,100,240,Total Pol II (F12),Goat anti-mouse Alexa647,4228,250905_mACPOLR2A_Kinetic_pSer2,F,10,196.64205868811865,0.3085352409887587,636.3425707073609,0.4661039497860799,,240,4.0
57,F11,954.2929096118578,468.478400127511,299.47189740332317,1866.800131061599,HCT116 OsTIRF74G mAC-POLR2A Clone 5,5PhIAA,100,480,Total Pol II (F12),Goat anti-mouse Alexa647,3052,250905_mACPOLR2A_Kinetic_pSer2,F,11,208.2360418782626,0.3267264276629389,764.8495738082721,0.5602318998522279,,480,8.0
58,F12,1813.031488142542,253.94718515098558,366.29621998721007,1569.9623983739837,HCT116 OsTIRF74G,Vehicle,0,480,Total Pol II (F12),Goat anti-mouse Alexa647,1968,250905_mACPOLR2A_Kinetic_pSer2,F,12,-6.295173098262836,-0.009877249871651337,1623.5881523389562,1.1892349898732262,,0,0.0
69,G03,1856.3118663925043,268.0106487000382,365.64760361773585,1612.179398148148,HCT116 OsTIRF74G,Vehicle,0,480,Total Pol II (F12),Goat anti-mouse Alexa647,1728,250905_mACPOLR2A_Kinetic_pSer2,G,03,7.768290450789777,0.012188599846315144,1666.8685305889185,1.2209367118374166,,0,0.0
70,G04,993.8167001415899,610.2629461200148,313.0108683464078,1864.8710648781823,HCT116 OsTIRF74G mAC-POLR2A Clone 5,5PhIAA,1000,60,Total Pol II (F12),Goat anti-mouse Alexa647,3653,250905_mACPOLR2A_Kinetic_pSer2,G,04,350.0205878707664,0.549189156939288,804.3733643380042,0.5891820215703892,,60,1.0
71,G05,780.3951238082163,488.59164722429955,296.8909049173863,1827.7244740892766,HCT116 OsTIRF74G mAC-POLR2A Clone 5,5PhIAA,1000,120,Total Pol II (F12),Goat anti-mouse Alexa647,3898,250905_mACPOLR2A_Kinetic_pSer2,G,05,228.34928897505114,0.3582845062422345,590.9517880046307,0.4328564128845235,,120,2.0
72,G06,712.4070382613986,411.9561461924932,310.61433516676516,1899.3618506073922,HCT116 OsTIRF74G mAC-POLR2A Clone 5,5PhIAA,1000,240,Total Pol II (F12),Goat anti-mouse Alexa647,3869,250905_mACPOLR2A_Kinetic_pSer2,G,06,151.71378794324477,0.23804190434472253,522.9637024578129,0.3830569547458994,,240,4.0
73,G07,791.710477870995,411.92380882961015,298.02000021333834,1877.8056470588235,HCT116 OsTIRF74G mAC-POLR2A Clone 5,5PhIAA,1000,480,Total Pol II (F12),Goat anti-mouse Alexa647,4250,250905_mACPOLR2A_Kinetic_pSer2,G,07,151.68145058036174,0.23799116638908568,602.2671420674093,0.4411446077416212,,480,8.0
74,G08,970.8500318749223,605.9344069569778,305.1392131397619,1898.4634020618557,HCT116 OsTIRF74G mAC-POLR2A Clone 5,5PhIAA,1000,60,Total Pol II (F12),Goat anti-mouse Alexa647,3880,250905_mACPOLR2A_Kinetic_pSer2,G,08,345.6920487077294,0.5423975942252551,781.4066960713366,0.5723595500192232,,60,1.0
75,G09,755.9333498686307,475.2981227834076,294.7988773076378,1874.4913414318946,HCT116 OsTIRF74G mAC-POLR2A Clone 5,5PhIAA,1000,120,Total Pol II (F12),Goat anti-mouse Alexa647,3869,250905_mACPOLR2A_Kinetic_pSer2,G,09,215.0557645341592,0.33742670606294684,566.490014065045,0.41493881633060936,,120,2.0
76,G10,693.0790515053058,405.9979188548449,295.20546751489815,1834.7500642838777,HCT116 OsTIRF74G mAC-POLR2A Clone 5,5PhIAA,1000,240,Total Pol II (F12),Goat anti-mouse Alexa647,3889,250905_mACPOLR2A_Kinetic_pSer2,G,10,145.7555606055965,0.22869332896999678,503.6357157017201,0.36889972028897217,,240,4.0
77,G11,773.0876383440998,399.42227420209593,298.0647661429687,1822.9774748073503,HCT116 OsTIRF74G mAC-POLR2A Clone 5,5PhIAA,1000,480,Total Pol II (F12),Goat anti-mouse Alexa647,3374,250905_mACPOLR2A_Kinetic_pSer2,G,11,139.17991595284752,0.21837601373678858,583.6443025405141,0.42750387481050633,,480,8.0
78,G12,1657.9812749438147,252.68991522010433,347.96998517265865,1605.6201482773658,HCT116 OsTIRF74G,Vehicle,0,480,Total Pol II (F12),Goat anti-mouse Alexa647,2293,250905_mACPOLR2A_Kinetic_pSer2,G,12,-7.5524430291440865,-0.01184993101474092,1468.537939140229,1.075664846818416,,0,0.0
89,H03,1560.9833963288459,267.9180499224067,331.6231449269366,1591.1636582430806,HCT116 OsTIRF74G,5PhIAA,10000,480,Total Pol II (F12),Goat anti-mouse Alexa647,1662,250905_mACPOLR2A_Kinetic_pSer2,H,03,7.675691673158269,0.012043310550818524,1371.5400605252603,1.0046164894956446,,480,8.0
90,H04,878.2662180871795,602.8680854877049,281.9068278364633,1891.5763222800767,HCT116 OsTIRF74G mAC-POLR2A Clone 5,5PhIAA,10000,60,Total Pol II (F12),Goat anti-mouse Alexa647,3649,250905_mACPOLR2A_Kinetic_pSer2,H,04,342.6257272384565,0.5375864757911687,688.8228822835938,0.5045443773760414,,60,1.0
91,H05,744.4196902326098,492.2334866892447,296.6831476382566,1844.5213756866492,HCT116 OsTIRF74G mAC-POLR2A Clone 5,5PhIAA,10000,120,Total Pol II (F12),Goat anti-mouse Alexa647,4187,250905_mACPOLR2A_Kinetic_pSer2,H,05,231.99112843999632,0.3639986236820919,554.9763544290241,0.40650536793366115,,120,2.0
92,H06,682.3649280229331,411.8751038944129,312.83689639297285,1893.8672517827756,HCT116 OsTIRF74G mAC-POLR2A Clone 5,5PhIAA,10000,240,Total Pol II (F12),Goat anti-mouse Alexa647,3646,250905_mACPOLR2A_Kinetic_pSer2,H,06,151.6327456451645,0.2379147473919562,492.9215922193474,0.36105191078586374,,240,4.0
93,H07,738.4331147036386,409.4251857888074,290.80137718926903,1873.8657004830918,HCT116 OsTIRF74G mAC-POLR2A Clone 5,5PhIAA,10000,480,Total Pol II (F12),Goat anti-mouse Alexa647,4140,250905_mACPOLR2A_Kinetic_pSer2,H,07,149.182827539559,0.2340707779066968,548.9897789000529,0.40212036113355915,,480,8.0
94,H08,936.1138546531141,614.042503041373,295.8124596638889,1859.006508600651,HCT116 OsTIRF74G mAC-POLR2A Clone 5,5PhIAA,10000,60,Total Pol II (F12),Goat anti-mouse Alexa647,4302,250905_mACPOLR2A_Kinetic_pSer2,H,08,353.8001447921246,0.5551193557652244,746.6705188495284,0.5469162272731803,,60,1.0
95,H09,747.0188165776683,477.33919656917556,304.1408396573185,1866.8135376756065,HCT116 OsTIRF74G mAC-POLR2A Clone 5,5PhIAA,10000,120,Total Pol II (F12),Goat anti-mouse Alexa647,3915,250905_mACPOLR2A_Kinetic_pSer2,H,09,217.09683831992714,0.34062919080384624,557.5754807740826,0.4084091586137003,,120,2.0
96,H10,673.6744458750112,406.1321809150907,294.6820161736711,1815.7797921198937,HCT116 OsTIRF74G mAC-POLR2A Clone 5,5PhIAA,10000,240,Total Pol II (F12),Goat anti-mouse Alexa647,4137,250905_mACPOLR2A_Kinetic_pSer2,H,10,145.8898226658423,0.22890398877182122,484.2311100714255,0.3546863645515625,,240,4.0
97,H11,722.730324396474,396.62463180523645,295.8126500769091,1823.0507731958762,HCT116 OsTIRF74G mAC-POLR2A Clone 5,5PhIAA,10000,480,Total Pol II (F12),Goat anti-mouse Alexa647,3880,250905_mACPOLR2A_Kinetic_pSer2,H,11,136.38227355598804,0.21398645802895078,533.2869885928883,0.3906184863231154,,480,8.0
98,H12,1569.5022299973486,254.03667792947715,337.2896062970034,1581.6802557953638,HCT116 OsTIRF74G,5PhIAA,10000,480,Total Pol II (F12),Goat anti-mouse Alexa647,2502,250905_mACPOLR2A_Kinetic_pSer2,H,12,-6.205680319771261,-0.009736833949631091,1380.058894193763,1.0108563077998733,,480,8.0
109,I03,1639.1529119690388,268.9816918131845,337.37348289825417,1570.9710055521284,HCT116 OsTIRF74G,Vehicle,0,480,Total Pol II (F12),Goat anti-mouse Alexa647,1621,250905_mACPOLR2A_Kinetic_pSer2,I,03,8.7393335639361,0.013712185507103273,1449.7095761654532,1.0618735734469151,,0,0.0
110,I04,1360.1138139395814,951.7970641942187,281.2423984772955,1910.9255121042831,HCT116 OsTIRF74G mAC-POLR2A Clone 5,Vehicle,0,60,Total Pol II (F12),Goat anti-mouse Alexa647,3759,250905_mACPOLR2A_Kinetic_pSer2,I,04,691.5547059449702,1.0850628765743975,1170.6704781359958,0.8574848813754438,,0,0.0
111,I05,1509.6334230414445,967.9666361339459,307.3937572257468,1873.0167768174886,HCT116 OsTIRF74G mAC-POLR2A Clone 5,Vehicle,0,120,Total Pol II (F12),Goat anti-mouse Alexa647,3934,250905_mACPOLR2A_Kinetic_pSer2,I,05,707.7242778846976,1.1104332516019566,1320.1900872378587,0.9670040045348129,,0,0.0
112,I06,1520.6623915818666,945.7018967267883,298.09701293019555,1829.4023215608793,HCT116 OsTIRF74G mAC-POLR2A Clone 5,Vehicle,0,240,Total Pol II (F12),Goat anti-mouse Alexa647,4049,250905_mACPOLR2A_Kinetic_pSer2,I,06,685.4595384775398,1.0754994394542994,1331.219055778281,0.9750824296400874,,0,0.0
113,I07,1480.0222618298287,952.4819296168647,298.67201884651263,1881.0197305101058,HCT116 OsTIRF74G mAC-POLR2A Clone 5,Vehicle,0,480,Total Pol II (F12),Goat anti-mouse Alexa647,4156,250905_mACPOLR2A_Kinetic_pSer2,I,07,692.2395713676162,1.0861374438344773,1290.5789260262432,0.945314619235407,,0,0.0
114,I08,1457.1021411072043,946.2908956047756,300.331867886256,1796.8959722592692,HCT116 OsTIRF74G mAC-POLR2A Clone 5,Vehicle,0,60,Total Pol II (F12),Goat anti-mouse Alexa647,3749,250905_mACPOLR2A_Kinetic_pSer2,I,08,686.0485373555273,1.0764235902284234,1267.6588053036185,0.9285262425179517,,0,0.0
115,I09,1432.336901123745,955.0164285544475,290.968267913328,1866.092649310873,HCT116 OsTIRF74G mAC-POLR2A Clone 5,Vehicle,0,120,Total Pol II (F12),Goat anti-mouse Alexa647,3918,250905_mACPOLR2A_Kinetic_pSer2,I,09,694.7740703051991,1.0901141223014839,1242.8935653201593,0.9103863651860625,,0,0.0
116,I10,1482.0370913628196,957.6234454335187,296.3094248192463,1818.9705221084187,HCT116 OsTIRF74G mAC-POLR2A Clone 5,Vehicle,0,240,Total Pol II (F12),Goat anti-mouse Alexa647,4003,250905_mACPOLR2A_Kinetic_pSer2,I,10,697.3810871842702,1.0942045828388287,1292.593755559234,0.9467904280948218,,0,0.0
117,I11,1386.8240175543658,965.1297689845712,286.2181957307497,1860.2001009336361,HCT116 OsTIRF74G mAC-POLR2A Clone 5,Vehicle,0,480,Total Pol II (F12),Goat anti-mouse Alexa647,3963,250905_mACPOLR2A_Kinetic_pSer2,I,11,704.8874107353229,1.105982151489271,1197.3806817507802,0.8770493926584187,,0,0.0
118,I12,1639.3226449866122,255.86431317652594,347.62142582545755,1521.0508140108534,HCT116 OsTIRF74G,Vehicle,0,480,Total Pol II (F12),Goat anti-mouse Alexa647,2027,250905_mACPOLR2A_Kinetic_pSer2,I,12,-4.378045072722472,-0.0068692384558201895,1449.8793091830266,1.061997898352307,,0,0.0
129,J03,1561.7808898504527,269.818524030839,331.4875439984655,1591.4544989775052,HCT116 OsTIRF74G,Vehicle,0,480,Total Pol II (F12),Goat anti-mouse Alexa647,1956,250905_mACPOLR2A_Kinetic_pSer2,J,03,9.57616578159059,0.01502519164456793,1372.337554046867,1.0052006322160294,,0,0.0
130,J04,1131.1909107381553,798.4145109299888,287.9391592776392,1918.967865970887,HCT116 OsTIRF74G mAC-POLR2A Clone 5,5PhIAA,10,60,Total Pol II (F12),Goat anti-mouse Alexa647,3641,250905_mACPOLR2A_Kinetic_pSer2,J,04,538.1721526807403,0.8444026467610607,941.7475749345696,0.6898049644714545,,60,1.0
131,J05,1089.6045225461237,744.3569857898544,281.33735931081304,1899.134881422925,HCT116 OsTIRF74G mAC-POLR2A Clone 5,5PhIAA,10,120,Total Pol II (F12),Goat anti-mouse Alexa647,4048,250905_mACPOLR2A_Kinetic_pSer2,J,05,484.114627540606,0.7595853311896237,900.161186742538,0.6593440450140368,,120,2.0
132,J06,1038.2733295737596,691.2355266850836,281.9197159200415,1881.5050906381923,HCT116 OsTIRF74G mAC-POLR2A Clone 5,5PhIAA,10,240,Total Pol II (F12),Goat anti-mouse Alexa647,4027,250905_mACPOLR2A_Kinetic_pSer2,J,06,430.99316843583523,0.6762367215589656,848.8299937701739,0.6217453161327449,,240,4.0
133,J07,1064.443544136596,700.5665299257718,283.3108768587521,1849.7646072796936,HCT116 OsTIRF74G mAC-POLR2A Clone 5,5PhIAA,10,480,Total Pol II (F12),Goat anti-mouse Alexa647,4176,250905_mACPOLR2A_Kinetic_pSer2,J,07,440.32417167652335,0.6908772483757577,875.0002083330104,0.6409142998468595,,480,8.0
134,J08,1088.6399022270955,777.3242313425907,281.9705245932849,1841.2412010829437,HCT116 OsTIRF74G mAC-POLR2A Clone 5,5PhIAA,10,60,Total Pol II (F12),Goat anti-mouse Alexa647,4063,250905_mACPOLR2A_Kinetic_pSer2,J,08,517.0818730933422,0.8113115850704452,899.1965664235098,0.6586374863749641,,60,1.0
135,J09,1040.4809647348593,706.151359194914,277.9404186024602,1831.0982698961939,HCT116 OsTIRF74G mAC-POLR2A Clone 5,5PhIAA,10,120,Total Pol II (F12),Goat anti-mouse Alexa647,4335,250905_mACPOLR2A_Kinetic_pSer2,J,09,445.9090009456656,0.6996399548686184,851.0376289312736,0.6233623499689871,,120,2.0
136,J10,1030.8030854438487,683.9820239751009,278.80294515272954,1780.2876590046865,HCT116 OsTIRF74G mAC-POLR2A Clone 5,5PhIAA,10,240,Total Pol II (F12),Goat anti-mouse Alexa647,4481,250905_mACPOLR2A_Kinetic_pSer2,J,10,423.7396657258525,0.664855833759237,841.359749640263,0.6162735616798763,,240,4.0
137,J11,1054.4402042471586,685.1796702137773,274.38461787956373,1799.3892468340368,HCT116 OsTIRF74G mAC-POLR2A Clone 5,5PhIAA,10,480,Total Pol II (F12),Goat anti-mouse Alexa647,4501,250905_mACPOLR2A_Kinetic_pSer2,J,11,424.9373119645289,0.6667349641616265,864.9968684435729,0.6335871203555731,,480,8.0
138,J12,1547.581963430895,255.81421112797506,335.775215527827,1597.5824175824175,HCT116 OsTIRF74G,Vehicle,0,480,Total Pol II (F12),Goat anti-mouse Alexa647,1911,250905_mACPOLR2A_Kinetic_pSer2,J,12,-4.428147121273355,-0.006947849551161673,1358.1386276273092,0.9948002975668466,,0,0.0
149,K03,1579.4809829119715,271.1839853301065,338.54110299334377,1525.6630360789652,HCT116 OsTIRF74G,Vehicle,0,480,Total Pol II (F12),Goat anti-mouse Alexa647,1469,250905_mACPOLR2A_Kinetic_pSer2,K,03,10.941627080858098,0.017167627163403247,1390.037647108386,1.0181654779883063,,0,0.0
150,K04,939.5226999545264,659.3649691113004,292.7556256397621,1947.6579391891892,HCT116 OsTIRF74G mAC-POLR2A Clone 5,5PhIAA,100,60,Total Pol II (F12),Goat anti-mouse Alexa647,3552,250905_mACPOLR2A_Kinetic_pSer2,K,04,399.122610862052,0.6262311925939282,750.0793641509407,0.5494131154782737,,60,1.0
151,K05,762.3013372354651,533.8747414592784,285.3097114117282,1951.8179899762595,HCT116 OsTIRF74G mAC-POLR2A Clone 5,5PhIAA,100,120,Total Pol II (F12),Goat anti-mouse Alexa647,3791,250905_mACPOLR2A_Kinetic_pSer2,K,05,273.63238321003,0.42933456789087227,572.8580014318794,0.41960319712249944,,120,2.0
152,K06,741.5971803897464,473.0097647547014,293.2752006688322,1893.8932630995287,HCT116 OsTIRF74G mAC-POLR2A Clone 5,5PhIAA,100,240,Total Pol II (F12),Goat anti-mouse Alexa647,3607,250905_mACPOLR2A_Kinetic_pSer2,K,06,212.76740650545298,0.3338362275022273,552.1538445861607,0.40443795480333056,,240,4.0
153,K07,794.36143519843,482.2348114621934,283.3947193269307,1881.2156242394744,HCT116 OsTIRF74G mAC-POLR2A Clone 5,5PhIAA,100,480,Total Pol II (F12),Goat anti-mouse Alexa647,4109,250905_mACPOLR2A_Kinetic_pSer2,K,07,221.992453212945,0.3483105064434525,604.9180993948443,0.4430863632329413,,480,8.0
154,K08,902.3278941223551,636.8454168718841,282.9551878751856,1845.363590772317,HCT116 OsTIRF74G mAC-POLR2A Clone 5,5PhIAA,100,60,Total Pol II (F12),Goat anti-mouse Alexa647,3988,250905_mACPOLR2A_Kinetic_pSer2,K,08,376.60305862263573,0.5908975741223725,712.8845583187695,0.5221689128931317,,60,1.0
155,K09,748.1525559108535,528.4406525610458,278.87433550154776,1851.6615204678362,HCT116 OsTIRF74G mAC-POLR2A Clone 5,5PhIAA,100,120,Total Pol II (F12),Goat anti-mouse Alexa647,4275,250905_mACPOLR2A_Kinetic_pSer2,K,09,268.1982943117974,0.4208083759919678,558.7092201072678,0.4092395924170494,,120,2.0
156,K10,715.7259956416679,460.4662895652356,311.78640119054563,1840.743309285548,HCT116 OsTIRF74G mAC-POLR2A Clone 5,5PhIAA,100,240,Total Pol II (F12),Goat anti-mouse Alexa647,4297,250905_mACPOLR2A_Kinetic_pSer2,K,10,200.22393131598722,0.3141552692868922,526.2826598380822,0.38548800244776155,,240,4.0
157,K11,778.3696305474097,473.8784133145439,278.5595035985052,1915.5588958731894,HCT116 OsTIRF74G mAC-POLR2A Clone 5,5PhIAA,100,480,Total Pol II (F12),Goat anti-mouse Alexa647,3659,250905_mACPOLR2A_Kinetic_pSer2,K,11,213.63605506529547,0.335199154103655,588.926294743824,0.4313727931290864,,480,8.0
158,K12,1504.037967067317,258.6740097850609,331.0506098221658,1560.0177584846092,HCT116 OsTIRF74G,Vehicle,0,480,Total Pol II (F12),Goat anti-mouse Alexa647,2534,250905_mACPOLR2A_Kinetic_pSer2,K,12,-1.5683484641875225,-0.00246076945380192,1314.5946312637311,0.9629054823700992,,0,0.0
169,L03,1590.460097629134,271.91141105253496,344.6815440405623,1549.5596816976126,HCT116 OsTIRF74G,Vehicle,0,480,Total Pol II (F12),Goat anti-mouse Alexa647,1131,250905_mACPOLR2A_Kinetic_pSer2,L,03,11.669052803286547,0.018308972367314318,1401.0167618255482,1.0262073864985846,,0,0.0
170,L04,850.930776461751,604.6617882125873,295.1224505669997,2004.9217974905164,HCT116 OsTIRF74G mAC-POLR2A Clone 5,5PhIAA,1000,60,Total Pol II (F12),Goat anti-mouse Alexa647,3427,250905_mACPOLR2A_Kinetic_pSer2,L,04,344.4194299633389,0.5404008304931887,661.4874406581653,0.48452189593715866,,60,1.0
171,L05,706.2171648745447,509.40856639647455,286.406824852877,1905.3620981387478,HCT116 OsTIRF74G mAC-POLR2A Clone 5,5PhIAA,1000,120,Total Pol II (F12),Goat anti-mouse Alexa647,4137,250905_mACPOLR2A_Kinetic_pSer2,L,05,249.16620814722614,0.39094666008805673,516.773829070959,0.3785230376906861,,120,2.0
172,L06,602.6899302889484,410.4673243283287,284.8050555637028,1941.7605449305738,HCT116 OsTIRF74G mAC-POLR2A Clone 5,5PhIAA,1000,240,Total Pol II (F12),Goat anti-mouse Alexa647,3817,250905_mACPOLR2A_Kinetic_pSer2,L,06,150.22496607908027,0.2357059136837527,413.2465944853627,0.30269210138048985,,240,4.0
173,L07,673.30485883013,426.25131007956844,271.1120535547774,1873.437222715173,HCT116 OsTIRF74G mAC-POLR2A Clone 5,5PhIAA,1000,480,Total Pol II (F12),Goat anti-mouse Alexa647,4508,250905_mACPOLR2A_Kinetic_pSer2,L,07,166.00895183032003,0.26047129643051165,483.8615230265443,0.3544156519050435,,480,8.0
174,L08,873.8002824931978,617.5481628038307,283.2952644712629,1919.711077080143,HCT116 OsTIRF74G mAC-POLR2A Clone 5,5PhIAA,1000,60,Total Pol II (F12),Goat anti-mouse Alexa647,3918,250905_mACPOLR2A_Kinetic_pSer2,L,08,357.30580455458227,0.5606198045850262,684.3569466896121,0.5012731987441745,,60,1.0
175,L09,661.9399379368564,473.14179456022305,279.65007788063417,1956.5371167975677,HCT116 OsTIRF74G mAC-POLR2A Clone 5,5PhIAA,1000,120,Total Pol II (F12),Goat anti-mouse Alexa647,3947,250905_mACPOLR2A_Kinetic_pSer2,L,09,212.89943631097464,0.33404338485267454,472.4966021332707,0.34609115066749035,,120,2.0
176,L10,627.2971916404312,416.98672202744376,273.98855239868766,1864.5518509438589,HCT116 OsTIRF74G mAC-POLR2A Clone 5,5PhIAA,1000,240,Total Pol II (F12),Goat anti-mouse Alexa647,4079,250905_mACPOLR2A_Kinetic_pSer2,L,10,156.74436377819535,0.24593497634520645,437.85385583684547,0.3207162635807256,,240,4.0
177,L11,663.4756169483564,422.216455569681,273.5185030241652,1914.12245398773,HCT116 OsTIRF74G mAC-POLR2A Clone 5,5PhIAA,1000,480,Total Pol II (F12),Goat anti-mouse Alexa647,4075,250905_mACPOLR2A_Kinetic_pSer2,L,11,161.97409732043258,0.254140530688595,474.03228114477076,0.3472159945578937,,480,8.0
178,L12,1586.6633553327745,261.34179057195746,331.01698053476565,1486.4966236955188,HCT116 OsTIRF74G,Vehicle,0,480,Total Pol II (F12),Goat anti-mouse Alexa647,1629,250905_mACPOLR2A_Kinetic_pSer2,L,12,1.099432322709049,0.0017250308448808099,1397.220019529189,1.0234263740972207,,0,0.0
189,M03,1608.994805688682,267.5406119189377,337.73967287158183,1624.186150409531,HCT116 OsTIRF74G,5PhIAA,10000,480,Total Pol II (F12),Goat anti-mouse Alexa647,1343,250905_mACPOLR2A_Kinetic_pSer2,M,03,7.298253669689302,0.011451102931881254,1419.5514698850961,1.0397835654819958,,480,8.0
190,M04,886.2732044877038,621.0745758480133,280.63226890158063,1961.192391304348,HCT116 OsTIRF74G mAC-POLR2A Clone 5,5PhIAA,10000,60,Total Pol II (F12),Goat anti-mouse Alexa647,3680,250905_mACPOLR2A_Kinetic_pSer2,M,04,360.8322175987649,0.566152815710273,696.8298686841181,0.5104092812170954,,60,1.0
191,M05,680.7871727202005,489.16447649556,284.7662045503328,1929.2996632996633,HCT116 OsTIRF74G mAC-POLR2A Clone 5,5PhIAA,10000,120,Total Pol II (F12),Goat anti-mouse Alexa647,3564,250905_mACPOLR2A_Kinetic_pSer2,M,05,228.92211824631158,0.3591832865867491,491.3438369166148,0.3598962471351007,,120,2.0
192,M06,619.0317015481074,415.616624450764,282.3460520582716,1898.0625698324022,HCT116 OsTIRF74G mAC-POLR2A Clone 5,5PhIAA,10000,240,Total Pol II (F12),Goat anti-mouse Alexa647,3580,250905_mACPOLR2A_Kinetic_pSer2,M,06,155.37426620151558,0.2437852664163175,429.58836574452175,0.31466201268459704,,240,4.0
193,M07,656.6221344788966,418.2380384148871,280.9011239495024,1902.6072282753123,HCT116 OsTIRF74G mAC-POLR2A Clone 5,5PhIAA,10000,480,Total Pol II (F12),Goat anti-mouse Alexa647,3763,250905_mACPOLR2A_Kinetic_pSer2,M,07,157.9956801656387,0.24789831626205172,467.1787986753109,0.34219600156064073,,480,8.0
194,M08,860.7831954710323,608.8710050237577,276.96879899239104,1882.4055676855896,HCT116 OsTIRF74G mAC-POLR2A Clone 5,5PhIAA,10000,60,Total Pol II (F12),Goat anti-mouse Alexa647,3664,250905_mACPOLR2A_Kinetic_pSer2,M,08,348.62864677450926,0.5470051741004133,671.3398596674466,0.4917385299116368,,60,1.0
195,M09,670.7966935438366,473.90986106710784,279.08913149355755,1932.7133794694348,HCT116 OsTIRF74G mAC-POLR2A Clone 5,5PhIAA,10000,120,Total Pol II (F12),Goat anti-mouse Alexa647,3468,250905_mACPOLR2A_Kinetic_pSer2,M,09,213.66750281785943,0.3352484962432797,481.3533577402509,0.3525784877729029,,120,2.0
196,M10,618.2053946312495,409.11803173641516,272.10007053610286,1869.0287984111221,HCT116 OsTIRF74G mAC-POLR2A Clone 5,5PhIAA,10000,240,Total Pol II (F12),Goat anti-mouse Alexa647,4028,250905_mACPOLR2A_Kinetic_pSer2,M,10,148.87567348716675,0.23358884718339298,428.76205882766385,0.31405676492118734,,240,4.0
197,M11,654.0741831328928,408.7497251051044,274.529785697463,1990.0554545454545,HCT116 OsTIRF74G mAC-POLR2A Clone 5,5PhIAA,10000,480,Total Pol II (F12),Goat anti-mouse Alexa647,3300,250905_mACPOLR2A_Kinetic_pSer2,M,11,148.507366855856,0.23301096686619466,464.63084732930713,0.3403296952016069,,480,8.0
198,M12,1581.8899818210682,262.1365392423895,323.53620450744233,1555.0367321089298,HCT116 OsTIRF74G,5PhIAA,10000,480,Total Pol II (F12),Goat anti-mouse Alexa647,1579,250905_mACPOLR2A_Kinetic_pSer2,M,12,1.8941809931411058,0.0029720070726173124,1392.4466460174826,1.0199300053957878,,480,8.0
209,N03,1521.0836685276868,266.14811821018304,300.4156497909097,1619.5477911646587,HCT116 OsTIRF74G,Vehicle,0,480,Total Pol II (F12),Goat anti-mouse Alexa647,1245,250905_mACPOLR2A_Kinetic_pSer2,N,03,5.905759960934631,0.009266253033175877,1331.640332724101,0.9753910037594995,,0,0.0
210,N04,1566.9755569636923,268.6405453096894,309.4176706840221,1681.190012180268,HCT116 OsTIRF74G,Vehicle,0,480,Total Pol II (F12),Goat anti-mouse Alexa647,1642,250905_mACPOLR2A_Kinetic_pSer2,N,04,8.39818706044099,0.013176919962333545,1377.5322211601065,1.0090055872367398,,0,0.0
211,N05,1650.9600395041884,267.76636973803704,318.15378389575824,1507.8110383536016,HCT116 OsTIRF74G,Vehicle,0,480,Total Pol II (F12),Goat anti-mouse Alexa647,1069,250905_mACPOLR2A_Kinetic_pSer2,N,05,7.524011488788631,0.01180532137113886,1461.5167037006026,1.0705219792476517,,0,0.0
212,N06,1525.6004215172588,265.85304541188907,312.21515917185627,1626.5082530949105,HCT116 OsTIRF74G,Vehicle,0,480,Total Pol II (F12),Goat anti-mouse Alexa647,1454,250905_mACPOLR2A_Kinetic_pSer2,N,06,5.610687162640659,0.008803278034143491,1336.157085713673,0.978699404777378,,0,0.0
213,N07,1571.9716775756092,266.8623638827935,320.18095378655624,1691.9115044247787,HCT116 OsTIRF74G,Vehicle,0,480,Total Pol II (F12),Goat anti-mouse Alexa647,1017,250905_mACPOLR2A_Kinetic_pSer2,N,07,6.620005633545077,0.010386918480813183,1382.5283417720234,1.0126651122442112,,0,0.0
214,N08,1553.1363281608185,263.1639826711039,311.47205565325277,1618.4648464163822,HCT116 OsTIRF74G,Vehicle,0,480,Total Pol II (F12),Goat anti-mouse Alexa647,1465,250905_mACPOLR2A_Kinetic_pSer2,N,08,2.9216244218554834,0.004584085933037932,1363.692992357233,0.9988687214918593,,0,0.0
216,N10,1579.5751816452162,268.48673376688464,300.5887182405049,1683.97417721519,HCT116 OsTIRF74G,Vehicle,0,480,Total Pol II (F12),Goat anti-mouse Alexa647,1975,250905_mACPOLR2A_Kinetic_pSer2,N,10,8.244375517636229,0.012935586639530072,1390.1318458416304,1.018234476046351,,0,0.0
218,N12,1665.1095814226787,264.25091469954367,318.31571392150244,1555.083523158694,HCT116 OsTIRF74G,Vehicle,0,480,Total Pol II (F12),Goat anti-mouse Alexa647,1317,250905_mACPOLR2A_Kinetic_pSer2,N,12,4.008556450295259,0.006289503571412816,1475.666245619093,1.0808861410678183,,0,0.0
10,C13,1565.2432441882727,277.64059568395714,326.799026123435,1689.8156996587031,HCT116 OsTIRF74G,Vehicle,0,480,Total Pol II (F12),Goat anti-mouse Alexa647,1758,250912_mACPOLR2A_Kinetic_pSer2,C,13,7.812500840026473,0.010572732829709861,1381.5122051502692,1.2208855688765667,,0,0.0
11,C14,1490.0705771099692,279.4682961860097,336.4635861268887,1663.4106976744185,HCT116 OsTIRF74G,Vehicle,0,480,Total Pol II (F12),Goat anti-mouse Alexa647,2150,250912_mACPOLR2A_Kinetic_pSer2,C,14,9.640201342079024,0.013046177568675512,1306.3395380719658,1.1544531305182821,,0,0.0
12,C15,1628.4782938844287,276.0765094856157,326.1167307399809,1655.1660516605166,HCT116 OsTIRF74G,Vehicle,0,480,Total Pol II (F12),Goat anti-mouse Alexa647,1355,250912_mACPOLR2A_Kinetic_pSer2,C,15,6.248414641685031,0.008456039873598177,1444.7472548464252,1.2767683611772196,,0,0.0
13,C16,1471.102164513443,273.53836651482294,310.8208915168693,1676.0843860535624,HCT116 OsTIRF74G,Vehicle,0,480,Total Pol II (F12),Goat anti-mouse Alexa647,1979,250912_mACPOLR2A_Kinetic_pSer2,C,16,3.7102716708922685,0.005021146481163415,1287.3711254754396,1.1376901507072739,,0,0.0
14,C17,1507.7618687582758,272.368048135826,337.8967573497683,1673.780487804878,HCT116 OsTIRF74G,Vehicle,0,480,Total Pol II (F12),Goat anti-mouse Alexa647,2255,250912_mACPOLR2A_Kinetic_pSer2,C,17,2.5399532918953014,0.003437343317464538,1324.0308297202723,1.170087478580994,,0,0.0
15,C18,1408.1731329030135,274.2561136986664,326.63653177760796,1688.974040632054,HCT116 OsTIRF74G,Vehicle,0,480,Total Pol II (F12),Goat anti-mouse Alexa647,2658,250912_mACPOLR2A_Kinetic_pSer2,C,18,4.42801885473574,0.0059924806761211405,1224.44209386501,1.082077796165539,,0,0.0
16,C19,1527.7262305873755,272.09847552113035,326.8878630323826,1693.303967327888,HCT116 OsTIRF74G,Vehicle,0,480,Total Pol II (F12),Goat anti-mouse Alexa647,1714,250912_mACPOLR2A_Kinetic_pSer2,C,19,2.2703806771996824,0.0030725280948176704,1343.995191549372,1.1877306098961653,,0,0.0
17,C20,1461.7826336584387,271.9202459953812,326.4565196708865,1693.3428912783752,HCT116 OsTIRF74G,Vehicle,0,480,Total Pol II (F12),Goat anti-mouse Alexa647,2511,250912_mACPOLR2A_Kinetic_pSer2,C,20,2.092151151450537,0.0028313283565139977,1278.0515946204353,1.129454189644348,,0,0.0
18,C21,1624.7911455352512,270.1560060453142,324.80256476768454,1656.704105344694,HCT116 OsTIRF74G,Vehicle,0,480,Total Pol II (F12),Goat anti-mouse Alexa647,1291,250912_mACPOLR2A_Kinetic_pSer2,C,21,0.3279112013835288,0.00044376539536928727,1441.0601064972477,1.273509912795051,,0,0.0
19,C22,1373.7035113055813,269.9541370178551,325.4744678196782,1734.742712294043,HCT116 OsTIRF74G,Vehicle,0,480,Total Pol II (F12),Goat anti-mouse Alexa647,3156,250912_mACPOLR2A_Kinetic_pSer2,C,22,0.12604217392441797,0.00017057409112216856,1189.9724722675778,1.0516159128639988,,0,0.0
30,D13,1410.4328033166767,276.9741052077842,310.27467321335166,1715.2393405343946,HCT116 OsTIRF74G,5PhIAA,10000,480,Total Pol II (F12),Goat anti-mouse Alexa647,1759,250912_mACPOLR2A_Kinetic_pSer2,D,13,7.14601036385352,0.009670764832212806,1226.7017642786732,1.084074737624452,,480,8.0
31,D14,716.0286093655502,430.11834070565385,326.8911259180177,2171.3806078147613,HCT116 OsTIRF74G mAC-POLR2A Clone 5,5PhIAA,10000,480,Total Pol II (F12),Goat anti-mouse Alexa647,2073,250912_mACPOLR2A_Kinetic_pSer2,D,14,160.29024586172318,0.21692233759795196,532.2975703275467,0.47040802067345716,,480,8.0
32,D15,750.1916086211891,434.42451471613214,324.0667178807851,2110.1179094964946,HCT116 OsTIRF74G mAC-POLR2A Clone 5,5PhIAA,10000,480,Total Pol II (F12),Goat anti-mouse Alexa647,1569,250912_mACPOLR2A_Kinetic_pSer2,D,15,164.59641987220147,0.22274992446972156,566.4605695831856,0.5005989322160834,,480,8.0
33,D16,739.0924648841378,425.2110841876466,327.0039013148006,2062.4550468836183,HCT116 OsTIRF74G mAC-POLR2A Clone 5,5PhIAA,10000,480,Total Pol II (F12),Goat anti-mouse Alexa647,1813,250912_mACPOLR2A_Kinetic_pSer2,D,16,155.3829893437159,0.2102812999642757,555.3614258461344,0.4907902715579037,,480,8.0
34,D17,731.0812681424835,432.5081654265951,331.3517485774086,2014.5436720142602,HCT116 OsTIRF74G mAC-POLR2A Clone 5,5PhIAA,10000,480,Total Pol II (F12),Goat anti-mouse Alexa647,1683,250912_mACPOLR2A_Kinetic_pSer2,D,17,162.68007058266443,0.22015651047059925,547.3502291044799,0.4837105262940875,,480,8.0
35,D18,756.0210591763375,443.5765884728545,331.395701634861,1846.9203480589022,HCT116 OsTIRF74G mAC-POLR2A Clone 5,5PhIAA,10000,480,Total Pol II (F12),Goat anti-mouse Alexa647,1494,250912_mACPOLR2A_Kinetic_pSer2,D,18,173.74849362892382,0.2351355142634369,572.2900201383341,0.5057506000990943,,480,8.0
36,D19,724.965345704397,423.12333912132016,320.1665569479837,2034.6512292738707,HCT116 OsTIRF74G mAC-POLR2A Clone 5,5PhIAA,10000,480,Total Pol II (F12),Goat anti-mouse Alexa647,1749,250912_mACPOLR2A_Kinetic_pSer2,D,19,153.2952442773895,0.20745593440530838,541.2343066663934,0.47830569424324365,,480,8.0
37,D20,710.1490174321981,420.1620200642492,310.0216862756648,1917.2088495575222,HCT116 OsTIRF74G mAC-POLR2A Clone 5,5PhIAA,10000,480,Total Pol II (F12),Goat anti-mouse Alexa647,1695,250912_mACPOLR2A_Kinetic_pSer2,D,20,150.33392522031852,0.20344835272883285,526.4179783941945,0.4652120412853981,,480,8.0
38,D21,745.8955821332808,424.0368894856973,323.1738486686915,1985.5911413969336,HCT116 OsTIRF74G mAC-POLR2A Clone 5,5PhIAA,10000,480,Total Pol II (F12),Goat anti-mouse Alexa647,1761,250912_mACPOLR2A_Kinetic_pSer2,D,21,154.20879464176664,0.20869225093529303,562.1645430952772,0.4968023991684233,,480,8.0
39,D22,1436.8665396929473,267.82611916507835,327.9219980072308,1700.5741079597437,HCT116 OsTIRF74G,5PhIAA,10000,480,Total Pol II (F12),Goat anti-mouse Alexa647,2186,250912_mACPOLR2A_Kinetic_pSer2,D,22,-2.001975678852318,-0.0027092930186502057,1253.1355006549438,1.1074350576802316,,480,8.0
50,E13,1391.4698861223872,273.5050208104549,319.3151463975685,1671.4427860696517,HCT116 OsTIRF74G,Vehicle,0,480,Total Pol II (F12),Goat anti-mouse Alexa647,2613,250912_mACPOLR2A_Kinetic_pSer2,E,13,3.676925966524209,0.004976019417432976,1207.7388470843837,1.067316614272374,,0,0.0
51,E14,726.6042388207352,445.437968106641,320.0084536085705,2109.1228175797714,HCT116 OsTIRF74G mAC-POLR2A Clone 5,5PhIAA,1000,480,Total Pol II (F12),Goat anti-mouse Alexa647,1661,250912_mACPOLR2A_Kinetic_pSer2,E,14,175.60987326271032,0.23765453729660707,542.8731997827317,0.4797540353778418,,480,8.0
52,E15,631.8436811218744,427.82388154219393,324.61965594762916,1972.6548619447778,HCT116 OsTIRF74G mAC-POLR2A Clone 5,5PhIAA,1000,240,Total Pol II (F12),Goat anti-mouse Alexa647,1666,250912_mACPOLR2A_Kinetic_pSer2,E,15,157.99578669826326,0.21381722385515983,448.11264208387087,0.39601116509270345,,240,4.0
53,E16,666.5914571041649,469.7836614016713,320.6198329962127,2021.1258278145694,HCT116 OsTIRF74G mAC-POLR2A Clone 5,5PhIAA,1000,120,Total Pol II (F12),Goat anti-mouse Alexa647,1661,250912_mACPOLR2A_Kinetic_pSer2,E,16,199.9555665577406,0.2706017991315948,482.86041806616134,0.4267188621287349,,120,2.0
54,E17,801.1235308985979,578.1183539454662,317.0988659797393,2033.0950131233596,HCT116 OsTIRF74G mAC-POLR2A Clone 5,5PhIAA,1000,60,Total Pol II (F12),Goat anti-mouse Alexa647,1905,250912_mACPOLR2A_Kinetic_pSer2,E,17,308.2902591015355,0.4172121847057004,617.3924918605944,0.5456090658014525,,60,1.0
55,E18,711.4820593752742,447.76700304625206,316.9479480074408,2040.5169154228856,HCT116 OsTIRF74G mAC-POLR2A Clone 5,5PhIAA,1000,480,Total Pol II (F12),Goat anti-mouse Alexa647,2010,250912_mACPOLR2A_Kinetic_pSer2,E,18,177.9389082023214,0.2408064427711521,527.7510203372706,0.4663900921668463,,480,8.0
56,E19,630.4350186429656,424.2968756342021,323.43163798962144,1939.8189894503055,HCT116 OsTIRF74G mAC-POLR2A Clone 5,5PhIAA,1000,240,Total Pol II (F12),Goat anti-mouse Alexa647,1801,250912_mACPOLR2A_Kinetic_pSer2,E,19,154.4687807902714,0.2090440927006703,446.70397960496206,0.394766285977263,,240,4.0
57,E20,673.1747832548548,482.7228299295194,317.87816688921464,1960.8814460393407,HCT116 OsTIRF74G mAC-POLR2A Clone 5,5PhIAA,1000,120,Total Pol II (F12),Goat anti-mouse Alexa647,1881,250912_mACPOLR2A_Kinetic_pSer2,E,20,212.8947350855887,0.28811250084987644,489.44374421685126,0.43253675346738635,,120,2.0
58,E21,818.4680399035758,581.9799590573833,318.0612426619756,2219.8402555910543,HCT116 OsTIRF74G mAC-POLR2A Clone 5,5PhIAA,1000,60,Total Pol II (F12),Goat anti-mouse Alexa647,1565,250912_mACPOLR2A_Kinetic_pSer2,E,21,312.15186421345265,0.4224381321939829,634.7370008655723,0.5609369511900031,,60,1.0
59,E22,1377.0218477123185,272.55527371120985,318.64122379507756,1704.0637779941578,HCT116 OsTIRF74G,Vehicle,0,480,Total Pol II (F12),Goat anti-mouse Alexa647,2054,250912_mACPOLR2A_Kinetic_pSer2,E,22,2.7271788672791786,0.00369071749661096,1193.290808674315,1.0545484305909938,,0,0.0
70,F13,1298.4640992814705,266.2794325352442,305.858774461182,1716.244460077383,HCT116 OsTIRF74G,Vehicle,0,480,Total Pol II (F12),Goat anti-mouse Alexa647,2843,250912_mACPOLR2A_Kinetic_pSer2,F,13,-3.5486623086864597,-0.004802438970678714,1114.733060243467,0.9851244899083809,,0,0.0
71,F14,834.1176976754532,523.7310942058778,313.6802073003968,2126.7021803766106,HCT116 OsTIRF74G mAC-POLR2A Clone 5,5PhIAA,100,480,Total Pol II (F12),Goat anti-mouse Alexa647,2018,250912_mACPOLR2A_Kinetic_pSer2,F,14,253.90299936194708,0.3436093808991851,650.3866586374497,0.5747670435050137,,480,8.0
72,F15,718.6038311032949,482.5289237217595,322.29717869334416,2027.7900302114804,HCT116 OsTIRF74G mAC-POLR2A Clone 5,5PhIAA,100,240,Total Pol II (F12),Goat anti-mouse Alexa647,1986,250912_mACPOLR2A_Kinetic_pSer2,F,15,212.70082887782883,0.2878500857064228,534.8727920652914,0.4726838247123564,,240,4.0
73,F16,735.5117021913991,525.610383670852,316.2804676920983,1939.0962962962963,HCT116 OsTIRF74G mAC-POLR2A Clone 5,5PhIAA,100,120,Total Pol II (F12),Goat anti-mouse Alexa647,1755,250912_mACPOLR2A_Kinetic_pSer2,F,16,255.78228882692133,0.3461526414798513,551.7806631533956,0.4876258395095739,,120,2.0
74,F17,881.5643251594756,654.0069560717933,323.72624697246937,2030.5513368983957,HCT116 OsTIRF74G mAC-POLR2A Clone 5,5PhIAA,100,60,Total Pol II (F12),Goat anti-mouse Alexa647,1870,250912_mACPOLR2A_Kinetic_pSer2,F,17,384.1788612278626,0.5199129627959961,697.8332861214722,0.6166971130122929,,60,1.0
75,F18,853.2958429973495,520.0390625768873,317.29272087790247,1990.0041536863966,HCT116 OsTIRF74G mAC-POLR2A Clone 5,5PhIAA,100,480,Total Pol II (F12),Goat anti-mouse Alexa647,1926,250912_mACPOLR2A_Kinetic_pSer2,F,18,250.21096773295665,0.3386129188428659,669.5648039593459,0.5917153706888288,,480,8.0
76,F19,704.7124003451361,481.52108580274586,314.1363908610441,1961.348823866896,HCT116 OsTIRF74G mAC-POLR2A Clone 5,5PhIAA,100,240,Total Pol II (F12),Goat anti-mouse Alexa647,1743,250912_mACPOLR2A_Kinetic_pSer2,F,19,211.6929909588152,0.28648616891824286,520.9813613071326,0.4604075326315063,,240,4.0
77,F20,794.3996108344876,553.0720972580306,312.70284850756263,1901.2999361837906,HCT116 OsTIRF74G mAC-POLR2A Clone 5,5PhIAA,100,120,Total Pol II (F12),Goat anti-mouse Alexa647,1567,250912_mACPOLR2A_Kinetic_pSer2,F,20,283.2440024140999,0.38331684366664664,610.668571796484,0.5396669272217509,,120,2.0
78,F21,931.6207418235826,659.4310870175474,317.90325931766534,2097.386098130841,HCT116 OsTIRF74G mAC-POLR2A Clone 5,5PhIAA,100,60,Total Pol II (F12),Goat anti-mouse Alexa647,1712,250912_mACPOLR2A_Kinetic_pSer2,F,21,389.6029921736167,0.5272534915840384,747.8897027855792,0.6609335348890243,,60,1.0
79,F22,1391.3148513228723,272.01805126919766,316.9158763898651,1721.610510805501,HCT116 OsTIRF74G,Vehicle,0,480,Total Pol II (F12),Goat anti-mouse Alexa647,2036,250912_mACPOLR2A_Kinetic_pSer2,F,22,2.1899564252669848,0.0029636891780450473,1207.5838122848688,1.0671796051683677,,0,0.0
90,G13,1257.3985857380685,265.6865104399951,304.62786199644864,1693.1012701682114,HCT116 OsTIRF74G,Vehicle,0,480,Total Pol II (F12),Goat anti-mouse Alexa647,2913,250912_mACPOLR2A_Kinetic_pSer2,G,13,-4.141584403935553,-0.00560484616784443,1073.667546700065,0.948833610481665,,0,0.0
91,G14,1001.3269384102766,723.0987486726267,303.4771306530002,2023.513153153153,HCT116 OsTIRF74G mAC-POLR2A Clone 5,5PhIAA,10,480,Total Pol II (F12),Goat anti-mouse Alexa647,2775,250912_mACPOLR2A_Kinetic_pSer2,G,14,453.270653828696,0.6134155529207558,817.5958993722732,0.7225350822055829,,480,8.0
92,G15,1006.2296711551184,703.9435418464293,314.22674964707744,2075.085429314831,HCT116 OsTIRF74G mAC-POLR2A Clone 5,5PhIAA,10,240,Total Pol II (F12),Goat anti-mouse Alexa647,2306,250912_mACPOLR2A_Kinetic_pSer2,G,15,434.1154470024986,0.5874926265469606,822.4986321171148,0.7268677805588231,,240,4.0
93,G16,1030.914932381597,751.3239515891105,308.67587110002626,2039.6145884672253,HCT116 OsTIRF74G mAC-POLR2A Clone 5,5PhIAA,10,120,Total Pol II (F12),Goat anti-mouse Alexa647,2029,250912_mACPOLR2A_Kinetic_pSer2,G,16,481.4958567451798,0.65161299258968,847.1838933435936,0.7486829184077703,,120,2.0
94,G17,1030.964118177712,796.2555328381334,310.6731203621794,2062.0234070221068,HCT116 OsTIRF74G mAC-POLR2A Clone 5,5PhIAA,10,60,Total Pol II (F12),Goat anti-mouse Alexa647,2307,250912_mACPOLR2A_Kinetic_pSer2,G,17,526.4274379942027,0.712419335384353,847.2330791397085,0.7487263854350225,,60,1.0
95,G18,1046.4616500817465,737.7290737430573,307.92186597442384,1990.1868409953606,HCT116 OsTIRF74G mAC-POLR2A Clone 5,5PhIAA,10,480,Total Pol II (F12),Goat anti-mouse Alexa647,2371,250912_mACPOLR2A_Kinetic_pSer2,G,18,467.9009788991266,0.6332149131190895,862.730611043743,0.7624220393599778,,480,8.0
96,G19,962.4295480346515,721.6233109267346,310.59400568421154,2045.4188235294118,HCT116 OsTIRF74G mAC-POLR2A Clone 5,5PhIAA,10,240,Total Pol II (F12),Goat anti-mouse Alexa647,2125,250912_mACPOLR2A_Kinetic_pSer2,G,19,451.7952160828039,0.6114188287713944,778.6985089966479,0.6881602410717013,,240,4.0
97,G20,1063.5948646222475,767.5052784823032,310.2554488536404,2117.0065645514223,HCT116 OsTIRF74G mAC-POLR2A Clone 5,5PhIAA,10,120,Total Pol II (F12),Goat anti-mouse Alexa647,1828,250912_mACPOLR2A_Kinetic_pSer2,G,20,497.6771836383725,0.6735113385323022,879.8638255842441,0.7775631972179995,,120,2.0
98,G21,1143.7803931900055,839.3268873319845,312.8693478772804,2009.9793932455639,HCT116 OsTIRF74G mAC-POLR2A Clone 5,5PhIAA,10,60,Total Pol II (F12),Goat anti-mouse Alexa647,1747,250912_mACPOLR2A_Kinetic_pSer2,G,21,569.4987924880538,0.7707082153476181,960.049354152002,0.848425658147519,,60,1.0
99,G22,1348.069285594085,268.6791794530485,303.5379048557015,1699.0299435028248,HCT116 OsTIRF74G,Vehicle,0,480,Total Pol II (F12),Goat anti-mouse Alexa647,1770,250912_mACPOLR2A_Kinetic_pSer2,G,22,-1.1489153908821663,-0.0015548382932010867,1164.3382465560815,1.0289621454026492,,0,0.0
110,H13,1238.7182162260292,266.01955559319407,303.505002321927,1658.2905119008803,HCT116 OsTIRF74G,Vehicle,0,480,Total Pol II (F12),Goat anti-mouse Alexa647,3067,250912_mACPOLR2A_Kinetic_pSer2,H,13,-3.808539250736601,-0.005154132945906347,1054.9871771880257,0.9323251833584679,,0,0.0
111,H14,1298.692946751233,1007.3238904323109,318.9003556545599,2027.636947487722,HCT116 OsTIRF74G mAC-POLR2A Clone 5,Vehicle,0,480,Total Pol II (F12),Goat anti-mouse Alexa647,2647,250912_mACPOLR2A_Kinetic_pSer2,H,14,737.4957955883802,0.9980601819383407,1114.9619077132295,0.9853267295789863,,0,0.0
112,H15,574.1981366448338,434.8316118819367,324.67385828272353,2051.329065300896,HCT116 OsTIRF74G mAC-POLR2A Clone 5,5PhIAA,10000,240,Total Pol II (F12),Goat anti-mouse Alexa647,2343,250912_mACPOLR2A_Kinetic_pSer2,H,15,165.003517038006,0.22330085299541613,390.46709760683024,0.34506799347273504,,240,4.0
113,H16,601.7447156194879,478.4689599916819,318.07173664889837,2070.0971293747543,HCT116 OsTIRF74G mAC-POLR2A Clone 5,5PhIAA,10000,120,Total Pol II (F12),Goat anti-mouse Alexa647,2543,250912_mACPOLR2A_Kinetic_pSer2,H,16,208.64086514775124,0.2823556975846959,418.0136765814844,0.3694117673581172,,120,2.0
114,H17,797.9651023118919,612.5627343225157,322.945762376846,2060.5313309166236,HCT116 OsTIRF74G mAC-POLR2A Clone 5,5PhIAA,10000,60,Total Pol II (F12),Goat anti-mouse Alexa647,1931,250912_mACPOLR2A_Kinetic_pSer2,H,17,342.734639478585,0.46382609728867946,614.2340632738883,0.5428178636191907,,60,1.0
115,H18,1357.3988047871035,1020.0907380403781,317.68922325542223,1951.4997728305316,HCT116 OsTIRF74G mAC-POLR2A Clone 5,Vehicle,0,480,Total Pol II (F12),Goat anti-mouse Alexa647,2201,250912_mACPOLR2A_Kinetic_pSer2,H,18,750.2626431964475,1.015337680091833,1173.6677657491,1.0372069334724545,,0,0.0
116,H19,562.5306731583853,414.00313958481007,321.8150020203489,2087.2757242757243,HCT116 OsTIRF74G mAC-POLR2A Clone 5,5PhIAA,10000,240,Total Pol II (F12),Goat anti-mouse Alexa647,2002,250912_mACPOLR2A_Kinetic_pSer2,H,19,144.1750447408794,0.19511348030160577,378.79963412038177,0.33475709086695615,,240,4.0
117,H20,637.607691061008,479.20814134046867,315.61821264274494,2034.0925287356322,HCT116 OsTIRF74G mAC-POLR2A Clone 5,5PhIAA,10000,120,Total Pol II (F12),Goat anti-mouse Alexa647,1740,250912_mACPOLR2A_Kinetic_pSer2,H,20,209.380046496538,0.28335603884205446,453.8766520230045,0.40110500105543667,,120,2.0
118,H21,772.350179006408,582.2557823959833,310.77000965325095,2101.9948559670784,HCT116 OsTIRF74G mAC-POLR2A Clone 5,5PhIAA,10000,60,Total Pol II (F12),Goat anti-mouse Alexa647,1944,250912_mACPOLR2A_Kinetic_pSer2,H,21,312.4276875520526,0.4228114065816508,588.6191399684044,0.5201811542980858,,60,1.0
119,H22,1258.9080945465332,264.97890839943335,309.3013801002419,1737.4631236442517,HCT116 OsTIRF74G,Vehicle,0,480,Total Pol II (F12),Goat anti-mouse Alexa647,1844,250912_mACPOLR2A_Kinetic_pSer2,H,22,-4.84918644449732,-0.006562450842430518,1075.1770555085297,0.9501676106544296,,0,0.0
130,I13,1151.5325546898546,265.6095961979364,303.95801596957,1710.1796768008765,HCT116 OsTIRF74G,5PhIAA,10000,480,Total Pol II (F12),Goat anti-mouse Alexa647,3651,250912_mACPOLR2A_Kinetic_pSer2,I,13,-4.218498645994259,-0.005708934954359502,967.8015156518511,0.8552764858618763,,480,8.0
131,I14,633.1817636507624,442.73817224243425,315.7497448603841,1967.7186813186813,HCT116 OsTIRF74G mAC-POLR2A Clone 5,5PhIAA,10000,480,Total Pol II (F12),Goat anti-mouse Alexa647,2730,250912_mACPOLR2A_Kinetic_pSer2,I,14,172.91007739850357,0.23400087748248322,449.45072461275885,0.39719367049757426,,480,8.0
132,I15,625.4323753532104,439.5979571555701,314.1996298997058,1995.0946358482338,HCT116 OsTIRF74G mAC-POLR2A Clone 5,5PhIAA,10000,480,Total Pol II (F12),Goat anti-mouse Alexa647,2293,250912_mACPOLR2A_Kinetic_pSer2,I,15,169.76986231163943,0.229751194081345,441.7013363152069,0.3903452935488719,,480,8.0
133,I16,639.5004634593529,446.54379721420014,319.7118437957239,1912.8972133394243,HCT116 OsTIRF74G mAC-POLR2A Clone 5,5PhIAA,10000,480,Total Pol II (F12),Goat anti-mouse Alexa647,2189,250912_mACPOLR2A_Kinetic_pSer2,I,16,176.71570237026947,0.2391510665065162,455.76942442134936,0.40277770325646844,,480,8.0
134,I17,600.3716998662724,438.4946576999694,304.4930171281421,2010.2229934924078,HCT116 OsTIRF74G mAC-POLR2A Clone 5,5PhIAA,10000,480,Total Pol II (F12),Goat anti-mouse Alexa647,2305,250912_mACPOLR2A_Kinetic_pSer2,I,17,168.66656285603875,0.22825808827385932,416.64066082826884,0.3681983903697042,,480,8.0
135,I18,632.16779672399,444.6786142405462,313.0116871559042,2009.8525641025642,HCT116 OsTIRF74G mAC-POLR2A Clone 5,5PhIAA,10000,480,Total Pol II (F12),Goat anti-mouse Alexa647,2340,250912_mACPOLR2A_Kinetic_pSer2,I,18,174.85051939661554,0.23662689637677578,448.4367576859865,0.39629759619320004,,480,8.0
136,I19,623.2550633446839,449.05087400124023,318.66200763196304,1996.377990430622,HCT116 OsTIRF74G mAC-POLR2A Clone 5,5PhIAA,10000,480,Total Pol II (F12),Goat anti-mouse Alexa647,2508,250912_mACPOLR2A_Kinetic_pSer2,I,19,179.22277915730956,0.24254391773248196,439.52402430668036,0.38842113478991064,,480,8.0
137,I20,651.9495528275319,450.120277212696,324.1861616484068,1939.5955555555556,HCT116 OsTIRF74G mAC-POLR2A Clone 5,5PhIAA,10000,480,Total Pol II (F12),Goat anti-mouse Alexa647,1800,250912_mACPOLR2A_Kinetic_pSer2,I,20,180.29218236876534,0.2439911514254408,468.21851378952834,0.41377935311421343,,480,8.0
138,I21,646.3290980261689,449.0291884751786,314.0873828269029,1918.209889001009,HCT116 OsTIRF74G mAC-POLR2A Clone 5,5PhIAA,10000,480,Total Pol II (F12),Goat anti-mouse Alexa647,1982,250912_mACPOLR2A_Kinetic_pSer2,I,21,179.20109363124794,0.24251457050065237,462.5980589881654,0.4088123813191574,,480,8.0
139,I22,1246.9156424897596,267.564582758789,316.78387169132554,1704.3020134228188,HCT116 OsTIRF74G,5PhIAA,10000,480,Total Pol II (F12),Goat anti-mouse Alexa647,1937,250912_mACPOLR2A_Kinetic_pSer2,I,22,-2.263512085141656,-0.0030632327628576763,1063.1846034517562,0.9395695054788286,,480,8.0
150,J13,1193.3470872886471,265.2112829964902,294.573612893419,1719.3816222687817,HCT116 OsTIRF74G,Vehicle,0,480,Total Pol II (F12),Goat anti-mouse Alexa647,3341,250912_mACPOLR2A_Kinetic_pSer2,J,13,-4.616811847440488,-0.00624797605626396,1009.6160482506436,0.8922292968677202,,0,0.0
151,J14,633.0585220137273,453.5810342300344,310.2692438087621,2000.5060783430888,HCT116 OsTIRF74G mAC-POLR2A Clone 5,5PhIAA,1000,480,Total Pol II (F12),Goat anti-mouse Alexa647,2221,250912_mACPOLR2A_Kinetic_pSer2,J,14,183.75293938610372,0.24867462731646398,449.32748297572374,0.39708475800618986,,480,8.0
152,J15,565.644744737021,433.37164397178043,312.8624765487118,2065.9603143418467,HCT116 OsTIRF74G mAC-POLR2A Clone 5,5PhIAA,1000,120,Total Pol II (F12),Goat anti-mouse Alexa647,2545,250912_mACPOLR2A_Kinetic_pSer2,J,15,163.54354912784976,0.22132506432414356,381.9137056990175,0.33750909337307333,,120,2.0
153,J16,617.7533600280805,486.08503741767794,307.83639936766855,2058.6078147612156,HCT116 OsTIRF74G mAC-POLR2A Clone 5,5PhIAA,1000,240,Total Pol II (F12),Goat anti-mouse Alexa647,2073,250912_mACPOLR2A_Kinetic_pSer2,J,16,216.25694257374727,0.29266260871139826,434.02232099007693,0.3835591073981578,,240,4.0
154,J17,807.9544918889992,614.4993583330731,316.93373283088187,2050.6448723690105,HCT116 OsTIRF74G mAC-POLR2A Clone 5,5PhIAA,1000,60,Total Pol II (F12),Goat anti-mouse Alexa647,2233,250912_mACPOLR2A_Kinetic_pSer2,J,17,344.67126348914246,0.46644694926354546,624.2234528509957,0.5516457997974671,,60,1.0
155,J18,616.2360502844522,450.7465225129892,301.86866534451104,2002.9519184069936,HCT116 OsTIRF74G mAC-POLR2A Clone 5,5PhIAA,1000,480,Total Pol II (F12),Goat anti-mouse Alexa647,2059,250912_mACPOLR2A_Kinetic_pSer2,J,18,180.91842766905853,0.24483865523778459,432.50501124644865,0.38221821329486605,,480,8.0
156,J19,563.2122741620854,434.5971206790429,311.9793068073471,1953.922077922078,HCT116 OsTIRF74G mAC-POLR2A Clone 5,5PhIAA,1000,240,Total Pol II (F12),Goat anti-mouse Alexa647,1848,250912_mACPOLR2A_Kinetic_pSer2,J,19,164.76902583511225,0.22298351378613107,379.4812351240818,0.33535944300401793,,240,4.0
157,J20,584.0075260469166,481.78472943515214,295.3906700420917,2035.460302457467,HCT116 OsTIRF74G mAC-POLR2A Clone 5,5PhIAA,1000,120,Total Pol II (F12),Goat anti-mouse Alexa647,2116,250912_mACPOLR2A_Kinetic_pSer2,J,20,211.95663459122147,0.2868429603919032,400.2764870089131,0.35373685786339815,,120,2.0
158,J21,765.2983993724679,618.2619677917775,306.96132088457205,2008.6707188160676,HCT116 OsTIRF74G mAC-POLR2A Clone 5,5PhIAA,1000,60,Total Pol II (F12),Goat anti-mouse Alexa647,1892,250912_mACPOLR2A_Kinetic_pSer2,J,21,348.4338729478468,0.47153892497836475,581.5673603344644,0.5139492759564547,,60,1.0
159,J22,1245.0263234121323,268.08360075156565,310.95315415761996,1647.3950966525224,HCT116 OsTIRF74G,Vehicle,0,480,Total Pol II (F12),Goat anti-mouse Alexa647,2121,250912_mACPOLR2A_Kinetic_pSer2,J,22,-1.7444940923650165,-0.0023608407012369703,1061.2952843741289,0.9378998550853834,,0,0.0
170,K13,1103.593551328471,266.3981038151192,297.5180482129967,1683.4615144904956,HCT116 OsTIRF74G,Vehicle,0,480,Total Pol II (F12),Goat anti-mouse Alexa647,3209,250912_mACPOLR2A_Kinetic_pSer2,K,13,-3.4299910288114575,-0.004641839981652062,919.8625122904675,0.8129112883833117,,0,0.0
171,K14,750.0359383056954,541.5411832517226,311.2395957331786,2017.3226086956522,HCT116 OsTIRF74G mAC-POLR2A Clone 5,5PhIAA,100,480,Total Pol II (F12),Goat anti-mouse Alexa647,2300,250912_mACPOLR2A_Kinetic_pSer2,K,14,271.71308840779193,0.3677119463914432,566.3048992676918,0.5004613614867187,,480,8.0
172,K15,650.188552642252,487.4691698308234,306.4608092917717,2058.465038314176,HCT116 OsTIRF74G mAC-POLR2A Clone 5,5PhIAA,100,120,Total Pol II (F12),Goat anti-mouse Alexa647,2088,250912_mACPOLR2A_Kinetic_pSer2,K,15,217.6410749868927,0.2945357684722462,466.4575136042485,0.41222310214156044,,120,2.0
173,K16,698.2924190301961,560.7688421652962,309.958338028862,2031.9174635128334,HCT116 OsTIRF74G mAC-POLR2A Clone 5,5PhIAA,100,240,Total Pol II (F12),Goat anti-mouse Alexa647,1987,250912_mACPOLR2A_Kinetic_pSer2,K,16,290.9407473213655,0.39373292287473205,514.5613799921925,0.4547339942359371,,240,4.0
174,K17,768.6365046846677,650.6737602975624,300.32179587075046,2096.823134953898,HCT116 OsTIRF74G mAC-POLR2A Clone 5,5PhIAA,100,60,Total Pol II (F12),Goat anti-mouse Alexa647,2386,250912_mACPOLR2A_Kinetic_pSer2,K,17,380.8456654536317,0.5154021167670897,584.9054656466642,0.5168992640838571,,60,1.0
175,K18,723.1929214172116,518.9615564608887,303.3243843905698,1958.0979699911738,HCT116 OsTIRF74G mAC-POLR2A Clone 5,5PhIAA,100,480,Total Pol II (F12),Goat anti-mouse Alexa647,2266,250912_mACPOLR2A_Kinetic_pSer2,K,18,249.13346161695802,0.33715471941094194,539.461882379208,0.4767393474342296,,480,8.0
176,K19,660.8879762333786,500.6022251384049,309.9028976013413,2086.571280456195,HCT116 OsTIRF74G mAC-POLR2A Clone 5,5PhIAA,100,240,Total Pol II (F12),Goat anti-mouse Alexa647,1929,250912_mACPOLR2A_Kinetic_pSer2,K,19,230.77413029447422,0.3123088590418457,477.15693719537506,0.4216785175979031,,240,4.0
177,K20,646.3701210571309,533.6906933798775,305.6173867384669,2100.9641943734014,HCT116 OsTIRF74G mAC-POLR2A Clone 5,5PhIAA,100,120,Total Pol II (F12),Goat anti-mouse Alexa647,1955,250912_mACPOLR2A_Kinetic_pSer2,K,20,263.86259853594686,0.35708780263812495,462.63908201912733,0.40884863465539745,,120,2.0
178,K21,776.0036617067815,646.6457241981939,302.5849544666371,2065.8133147113595,HCT116 OsTIRF74G mAC-POLR2A Clone 5,5PhIAA,100,60,Total Pol II (F12),Goat anti-mouse Alexa647,2148,250912_mACPOLR2A_Kinetic_pSer2,K,21,376.8176293542632,0.5099509366163167,592.272622668778,0.5234098512928699,,60,1.0
179,K22,1174.3456499663905,264.2079623160607,300.9710278198441,1677.7155260469867,HCT116 OsTIRF74G,Vehicle,0,480,Total Pol II (F12),Goat anti-mouse Alexa647,1958,250912_mACPOLR2A_Kinetic_pSer2,K,22,-5.620132527869998,-0.0076057796218464225,990.614610928387,0.8754371320731049,,0,0.0
190,L13,1222.912233573067,265.7727181935462,288.1936949016299,1703.4003139717424,HCT116 OsTIRF74G,Vehicle,0,480,Total Pol II (F12),Goat anti-mouse Alexa647,1911,250912_mACPOLR2A_Kinetic_pSer2,L,13,-4.05537665038446,-0.005488180382482148,1039.1811945350635,0.9183569418539957,,0,0.0
191,L14,1013.7563042352394,759.0824635866007,348.3724526560343,2005.4643377001455,HCT116 OsTIRF74G mAC-POLR2A Clone 5,5PhIAA,10,480,Total Pol II (F12),Goat anti-mouse Alexa647,2061,250912_mACPOLR2A_Kinetic_pSer2,L,14,489.25436874267007,0.6621126617974321,830.025265197236,0.7335193017509573,,480,8.0
192,L15,924.7848042779873,726.1078078178622,304.8499303944694,2063.6262931034485,HCT116 OsTIRF74G mAC-POLR2A Clone 5,5PhIAA,10,120,Total Pol II (F12),Goat anti-mouse Alexa647,2320,250912_mACPOLR2A_Kinetic_pSer2,L,15,456.2797129739315,0.6174877417195557,741.0537652399837,0.6548924029554477,,120,2.0
193,L16,960.1394601774977,749.7458729772757,316.29037317965697,2108.2717277486913,HCT116 OsTIRF74G mAC-POLR2A Clone 5,5PhIAA,10,240,Total Pol II (F12),Goat anti-mouse Alexa647,1910,250912_mACPOLR2A_Kinetic_pSer2,L,16,479.917778133345,0.6494773635652673,776.4084211394941,0.6861364187660891,,240,4.0
194,L17,1049.825669136789,851.3193264278646,313.3904291665275,2129.003203074952,HCT116 OsTIRF74G mAC-POLR2A Clone 5,5PhIAA,10,60,Total Pol II (F12),Goat anti-mouse Alexa647,1561,250912_mACPOLR2A_Kinetic_pSer2,L,17,581.4912315839339,0.7869376989833443,866.0946300987855,0.7653949282728777,,60,1.0
195,L18,1006.8078780367018,773.7375278909657,318.02824890171,1921.7939058171746,HCT116 OsTIRF74G mAC-POLR2A Clone 5,5PhIAA,10,480,Total Pol II (F12),Goat anti-mouse Alexa647,1805,250912_mACPOLR2A_Kinetic_pSer2,L,18,503.909433047035,0.6819455018399483,823.0768389986983,0.7273787600745443,,480,8.0
196,L19,894.2402930949411,719.4941015806221,300.1163563962447,2069.6767830045524,HCT116 OsTIRF74G mAC-POLR2A Clone 5,5PhIAA,10,240,Total Pol II (F12),Goat anti-mouse Alexa647,1977,250912_mACPOLR2A_Kinetic_pSer2,L,19,449.66600673669143,0.6085373492021849,710.5092540569376,0.6278992625599101,,240,4.0
197,L20,995.0418336192511,761.1619271578181,312.26670701625204,1884.4035921817222,HCT116 OsTIRF74G mAC-POLR2A Clone 5,5PhIAA,10,120,Total Pol II (F12),Goat anti-mouse Alexa647,1893,250912_mACPOLR2A_Kinetic_pSer2,L,20,491.33383231388746,0.6649268199290965,811.3107945812476,0.7169807384150368,,120,2.0
198,L21,1029.8708793098428,840.030060596456,308.0615453321862,2055.1919140225177,HCT116 OsTIRF74G mAC-POLR2A Clone 5,5PhIAA,10,60,Total Pol II (F12),Goat anti-mouse Alexa647,1954,250912_mACPOLR2A_Kinetic_pSer2,L,21,570.2019657525253,0.7716598265167539,846.1398402718394,0.7477602560355567,,60,1.0
199,L22,1232.6848171192357,267.0166279247683,307.6641173818978,1664.9205097087379,HCT116 OsTIRF74G,Vehicle,0,480,Total Pol II (F12),Goat anti-mouse Alexa647,1648,250912_mACPOLR2A_Kinetic_pSer2,L,22,-2.811466919162399,-0.003804785331168145,1048.9537780812323,0.9269932797579814,,0,0.0
210,M13,1177.0006864269983,268.694723942706,292.2167549424265,1643.1515422440768,HCT116 OsTIRF74G,Vehicle,0,480,Total Pol II (F12),Goat anti-mouse Alexa647,2237,250912_mACPOLR2A_Kinetic_pSer2,M,13,-1.13337090122468,-0.0015338017852392861,993.2696473889948,0.8777834708803286,,0,0.0
211,M14,1333.4172956781326,1070.5159510238905,316.2416017755477,1922.7172533179457,HCT116 OsTIRF74G mAC-POLR2A Clone 5,Vehicle,0,480,Total Pol II (F12),Goat anti-mouse Alexa647,1733,250912_mACPOLR2A_Kinetic_pSer2,M,14,800.6878561799598,1.0835786077630916,1149.6862566401292,1.0160137233930402,,0,0.0
212,M15,554.528824913049,438.80546698306375,314.9874134081626,1976.9249667994688,HCT116 OsTIRF74G mAC-POLR2A Clone 5,5PhIAA,10000,120,Total Pol II (F12),Goat anti-mouse Alexa647,1506,250912_mACPOLR2A_Kinetic_pSer2,M,15,168.97737213913308,0.2286787094780599,370.79778587504546,0.3276856071618891,,120,2.0
213,M16,601.9384708846975,490.889502999326,311.3799959833221,2031.9846897663174,HCT116 OsTIRF74G mAC-POLR2A Clone 5,5PhIAA,10000,240,Total Pol II (F12),Goat anti-mouse Alexa647,1241,250912_mACPOLR2A_Kinetic_pSer2,M,16,221.06140815539533,0.29916453837827933,418.20743184669396,0.3695829949493802,,240,4.0
214,M17,746.5163577050625,622.1400594521607,311.5950117540785,2066.5024154589373,HCT116 OsTIRF74G mAC-POLR2A Clone 5,5PhIAA,10000,60,Total Pol II (F12),Goat anti-mouse Alexa647,1656,250912_mACPOLR2A_Kinetic_pSer2,M,17,352.31196460823,0.47678718387189195,562.7853186670591,0.4973509979678216,,60,1.0
215,M18,1271.6778164930029,1033.0485331938394,304.677534408454,2061.019822639541,HCT116 OsTIRF74G mAC-POLR2A Clone 5,Vehicle,0,480,Total Pol II (F12),Goat anti-mouse Alexa647,1917,250912_mACPOLR2A_Kinetic_pSer2,M,18,763.2204383499087,1.0328735894024286,1087.9467774549994,0.9614526135555189,,0,0.0
216,M19,536.0165367381296,432.6952297615886,317.97224681568883,2063.6847767617,HCT116 OsTIRF74G mAC-POLR2A Clone 5,5PhIAA,10000,240,Total Pol II (F12),Goat anti-mouse Alexa647,1859,250912_mACPOLR2A_Kinetic_pSer2,M,19,162.86713491765795,0.22040966644156834,352.2854977001261,0.31132571877625953,,240,4.0
217,M20,584.9168391047218,498.778586141409,303.5726086218733,1962.3380035026269,HCT116 OsTIRF74G mAC-POLR2A Clone 5,5PhIAA,10000,120,Total Pol II (F12),Goat anti-mouse Alexa647,1713,250912_mACPOLR2A_Kinetic_pSer2,M,20,228.95049129747832,0.3098409107768939,401.1858000667183,0.3545404462687171,,120,2.0
218,M21,749.2456903195406,612.6111062521667,309.7246711702549,2003.1104684788895,HCT116 OsTIRF74G mAC-POLR2A Clone 5,5PhIAA,10000,60,Total Pol II (F12),Goat anti-mouse Alexa647,1729,250912_mACPOLR2A_Kinetic_pSer2,M,21,342.783011408236,0.46389155948818894,565.514651281537,0.4997629946112518,,60,1.0
219,M22,1131.5503430583858,269.3370575755087,307.0492683017867,1753.268930523029,HCT116 OsTIRF74G,Vehicle,0,480,Total Pol II (F12),Goat anti-mouse Alexa647,2562,250912_mACPOLR2A_Kinetic_pSer2,M,22,-0.4910372684219624,-0.0006645254771503286,947.8193040203823,0.837617580117758,,0,0.0
230,N13,183.62841412333114,266.5286562930568,298.8407850994487,1694.632045929019,HCT116 OsTIRF74G,Vehicle,0,480,Total Pol II (F12),Goat anti-mouse Alexa647,1916,250912_mACPOLR2A_Kinetic_pSer2,N,13,-3.2994385508738446,-0.0044651620525542265,-0.10262491467238988,-9.06928486506433e-05,,0,0.0
231,N14,1170.0553536019963,270.33327823949605,293.8288683726418,1750.6822846943328,HCT116 OsTIRF74G,Vehicle,0,480,Total Pol II (F12),Goat anti-mouse Alexa647,2241,250912_mACPOLR2A_Kinetic_pSer2,N,14,0.5051833955653819,0.0006836695676182888,986.3243145639929,0.8716456629149134,,0,0.0
232,N15,183.89977679747875,266.4460850086465,296.65546499073736,1669.1383526383527,HCT116 OsTIRF74G,Vehicle,0,480,Total Pol II (F12),Goat anti-mouse Alexa647,1554,250912_mACPOLR2A_Kinetic_pSer2,N,15,-3.3820098352841796,-0.004576906569112064,0.16873775947522063,0.00014911883854508117,,0,0.0
233,N16,1180.0587962244297,267.1334580452025,294.68948985463277,1706.2116136236739,HCT116 OsTIRF74G,Vehicle,0,480,Total Pol II (F12),Goat anti-mouse Alexa647,1791,250912_mACPOLR2A_Kinetic_pSer2,N,16,-2.6946367987281974,-0.003646678000992235,996.3277571864262,0.8804860182091218,,0,0.0
234,N17,185.13298778922294,269.18392836345737,298.98024500523184,1710.172324881822,HCT116 OsTIRF74G,Vehicle,0,480,Total Pol II (F12),Goat anti-mouse Alexa647,2327,250912_mACPOLR2A_Kinetic_pSer2,N,17,-0.6441664804733023,-0.0008717567185408023,1.4019487512194075,0.0012389459841812423,,0,0.0
235,N18,1203.1146296058748,277.1355293144004,300.86791518595163,1666.3224092116918,HCT116 OsTIRF74G,Vehicle,0,480,Total Pol II (F12),Goat anti-mouse Alexa647,2258,250912_mACPOLR2A_Kinetic_pSer2,N,18,7.30743447046973,0.009889221634519147,1019.3835905678714,0.9008611796799298,,0,0.0
237,N20,1178.513391457649,273.356752755213,301.86816215517854,1682.3569641367806,HCT116 OsTIRF74G,Vehicle,0,480,Total Pol II (F12),Goat anti-mouse Alexa647,2398,250912_mACPOLR2A_Kinetic_pSer2,N,20,3.5286579112823233,0.004775366826495423,994.7823524196456,0.8791202956546617,,0,0.0
239,N22,1178.4092505594765,266.1928305784691,299.0661455681675,1713.562652705061,HCT116 OsTIRF74G,Vehicle,0,480,Total Pol II (F12),Goat anti-mouse Alexa647,2865,250912_mACPOLR2A_Kinetic_pSer2,N,22,-3.635264265461558,-0.004919638235070741,994.678211521473,0.8790282630839507,,0,0.0
10,C13,902.0705945100943,247.05366845930658,467.2596637120451,1678.728842105263,HCT116 OsTIRF74G,Vehicle,0,480,Total Pol II (F12),Goat anti-mouse Alexa568,2375,260522_mACPOLR2A_Kinetic_pSer2,C,13,6.5678516143813965,0.015334863212534387,746.7820692369426,1.2585049814615938,2900.145476830647,0,0.0
11,C14,853.721553948149,246.57440454784464,422.50709637583964,1725.4088298636038,HCT116 OsTIRF74G,Vehicle,0,480,Total Pol II (F12),Goat anti-mouse Alexa568,2786,260522_mACPOLR2A_Kinetic_pSer2,C,14,6.088587702919455,0.014215860080843615,698.4330286749971,1.1770253759613298,2798.453495595544,0,0.0
12,C15,843.7955382436726,247.644556473055,415.94647189331226,1701.5476609215618,HCT116 OsTIRF74G,Vehicle,0,480,Total Pol II (F12),Goat anti-mouse Alexa568,2843,260522_mACPOLR2A_Kinetic_pSer2,C,15,7.158739628129808,0.0167144904326313,688.5070129705207,1.1602976842762391,2766.4549756313404,0,0.0
13,C16,849.2315732036944,243.9937915990242,399.68484964725076,1732.7147138148036,HCT116 OsTIRF74G,Vehicle,0,480,Total Pol II (F12),Goat anti-mouse Alexa568,3337,260522_mACPOLR2A_Kinetic_pSer2,C,16,3.507974754099024,0.00819054938594242,693.9430479305427,1.169458693034226,2831.692234591368,0,0.0
14,C17,858.3772660819358,246.40795916245537,431.2914913591137,1768.4528448947779,HCT116 OsTIRF74G,Vehicle,0,480,Total Pol II (F12),Goat anti-mouse Alexa568,2566,260522_mACPOLR2A_Kinetic_pSer2,C,17,5.922142317530188,0.013827237230151765,703.088740808784,1.1848713556038364,2767.784345014408,0,0.0
15,C18,848.2696357332512,246.19750696171008,417.7521812565,1754.4663719608461,HCT116 OsTIRF74G,Vehicle,0,480,Total Pol II (F12),Goat anti-mouse Alexa568,3167,260522_mACPOLR2A_Kinetic_pSer2,C,18,5.711690116784894,0.013335865637020869,692.9811104600994,1.167837600150134,2747.551219101358,0,0.0
16,C19,825.9583173883062,247.18519425875218,417.31991622846056,1728.0070646414695,HCT116 OsTIRF74G,Vehicle,0,480,Total Pol II (F12),Goat anti-mouse Alexa568,2831,260522_mACPOLR2A_Kinetic_pSer2,C,19,6.699377413826994,0.01564195452059638,670.6697921151545,1.1302377347586423,2713.8451388104427,0,0.0
17,C20,807.2395307468372,244.93060632052376,400.19671425169383,1777.0699426111908,HCT116 OsTIRF74G,Vehicle,0,480,Total Pol II (F12),Goat anti-mouse Alexa568,2788,260522_mACPOLR2A_Kinetic_pSer2,C,20,4.444789475598583,0.010377859095898058,651.9510054736854,1.0986921377154826,2718.331123478923,0,0.0
18,C21,836.742650353425,242.67032561248325,428.28127802606565,1821.264705882353,HCT116 OsTIRF74G,Vehicle,0,480,Total Pol II (F12),Goat anti-mouse Alexa568,2312,260522_mACPOLR2A_Kinetic_pSer2,C,21,2.1845087675580714,0.005100471981390869,681.4541250802731,1.148411894687536,2773.68887178917,0,0.0
19,C22,842.474451380366,240.67459389294518,407.26838387094307,1751.1859229747677,HCT116 OsTIRF74G,Vehicle,0,480,Total Pol II (F12),Goat anti-mouse Alexa568,3012,260522_mACPOLR2A_Kinetic_pSer2,C,22,0.1887770480200004,0.00044076364373305037,687.1859261072141,1.158071339446999,3000.2541004109976,0,0.0
30,D13,836.0187149327459,249.10383969697477,444.1224404494794,1706.941393442623,HCT116 OsTIRF74G,Vehicle,0,480,Total Pol II (F12),Goat anti-mouse Alexa568,2440,260522_mACPOLR2A_Kinetic_pSer2,D,13,8.618022852049592,0.020121678953479723,680.7301896595941,1.1471918917298967,2753.078857243197,0,0.0
31,D14,825.4491038564066,668.213989117918,418.42078519087227,2444.1941209095953,HCT116 OsTIRF74G mAC-POLR2A Clone 5,Vehicle,0,60,Total Pol II (F12),Goat anti-mouse Alexa568,1803,260522_mACPOLR2A_Kinetic_pSer2,D,14,427.7281722729928,0.9986755790266849,670.1605785832548,1.129379589132331,2780.62614391354,0,0.0
32,D15,842.0404506335051,680.2321501895168,425.2467587473558,2393.3290358744393,HCT116 OsTIRF74G mAC-POLR2A Clone 5,Vehicle,0,120,Total Pol II (F12),Goat anti-mouse Alexa568,1784,260522_mACPOLR2A_Kinetic_pSer2,D,15,439.7463333445916,1.0267360266311383,686.7519253603532,1.1573399452098014,2824.280302823748,0,0.0
33,D16,850.1412218051778,669.721206625152,419.170903153611,2526.397571277719,HCT116 OsTIRF74G mAC-POLR2A Clone 5,Vehicle,0,240,Total Pol II (F12),Goat anti-mouse Alexa568,1894,260522_mACPOLR2A_Kinetic_pSer2,D,16,429.23538978022685,1.0021946862876288,694.8526965320259,1.170991666767133,2816.251832736697,0,0.0
34,D17,814.9088489385991,648.1764065973856,400.07664102188954,2404.915254237288,HCT116 OsTIRF74G mAC-POLR2A Clone 5,Vehicle,0,480,Total Pol II (F12),Goat anti-mouse Alexa568,2242,260522_mACPOLR2A_Kinetic_pSer2,D,17,407.6905897524604,0.9518910891960365,659.6203236654474,1.111616758627456,2647.848404057979,0,0.0
35,D18,836.9367972844876,666.3796521105173,431.7638167013824,2346.647810218978,HCT116 OsTIRF74G mAC-POLR2A Clone 5,Vehicle,0,60,Total Pol II (F12),Goat anti-mouse Alexa568,1644,260522_mACPOLR2A_Kinetic_pSer2,D,18,425.89383526559214,0.9943927010407412,681.6482720113358,1.1487390783331308,2726.8577458420277,0,0.0
36,D19,828.4304022186519,656.9285774073333,423.7514672355112,2399.6524035921816,HCT116 OsTIRF74G mAC-POLR2A Clone 5,Vehicle,0,120,Total Pol II (F12),Goat anti-mouse Alexa568,1893,260522_mACPOLR2A_Kinetic_pSer2,D,19,416.44276056240807,0.9723259817702538,673.1418769455001,1.1344037842685946,2726.3384186806943,0,0.0
37,D20,886.0705018643215,666.2750563619023,431.28808598099056,2395.017554479419,HCT116 OsTIRF74G mAC-POLR2A Clone 5,Vehicle,0,240,Total Pol II (F12),Goat anti-mouse Alexa568,1652,260522_mACPOLR2A_Kinetic_pSer2,D,20,425.78923951697715,0.9941484870128068,730.7819765911697,1.2315410288868793,2872.2957063608073,0,0.0
38,D21,855.0418312784934,649.6176520163158,414.1204359406282,2289.5238536359425,HCT116 OsTIRF74G mAC-POLR2A Clone 5,Vehicle,0,480,Total Pol II (F12),Goat anti-mouse Alexa568,2159,260522_mACPOLR2A_Kinetic_pSer2,D,21,409.1318351713906,0.9552561623817022,699.7533060053415,1.1792503565354444,2825.305092623801,0,0.0
39,D22,827.4362146472565,241.45598342881993,404.729797744818,1772.7966034755134,HCT116 OsTIRF74G,Vehicle,0,480,Total Pol II (F12),Goat anti-mouse Alexa568,2532,260522_mACPOLR2A_Kinetic_pSer2,D,22,0.970166583894752,0.002265180873578405,672.1476893741046,1.1327283423121655,2880.1996647197448,0,0.0
50,E13,766.6686081587197,241.7240163923437,408.9837244199903,1713.75146009085,HCT116 OsTIRF74G,Vehicle,0,480,Total Pol II (F12),Goat anti-mouse Alexa568,3082,260522_mACPOLR2A_Kinetic_pSer2,E,13,1.2381995474185317,0.002890994164348755,611.3800828855678,1.0303205065757444,2670.397429174102,0,0.0
51,E14,579.2465529987985,497.1355446088388,389.959091839685,2473.941505595117,HCT116 OsTIRF74G mAC-POLR2A Clone 5,5PhIAA,10,60,Total Pol II (F12),Goat anti-mouse Alexa568,1966,260522_mACPOLR2A_Kinetic_pSer2,E,14,256.64972776391363,0.5992352903004027,423.9580277256467,0.7144698725406469,1614.7496505802528,60,1.0
52,E15,578.503504552659,491.61232321184895,396.0766693629732,2467.4105263157894,HCT116 OsTIRF74G mAC-POLR2A Clone 5,5PhIAA,10,120,Total Pol II (F12),Goat anti-mouse Alexa568,1710,260522_mACPOLR2A_Kinetic_pSer2,E,15,251.12650636692376,0.5863394684109552,423.2149792795072,0.7132176596000104,1607.7309535791128,120,2.0
53,E16,571.2077568969019,468.5086343567362,395.0767698528651,2393.0330542089027,HCT116 OsTIRF74G mAC-POLR2A Clone 5,5PhIAA,10,240,Total Pol II (F12),Goat anti-mouse Alexa568,2269,260522_mACPOLR2A_Kinetic_pSer2,E,16,228.022817511811,0.5323961199463936,415.91923162375,0.7009225936811955,1567.6899014392059,240,4.0
54,E17,600.9038054311591,492.81124871745493,389.2176509411437,2445.6568047337278,HCT116 OsTIRF74G mAC-POLR2A Clone 5,5PhIAA,10,480,Total Pol II (F12),Goat anti-mouse Alexa568,2197,260522_mACPOLR2A_Kinetic_pSer2,E,17,252.32543187252975,0.589138764087829,445.61528015800724,0.7509674816741211,1704.178063847691,480,8.0
55,E18,574.436413007647,500.8340027562024,400.03903994308735,2353.8771583621115,HCT116 OsTIRF74G mAC-POLR2A Clone 5,5PhIAA,10,60,Total Pol II (F12),Goat anti-mouse Alexa568,2027,260522_mACPOLR2A_Kinetic_pSer2,E,18,260.3481859112772,0.6078705873681556,419.1478877344952,0.7063636453161807,1624.3763198580673,60,1.0
56,E19,562.678462372959,482.49452329594016,403.51118289211314,2415.775641025641,HCT116 OsTIRF74G mAC-POLR2A Clone 5,5PhIAA,10,120,Total Pol II (F12),Goat anti-mouse Alexa568,1560,260522_mACPOLR2A_Kinetic_pSer2,E,19,242.00870645101497,0.5650508914577914,407.3899370998071,0.6865487085962158,1501.9614481315223,120,2.0
57,E20,581.832385882774,491.11286238616253,400.3000894802902,2363.1423541247486,HCT116 OsTIRF74G mAC-POLR2A Clone 5,5PhIAA,10,240,Total Pol II (F12),Goat anti-mouse Alexa568,1988,260522_mACPOLR2A_Kinetic_pSer2,E,20,250.62704554123735,0.58517330877587,426.5438606096222,0.7188276145108519,1633.877452097381,240,4.0
58,E21,640.2530017678009,498.74575529071075,414.1708532741355,2134.490932642487,HCT116 OsTIRF74G mAC-POLR2A Clone 5,5PhIAA,10,480,Total Pol II (F12),Goat anti-mouse Alexa568,1544,260522_mACPOLR2A_Kinetic_pSer2,E,21,258.25993844578556,0.6029948698402022,484.9644764946491,0.8172802141916204,1820.0174147403081,480,8.0
59,E22,728.3046586632821,241.92608201473513,398.9700970596003,1809.4971026490066,HCT116 OsTIRF74G,Vehicle,0,480,Total Pol II (F12),Goat anti-mouse Alexa568,2416,260522_mACPOLR2A_Kinetic_pSer2,E,22,1.4402651698099476,0.0033627844637128556,573.0161333901303,0.9656681487628653,2619.1647251947534,0,0.0
70,F13,702.2562122513995,229.4996928059601,373.635260215878,1700.2673267326732,HCT116 OsTIRF74G,Vehicle,0,480,Total Pol II (F12),Goat anti-mouse Alexa568,3838,260522_mACPOLR2A_Kinetic_pSer2,F,13,-10.986124038965073,-0.025650809315571434,546.9676869782477,0.9217703358411031,2573.588595432297,0,0.0
71,F14,479.8072879489492,437.2410396557234,374.8042963767509,2463.514435695538,HCT116 OsTIRF74G mAC-POLR2A Clone 5,5PhIAA,100,60,Total Pol II (F12),Goat anti-mouse Alexa568,2286,260522_mACPOLR2A_Kinetic_pSer2,F,14,196.75522281079822,0.4593913817341163,324.51876267579735,0.5468911162028208,1311.1106005428098,60,1.0
72,F15,433.28935785931947,388.9004868955036,385.53160755012163,2401.336458333333,HCT116 OsTIRF74G mAC-POLR2A Clone 5,5PhIAA,100,120,Total Pol II (F12),Goat anti-mouse Alexa568,1920,260522_mACPOLR2A_Kinetic_pSer2,F,15,148.41467005057842,0.3465240686886933,278.00083258616763,0.46849736633025074,1066.420659640211,120,2.0
73,F16,386.19105407638347,333.3130275797861,370.4244076823777,2405.2183381088826,HCT116 OsTIRF74G mAC-POLR2A Clone 5,5PhIAA,100,240,Total Pol II (F12),Goat anti-mouse Alexa568,1745,260522_mACPOLR2A_Kinetic_pSer2,F,16,92.8272107348609,0.21673640980305087,230.90252880323163,0.38912554907467356,887.1476994196312,240,4.0
74,F17,439.1151854514057,361.9878612183619,362.3752371334121,2311.916286779942,HCT116 OsTIRF74G mAC-POLR2A Clone 5,5PhIAA,100,480,Total Pol II (F12),Goat anti-mouse Alexa568,2413,260522_mACPOLR2A_Kinetic_pSer2,F,17,121.50204437343672,0.28368747345480727,283.82666017825386,0.4783152681623991,1098.1694030599567,480,8.0
75,F18,487.1664500798196,449.90585434655827,393.1175912652397,2363.6747474747476,HCT116 OsTIRF74G mAC-POLR2A Clone 5,5PhIAA,100,60,Total Pol II (F12),Goat anti-mouse Alexa568,1980,260522_mACPOLR2A_Kinetic_pSer2,F,18,209.4200375016331,0.4889616601598327,331.87792480666775,0.5592930505590478,1294.2395628665392,60,1.0
76,F19,422.432033756498,397.34164614386424,382.33667525760364,2500.2295233688105,HCT116 OsTIRF74G mAC-POLR2A Clone 5,5PhIAA,100,120,Total Pol II (F12),Goat anti-mouse Alexa568,2161,260522_mACPOLR2A_Kinetic_pSer2,F,19,156.85582929893906,0.36623279994952,267.1435084833462,0.45020019901515224,1016.6521911979687,120,2.0
77,F20,401.63506903491884,359.0574723756394,391.3009651066912,2423.2211789254043,HCT116 OsTIRF74G mAC-POLR2A Clone 5,5PhIAA,100,240,Total Pol II (F12),Goat anti-mouse Alexa568,1917,260522_mACPOLR2A_Kinetic_pSer2,F,20,118.57165553071422,0.27684549304765416,246.346543761767,0.41515237880150957,937.5911451815628,240,4.0
78,F21,472.86903098472555,371.4641351503225,397.4514320536116,2223.9591360186805,HCT116 OsTIRF74G mAC-POLR2A Clone 5,5PhIAA,100,480,Total Pol II (F12),Goat anti-mouse Alexa568,1713,260522_mACPOLR2A_Kinetic_pSer2,F,21,130.9783183053973,0.30581302881798333,317.5805057115737,0.5351985069238404,1175.6456060804483,480,8.0
79,F22,750.1749731240003,243.46389494000383,390.91336970734665,1716.2696115765423,HCT116 OsTIRF74G,Vehicle,0,480,Total Pol II (F12),Goat anti-mouse Alexa568,2626,260522_mACPOLR2A_Kinetic_pSer2,F,22,2.9780780950786436,0.006953327039891922,594.8864478508485,1.0025248179690087,2749.711252705534,0,0.0
90,G13,674.1245363906373,221.0021723872832,379.01152733094045,1677.42758444217,HCT116 OsTIRF74G,Vehicle,0,480,Total Pol II (F12),Goat anti-mouse Alexa568,3908,260522_mACPOLR2A_Kinetic_pSer2,G,13,-19.483644457641986,-0.045491134724385,518.8360111174854,0.8743617869939039,2488.975460626585,0,0.0
91,G14,446.17351391406754,422.1111129742835,379.4290580526101,2227.607824427481,HCT116 OsTIRF74G mAC-POLR2A Clone 5,5PhIAA,1000,60,Total Pol II (F12),Goat anti-mouse Alexa568,2096,260522_mACPOLR2A_Kinetic_pSer2,G,14,181.62529612935833,0.4240654685287207,290.8849886409157,0.49021022640654743,1237.5424849362926,60,1.0
92,G15,368.4651674038291,360.36004269865623,371.30284740352306,2321.7754532775452,HCT116 OsTIRF74G mAC-POLR2A Clone 5,5PhIAA,1000,120,Total Pol II (F12),Goat anti-mouse Alexa568,2151,260522_mACPOLR2A_Kinetic_pSer2,G,15,119.87422585373105,0.27988678248306587,213.1766421306773,0.35925322407224336,905.6612678886539,120,2.0
93,G16,338.1337274129922,313.9075114350924,379.4504140179919,2236.8483786152497,HCT116 OsTIRF74G mAC-POLR2A Clone 5,5PhIAA,1000,240,Total Pol II (F12),Goat anti-mouse Alexa568,2282,260522_mACPOLR2A_Kinetic_pSer2,G,16,73.42169459016719,0.17142769195749188,182.84520213984035,0.30813755071070176,787.4952097152461,240,4.0
94,G17,350.6091657439215,317.1748061600788,354.10279102315565,2346.895382100531,HCT116 OsTIRF74G mAC-POLR2A Clone 5,5PhIAA,1000,480,Total Pol II (F12),Goat anti-mouse Alexa568,2447,260522_mACPOLR2A_Kinetic_pSer2,G,17,76.6889893151536,0.17905629269703843,195.32064047076966,0.32916162444272645,844.4727355343771,480,8.0
95,G18,442.95174109440336,432.1247085537908,388.07977410083726,2406.887089715536,HCT116 OsTIRF74G mAC-POLR2A Clone 5,5PhIAA,1000,60,Total Pol II (F12),Goat anti-mouse Alexa568,2285,260522_mACPOLR2A_Kinetic_pSer2,G,18,191.63889170886563,0.4474455823761688,287.6632158212515,0.48478077475028586,1193.6806579882877,60,1.0
96,G19,368.5035155006526,374.924963257561,381.4098291276381,2346.256628787879,HCT116 OsTIRF74G mAC-POLR2A Clone 5,5PhIAA,1000,120,Total Pol II (F12),Goat anti-mouse Alexa568,2112,260522_mACPOLR2A_Kinetic_pSer2,G,19,134.4391464126358,0.3138934984665954,213.21499022750078,0.3593178497145425,894.0205469770738,120,2.0
97,G20,343.5107434962416,333.9620245004014,395.93263953186204,2397.8092723004693,HCT116 OsTIRF74G mAC-POLR2A Clone 5,5PhIAA,1000,240,Total Pol II (F12),Goat anti-mouse Alexa568,1704,260522_mACPOLR2A_Kinetic_pSer2,G,20,93.47620765547623,0.21825171185116657,188.22221822308978,0.31719909865745816,781.9461621817129,240,4.0
98,G21,365.6678798739945,335.504224517391,382.1787820938344,2306.3930453108537,HCT116 OsTIRF74G mAC-POLR2A Clone 5,5PhIAA,1000,480,Total Pol II (F12),Goat anti-mouse Alexa568,1898,260522_mACPOLR2A_Kinetic_pSer2,G,21,95.0184076724658,0.22185249757158676,210.37935460084265,0.3545391308502751,893.0006679633146,480,8.0
99,G22,643.8847029803792,243.93862152061686,372.90614811839436,1718.4929706601467,HCT116 OsTIRF74G,Vehicle,0,480,Total Pol II (F12),Goat anti-mouse Alexa568,3272,260522_mACPOLR2A_Kinetic_pSer2,G,22,3.452804675691681,0.008061736243460807,488.59617770722735,0.8234004924568444,2487.3805697958105,0,0.0
110,H13,658.4256794562469,219.34270407370673,367.8501273048888,1641.5272956768697,HCT116 OsTIRF74G,5PhIAA,10000,480,Total Pol II (F12),Goat anti-mouse Alexa568,3169,260522_mACPOLR2A_Kinetic_pSer2,H,13,-21.143112771218455,-0.04936572280711638,503.1371541830951,0.847905488069412,2577.630201605798,480,8.0
111,H14,448.5131320788362,434.4768179850796,377.1274927519027,2361.149130832571,HCT116 OsTIRF74G mAC-POLR2A Clone 5,5PhIAA,10000,60,Total Pol II (F12),Goat anti-mouse Alexa568,2186,260522_mACPOLR2A_Kinetic_pSer2,H,14,193.99100114015442,0.45293737459491296,293.22460680568435,0.49415303815360495,1290.4412613092165,60,1.0
112,H15,376.3774512870802,361.7360160445768,373.0798107302674,2257.6030701754385,HCT116 OsTIRF74G mAC-POLR2A Clone 5,5PhIAA,10000,120,Total Pol II (F12),Goat anti-mouse Alexa568,2280,260522_mACPOLR2A_Kinetic_pSer2,H,15,121.2501991996516,0.28309945601508996,221.08892601392836,0.37258729982473754,945.0097134291542,120,2.0
113,H16,319.15447112618426,301.1449051255427,358.80782785816336,2443.91217472119,HCT116 OsTIRF74G mAC-POLR2A Clone 5,5PhIAA,10000,240,Total Pol II (F12),Goat anti-mouse Alexa568,2152,260522_mACPOLR2A_Kinetic_pSer2,H,16,60.65908828061754,0.14162908603834679,163.86594585303243,0.2761530005114849,762.7651427511817,240,4.0
114,H17,349.4678172316818,313.891153640002,349.68740721902776,2378.7858749437696,HCT116 OsTIRF74G mAC-POLR2A Clone 5,5PhIAA,10000,480,Total Pol II (F12),Goat anti-mouse Alexa568,2223,260522_mACPOLR2A_Kinetic_pSer2,H,17,73.40533679507683,0.17138949917164698,194.17929195852997,0.3272381813829525,848.019235453832,480,8.0
115,H18,421.3811153984661,423.3222808763211,367.3811681875573,2380.409033877039,HCT116 OsTIRF74G mAC-POLR2A Clone 5,5PhIAA,10000,60,Total Pol II (F12),Goat anti-mouse Alexa568,2391,260522_mACPOLR2A_Kinetic_pSer2,H,18,182.8364640313959,0.42689334820622277,266.09259012531425,0.4484291522222853,1154.770956748453,60,1.0
116,H19,339.95814815023334,354.135326248228,361.81394349227304,2483.8277471361903,HCT116 OsTIRF74G mAC-POLR2A Clone 5,5PhIAA,10000,120,Total Pol II (F12),Goat anti-mouse Alexa568,2357,260522_mACPOLR2A_Kinetic_pSer2,H,19,113.64950940330283,0.26535308396053614,184.6696228770815,0.3112121325474696,791.4345350477909,120,2.0
117,H20,329.82838948961347,328.99149451905475,381.0063551232822,2257.417704011065,HCT116 OsTIRF74G mAC-POLR2A Clone 5,5PhIAA,10000,240,Total Pol II (F12),Goat anti-mouse Alexa568,2169,260522_mACPOLR2A_Kinetic_pSer2,H,20,88.50567767412957,0.2066463343498158,174.53986421646164,0.29414108563759933,765.2901513100151,240,4.0
118,H21,363.27731123571465,334.1560229155015,385.19315044318927,2278.548418972332,HCT116 OsTIRF74G mAC-POLR2A Clone 5,5PhIAA,10000,480,Total Pol II (F12),Goat anti-mouse Alexa568,2024,260522_mACPOLR2A_Kinetic_pSer2,H,21,93.67020607057634,0.21870466653614978,207.98878596256282,0.3505104554659355,872.2980850147259,480,8.0
119,H22,690.8150399331464,244.672371351176,387.89978376499016,1765.5215128383068,HCT116 OsTIRF74G,5PhIAA,10000,480,Total Pol II (F12),Goat anti-mouse Alexa568,2882,260522_mACPOLR2A_Kinetic_pSer2,H,22,4.186554506250815,0.009774922524832724,535.5265146599945,0.9024892457487893,2681.164325631645,480,8.0
130,I13,624.7147792335351,218.53276828976985,348.4990905432338,1696.211520302172,HCT116 OsTIRF74G,Vehicle,0,480,Total Pol II (F12),Goat anti-mouse Alexa568,4236,260522_mACPOLR2A_Kinetic_pSer2,I,13,-21.953048555155334,-0.05125679087424699,469.42625396038324,0.7910946223463134,2441.976869718104,0,0.0
131,I14,640.4191616560944,666.1919282809303,353.7461321470174,2268.4808492922566,HCT116 OsTIRF74G mAC-POLR2A Clone 5,Vehicle,0,60,Total Pol II (F12),Goat anti-mouse Alexa568,2402,260522_mACPOLR2A_Kinetic_pSer2,I,14,425.7061114360051,0.993954396490415,485.13063638294255,0.8175602330294457,2514.913346471305,0,0.0
132,I15,647.1172806655335,665.0584298657742,350.12637058440174,2248.1871030776747,HCT116 OsTIRF74G mAC-POLR2A Clone 5,Vehicle,0,120,Total Pol II (F12),Goat anti-mouse Alexa568,2047,260522_mACPOLR2A_Kinetic_pSer2,I,15,424.572613020849,0.991307862407644,491.82875539238165,0.8288481528752114,2456.6062327645764,0,0.0
133,I16,665.8682775045752,665.9525693030685,353.8907805511944,2373.414075286416,HCT116 OsTIRF74G mAC-POLR2A Clone 5,Vehicle,0,240,Total Pol II (F12),Goat anti-mouse Alexa568,1833,260522_mACPOLR2A_Kinetic_pSer2,I,16,425.4667524581433,0.9933955322834093,510.57975223142336,0.8604480317440454,2544.003978062512,0,0.0
134,I17,658.5341585214991,661.1540465921213,356.14699512313746,2440.8118993135013,HCT116 OsTIRF74G mAC-POLR2A Clone 5,Vehicle,0,480,Total Pol II (F12),Goat anti-mouse Alexa568,2185,260522_mACPOLR2A_Kinetic_pSer2,I,17,420.6682297471961,0.982191763727876,503.24563324834725,0.8480883010340345,2443.387820124794,0,0.0
135,I18,659.518562633751,662.3529690018594,369.0749383847841,2362.4129422718806,HCT116 OsTIRF74G mAC-POLR2A Clone 5,Vehicle,0,60,Total Pol II (F12),Goat anti-mouse Alexa568,2148,260522_mACPOLR2A_Kinetic_pSer2,I,18,421.8671521569342,0.9849910521764027,504.23003736059917,0.8497472555404091,2475.856386882369,0,0.0
136,I19,642.9229107816084,679.3509819158928,370.2813170832904,2363.918312387792,HCT116 OsTIRF74G mAC-POLR2A Clone 5,Vehicle,0,120,Total Pol II (F12),Goat anti-mouse Alexa568,2228,260522_mACPOLR2A_Kinetic_pSer2,I,19,438.86516507096763,1.0246786423087426,487.63438550845655,0.8217796443899904,2388.437407154336,0,0.0
137,I20,659.033238159997,680.4395003996069,365.7488307380627,2314.674710910005,HCT116 OsTIRF74G mAC-POLR2A Clone 5,Vehicle,0,240,Total Pol II (F12),Goat anti-mouse Alexa568,1989,260522_mACPOLR2A_Kinetic_pSer2,I,20,439.95368355468173,1.0272201555815943,503.7447128868452,0.8489293686454161,2479.8020118755567,0,0.0
138,I21,666.3956651005813,680.6914674537243,369.1091098341437,2276.2427536231885,HCT116 OsTIRF74G mAC-POLR2A Clone 5,Vehicle,0,480,Total Pol II (F12),Goat anti-mouse Alexa568,1932,260522_mACPOLR2A_Kinetic_pSer2,I,21,440.2056506087991,1.0278084575920257,511.1071398274294,0.8613368049806777,2454.066511846051,0,0.0
139,I22,606.0530910417575,247.28696039456528,372.1115946291729,1752.28313470567,HCT116 OsTIRF74G,Vehicle,0,480,Total Pol II (F12),Goat anti-mouse Alexa568,2769,260522_mACPOLR2A_Kinetic_pSer2,I,22,6.801143549640102,0.015879561863756372,450.7645657686057,0.7596452497390778,2441.6071650089293,0,0.0
150,J13,616.1813093524235,218.91480660963845,351.2592954586665,1654.4683884853375,HCT116 OsTIRF74G,Vehicle,0,480,Total Pol II (F12),Goat anti-mouse Alexa568,3717,260522_mACPOLR2A_Kinetic_pSer2,J,13,-21.571010235286735,-0.05036479365489702,460.8927840792716,0.7767137007937849,2474.8529505155257,0,0.0
151,J14,499.0064998382614,514.6024158000216,350.74176769992414,2367.25488372093,HCT116 OsTIRF74G mAC-POLR2A Clone 5,5PhIAA,10,60,Total Pol II (F12),Goat anti-mouse Alexa568,2150,260522_mACPOLR2A_Kinetic_pSer2,J,14,274.11659895509644,0.6400175881040314,343.71797456510956,0.5792463437828362,1631.3456020223973,60,1.0
152,J15,467.7754554051179,472.442458531066,345.8251858283501,2292.535618639529,HCT116 OsTIRF74G mAC-POLR2A Clone 5,5PhIAA,10,120,Total Pol II (F12),Goat anti-mouse Alexa568,1867,260522_mACPOLR2A_Kinetic_pSer2,J,15,231.9566416861408,0.5415809583315083,312.48693013196606,0.5266146234798561,1436.9873173168314,120,2.0
153,J16,491.27397815728534,459.844497486018,355.87554555691304,2267.0205410821645,HCT116 OsTIRF74G mAC-POLR2A Clone 5,5PhIAA,10,240,Total Pol II (F12),Goat anti-mouse Alexa568,1996,260522_mACPOLR2A_Kinetic_pSer2,J,16,219.3586806410928,0.512166772274133,335.9854528841335,0.566215209994753,1488.8216719030777,240,4.0
154,J17,512.0716542722114,485.12421199170643,341.9600003690288,2317.5905334335084,HCT116 OsTIRF74G mAC-POLR2A Clone 5,5PhIAA,10,480,Total Pol II (F12),Goat anti-mouse Alexa568,2662,260522_mACPOLR2A_Kinetic_pSer2,J,17,244.63839514678125,0.5711907860243531,356.78312899905956,0.6012642290749831,1614.8266350755348,480,8.0
155,J18,483.7307703177924,503.22875574563164,352.3730530731964,2520.1991426344507,HCT116 OsTIRF74G mAC-POLR2A Clone 5,5PhIAA,10,60,Total Pol II (F12),Goat anti-mouse Alexa568,2566,260522_mACPOLR2A_Kinetic_pSer2,J,18,262.74293890070646,0.6134619453458988,328.4422450446406,0.5535031149495385,1513.2181894690045,60,1.0
156,J19,464.55247919847824,477.51602350327477,353.7311548635986,2413.0191834727007,HCT116 OsTIRF74G mAC-POLR2A Clone 5,5PhIAA,10,120,Total Pol II (F12),Goat anti-mouse Alexa568,2033,260522_mACPOLR2A_Kinetic_pSer2,J,19,237.03020665834958,0.553426905745784,309.2639539253264,0.521183143831004,1368.0430820407728,120,2.0
157,J20,485.91969843560344,477.9839526009559,362.67283047464696,2507.7722197409557,HCT116 OsTIRF74G mAC-POLR2A Clone 5,5PhIAA,10,240,Total Pol II (F12),Goat anti-mouse Alexa568,2239,260522_mACPOLR2A_Kinetic_pSer2,J,20,237.4981357560307,0.554519443934435,330.6311731624516,0.5571919782120716,1444.5627675344795,240,4.0
158,J21,531.5348841820888,514.7247782870573,373.4416135852091,2471.001050972149,HCT116 OsTIRF74G mAC-POLR2A Clone 5,5PhIAA,10,480,Total Pol II (F12),Goat anti-mouse Alexa568,1903,260522_mACPOLR2A_Kinetic_pSer2,J,21,274.23896144213217,0.6403032845708836,376.246358908937,0.6340643896652628,1642.9644694991243,480,8.0
159,J22,607.1420321867089,248.87586748679402,371.22682594170624,1719.5089928057555,HCT116 OsTIRF74G,Vehicle,0,480,Total Pol II (F12),Goat anti-mouse Alexa568,2780,260522_mACPOLR2A_Kinetic_pSer2,J,22,8.39005064186884,0.019589400993404303,451.85350691355706,0.7614803739498668,2445.5545156426915,0,0.0
170,K13,648.2423633654593,222.14364426207626,362.94095936088894,1678.2146025247355,HCT116 OsTIRF74G,Vehicle,0,480,Total Pol II (F12),Goat anti-mouse Alexa568,2931,260522_mACPOLR2A_Kinetic_pSer2,K,13,-18.342172582848917,-0.04282598391272867,492.9538380923074,0.8307441841817205,2555.3870419664177,0,0.0
171,K14,413.9760817641095,434.00490257541014,339.5417512574201,2442.263565891473,HCT116 OsTIRF74G mAC-POLR2A Clone 5,5PhIAA,100,60,Total Pol II (F12),Goat anti-mouse Alexa568,2451,260522_mACPOLR2A_Kinetic_pSer2,K,14,193.51908573048496,0.45183552901738466,258.68755649095766,0.43594991349839524,1214.8212749287654,60,1.0
172,K15,348.7007697375378,366.156007808564,341.53437439467865,2448.5610816030903,HCT116 OsTIRF74G mAC-POLR2A Clone 5,5PhIAA,100,120,Total Pol II (F12),Goat anti-mouse Alexa568,2071,260522_mACPOLR2A_Kinetic_pSer2,K,15,125.67019096363885,0.29341941649544817,193.412244464386,0.32594552435198737,924.2959646650172,120,2.0
173,K16,351.9488126875255,346.0604327520331,353.0132766376001,2349.0412955465586,HCT116 OsTIRF74G mAC-POLR2A Clone 5,5PhIAA,100,240,Total Pol II (F12),Goat anti-mouse Alexa568,2470,260522_mACPOLR2A_Kinetic_pSer2,K,16,105.5746159071079,0.24649952354379465,196.66028741437367,0.3314192474111624,906.6145412583321,240,4.0
174,K17,376.69140969983084,354.2256868385226,348.737256418376,2496.8911533117184,HCT116 OsTIRF74G mAC-POLR2A Clone 5,5PhIAA,100,480,Total Pol II (F12),Goat anti-mouse Alexa568,2159,260522_mACPOLR2A_Kinetic_pSer2,K,17,113.73986999359744,0.2655640612135754,221.402884426679,0.37311639424558,1012.3523028290564,480,8.0
175,K18,437.5379487762597,453.2015778624673,361.21902184250905,2416.461670235546,HCT116 OsTIRF74G mAC-POLR2A Clone 5,5PhIAA,100,60,Total Pol II (F12),Goat anti-mouse Alexa568,2335,260522_mACPOLR2A_Kinetic_pSer2,K,18,212.7157610175421,0.4966566374933847,282.2494235031079,0.4756572501215491,1299.2859969801093,60,1.0
176,K19,370.4406543627492,397.87625851974707,367.7351076908349,2420.885151369534,HCT116 OsTIRF74G mAC-POLR2A Clone 5,5PhIAA,100,120,Total Pol II (F12),Goat anti-mouse Alexa568,2081,260522_mACPOLR2A_Kinetic_pSer2,K,19,157.3904416748219,0.36748103272596394,215.1521290895974,0.36258238833719914,964.2238932356751,120,2.0
177,K20,361.3601780631386,359.7648091273584,360.6365271110474,2076.9640625,HCT116 OsTIRF74G mAC-POLR2A Clone 5,5PhIAA,100,240,Total Pol II (F12),Goat anti-mouse Alexa568,1920,260522_mACPOLR2A_Kinetic_pSer2,K,20,119.2789922824332,0.2784970090942496,206.07165278998679,0.34727963117702687,914.6524169485274,240,4.0
178,K21,401.07325108181936,384.8784884225817,374.1169761682971,2424.8225629791896,HCT116 OsTIRF74G mAC-POLR2A Clone 5,5PhIAA,100,480,Total Pol II (F12),Goat anti-mouse Alexa568,1826,260522_mACPOLR2A_Kinetic_pSer2,K,21,144.39267157765653,0.33713335768538316,245.78472580866753,0.4142055822436159,1084.4534359134839,480,8.0
179,K22,637.6850957334743,247.517675437613,386.61045538981205,1717.0950280673617,HCT116 OsTIRF74G,Vehicle,0,480,Total Pol II (F12),Goat anti-mouse Alexa568,2494,260522_mACPOLR2A_Kinetic_pSer2,K,22,7.031858592687826,0.01641824389159997,482.3965704603225,0.8129526832167171,2594.1609125209607,0,0.0
190,L13,632.4496371554543,231.65554929659572,363.0290211670211,1676.6949389179756,HCT116 OsTIRF74G,Vehicle,0,480,Total Pol II (F12),Goat anti-mouse Alexa568,2865,260522_mACPOLR2A_Kinetic_pSer2,L,13,-8.83026754832946,-0.02061723573157606,477.16111188230246,0.8041296932547239,2541.268772717154,0,0.0
191,L14,403.35145464259296,432.5844433735193,348.99184760250336,2481.446207238473,HCT116 OsTIRF74G mAC-POLR2A Clone 5,5PhIAA,1000,60,Total Pol II (F12),Goat anti-mouse Alexa568,2017,260522_mACPOLR2A_Kinetic_pSer2,L,14,192.09862652859414,0.44851898826115244,248.06292936944112,0.41804489581062043,1165.6695493092818,60,1.0
192,L15,344.59213225068055,364.53051022236247,346.3855253184502,2558.2834839769926,HCT116 OsTIRF74G mAC-POLR2A Clone 5,5PhIAA,1000,120,Total Pol II (F12),Goat anti-mouse Alexa568,2434,260522_mACPOLR2A_Kinetic_pSer2,L,15,124.04469337743728,0.289624144525216,189.30360697752872,0.31902149529821916,870.8153286297373,120,2.0
193,L16,311.5815296687293,316.5457126653337,350.41609500781414,2389.5726817042605,HCT116 OsTIRF74G mAC-POLR2A Clone 5,5PhIAA,1000,240,Total Pol II (F12),Goat anti-mouse Alexa568,1596,260522_mACPOLR2A_Kinetic_pSer2,L,16,76.05989582040854,0.17758746190483737,156.29300439557744,0.2633907972648772,741.2973378512544,240,4.0
194,L17,325.06417646197167,324.9741151726347,338.2352330410663,2472.1463207145894,HCT116 OsTIRF74G mAC-POLR2A Clone 5,5PhIAA,1000,480,Total Pol II (F12),Goat anti-mouse Alexa568,2351,260522_mACPOLR2A_Kinetic_pSer2,L,17,84.48829832770951,0.19726640825414765,169.77565118881984,0.2861122562440952,840.3886263209364,480,8.0
195,L18,393.4937239256781,423.50586258429155,346.787110894899,2473.1242084754017,HCT116 OsTIRF74G mAC-POLR2A Clone 5,5PhIAA,1000,60,Total Pol II (F12),Goat anti-mouse Alexa568,2053,260522_mACPOLR2A_Kinetic_pSer2,L,18,183.02004573936637,0.4273219815775806,238.2051986525263,0.40143228053208185,1114.6394375870175,60,1.0
196,L19,351.092599107169,376.4266506565646,358.91678528328697,2537.7655502392345,HCT116 OsTIRF74G mAC-POLR2A Clone 5,5PhIAA,1000,120,Total Pol II (F12),Goat anti-mouse Alexa568,1672,260522_mACPOLR2A_Kinetic_pSer2,L,19,135.94083381163944,0.317399693826016,195.80407383401717,0.3299763243677975,891.9533238362892,120,2.0
197,L20,310.16111342113834,330.41567694880774,351.4038936064434,2420.8722249629996,HCT116 OsTIRF74G mAC-POLR2A Clone 5,5PhIAA,1000,240,Total Pol II (F12),Goat anti-mouse Alexa568,2027,260522_mACPOLR2A_Kinetic_pSer2,L,20,89.92986010388256,0.20997156823636334,154.8725881479865,0.2609970588544615,752.8477815258352,240,4.0
198,L21,360.4730854277396,347.36216126586595,368.3512905757834,2375.8844036697246,HCT116 OsTIRF74G mAC-POLR2A Clone 5,5PhIAA,1000,480,Total Pol II (F12),Goat anti-mouse Alexa568,1635,260522_mACPOLR2A_Kinetic_pSer2,L,21,106.87634442094077,0.2495388474919443,205.18456015458776,0.3457846695990014,947.0912757905545,480,8.0
199,L22,596.5525408031838,242.9866506833647,354.34436414827564,1720.5080669710808,HCT116 OsTIRF74G,Vehicle,0,480,Total Pol II (F12),Goat anti-mouse Alexa568,3285,260522_mACPOLR2A_Kinetic_pSer2,L,22,2.500833838439519,0.00583903947308642,441.26401553003194,0.7436345683175377,2527.1995946432876,0,0.0
210,M13,621.468308150473,242.99976365368906,377.36749911793413,1825.272973889454,HCT116 OsTIRF74G,5PhIAA,10000,480,Total Pol II (F12),Goat anti-mouse Alexa568,2949,260522_mACPOLR2A_Kinetic_pSer2,M,13,2.513946808763876,0.00586965612188429,466.1797828773212,0.7856235482558772,2425.3358476361427,480,8.0
211,M14,396.3525967806435,433.0611946657405,357.3241039027833,2529.034069400631,HCT116 OsTIRF74G mAC-POLR2A Clone 5,5PhIAA,10000,60,Total Pol II (F12),Goat anti-mouse Alexa568,1585,260522_mACPOLR2A_Kinetic_pSer2,M,14,192.57537782081533,0.44963212483637627,241.0640715074917,0.4062501596397251,1145.8810745157857,60,1.0
212,M15,327.5490371996679,362.105230780946,358.03473041577365,2493.487295313382,HCT116 OsTIRF74G mAC-POLR2A Clone 5,5PhIAA,10000,120,Total Pol II (F12),Goat anti-mouse Alexa568,1771,260522_mACPOLR2A_Kinetic_pSer2,M,15,121.6194139360208,0.28396151225671945,172.26051192651607,0.29029983618937216,807.5265976031831,120,2.0
213,M16,308.8712367761021,328.9766323639088,363.846066552106,2453.0712731229596,HCT116 OsTIRF74G mAC-POLR2A Clone 5,5PhIAA,10000,240,Total Pol II (F12),Goat anti-mouse Alexa568,1838,260522_mACPOLR2A_Kinetic_pSer2,M,16,88.4908155189836,0.20661163363950927,153.58271150295025,0.25882331064849856,743.486998488988,240,4.0
214,M17,325.040887174662,330.30105847206886,346.8344709683559,2560.9823708206686,HCT116 OsTIRF74G mAC-POLR2A Clone 5,5PhIAA,10000,480,Total Pol II (F12),Goat anti-mouse Alexa568,1645,260522_mACPOLR2A_Kinetic_pSer2,M,17,89.81524162714368,0.2097039527715786,169.75236190151014,0.28607300826894777,818.195091839244,480,8.0
215,M18,402.71788699514764,436.2449167672191,363.74331013754994,2424.2864835756595,HCT116 OsTIRF74G mAC-POLR2A Clone 5,5PhIAA,10000,60,Total Pol II (F12),Goat anti-mouse Alexa568,1857,260522_mACPOLR2A_Kinetic_pSer2,M,18,195.7590999222939,0.4570655971191533,247.4293617219958,0.41697718399314526,1161.5482811955983,60,1.0
216,M19,332.6605007473502,366.08877974902583,357.27193614280895,2480.029511369134,HCT116 OsTIRF74G mAC-POLR2A Clone 5,5PhIAA,10000,120,Total Pol II (F12),Goat anti-mouse Alexa568,2067,260522_mACPOLR2A_Kinetic_pSer2,M,19,125.60296290410065,0.2932624499320129,177.3719754741984,0.29891386510397977,838.7987674946025,120,2.0
217,M20,314.1324828768615,325.1553079275591,360.7214658827014,2458.5179584120983,HCT116 OsTIRF74G mAC-POLR2A Clone 5,5PhIAA,10000,240,Total Pol II (F12),Goat anti-mouse Alexa568,2116,260522_mACPOLR2A_Kinetic_pSer2,M,20,84.6694910826339,0.19768946380945032,158.84395760370967,0.26768975870511397,723.8602403664136,240,4.0
218,M21,317.1140276481124,336.21191112446246,362.6872731856798,2385.451959205582,HCT116 OsTIRF74G mAC-POLR2A Clone 5,5PhIAA,10000,480,Total Pol II (F12),Goat anti-mouse Alexa568,1863,260522_mACPOLR2A_Kinetic_pSer2,M,21,95.72609427953728,0.22350483047341738,161.8255023749606,0.27271436909901925,827.2999134937312,480,8.0
219,M22,645.0590428663281,243.12339343047873,378.8417360753676,1729.635761589404,HCT116 OsTIRF74G,5PhIAA,10000,480,Total Pol II (F12),Goat anti-mouse Alexa568,1963,260522_mACPOLR2A_Kinetic_pSer2,M,22,2.6375765855535462,0.006158311503792506,489.7705175931763,0.8253795338094386,2659.014685444837,480,8.0
230,N13,624.2238143466174,245.7537641754069,371.61523666466724,1786.1639950678175,HCT116 OsTIRF74G,Vehicle,0,480,Total Pol II (F12),Goat anti-mouse Alexa568,2433,260522_mACPOLR2A_Kinetic_pSer2,N,13,5.267947330481718,0.012299798543999464,468.9352890734655,0.7902672300167949,2566.768142624713,0,0.0
231,N14,651.9225056262125,245.04668599206863,384.8526507976837,1656.1347237880495,HCT116 OsTIRF74G,Vehicle,0,480,Total Pol II (F12),Goat anti-mouse Alexa568,1774,260522_mACPOLR2A_Kinetic_pSer2,N,14,4.56086914714345,0.010648886212436242,496.6339803530606,0.836946097107104,2584.8056648292227,0,0.0
232,N15,642.9897720829973,245.79627889643572,372.1028488104002,1703.595536413469,HCT116 OsTIRF74G,Vehicle,0,480,Total Pol II (F12),Goat anti-mouse Alexa568,2554,260522_mACPOLR2A_Kinetic_pSer2,N,15,5.310462051510541,0.012399063489338438,487.7012468098455,0.8218923215475324,2618.648127892677,0,0.0
233,N16,644.478698893303,244.91577289195507,372.1428115724718,1737.3952483801295,HCT116 OsTIRF74G,Vehicle,0,480,Total Pol II (F12),Goat anti-mouse Alexa568,2315,260522_mACPOLR2A_Kinetic_pSer2,N,16,4.42995604702989,0.010343225457468144,489.19017362015114,0.8244015165121572,2597.549278891895,0,0.0
234,N17,596.7941291427959,244.18832827480537,352.5057682189716,1806.5185866764814,HCT116 OsTIRF74G,Vehicle,0,480,Total Pol II (F12),Goat anti-mouse Alexa568,2717,260522_mACPOLR2A_Kinetic_pSer2,N,17,3.7025114298801896,0.00864476082190013,441.50560386964406,0.7440417019933309,2454.9055468053343,0,0.0
235,N18,660.6243955594468,241.52647812802167,384.5315943377758,1657.8160275743214,HCT116 OsTIRF74G,Vehicle,0,480,Total Pol II (F12),Goat anti-mouse Alexa568,2321,260522_mACPOLR2A_Kinetic_pSer2,N,18,1.0406612830964832,0.0024297745082915,505.335870286295,0.8516108464097968,2653.533994318425,0,0.0
236,N19,608.2159812639109,241.27093265731963,367.20515196924003,1658.5970932579733,HCT116 OsTIRF74G,Vehicle,0,480,Total Pol II (F12),Goat anti-mouse Alexa568,2477,260522_mACPOLR2A_Kinetic_pSer2,N,19,0.7851158123944515,0.0018331174782791886,452.92745599075903,0.7632902329692133,2529.4762859543043,0,0.0
237,N20,610.7914787617946,240.4975271084912,368.30780704156484,1748.5677537896188,HCT116 OsTIRF74G,Vehicle,0,480,Total Pol II (F12),Goat anti-mouse Alexa568,2177,260522_mACPOLR2A_Kinetic_pSer2,N,20,0.01171026356601601,2.7341557104361325e-05,455.50295348864273,0.7676305573614961,2424.1070057772936,0,0.0
