,WELL,IF_561_Intensity,GFP_488_Intensity,DAPI_Intensity,NucleusArea,CELL,DRUG,DRUG_CONCENTRATION,TIME_MINUTES,PRIMARY,SECONDARY,TotalNumberCells,EXPERIMENT,ROW,COLUMN,GFP_Intensity_BGS,GFP_Intensity_FC,IF_561_Intensity_BGS,IF_561_Intensity_FC,IF_647_Intensity,TIME_IN_AUXIN,TIME_IN_AUXIN_HRS
5,C13,2479.962438391381,258.0332006314005,453.1682114669231,1509.5020815986677,HCT116 OsTIRF74G,Vehicle,0,480,pSer2 Pol II (3E10),Goat anti-rat Alexa647,1201,250905_mACPOLR2A_Kinetic_pSer2,C,13,-2.209157617847893,-0.0034662115650746844,2299.2371730776645,1.663108200197009,,0,0.0
6,C14,2216.1645140303544,257.9859189103405,399.4528002764804,1606.5588988476313,HCT116 OsTIRF74G,Vehicle,0,480,pSer2 Pol II (3E10),Goat anti-rat Alexa647,1562,250905_mACPOLR2A_Kinetic_pSer2,C,14,-2.25643933890791,-0.0035403975113515837,2035.4392487166376,1.472295135613282,,0,0.0
7,C15,2345.7428752231085,254.88533918434305,431.0998862878229,1612.445588235294,HCT116 OsTIRF74G,Vehicle,0,480,pSer2 Pol II (3E10),Goat anti-rat Alexa647,1360,250905_mACPOLR2A_Kinetic_pSer2,C,15,-5.357019064905359,-0.00840526782112974,2165.017609909392,1.5660231066078083,,0,0.0
8,C16,2163.7754337725005,254.41471954505704,395.1102290827884,1622.3995061728394,HCT116 OsTIRF74G,Vehicle,0,480,pSer2 Pol II (3E10),Goat anti-rat Alexa647,2025,250905_mACPOLR2A_Kinetic_pSer2,C,16,-5.827638704191372,-0.009143679251471045,1983.0501684587837,1.4344005199564775,,0,0.0
19,D13,2067.819038574722,255.37422020059287,374.2811420834219,1621.884771573604,HCT116 OsTIRF74G,Vehicle,0,480,pSer2 Pol II (3E10),Goat anti-rat Alexa647,1970,250905_mACPOLR2A_Kinetic_pSer2,D,13,-4.868138048655538,-0.007638203932713577,1887.0937732610053,1.3649923398942374,,0,0.0
20,D14,1450.88613111987,877.9089511055573,291.44960889724666,1952.9344262295083,HCT116 OsTIRF74G mAC-POLR2A Clone 5,Vehicle,0,60,pSer2 Pol II (3E10),Goat anti-rat Alexa647,3416,250905_mACPOLR2A_Kinetic_pSer2,D,14,617.6665928563089,0.9691309801626956,1270.1608658061532,0.9187459981189997,,0,0.0
21,D15,1620.6017277813821,880.8716726832007,320.22184422384885,1923.5027027027027,HCT116 OsTIRF74G mAC-POLR2A Clone 5,Vehicle,0,120,pSer2 Pol II (3E10),Goat anti-rat Alexa647,3700,250905_mACPOLR2A_Kinetic_pSer2,D,15,620.6293144339522,0.973779548337984,1439.8764624676653,1.0415064526793587,,0,0.0
22,D16,1647.0771540084068,853.2474395686636,334.4977303171649,1908.443113772455,HCT116 OsTIRF74G mAC-POLR2A Clone 5,Vehicle,0,240,pSer2 Pol II (3E10),Goat anti-rat Alexa647,3340,250905_mACPOLR2A_Kinetic_pSer2,D,16,593.0050813194152,0.9304365856066937,1466.35188869469,1.0606569339683058,,0,0.0
23,D17,1544.1015995256466,869.5557048414837,315.36344944561586,1944.182956627978,HCT116 OsTIRF74G mAC-POLR2A Clone 5,Vehicle,0,480,pSer2 Pol II (3E10),Goat anti-rat Alexa647,3274,250905_mACPOLR2A_Kinetic_pSer2,D,17,609.3133465922353,0.9560245731899533,1363.3763342119298,0.9861715824415336,,0,0.0
24,D18,1708.1631439865018,868.7795985530018,347.01973675424335,1893.4752840036845,HCT116 OsTIRF74G mAC-POLR2A Clone 5,Vehicle,0,60,pSer2 Pol II (3E10),Goat anti-rat Alexa647,3257,250905_mACPOLR2A_Kinetic_pSer2,D,18,608.5372403037534,0.9548068472245764,1527.437878672785,1.1048422890240153,,0,0.0
25,D19,1633.020485669859,877.4649174256006,303.17638297847475,1945.2791270679338,HCT116 OsTIRF74G mAC-POLR2A Clone 5,Vehicle,0,120,pSer2 Pol II (3E10),Goat anti-rat Alexa647,2841,250905_mACPOLR2A_Kinetic_pSer2,D,19,617.2225591763522,0.9684342826231838,1452.2952203561422,1.0504893180933434,,0,0.0
26,D20,1759.4231165656654,868.9932531377451,351.24669058419244,1955.9199512393336,HCT116 OsTIRF74G mAC-POLR2A Clone 5,Vehicle,0,240,pSer2 Pol II (3E10),Goat anti-rat Alexa647,2461,250905_mACPOLR2A_Kinetic_pSer2,D,20,608.7508948884968,0.9551420754521078,1578.6978512519486,1.1419201867444004,,0,0.0
27,D21,1645.742313870537,870.298879382914,338.29316547212085,1993.4733475479745,HCT116 OsTIRF74G mAC-POLR2A Clone 5,Vehicle,0,480,pSer2 Pol II (3E10),Goat anti-rat Alexa647,2814,250905_mACPOLR2A_Kinetic_pSer2,D,21,610.0565211336657,0.9571906285992926,1465.01704855682,1.0596914034848752,,0,0.0
28,D22,2404.992971904621,252.4986553370627,410.83393579600965,1582.715179968701,HCT116 OsTIRF74G,Vehicle,0,480,pSer2 Pol II (3E10),Goat anti-rat Alexa647,1278,250905_mACPOLR2A_Kinetic_pSer2,D,22,-7.743702912185711,-0.012150021516739384,2224.2677065909043,1.6088805041861487,,0,0.0
39,E13,2117.274499881182,255.52171089537617,382.03116194944073,1488.378787878788,HCT116 OsTIRF74G,Vehicle,0,480,pSer2 Pol II (3E10),Goat anti-rat Alexa647,1716,250905_mACPOLR2A_Kinetic_pSer2,E,13,-4.720647353872238,-0.0074067881442390505,1936.549234567465,1.4007649797099042,,0,0.0
40,E14,1402.9010988359978,748.4186068782467,280.13460029725366,1912.431948051948,HCT116 OsTIRF74G mAC-POLR2A Clone 5,5PhIAA,10,60,pSer2 Pol II (3E10),Goat anti-rat Alexa647,3850,250905_mACPOLR2A_Kinetic_pSer2,E,14,488.1762486289983,0.7659580942173932,1222.175833522281,0.8840369643522904,,60,1.0
41,E15,1493.274386817592,666.8739381725246,298.19960642738323,1894.015606242497,HCT116 OsTIRF74G mAC-POLR2A Clone 5,5PhIAA,10,120,pSer2 Pol II (3E10),Goat anti-rat Alexa647,4165,250905_mACPOLR2A_Kinetic_pSer2,E,15,406.6315799232762,0.6380129121016376,1312.549121503875,0.9494067131023807,,120,2.0
42,E16,1491.2889896357453,628.6055578075274,299.7947388794605,1885.004227804029,HCT116 OsTIRF74G mAC-POLR2A Clone 5,5PhIAA,10,240,pSer2 Pol II (3E10),Goat anti-rat Alexa647,4021,250905_mACPOLR2A_Kinetic_pSer2,E,16,368.36319955827895,0.5779690738864851,1310.5637243220285,0.9479706149162344,,240,4.0
43,E17,1431.4512211191854,622.5573128755115,303.48089575168734,2003.6441048034935,HCT116 OsTIRF74G mAC-POLR2A Clone 5,5PhIAA,10,480,pSer2 Pol II (3E10),Goat anti-rat Alexa647,3664,250905_mACPOLR2A_Kinetic_pSer2,E,17,362.31495462626305,0.568479259143352,1250.7259558054686,0.9046881364200415,,480,8.0
44,E18,1647.8477756568982,736.6377248222251,326.76309576909125,1815.18937287612,HCT116 OsTIRF74G mAC-POLR2A Clone 5,5PhIAA,10,60,pSer2 Pol II (3E10),Goat anti-rat Alexa647,3237,250905_mACPOLR2A_Kinetic_pSer2,E,18,476.3953665729767,0.747473659562548,1467.1225103431814,1.0612143480523606,,60,1.0
45,E19,1482.258923561388,706.0213990080869,301.82309580267463,1905.0553167096589,HCT116 OsTIRF74G mAC-POLR2A Clone 5,5PhIAA,10,120,pSer2 Pol II (3E10),Goat anti-rat Alexa647,3489,250905_mACPOLR2A_Kinetic_pSer2,E,19,445.77904075883845,0.6994360447904329,1301.5336582476712,0.9414388933903154,,120,2.0
46,E20,1581.8074761195862,638.9877248296744,321.2652636453007,1926.8968328629664,HCT116 OsTIRF74G mAC-POLR2A Clone 5,5PhIAA,10,240,pSer2 Pol II (3E10),Goat anti-rat Alexa647,3189,250905_mACPOLR2A_Kinetic_pSer2,E,20,378.74536658042604,0.5942588972616777,1401.0822108058694,1.013445390160577,,240,4.0
47,E21,1472.1559597030925,608.786468521674,318.5974529414873,2049.225262488069,HCT116 OsTIRF74G mAC-POLR2A Clone 5,5PhIAA,10,480,pSer2 Pol II (3E10),Goat anti-rat Alexa647,3143,250905_mACPOLR2A_Kinetic_pSer2,E,21,348.5441102724256,0.5468725346731375,1291.4306943893757,0.9341311122550033,,480,8.0
48,E22,2290.0658338113267,251.0438204571797,366.2534317149947,1524.6006006006005,HCT116 OsTIRF74G,Vehicle,0,480,pSer2 Pol II (3E10),Goat anti-rat Alexa647,1332,250905_mACPOLR2A_Kinetic_pSer2,E,22,-9.19853779206872,-0.014432685933793096,2109.34056849761,1.5257502086141244,,0,0.0
59,F13,2022.4287559184895,252.61815881347482,352.78670957119556,1541.4902056807052,HCT116 OsTIRF74G,Vehicle,0,480,pSer2 Pol II (3E10),Goat anti-rat Alexa647,2042,250905_mACPOLR2A_Kinetic_pSer2,F,13,-7.6241994357735905,-0.011962518221972284,1841.7034906047727,1.3321601674768988,,0,0.0
60,F14,1317.760267872654,618.1453677578244,275.98799940113895,1804.1156220322887,HCT116 OsTIRF74G mAC-POLR2A Clone 5,5PhIAA,100,60,pSer2 Pol II (3E10),Goat anti-rat Alexa647,4212,250905_mACPOLR2A_Kinetic_pSer2,F,14,357.90300950857596,0.5615568308531064,1137.035002558937,0.8224520109578622,,60,1.0
61,F15,1379.2858126225822,507.70573307326663,304.5746084281146,1914.2881493506493,HCT116 OsTIRF74G mAC-POLR2A Clone 5,5PhIAA,100,120,pSer2 Pol II (3E10),Goat anti-rat Alexa647,3696,250905_mACPOLR2A_Kinetic_pSer2,F,15,247.46337482401822,0.3882748812567899,1198.5605473088654,0.8669553093532285,,120,2.0
62,F16,1294.4961636868657,440.38792774170395,300.92811765744324,1824.113786112519,HCT116 OsTIRF74G mAC-POLR2A Clone 5,5PhIAA,100,240,pSer2 Pol II (3E10),Goat anti-rat Alexa647,3946,250905_mACPOLR2A_Kinetic_pSer2,F,16,180.14556949245554,0.2826519263845066,1113.7708983731488,0.8056243766038855,,240,4.0
63,F17,1328.6510295893254,450.5864833036194,317.5174060824354,1855.1326842837275,HCT116 OsTIRF74G mAC-POLR2A Clone 5,5PhIAA,100,480,pSer2 Pol II (3E10),Goat anti-rat Alexa647,3595,250905_mACPOLR2A_Kinetic_pSer2,F,17,190.34412505437098,0.2986536597828711,1147.9257642756086,0.8303296302524144,,480,8.0
64,F18,1512.127198457986,603.1882045631479,310.2960207613173,1853.0035733919735,HCT116 OsTIRF74G mAC-POLR2A Clone 5,5PhIAA,100,60,pSer2 Pol II (3E10),Goat anti-rat Alexa647,3638,250905_mACPOLR2A_Kinetic_pSer2,F,18,342.9458463138995,0.5380887488895375,1331.4019331442692,0.9630435253473478,,60,1.0
65,F19,1418.2873185653475,500.33716897474784,322.65622621949234,1886.83927940657,HCT116 OsTIRF74G mAC-POLR2A Clone 5,5PhIAA,100,120,pSer2 Pol II (3E10),Goat anti-rat Alexa647,2831,250905_mACPOLR2A_Kinetic_pSer2,F,19,240.09481072549943,0.3767134598851625,1237.5620532516307,0.8951662851990224,,120,2.0
66,F20,1383.288665163366,435.47082061360373,309.29261884261007,1964.867864693446,HCT116 OsTIRF74G mAC-POLR2A Clone 5,5PhIAA,100,240,pSer2 Pol II (3E10),Goat anti-rat Alexa647,2838,250905_mACPOLR2A_Kinetic_pSer2,F,20,175.22846236435532,0.2749368890071665,1202.5633998496492,0.8698506943803617,,240,4.0
67,F21,1260.8212494727056,438.07957425525314,299.50933947710456,1923.260305563563,HCT116 OsTIRF74G mAC-POLR2A Clone 5,5PhIAA,100,480,pSer2 Pol II (3E10),Goat anti-rat Alexa647,3469,250905_mACPOLR2A_Kinetic_pSer2,F,21,177.83721600600472,0.27903007455900813,1080.0959841589888,0.7812662866137458,,480,8.0
68,F22,2358.864338398841,251.4460027606533,365.10266901070764,1518.9356395816574,HCT116 OsTIRF74G,Vehicle,0,480,pSer2 Pol II (3E10),Goat anti-rat Alexa647,1243,250905_mACPOLR2A_Kinetic_pSer2,F,22,-8.796355488595111,-0.013801654023572653,2178.1390730851244,1.5755142601354513,,0,0.0
79,G13,1952.40100195008,252.69886553482237,336.4963773961,1557.8779097387173,HCT116 OsTIRF74G,Vehicle,0,480,pSer2 Pol II (3E10),Goat anti-rat Alexa647,2105,250905_mACPOLR2A_Kinetic_pSer2,G,13,-7.543492714426037,-0.011835887795671298,1771.6757366363631,1.2815069624791964,,0,0.0
80,G14,1364.7799740693197,592.4806281634095,273.1976015272777,1823.1991396761134,HCT116 OsTIRF74G mAC-POLR2A Clone 5,5PhIAA,1000,60,pSer2 Pol II (3E10),Goat anti-rat Alexa647,3952,250905_mACPOLR2A_Kinetic_pSer2,G,14,332.2382699141611,0.5212883518283037,1184.0547087556029,0.8564627949962288,,60,1.0
81,G15,1302.5566480928583,461.150565436036,296.7053082286382,1902.75,HCT116 OsTIRF74G mAC-POLR2A Clone 5,5PhIAA,1000,120,pSer2 Pol II (3E10),Goat anti-rat Alexa647,3580,250905_mACPOLR2A_Kinetic_pSer2,G,15,200.9082071867876,0.3152289115285809,1121.8313827791414,0.8114547702101365,,120,2.0
82,G16,1141.7147753704528,384.7029073114199,286.6122986678788,1909.8669432918396,HCT116 OsTIRF74G mAC-POLR2A Clone 5,5PhIAA,1000,240,pSer2 Pol II (3E10),Goat anti-rat Alexa647,3615,250905_mACPOLR2A_Kinetic_pSer2,G,16,124.46054906217148,0.19528103883104078,960.9895100567361,0.6951129501526541,,240,4.0
83,G17,1199.7767180472977,392.55521812045765,294.50710619085095,1918.5657614483493,HCT116 OsTIRF74G mAC-POLR2A Clone 5,5PhIAA,1000,480,pSer2 Pol II (3E10),Goat anti-rat Alexa647,3756,250905_mACPOLR2A_Kinetic_pSer2,G,17,132.31285987120924,0.20760146826484574,1019.051452733581,0.7371109197905465,,480,8.0
84,G18,1438.4446226730477,574.9599571257813,302.9953176708237,1858.554919908467,HCT116 OsTIRF74G mAC-POLR2A Clone 5,5PhIAA,1000,60,pSer2 Pol II (3E10),Goat anti-rat Alexa647,3496,250905_mACPOLR2A_Kinetic_pSer2,G,18,314.7175988765329,0.49379807585711344,1257.7193573593308,0.9097466765339918,,60,1.0
85,G19,1268.7056270589121,461.70239949505856,290.17506350154656,1825.403069466882,HCT116 OsTIRF74G mAC-POLR2A Clone 5,5PhIAA,1000,120,pSer2 Pol II (3E10),Goat anti-rat Alexa647,3714,250905_mACPOLR2A_Kinetic_pSer2,G,19,201.46004124581015,0.31609474997393794,1087.9803617451953,0.7869692967993012,,120,2.0
86,G20,1188.664831301844,383.2608977188653,295.8601838196157,1837.4556464811783,HCT116 OsTIRF74G mAC-POLR2A Clone 5,5PhIAA,1000,240,pSer2 Pol II (3E10),Goat anti-rat Alexa647,3055,250905_mACPOLR2A_Kinetic_pSer2,G,20,123.01853946961688,0.19301849754096723,1007.9395659881274,0.7290733540350801,,240,4.0
87,G21,1155.4843899529294,389.68057485261664,282.26689984842625,2030.6926229508197,HCT116 OsTIRF74G mAC-POLR2A Clone 5,5PhIAA,1000,480,pSer2 Pol II (3E10),Goat anti-rat Alexa647,3416,250905_mACPOLR2A_Kinetic_pSer2,G,21,129.43821660336823,0.20309109668250416,974.7591246392127,0.7050729313124122,,480,8.0
88,G22,2103.1560153087275,250.13934604468076,333.1652199292846,1562.0461997019374,HCT116 OsTIRF74G,Vehicle,0,480,pSer2 Pol II (3E10),Goat anti-rat Alexa647,1342,250905_mACPOLR2A_Kinetic_pSer2,G,22,-10.103012204567648,-0.015851823999628367,1922.4307499950107,1.3905526502722354,,0,0.0
99,H13,2043.2320303706956,253.29867289815056,348.2247614044534,1571.3146666666667,HCT116 OsTIRF74G,5PhIAA,10000,480,pSer2 Pol II (3E10),Goat anti-rat Alexa647,2250,250905_mACPOLR2A_Kinetic_pSer2,H,13,-6.943685351097855,-0.010894778296381488,1862.5067650569788,1.347207808815309,,480,8.0
100,H14,1385.2088251661037,581.9909567648908,291.88587212672826,1781.7475930262815,HCT116 OsTIRF74G mAC-POLR2A Clone 5,5PhIAA,10000,60,pSer2 Pol II (3E10),Goat anti-rat Alexa647,3843,250905_mACPOLR2A_Kinetic_pSer2,H,14,321.7485985156424,0.50482985198129,1204.4835598523869,0.8712396045300566,,60,1.0
101,H15,1290.1936515212515,454.21947216586653,302.2470154174356,1855.2015247776367,HCT116 OsTIRF74G mAC-POLR2A Clone 5,5PhIAA,10000,120,pSer2 Pol II (3E10),Goat anti-rat Alexa647,3935,250905_mACPOLR2A_Kinetic_pSer2,H,15,193.97711391661812,0.304353890453771,1109.4683862075346,0.8025122386531485,,120,2.0
102,H16,1154.6459042510644,384.6127988246872,301.95935959464805,1852.2371625198518,HCT116 OsTIRF74G mAC-POLR2A Clone 5,5PhIAA,10000,240,pSer2 Pol II (3E10),Goat anti-rat Alexa647,3778,250905_mACPOLR2A_Kinetic_pSer2,H,16,124.3704405754388,0.19513965685073262,973.9206389373477,0.7044664290938295,,240,4.0
103,H17,1188.7682172980346,385.6433031702281,296.14142264614077,1873.3679012345679,HCT116 OsTIRF74G mAC-POLR2A Clone 5,5PhIAA,10000,480,pSer2 Pol II (3E10),Goat anti-rat Alexa647,3645,250905_mACPOLR2A_Kinetic_pSer2,H,17,125.40094492097967,0.19675653834959697,1008.0429519843179,0.7291481362715816,,480,8.0
104,H18,1390.1127447971376,570.1428112383786,301.42561483137376,1749.9091153535896,HCT116 OsTIRF74G mAC-POLR2A Clone 5,5PhIAA,10000,60,pSer2 Pol II (3E10),Goat anti-rat Alexa647,3719,250905_mACPOLR2A_Kinetic_pSer2,H,18,309.9004529891302,0.48623987962400206,1209.3874794834207,0.8747867587979925,,60,1.0
105,H19,1317.224091290189,454.0205610359301,310.5776960549438,1800.1939174947306,HCT116 OsTIRF74G mAC-POLR2A Clone 5,5PhIAA,10000,120,pSer2 Pol II (3E10),Goat anti-rat Alexa647,3321,250905_mACPOLR2A_Kinetic_pSer2,H,19,193.77820278668167,0.3040417949955576,1136.4988259764723,0.822064178122915,,120,2.0
106,H20,1153.9418622387905,378.5983943983594,302.1879877468541,1809.9869451697127,HCT116 OsTIRF74G mAC-POLR2A Clone 5,5PhIAA,10000,240,pSer2 Pol II (3E10),Goat anti-rat Alexa647,3447,250905_mACPOLR2A_Kinetic_pSer2,H,20,118.35603614911099,0.185702938523734,973.2165969250738,0.7039571740862964,,240,4.0
107,H21,1113.645741317307,374.8535699508716,285.9956647251926,1895.6431226765799,HCT116 OsTIRF74G mAC-POLR2A Clone 5,5PhIAA,10000,480,pSer2 Pol II (3E10),Goat anti-rat Alexa647,3766,250905_mACPOLR2A_Kinetic_pSer2,H,21,114.61121170162318,0.17982723562947794,932.9204760035904,0.6748097638385127,,480,8.0
108,H22,2336.158977549465,251.69939396116462,345.7359809710827,1529.7953394123606,HCT116 OsTIRF74G,5PhIAA,10000,480,pSer2 Pol II (3E10),Goat anti-rat Alexa647,987,250905_mACPOLR2A_Kinetic_pSer2,H,22,-8.542964288083795,-0.013404078267725902,2155.4337122357483,1.5590907818361317,,480,8.0
119,I13,1833.4485527115219,253.5383919425712,328.4883887866226,1632.071794871795,HCT116 OsTIRF74G,Vehicle,0,480,pSer2 Pol II (3E10),Goat anti-rat Alexa647,1950,250905_mACPOLR2A_Kinetic_pSer2,I,13,-6.703966306677216,-0.01051865442118741,1652.723287397805,1.195465036888129,,0,0.0
120,I14,1483.3712476556734,922.379165655399,276.16777486723015,1820.5529742149604,HCT116 OsTIRF74G mAC-POLR2A Clone 5,Vehicle,0,60,pSer2 Pol II (3E10),Goat anti-rat Alexa647,3917,250905_mACPOLR2A_Kinetic_pSer2,I,14,662.1368074061506,1.0389056176664588,1302.6459823419566,0.9422434712495045,,0,0.0
121,I15,1494.3941194829267,917.9058419844374,301.4600215343438,1900.9404641775984,HCT116 OsTIRF74G mAC-POLR2A Clone 5,Vehicle,0,120,pSer2 Pol II (3E10),Goat anti-rat Alexa647,3964,250905_mACPOLR2A_Kinetic_pSer2,I,15,657.663483735189,1.0318868852241287,1313.66885416921,0.9502166498064112,,0,0.0
122,I16,1536.0183571143202,911.4645376998986,301.9128262608394,2003.8706771287416,HCT116 OsTIRF74G mAC-POLR2A Clone 5,Vehicle,0,240,pSer2 Pol II (3E10),Goat anti-rat Alexa647,3441,250905_mACPOLR2A_Kinetic_pSer2,I,16,651.2221794506502,1.0217803526594746,1355.2930918006034,0.9803247272776261,,0,0.0
123,I17,1452.5409365191053,904.9920033922119,293.97642965623953,1800.0351254480286,HCT116 OsTIRF74G mAC-POLR2A Clone 5,Vehicle,0,480,pSer2 Pol II (3E10),Goat anti-rat Alexa647,4185,250905_mACPOLR2A_Kinetic_pSer2,I,17,644.7496451429636,1.0116248195769137,1271.8156712053885,0.9199429692107269,,0,0.0
124,I18,1605.6958174916438,920.4399876258872,308.3123868889488,1845.8913641364136,HCT116 OsTIRF74G mAC-POLR2A Clone 5,Vehicle,0,60,pSer2 Pol II (3E10),Goat anti-rat Alexa647,3636,250905_mACPOLR2A_Kinetic_pSer2,I,18,660.1976293766388,1.035863009362584,1424.970552177927,1.0307245542634238,,0,0.0
125,I19,1465.6312093681715,922.4027812163287,283.6203146900523,1870.1111662531018,HCT116 OsTIRF74G mAC-POLR2A Clone 5,Vehicle,0,120,pSer2 Pol II (3E10),Goat anti-rat Alexa647,4030,250905_mACPOLR2A_Kinetic_pSer2,I,19,662.1604229670802,1.0389426709440288,1284.9059440544547,0.9294115618261451,,0,0.0
126,I20,1531.1527576349727,902.7616975500889,298.17840298115243,1824.4298938197658,HCT116 OsTIRF74G mAC-POLR2A Clone 5,Vehicle,0,240,pSer2 Pol II (3E10),Goat anti-rat Alexa647,3673,250905_mACPOLR2A_Kinetic_pSer2,I,20,642.5193393008406,1.0081254260337986,1350.4274923212558,0.9768052911412723,,0,0.0
127,I21,1433.688752122199,893.4835474891001,286.0589251168167,1939.8494055482167,HCT116 OsTIRF74G mAC-POLR2A Clone 5,Vehicle,0,480,pSer2 Pol II (3E10),Goat anti-rat Alexa647,3785,250905_mACPOLR2A_Kinetic_pSer2,I,21,633.2411892398518,0.9935678268909963,1252.9634868084822,0.906306610670058,,0,0.0
128,I22,2060.6436392860955,252.6262116179848,327.01100856661674,1542.6163480553726,HCT116 OsTIRF74G,Vehicle,0,480,pSer2 Pol II (3E10),Goat anti-rat Alexa647,1517,250905_mACPOLR2A_Kinetic_pSer2,I,22,-7.616146631263604,-0.011949883213995354,1879.9183739723787,1.3598021552815605,,0,0.0
139,J13,1795.9516083338217,255.54927552117854,332.0468668274316,1641.3112016293278,HCT116 OsTIRF74G,Vehicle,0,480,pSer2 Pol II (3E10),Goat anti-rat Alexa647,2455,250905_mACPOLR2A_Kinetic_pSer2,J,13,-4.693082728069868,-0.00736353870654786,1615.2263430201049,1.1683423561977286,,0,0.0
140,J14,1509.8144723065343,761.0423143511094,296.43256229800295,1718.7954492686324,HCT116 OsTIRF74G mAC-POLR2A Clone 5,5PhIAA,10,60,pSer2 Pol II (3E10),Goat anti-rat Alexa647,4307,250905_mACPOLR2A_Kinetic_pSer2,J,14,500.799956101861,0.7857649384565938,1329.0892069928175,0.9613706601586988,,60,1.0
141,J15,1419.500528909237,688.380086029872,286.93654781574,1906.0161493817816,HCT116 OsTIRF74G mAC-POLR2A Clone 5,5PhIAA,10,120,pSer2 Pol II (3E10),Goat anti-rat Alexa647,3963,250905_mACPOLR2A_Kinetic_pSer2,J,15,428.1377277806236,0.6717564792518907,1238.77526359552,0.8960438371519536,,120,2.0
142,J16,1444.5052028435298,645.7704156336785,291.1984346833252,1874.5833546734955,HCT116 OsTIRF74G mAC-POLR2A Clone 5,5PhIAA,10,240,pSer2 Pol II (3E10),Goat anti-rat Alexa647,3905,250905_mACPOLR2A_Kinetic_pSer2,J,16,385.52805738443004,0.604901071960859,1263.779937529813,0.9141304785608128,,240,4.0
143,J17,1382.4587529857774,655.4907082987045,285.2642490656711,1882.660186199343,HCT116 OsTIRF74G mAC-POLR2A Clone 5,5PhIAA,10,480,pSer2 Pol II (3E10),Goat anti-rat Alexa647,3652,250905_mACPOLR2A_Kinetic_pSer2,J,17,395.24835004945606,0.620152401508022,1201.7334876720606,0.8692503936527324,,480,8.0
144,J18,1532.060256775097,753.9541134867784,295.73499689183797,1869.3529071449234,HCT116 OsTIRF74G mAC-POLR2A Clone 5,5PhIAA,10,60,pSer2 Pol II (3E10),Goat anti-rat Alexa647,3457,250905_mACPOLR2A_Kinetic_pSer2,J,18,493.71175523753,0.7746434124898538,1351.3349914613802,0.9774617128794406,,60,1.0
145,J19,1542.2216733084645,695.7615230001884,293.9092797115717,1863.4369973190348,HCT116 OsTIRF74G mAC-POLR2A Clone 5,5PhIAA,10,120,pSer2 Pol II (3E10),Goat anti-rat Alexa647,2984,250905_mACPOLR2A_Kinetic_pSer2,J,19,435.51916475094,0.6833380984114622,1361.4964079947476,0.9848117746130197,,120,2.0
146,J20,1455.1809650740174,642.4805055182292,289.02647633610314,1868.7376486129458,HCT116 OsTIRF74G mAC-POLR2A Clone 5,5PhIAA,10,240,pSer2 Pol II (3E10),Goat anti-rat Alexa647,3785,250905_mACPOLR2A_Kinetic_pSer2,J,20,382.23814726898075,0.5997391385623105,1274.4556997603006,0.9218525821857779,,240,4.0
147,J21,1400.090075252725,633.79866004346,279.55594291871887,1882.0990539788536,HCT116 OsTIRF74G mAC-POLR2A Clone 5,5PhIAA,10,480,pSer2 Pol II (3E10),Goat anti-rat Alexa647,3594,250905_mACPOLR2A_Kinetic_pSer2,J,21,373.5563017942116,0.5861171529929187,1219.3648099390082,0.8820036654708051,,480,8.0
148,J22,2069.094452184575,253.89547012069772,329.2418248476707,1553.1138079827401,HCT116 OsTIRF74G,Vehicle,0,480,pSer2 Pol II (3E10),Goat anti-rat Alexa647,1854,250905_mACPOLR2A_Kinetic_pSer2,J,22,-6.346888128550688,-0.009958391766925685,1888.3691868708581,1.3659148853619372,,0,0.0
159,K13,1975.0265973380147,256.93868783391446,349.2578300453014,1588.3922018348624,HCT116 OsTIRF74G,Vehicle,0,480,pSer2 Pol II (3E10),Goat anti-rat Alexa647,2180,250905_mACPOLR2A_Kinetic_pSer2,K,13,-3.3036704153339542,-0.0051835235785399215,1794.3013320242978,1.297872743993439,,0,0.0
160,K14,1385.0513929951637,619.0168782712897,287.1008814627272,1838.3702989392477,HCT116 OsTIRF74G mAC-POLR2A Clone 5,5PhIAA,100,60,pSer2 Pol II (3E10),Goat anti-rat Alexa647,4148,250905_mACPOLR2A_Kinetic_pSer2,K,14,358.77452002204126,0.5629242479158149,1204.326127681447,0.8711257290510365,,60,1.0
161,K15,1309.0777390314008,511.5013695039845,292.79215708123934,1884.8146023468057,HCT116 OsTIRF74G mAC-POLR2A Clone 5,5PhIAA,100,120,pSer2 Pol II (3E10),Goat anti-rat Alexa647,3835,250905_mACPOLR2A_Kinetic_pSer2,K,15,251.2590112547361,0.39423030914780194,1128.352473717684,0.8161716736862591,,120,2.0
162,K16,1211.6527822323837,449.67054736758763,286.0808874563327,1946.8577120091065,HCT116 OsTIRF74G mAC-POLR2A Clone 5,5PhIAA,100,240,pSer2 Pol II (3E10),Goat anti-rat Alexa647,3514,250905_mACPOLR2A_Kinetic_pSer2,K,16,189.42818911833922,0.297216538362158,1030.927516918667,0.7457012383377386,,240,4.0
163,K17,1207.0971811499091,461.4619859819154,283.2357082050297,1888.663377696191,HCT116 OsTIRF74G mAC-POLR2A Clone 5,5PhIAA,100,480,pSer2 Pol II (3E10),Goat anti-rat Alexa647,4358,250905_mACPOLR2A_Kinetic_pSer2,K,17,201.219627732667,0.3157175364637182,1026.3719158361923,0.7424060334733581,,480,8.0
164,K18,1414.759675015054,635.6792736784331,297.0575826729913,1785.865236051502,HCT116 OsTIRF74G mAC-POLR2A Clone 5,5PhIAA,100,60,pSer2 Pol II (3E10),Goat anti-rat Alexa647,3495,250905_mACPOLR2A_Kinetic_pSer2,K,18,375.4369154291847,0.5890678726148763,1234.0344097013372,0.892614633292659,,60,1.0
165,K19,1266.6893971526763,514.7811501005,286.3838464929243,1877.596875856399,HCT116 OsTIRF74G mAC-POLR2A Clone 5,5PhIAA,100,120,pSer2 Pol II (3E10),Goat anti-rat Alexa647,3649,250905_mACPOLR2A_Kinetic_pSer2,K,19,254.53879185125157,0.39937634913277337,1085.9641318389595,0.785510896365537,,120,2.0
166,K20,1253.470469681973,456.62593835715256,284.3949758090048,1892.1871165644172,HCT116 OsTIRF74G mAC-POLR2A Clone 5,5PhIAA,100,240,pSer2 Pol II (3E10),Goat anti-rat Alexa647,3586,250905_mACPOLR2A_Kinetic_pSer2,K,20,196.38358010790415,0.30812968303452976,1072.7452043682563,0.7759492439480491,,240,4.0
167,K21,1184.4770564884643,460.3265115158637,275.02749629633934,1911.2658192870958,HCT116 OsTIRF74G mAC-POLR2A Clone 5,5PhIAA,100,480,pSer2 Pol II (3E10),Goat anti-rat Alexa647,3619,250905_mACPOLR2A_Kinetic_pSer2,K,21,200.08415326661526,0.3139359547901074,1003.7517911747476,0.7260442091020293,,480,8.0
168,K22,1951.8596247194025,253.30146537599998,321.2487348634125,1575.4713483146068,HCT116 OsTIRF74G,Vehicle,0,480,pSer2 Pol II (3E10),Goat anti-rat Alexa647,1780,250905_mACPOLR2A_Kinetic_pSer2,K,22,-6.94089287324843,-0.010890396843949714,1771.1343594056857,1.2811153678571703,,0,0.0
179,L13,1915.5035038330868,258.8127643518353,331.32110419345634,1560.9462927756654,HCT116 OsTIRF74G,Vehicle,0,480,pSer2 Pol II (3E10),Goat anti-rat Alexa647,2104,250905_mACPOLR2A_Kinetic_pSer2,L,13,-1.429593897413099,-0.0022430608212558336,1734.77823851937,1.2548178795069578,,0,0.0
180,L14,1342.6653657853003,608.0400815901781,285.86874677677577,1803.9911141490088,HCT116 OsTIRF74G mAC-POLR2A Clone 5,5PhIAA,1000,60,pSer2 Pol II (3E10),Goat anti-rat Alexa647,4389,250905_mACPOLR2A_Kinetic_pSer2,L,14,347.79772334092974,0.545701438960876,1161.9401004715835,0.8404666260007239,,60,1.0
181,L15,1166.4384729603944,472.1338240600535,276.3472337687171,1858.428780487805,HCT116 OsTIRF74G mAC-POLR2A Clone 5,5PhIAA,1000,120,pSer2 Pol II (3E10),Goat anti-rat Alexa647,4100,250905_mACPOLR2A_Kinetic_pSer2,L,15,211.89146581080507,0.3324618593984856,985.7132076466777,0.7129963528231076,,120,2.0
182,L16,1105.7774182879673,401.08801074001394,284.71860728297474,1854.1107544141253,HCT116 OsTIRF74G mAC-POLR2A Clone 5,5PhIAA,1000,240,pSer2 Pol II (3E10),Goat anti-rat Alexa647,3738,250905_mACPOLR2A_Kinetic_pSer2,L,16,140.84565249076553,0.22098958698545682,925.0521529742506,0.6691183664023892,,240,4.0
183,L17,1097.4826680786966,404.5941055482518,279.86105456068924,1903.5651723244364,HCT116 OsTIRF74G mAC-POLR2A Clone 5,5PhIAA,1000,480,pSer2 Pol II (3E10),Goat anti-rat Alexa647,3859,250905_mACPOLR2A_Kinetic_pSer2,L,17,144.35174729900336,0.2264907184006074,916.7574027649799,0.6631185212132309,,480,8.0
184,L18,1377.4610541276706,580.7391422057467,293.44781004604755,1891.9541312272174,HCT116 OsTIRF74G mAC-POLR2A Clone 5,5PhIAA,1000,60,pSer2 Pol II (3E10),Goat anti-rat Alexa647,3292,250905_mACPOLR2A_Kinetic_pSer2,L,18,320.4967839564983,0.5028657304232904,1196.7357888139538,0.8656354060166779,,60,1.0
185,L19,1169.8176050450822,475.67105238103255,278.3031544634702,1867.9411318847904,HCT116 OsTIRF74G mAC-POLR2A Clone 5,5PhIAA,1000,120,pSer2 Pol II (3E10),Goat anti-rat Alexa647,3958,250905_mACPOLR2A_Kinetic_pSer2,L,19,215.42869413178414,0.3380118399048252,989.0923397313655,0.7154405818680262,,120,2.0
186,L20,1081.0804753487785,397.54821217567,282.5773526568547,1901.7141744548287,HCT116 OsTIRF74G mAC-POLR2A Clone 5,5PhIAA,1000,240,pSer2 Pol II (3E10),Goat anti-rat Alexa647,3852,250905_mACPOLR2A_Kinetic_pSer2,L,20,137.3058539264216,0.21543557371694386,900.3552100350618,0.6512543161848194,,240,4.0
187,L21,1125.7581635036522,404.46657146916056,277.7501194273958,1910.8835582208897,HCT116 OsTIRF74G mAC-POLR2A Clone 5,5PhIAA,1000,480,pSer2 Pol II (3E10),Goat anti-rat Alexa647,4002,250905_mACPOLR2A_Kinetic_pSer2,L,21,144.22421321991214,0.2262906149329708,945.0328981899355,0.6835710473190657,,480,8.0
188,L22,1971.2869252285323,254.46968094128957,326.9358748489201,1592.1636274026614,HCT116 OsTIRF74G,Vehicle,0,480,pSer2 Pol II (3E10),Goat anti-rat Alexa647,2029,250905_mACPOLR2A_Kinetic_pSer2,L,22,-5.772677307958844,-0.009057443744454833,1790.5616599148154,1.2951677253793727,,0,0.0
199,M13,1997.5917754422296,262.9171884130721,331.49277681082367,1563.3648380700595,HCT116 OsTIRF74G,5PhIAA,10000,480,pSer2 Pol II (3E10),Goat anti-rat Alexa647,1513,250905_mACPOLR2A_Kinetic_pSer2,M,13,2.6748301638236853,0.004196860909131674,1816.8665101285128,1.3141948238482075,,480,8.0
200,M14,1394.3231007678346,595.4950941505217,287.4231460117065,1904.3687556766577,HCT116 OsTIRF74G mAC-POLR2A Clone 5,5PhIAA,10000,60,pSer2 Pol II (3E10),Goat anti-rat Alexa647,3303,250905_mACPOLR2A_Kinetic_pSer2,M,14,335.2527359012733,0.5260181079953768,1213.5978354541178,0.8778322373691492,,60,1.0
201,M15,1163.6579225730966,461.3075645159917,276.06810329421614,1904.2862369828315,HCT116 OsTIRF74G mAC-POLR2A Clone 5,5PhIAA,10000,120,pSer2 Pol II (3E10),Goat anti-rat Alexa647,3553,250905_mACPOLR2A_Kinetic_pSer2,M,15,201.0652062667433,0.3154752461595968,982.9326572593799,0.7109850961313996,,120,2.0
202,M16,1086.7988738569652,401.9890469985094,280.93939275724256,1920.39649122807,HCT116 OsTIRF74G mAC-POLR2A Clone 5,5PhIAA,10000,240,pSer2 Pol II (3E10),Goat anti-rat Alexa647,3420,250905_mACPOLR2A_Kinetic_pSer2,M,16,141.746688749261,0.22240333052033015,906.0736085432485,0.6553906078046307,,240,4.0
203,M17,1064.2814017526575,404.9128340332043,272.70815083568107,1951.2908233989465,HCT116 OsTIRF74G mAC-POLR2A Clone 5,5PhIAA,10000,480,pSer2 Pol II (3E10),Goat anti-rat Alexa647,3607,250905_mACPOLR2A_Kinetic_pSer2,M,17,144.6704757839559,0.2269908096352643,883.5561364389408,0.6391030351510215,,480,8.0
204,M18,1336.6234379493512,569.2950108325496,278.2058720594998,1896.9876688197298,HCT116 OsTIRF74G mAC-POLR2A Clone 5,5PhIAA,10000,60,pSer2 Pol II (3E10),Goat anti-rat Alexa647,3406,250905_mACPOLR2A_Kinetic_pSer2,M,18,309.05265258330115,0.4849096641844978,1155.8981726356344,0.8360963157749567,,60,1.0
205,M19,1220.5827051369872,472.4650438861509,280.2490281576901,1922.2087586433981,HCT116 OsTIRF74G mAC-POLR2A Clone 5,5PhIAA,10000,120,pSer2 Pol II (3E10),Goat anti-rat Alexa647,3037,250905_mACPOLR2A_Kinetic_pSer2,M,19,212.2226856369025,0.33298154979202094,1039.8574398232704,0.7521605232621789,,120,2.0
206,M20,1043.9318535731497,395.2720176495563,272.710904368984,1952.2783284221805,HCT116 OsTIRF74G mAC-POLR2A Clone 5,5PhIAA,10000,240,pSer2 Pol II (3E10),Goat anti-rat Alexa647,3733,250905_mACPOLR2A_Kinetic_pSer2,M,20,135.02965940030788,0.2118641799299939,863.206588259433,0.6243835878300033,,240,4.0
207,M21,1073.6724136489142,394.0828960483575,279.49693730463633,1936.0355317595522,HCT116 OsTIRF74G mAC-POLR2A Clone 5,5PhIAA,10000,480,pSer2 Pol II (3E10),Goat anti-rat Alexa647,4109,250905_mACPOLR2A_Kinetic_pSer2,M,21,133.8405377991091,0.2099984248507476,892.9471483351975,0.6458958397714801,,480,8.0
208,M22,2125.804943559847,255.07245859376772,331.9227720072859,1623.146529562982,HCT116 OsTIRF74G,5PhIAA,10000,480,pSer2 Pol II (3E10),Goat anti-rat Alexa647,1167,250905_mACPOLR2A_Kinetic_pSer2,M,22,-5.169899655480691,-0.008111673803320556,1945.07967824613,1.4069353091563077,,480,8.0
219,N13,2244.810930130121,262.73982357315083,322.0882103613334,1543.637987012987,HCT116 OsTIRF74G,Vehicle,0,480,pSer2 Pol II (3E10),Goat anti-rat Alexa647,1232,250905_mACPOLR2A_Kinetic_pSer2,N,13,2.497465323902418,0.003918572001900317,2064.0856648164045,1.4930159599282466,,0,0.0
220,N14,1897.530203261709,260.30690407779235,313.62802004025735,1683.5954292773317,HCT116 OsTIRF74G,Vehicle,0,480,pSer2 Pol II (3E10),Goat anti-rat Alexa647,1619,250905_mACPOLR2A_Kinetic_pSer2,N,14,0.06454582854394175,0.00010127366900795895,1716.8049379479921,1.241817244376806,,0,0.0
222,N16,2032.5140407628903,258.06337948813723,313.9275748201441,1629.740506329114,HCT116 OsTIRF74G,Vehicle,0,480,pSer2 Pol II (3E10),Goat anti-rat Alexa647,1422,250905_mACPOLR2A_Kinetic_pSer2,N,16,-2.178978761111182,-0.0034188603478521556,1851.7887754491735,1.3394551608435874,,0,0.0
223,N17,1990.7754031672932,257.13931617174006,321.2980698599137,1601.912310286678,HCT116 OsTIRF74G,Vehicle,0,480,pSer2 Pol II (3E10),Goat anti-rat Alexa647,1779,250905_mACPOLR2A_Kinetic_pSer2,N,17,-3.1030420775083485,-0.00486873378751981,1810.0501378535764,1.309264334397714,,0,0.0
224,N18,2075.8486210554784,258.77402784796135,315.49310003412546,1651.694835680751,HCT116 OsTIRF74G,Vehicle,0,480,pSer2 Pol II (3E10),Goat anti-rat Alexa647,1065,250905_mACPOLR2A_Kinetic_pSer2,N,18,-1.4683304012870622,-0.0023038391544239725,1895.1233557417615,1.3708003811977925,,0,0.0
225,N19,2033.5724296173748,256.26875036627206,313.19330933273056,1693.2998652291105,HCT116 OsTIRF74G,Vehicle,0,480,pSer2 Pol II (3E10),Goat anti-rat Alexa647,1484,250905_mACPOLR2A_Kinetic_pSer2,N,19,-3.973607882976353,-0.006234668584879988,1852.847164303658,1.3402207257028813,,0,0.0
226,N20,2275.9224340667056,255.4137619379133,316.3095825971171,1573.1806775407779,HCT116 OsTIRF74G,Vehicle,0,480,pSer2 Pol II (3E10),Goat anti-rat Alexa647,797,250905_mACPOLR2A_Kinetic_pSer2,N,20,-4.8285963113351045,-0.00757616217249877,2095.197168752989,1.5155198572743982,,0,0.0
228,N22,2238.3104659359233,256.14458353168413,312.45489869765123,1648.785935884178,HCT116 OsTIRF74G,Vehicle,0,480,pSer2 Pol II (3E10),Goat anti-rat Alexa647,967,250905_mACPOLR2A_Kinetic_pSer2,N,22,-4.097774717564278,-0.006429488779949026,2057.5852006222067,1.4883139764038649,,0,0.0
0,C03,1901.0469745240944,266.18944165846546,321.62606359538444,1730.572891072891,HCT116 OsTIRF74G,Vehicle,0,480,pSer2 Pol II (3E10),Goat anti-rat Alexa647,2442,250912_mACPOLR2A_Kinetic_pSer2,C,03,-3.638653185465216,-0.004924224493237443,1709.671672263128,1.2537180108837591,,0,0.0
1,C04,1871.977518600805,268.6085646476718,320.8684521097988,1672.8459669582119,HCT116 OsTIRF74G,Vehicle,0,480,pSer2 Pol II (3E10),Goat anti-rat Alexa647,2058,250912_mACPOLR2A_Kinetic_pSer2,C,04,-1.2195301962588587,-0.0016504019912226794,1680.6022163398386,1.23240111065731,,0,0.0
2,C05,2017.6234812580374,270.2889115225443,323.3262504062184,1692.3127090301002,HCT116 OsTIRF74G,Vehicle,0,480,pSer2 Pol II (3E10),Goat anti-rat Alexa647,1196,250912_mACPOLR2A_Kinetic_pSer2,C,05,0.4608166786136394,0.000623627661131845,1826.248178997071,1.339204638819045,,0,0.0
3,C06,2162.5840467041967,270.3637726021786,327.25128408146884,1650.9734079776067,HCT116 OsTIRF74G,Vehicle,0,480,pSer2 Pol II (3E10),Goat anti-rat Alexa647,1429,250912_mACPOLR2A_Kinetic_pSer2,C,06,0.535677758247914,0.0007249378831111794,1971.2087444432302,1.4455055588823524,,0,0.0
4,C07,2182.5864942398757,271.4922498329163,327.3099496824658,1607.4405458089668,HCT116 OsTIRF74G,Vehicle,0,480,pSer2 Pol II (3E10),Goat anti-rat Alexa647,1026,250912_mACPOLR2A_Kinetic_pSer2,C,07,1.664154988985615,0.002252117016823776,1991.2111919789093,1.4601735382049803,,0,0.0
5,C08,1879.3626579630832,272.77649661873875,328.7455409780488,1729.1878761822873,HCT116 OsTIRF74G,Vehicle,0,480,pSer2 Pol II (3E10),Goat anti-rat Alexa647,2326,250912_mACPOLR2A_Kinetic_pSer2,C,08,2.948401774808076,0.003990100593650949,1687.9873557021167,1.237816701487752,,0,0.0
6,C09,2047.8174422083594,269.6487183975268,329.16500475246323,1712.257275132275,HCT116 OsTIRF74G,Vehicle,0,480,pSer2 Pol II (3E10),Goat anti-rat Alexa647,1512,250912_mACPOLR2A_Kinetic_pSer2,C,09,-0.17937644640386452,-0.0002427518771011618,1856.442139947393,1.3613461489566203,,0,0.0
7,C10,1905.9617768088933,276.30713288418116,323.57406006388203,1730.6841286307053,HCT116 OsTIRF74G,Vehicle,0,480,pSer2 Pol II (3E10),Goat anti-rat Alexa647,1928,250912_mACPOLR2A_Kinetic_pSer2,C,10,6.479038040250487,0.008768144745935572,1714.5864745479269,1.2573220807436922,,0,0.0
8,C11,1890.7207883593192,275.1707673217473,326.3671177744824,1627.1157450796627,HCT116 OsTIRF74G,Vehicle,0,480,pSer2 Pol II (3E10),Goat anti-rat Alexa647,2134,250912_mACPOLR2A_Kinetic_pSer2,C,11,5.34267247781662,0.007230290256763378,1699.3454860983527,1.2461457232986344,,0,0.0
9,C12,1837.6553452135902,278.2623832224156,332.2571363138829,1719.7974736842104,HCT116 OsTIRF74G,Vehicle,0,480,pSer2 Pol II (3E10),Goat anti-rat Alexa647,2375,250912_mACPOLR2A_Kinetic_pSer2,C,12,8.43428837848495,0.011414203909915486,1646.2800429526237,1.2072323442524326,,0,0.0
20,D03,1817.6069239482372,269.77351682646923,317.07645986610197,1681.607329842932,HCT116 OsTIRF74G,5PhIAA,10000,480,pSer2 Pol II (3E10),Goat anti-rat Alexa647,1719,250912_mACPOLR2A_Kinetic_pSer2,D,03,-0.05457801746143787,-7.386095807358234e-05,1626.2316216872707,1.1925306519696763,,480,8.0
21,D04,1274.4694483267879,418.91582270622604,318.6606278360807,2061.533000554631,HCT116 OsTIRF74G mAC-POLR2A Clone 5,5PhIAA,10000,480,pSer2 Pol II (3E10),Goat anti-rat Alexa647,1803,250912_mACPOLR2A_Kinetic_pSer2,D,04,149.08772786229537,0.20176186181007805,1083.0941460658214,0.7942429300521847,,480,8.0
22,D05,1372.7927162776973,422.6303694099401,315.5906384629782,2129.5861445783135,HCT116 OsTIRF74G mAC-POLR2A Clone 5,5PhIAA,10000,480,pSer2 Pol II (3E10),Goat anti-rat Alexa647,1660,250912_mACPOLR2A_Kinetic_pSer2,D,05,152.80227456600943,0.20678879373444187,1181.4174140167308,0.8663442895815442,,480,8.0
23,D06,1303.440689107888,421.18227210752195,310.6340850258191,2044.0816110227875,HCT116 OsTIRF74G mAC-POLR2A Clone 5,5PhIAA,10000,480,pSer2 Pol II (3E10),Goat anti-rat Alexa647,1887,250912_mACPOLR2A_Kinetic_pSer2,D,06,151.35417726359128,0.20482906967125203,1112.0653868469215,0.815487808208723,,480,8.0
24,D07,1305.012710041688,423.485839503009,317.28478601658895,2111.596338672769,HCT116 OsTIRF74G mAC-POLR2A Clone 5,5PhIAA,10000,480,pSer2 Pol II (3E10),Goat anti-rat Alexa647,2185,250912_mACPOLR2A_Kinetic_pSer2,D,07,153.65774465907833,0.20794650967240186,1113.6374077807216,0.8166405856631114,,480,8.0
25,D08,1208.7822738528805,425.647786200158,315.2086364544844,2054.184336198663,HCT116 OsTIRF74G mAC-POLR2A Clone 5,5PhIAA,10000,480,pSer2 Pol II (3E10),Goat anti-rat Alexa647,2094,250912_mACPOLR2A_Kinetic_pSer2,D,08,155.81969135622734,0.21087229301490357,1017.406971591914,0.7460739189735903,,480,8.0
26,D09,1324.6255377011819,439.6169270255648,317.1650048582261,2055.8841594827586,HCT116 OsTIRF74G mAC-POLR2A Clone 5,5PhIAA,10000,480,pSer2 Pol II (3E10),Goat anti-rat Alexa647,1856,250912_mACPOLR2A_Kinetic_pSer2,D,09,169.78883218163412,0.22977686618959497,1133.2502354402154,0.8310228531358582,,480,8.0
27,D10,1353.469175710466,426.4014721123952,317.37944757099075,2012.14832793959,HCT116 OsTIRF74G mAC-POLR2A Clone 5,5PhIAA,10000,480,pSer2 Pol II (3E10),Goat anti-rat Alexa647,1854,250912_mACPOLR2A_Kinetic_pSer2,D,10,156.57337726846453,0.21189226343804568,1162.0938734494996,0.8521741590025471,,480,8.0
28,D11,1344.335563402269,430.26700953242744,319.8193272002413,2036.8445419103314,HCT116 OsTIRF74G mAC-POLR2A Clone 5,5PhIAA,10000,480,pSer2 Pol II (3E10),Goat anti-rat Alexa647,2052,250912_mACPOLR2A_Kinetic_pSer2,D,11,160.43891468849677,0.2171235325568735,1152.9602611413025,0.8454763968292648,,480,8.0
29,D12,1764.6462166912258,272.507710199085,313.28014174462396,1761.0110220440881,HCT116 OsTIRF74G,5PhIAA,10000,480,pSer2 Pol II (3E10),Goat anti-rat Alexa647,1996,250912_mACPOLR2A_Kinetic_pSer2,D,12,2.67961535515434,0.0036263493363463033,1573.2709144302594,1.1536940767169759,,480,8.0
40,E03,1774.161367954099,268.5531018833232,322.9230239410507,1589.7638676844783,HCT116 OsTIRF74G,Vehicle,0,480,pSer2 Pol II (3E10),Goat anti-rat Alexa647,1965,250912_mACPOLR2A_Kinetic_pSer2,E,03,-1.2749929606074488,-0.0017254602858023716,1582.7860656931325,1.160671624925841,,0,0.0
41,E04,1291.0114975335248,427.78924467690257,311.52364880049964,2002.8321428571428,HCT116 OsTIRF74G mAC-POLR2A Clone 5,5PhIAA,1000,480,pSer2 Pol II (3E10),Goat anti-rat Alexa647,1960,250912_mACPOLR2A_Kinetic_pSer2,E,04,157.9611498329719,0.21377034945088355,1099.6361952725583,0.8063733673541953,,480,8.0
42,E05,1232.907939363345,423.62216433076804,316.25987735390476,2110.4805653710246,HCT116 OsTIRF74G mAC-POLR2A Clone 5,5PhIAA,1000,240,pSer2 Pol II (3E10),Goat anti-rat Alexa647,1981,250912_mACPOLR2A_Kinetic_pSer2,E,05,153.79406948683737,0.20813099937825483,1041.5326371023784,0.7637654920783772,,240,4.0
43,E06,1398.1976584594936,453.09938969927595,310.59814384772375,2107.545240893067,HCT116 OsTIRF74G mAC-POLR2A Clone 5,5PhIAA,1000,120,pSer2 Pol II (3E10),Goat anti-rat Alexa647,1702,250912_mACPOLR2A_Kinetic_pSer2,E,06,183.27129485534527,0.24802281312189645,1206.8223561985271,0.8849739680721618,,120,2.0
44,E07,1510.3482715284767,576.7446072575224,311.61188981876154,2002.2784598214287,HCT116 OsTIRF74G mAC-POLR2A Clone 5,5PhIAA,1000,60,pSer2 Pol II (3E10),Goat anti-rat Alexa647,1792,250912_mACPOLR2A_Kinetic_pSer2,E,07,306.9165124135917,0.4153530800470595,1318.9729692675103,0.9672150473491656,,60,1.0
45,E08,1360.272229713662,431.8618145060808,315.95356877041536,2091.6812577065352,HCT116 OsTIRF74G mAC-POLR2A Clone 5,5PhIAA,1000,480,pSer2 Pol II (3E10),Goat anti-rat Alexa647,1622,250912_mACPOLR2A_Kinetic_pSer2,E,08,162.03371966215013,0.21928179752825652,1168.8969274526955,0.8571629012687926,,480,8.0
46,E09,1326.131044528687,428.24335117170773,327.4407865397876,1977.90942217595,HCT116 OsTIRF74G mAC-POLR2A Clone 5,5PhIAA,1000,240,pSer2 Pol II (3E10),Goat anti-rat Alexa647,1921,250912_mACPOLR2A_Kinetic_pSer2,E,09,158.41525632777706,0.2143848961554692,1134.7557422677205,0.8321268551824342,,240,4.0
47,E10,1336.9011673162797,454.4901450075934,317.9002083620586,2036.7950310559006,HCT116 OsTIRF74G mAC-POLR2A Clone 5,5PhIAA,1000,120,pSer2 Pol II (3E10),Goat anti-rat Alexa647,2093,250912_mACPOLR2A_Kinetic_pSer2,E,10,184.66205016366274,0.24990493571073594,1145.5258650553133,0.8400246855888777,,120,2.0
48,E11,1493.874609085965,580.4635798474778,316.9107084374657,2023.5703441295548,HCT116 OsTIRF74G mAC-POLR2A Clone 5,5PhIAA,1000,60,pSer2 Pol II (3E10),Goat anti-rat Alexa647,1976,250912_mACPOLR2A_Kinetic_pSer2,E,11,310.63548500354716,0.4203860015660132,1302.4993068249985,0.9551347586923049,,60,1.0
49,E12,1759.948338834913,271.21884116723936,315.52002854156353,1752.5510057471265,HCT116 OsTIRF74G,Vehicle,0,480,pSer2 Pol II (3E10),Goat anti-rat Alexa647,2784,250912_mACPOLR2A_Kinetic_pSer2,E,12,1.39074632330869,0.0018821104293403504,1568.5730365739466,1.1502490795418194,,0,0.0
60,F03,1804.4000756639684,269.31560458643065,304.8502820633039,1670.1302305721606,HCT116 OsTIRF74G,Vehicle,0,480,pSer2 Pol II (3E10),Goat anti-rat Alexa647,2342,250912_mACPOLR2A_Kinetic_pSer2,F,03,-0.5124902575000192,-0.000693558014434537,1613.024773403002,1.182845948275031,,0,0.0
61,F04,1443.8393469316836,503.2669878594353,304.2385535879544,2085.846629213483,HCT116 OsTIRF74G mAC-POLR2A Clone 5,5PhIAA,100,480,pSer2 Pol II (3E10),Goat anti-rat Alexa647,1780,250912_mACPOLR2A_Kinetic_pSer2,F,04,233.43889301550462,0.31591510816500473,1252.4640446707172,0.9184434393239048,,480,8.0
62,F05,1389.412182444957,477.8091712751921,303.17346034317603,2094.752582644628,HCT116 OsTIRF74G mAC-POLR2A Clone 5,5PhIAA,100,240,pSer2 Pol II (3E10),Goat anti-rat Alexa647,1936,250912_mACPOLR2A_Kinetic_pSer2,F,05,207.98107643126144,0.28146279914329486,1198.0368801839904,0.8785314974549632,,240,4.0
63,F06,1477.960843530352,528.3117495806916,307.62436293718537,1969.5941597139451,HCT116 OsTIRF74G mAC-POLR2A Clone 5,5PhIAA,100,120,pSer2 Pol II (3E10),Goat anti-rat Alexa647,1678,250912_mACPOLR2A_Kinetic_pSer2,F,06,258.48365473676097,0.3498084260518916,1286.5855412693854,0.9434650475882754,,120,2.0
64,F07,1477.1475002862046,631.634300564384,307.4210733970059,2031.596241979835,HCT116 OsTIRF74G mAC-POLR2A Clone 5,5PhIAA,100,60,pSer2 Pol II (3E10),Goat anti-rat Alexa647,2182,250912_mACPOLR2A_Kinetic_pSer2,F,07,361.80620572045336,0.489635832052011,1285.7721980252381,0.9428686154833507,,60,1.0
65,F08,1409.9593086231064,499.7042135014776,311.44847965779473,2050.241395793499,HCT116 OsTIRF74G mAC-POLR2A Clone 5,5PhIAA,100,480,pSer2 Pol II (3E10),Goat anti-rat Alexa647,2092,250912_mACPOLR2A_Kinetic_pSer2,F,08,229.87611865754695,0.3110935712217716,1218.58400636214,0.893598894651378,,480,8.0
66,F09,1381.0445861666517,491.3346569788972,308.8217094372404,2052.136385776912,HCT116 OsTIRF74G mAC-POLR2A Clone 5,5PhIAA,100,240,pSer2 Pol II (3E10),Goat anti-rat Alexa647,2053,250912_mACPOLR2A_Kinetic_pSer2,F,09,221.50656213496654,0.2997669695575472,1189.6692839056852,0.8723954619037462,,240,4.0
67,F10,1495.5844502026723,531.194441588848,314.1056509425951,2068.842570754717,HCT116 OsTIRF74G mAC-POLR2A Clone 5,5PhIAA,100,120,pSer2 Pol II (3E10),Goat anti-rat Alexa647,1696,250912_mACPOLR2A_Kinetic_pSer2,F,10,261.36634674491734,0.35370960098379395,1304.2091479417059,0.9563886009583629,,120,2.0
68,F11,1646.1051459343953,635.9014723546873,320.3675253691594,2031.5579975579976,HCT116 OsTIRF74G mAC-POLR2A Clone 5,5PhIAA,100,60,pSer2 Pol II (3E10),Goat anti-rat Alexa647,1638,250912_mACPOLR2A_Kinetic_pSer2,F,11,366.0733775107566,0.4954106368425853,1454.7298436734288,1.0667668158584291,,60,1.0
69,F12,1704.6550982793647,265.4299223289341,313.5659204962353,1642.474287585981,HCT116 OsTIRF74G,Vehicle,0,480,pSer2 Pol II (3E10),Goat anti-rat Alexa647,3053,250912_mACPOLR2A_Kinetic_pSer2,F,12,-4.398172514996588,-0.005952089336335283,1513.2797960183982,1.1097020361011007,,0,0.0
80,G03,1692.1114765007665,268.8720033818839,305.7040451650413,1686.1070780399275,HCT116 OsTIRF74G,Vehicle,0,480,pSer2 Pol II (3E10),Goat anti-rat Alexa647,2755,250912_mACPOLR2A_Kinetic_pSer2,G,03,-0.9560914620467429,-0.0012938878082671215,1500.7361742398,1.1005036825220622,,0,0.0
81,G04,1538.2908743966532,685.8582109942829,307.4052288920626,2197.3708044752266,HCT116 OsTIRF74G mAC-POLR2A Clone 5,5PhIAA,10,480,pSer2 Pol II (3E10),Goat anti-rat Alexa647,1877,250912_mACPOLR2A_Kinetic_pSer2,G,04,416.0301161503522,0.5630175736603097,1346.9155721356867,0.9877056158338339,,480,8.0
82,G05,1707.8828733600833,710.4582912565446,315.3017590881554,1994.4538510502864,HCT116 OsTIRF74G mAC-POLR2A Clone 5,5PhIAA,10,240,pSer2 Pol II (3E10),Goat anti-rat Alexa647,1571,250912_mACPOLR2A_Kinetic_pSer2,G,05,440.63019641261394,0.5963090998345879,1516.5075710991168,1.112068993347589,,240,4.0
83,G06,1540.790120579205,690.6072040657724,305.786688091808,2036.8628064684403,HCT116 OsTIRF74G mAC-POLR2A Clone 5,5PhIAA,10,120,pSer2 Pol II (3E10),Goat anti-rat Alexa647,1917,250912_mACPOLR2A_Kinetic_pSer2,G,06,420.77910922184174,0.5694444318435123,1349.4148183182385,0.9895383361178111,,120,2.0
84,G07,1712.0397728785051,758.6039196678337,318.196146515247,2044.1134644478063,HCT116 OsTIRF74G mAC-POLR2A Clone 5,5PhIAA,10,60,pSer2 Pol II (3E10),Goat anti-rat Alexa647,1983,250912_mACPOLR2A_Kinetic_pSer2,G,07,488.775824823903,0.6614650436910141,1520.6644706175387,1.115117286116446,,60,1.0
85,G08,1492.112199550738,693.2596399859922,313.2501254769827,2065.266911165444,HCT116 OsTIRF74G mAC-POLR2A Clone 5,5PhIAA,10,480,pSer2 Pol II (3E10),Goat anti-rat Alexa647,2454,250912_mACPOLR2A_Kinetic_pSer2,G,08,423.4315451420615,0.5730339989880983,1300.7368972897716,0.9538423675199447,,480,8.0
86,G09,1614.6269384310456,684.2967658558046,318.925187933495,2017.6912611198325,HCT116 OsTIRF74G mAC-POLR2A Clone 5,5PhIAA,10,240,pSer2 Pol II (3E10),Goat anti-rat Alexa647,1911,250912_mACPOLR2A_Kinetic_pSer2,G,09,414.4686710118739,0.5609044548760146,1423.251636170079,1.043683555874923,,240,4.0
87,G10,1565.6306018538999,723.8090905285009,319.38436505058945,2107.4690618762475,HCT116 OsTIRF74G mAC-POLR2A Clone 5,5PhIAA,10,120,pSer2 Pol II (3E10),Goat anti-rat Alexa647,2004,250912_mACPOLR2A_Kinetic_pSer2,G,10,453.9809956845702,0.6143768654138617,1374.2552995929334,1.0077540902174746,,120,2.0
88,G11,1704.4109854954597,761.842024345381,325.20086018559476,2033.5853658536585,HCT116 OsTIRF74G mAC-POLR2A Clone 5,5PhIAA,10,60,pSer2 Pol II (3E10),Goat anti-rat Alexa647,2501,250912_mACPOLR2A_Kinetic_pSer2,G,11,492.0139295014503,0.6658472020205133,1513.0356832344933,1.1095230259444526,,60,1.0
89,G12,1644.8174891681601,264.35655525205567,319.40923401352615,1649.7371937639198,HCT116 OsTIRF74G,Vehicle,0,480,pSer2 Pol II (3E10),Goat anti-rat Alexa647,3143,250912_mACPOLR2A_Kinetic_pSer2,G,12,-5.4715395918750005,-0.00740468736664841,1453.4421869071937,1.0658225652716904,,0,0.0
100,H03,1632.2283907241494,272.79116201167716,302.7858454231611,1697.0964912280701,HCT116 OsTIRF74G,Vehicle,0,480,pSer2 Pol II (3E10),Goat anti-rat Alexa647,2394,250912_mACPOLR2A_Kinetic_pSer2,H,03,2.9630671677464875,0.00400994741153366,1440.853088463183,1.0565908632343322,,0,0.0
101,H04,1574.001698000008,957.0300126147752,303.3048776098817,2020.2940868655155,HCT116 OsTIRF74G mAC-POLR2A Clone 5,Vehicle,0,480,pSer2 Pol II (3E10),Goat anti-rat Alexa647,1911,250912_mACPOLR2A_Kinetic_pSer2,H,04,687.2019177708445,0.9299969914154613,1382.6263957390415,1.0138926922540417,,0,0.0
102,H05,1212.0562014776694,429.3450263137986,305.4415477300496,2103.67922657412,HCT116 OsTIRF74G mAC-POLR2A Clone 5,5PhIAA,10000,240,pSer2 Pol II (3E10),Goat anti-rat Alexa647,2017,250912_mACPOLR2A_Kinetic_pSer2,H,05,159.51693146986793,0.21587580376379656,1020.680899216703,0.7484747203064536,,240,4.0
103,H06,1267.1862337495152,478.9085226241685,306.28633263559743,2016.2973443622116,HCT116 OsTIRF74G mAC-POLR2A Clone 5,5PhIAA,10000,120,pSer2 Pol II (3E10),Goat anti-rat Alexa647,2297,250912_mACPOLR2A_Kinetic_pSer2,H,06,209.0804277802378,0.28295056193996027,1075.8109314885487,0.7889020816069561,,120,2.0
104,H07,1361.1900126720689,579.9257523485725,305.85318083361193,2111.3841326759302,HCT116 OsTIRF74G mAC-POLR2A Clone 5,5PhIAA,10000,60,pSer2 Pol II (3E10),Goat anti-rat Alexa647,2231,250912_mACPOLR2A_Kinetic_pSer2,H,07,310.0976575046418,0.41965815441811094,1169.8147104111024,0.8578359199797558,,60,1.0
105,H08,1568.0300056736019,981.0433856522363,307.24131959709763,2017.2533524904215,HCT116 OsTIRF74G mAC-POLR2A Clone 5,Vehicle,0,480,pSer2 Pol II (3E10),Goat anti-rat Alexa647,2088,250912_mACPOLR2A_Kinetic_pSer2,H,08,711.2152908083057,0.9624945210367669,1376.6547034126354,1.0095135951756176,,0,0.0
106,H09,1136.9159465319385,415.17417859016143,314.57851721089907,2075.7102406795657,HCT116 OsTIRF74G mAC-POLR2A Clone 5,5PhIAA,10000,240,pSer2 Pol II (3E10),Goat anti-rat Alexa647,2119,250912_mACPOLR2A_Kinetic_pSer2,H,09,145.34608374623076,0.1966982586959089,945.540644270972,0.6933736781027422,,240,4.0
107,H10,1221.857756909526,466.82969245632773,310.1845412651902,2079.3800623052957,HCT116 OsTIRF74G mAC-POLR2A Clone 5,5PhIAA,10000,120,pSer2 Pol II (3E10),Goat anti-rat Alexa647,2568,250912_mACPOLR2A_Kinetic_pSer2,H,10,197.00159761239706,0.2666041644322978,1030.4824546485595,0.7556622913348298,,120,2.0
108,H11,1422.9945485122475,592.4164511957127,320.57657467790193,2007.6021786492374,HCT116 OsTIRF74G mAC-POLR2A Clone 5,5PhIAA,10000,60,pSer2 Pol II (3E10),Goat anti-rat Alexa647,2295,250912_mACPOLR2A_Kinetic_pSer2,H,11,322.58835635178207,0.4365619377867578,1231.619246251281,0.9031577563265988,,60,1.0
109,H12,1664.4403157791735,263.27229812655327,309.55478286036094,1678.9544044665013,HCT116 OsTIRF74G,Vehicle,0,480,pSer2 Pol II (3E10),Goat anti-rat Alexa647,3224,250912_mACPOLR2A_Kinetic_pSer2,H,12,-6.5557967173774045,-0.008872023004926212,1473.065013518207,1.0802121650678378,,0,0.0
120,I03,1650.0814911350374,267.7473876096396,294.3462576823243,1707.795634920635,HCT116 OsTIRF74G,5PhIAA,10000,480,pSer2 Pol II (3E10),Goat anti-rat Alexa647,2520,250912_mACPOLR2A_Kinetic_pSer2,I,03,-2.080707234291083,-0.0028158411929117434,1458.706188874071,1.069682706480245,,480,8.0
121,I04,1187.2439646720568,430.64451302515636,301.3856177672714,2090.410520887055,HCT116 OsTIRF74G mAC-POLR2A Clone 5,5PhIAA,10000,480,pSer2 Pol II (3E10),Goat anti-rat Alexa647,1939,250912_mACPOLR2A_Kinetic_pSer2,I,04,160.81641818122569,0.2176344116790179,995.8686624110903,0.7302796781365545,,480,8.0
122,I05,1237.8543541806232,431.31469137605427,304.5174756278034,1953.6808070356958,HCT116 OsTIRF74G mAC-POLR2A Clone 5,5PhIAA,10000,480,pSer2 Pol II (3E10),Goat anti-rat Alexa647,1933,250912_mACPOLR2A_Kinetic_pSer2,I,05,161.4865965321236,0.2185413705129929,1046.4790519196567,0.7673927437000381,,480,8.0
123,I06,1332.314282563426,442.3040832368558,309.8005815543599,1937.7041420118344,HCT116 OsTIRF74G mAC-POLR2A Clone 5,5PhIAA,10000,480,pSer2 Pol II (3E10),Goat anti-rat Alexa647,1859,250912_mACPOLR2A_Kinetic_pSer2,I,06,172.4759883929251,0.2334134206393707,1140.9389803024596,0.8366610806805221,,480,8.0
124,I07,1284.5900011701744,434.54747666816206,307.3796474031032,1888.4196737518537,HCT116 OsTIRF74G mAC-POLR2A Clone 5,5PhIAA,10000,480,pSer2 Pol II (3E10),Goat anti-rat Alexa647,2023,250912_mACPOLR2A_Kinetic_pSer2,I,07,164.7193818242314,0.22291633006680917,1093.214698909208,0.8016644248255401,,480,8.0
125,I08,1257.4385619326524,440.1960993472771,310.08497401410534,1989.4188071397475,HCT116 OsTIRF74G mAC-POLR2A Clone 5,5PhIAA,10000,480,pSer2 Pol II (3E10),Goat anti-rat Alexa647,2297,250912_mACPOLR2A_Kinetic_pSer2,I,08,170.3680045033464,0.23056066568545605,1066.063259671686,0.7817540239305908,,480,8.0
126,I09,1214.4474129068426,431.57002801650293,314.02307648713975,2004.8792401628223,HCT116 OsTIRF74G mAC-POLR2A Clone 5,5PhIAA,10000,480,pSer2 Pol II (3E10),Goat anti-rat Alexa647,2211,250912_mACPOLR2A_Kinetic_pSer2,I,09,161.74193317257226,0.21888692005421898,1023.0721106458761,0.7502282177090379,,480,8.0
127,I10,1273.5236331293825,436.883899380478,316.351466789815,2040.6122222222223,HCT116 OsTIRF74G mAC-POLR2A Clone 5,5PhIAA,10000,480,pSer2 Pol II (3E10),Goat anti-rat Alexa647,1800,250912_mACPOLR2A_Kinetic_pSer2,I,10,167.05580453654733,0.22607823348549713,1082.148330868416,0.7935493550417354,,480,8.0
128,I11,1253.8258326352475,442.2817345358796,321.3633599924123,2012.3193946634806,HCT116 OsTIRF74G mAC-POLR2A Clone 5,5PhIAA,10000,480,pSer2 Pol II (3E10),Goat anti-rat Alexa647,2511,250912_mACPOLR2A_Kinetic_pSer2,I,11,172.45363969194892,0.23338317592652516,1062.450530374281,0.7791047762053779,,480,8.0
129,I12,1586.2862097566194,267.3234636135931,306.1825356945061,1678.2509234178774,HCT116 OsTIRF74G,5PhIAA,10000,480,pSer2 Pol II (3E10),Goat anti-rat Alexa647,4061,250912_mACPOLR2A_Kinetic_pSer2,I,12,-2.5046312303375657,-0.003389541630464241,1394.910907495653,1.0229010380633805,,480,8.0
140,J03,1685.1532978801085,269.03477060547374,300.7342531098757,1696.6018860188601,HCT116 OsTIRF74G,Vehicle,0,480,pSer2 Pol II (3E10),Goat anti-rat Alexa647,2439,250912_mACPOLR2A_Kinetic_pSer2,J,03,-0.7933242384569326,-0.001073613352790342,1493.777995619142,1.0954011859426356,,0,0.0
141,J04,1187.2098803940594,445.47584129427054,292.1083476973286,2183.26618705036,HCT116 OsTIRF74G mAC-POLR2A Clone 5,5PhIAA,1000,480,pSer2 Pol II (3E10),Goat anti-rat Alexa647,2224,250912_mACPOLR2A_Kinetic_pSer2,J,04,175.64774645033987,0.23770579144715576,995.8345781330929,0.7302546838210338,,480,8.0
142,J05,1198.9229843408384,428.62609680806145,302.89765982382875,2012.5176348547718,HCT116 OsTIRF74G mAC-POLR2A Clone 5,5PhIAA,1000,240,pSer2 Pol II (3E10),Goat anti-rat Alexa647,1928,250912_mACPOLR2A_Kinetic_pSer2,J,05,158.79800196413078,0.2149028695212028,1007.547682079872,0.7388440110115532,,240,4.0
143,J06,1313.7912183001117,479.0286987203067,299.13960122580556,2024.1095238095238,HCT116 OsTIRF74G mAC-POLR2A Clone 5,5PhIAA,1000,120,pSer2 Pol II (3E10),Goat anti-rat Alexa647,1890,250912_mACPOLR2A_Kinetic_pSer2,J,06,209.20060387637602,0.2831131974113674,1122.4159160391453,0.8230779467604671,,120,2.0
144,J07,1372.2327121742776,591.9545256832668,308.11902311708644,2079.165839829908,HCT116 OsTIRF74G mAC-POLR2A Clone 5,5PhIAA,1000,60,pSer2 Pol II (3E10),Goat anti-rat Alexa647,2822,250912_mACPOLR2A_Kinetic_pSer2,J,07,322.1264308393361,0.43593680953009295,1180.8574099133111,0.865933633405849,,60,1.0
145,J08,1163.1318156817972,432.9198765175999,289.07086481917764,2030.3272208638957,HCT116 OsTIRF74G mAC-POLR2A Clone 5,5PhIAA,1000,480,pSer2 Pol II (3E10),Goat anti-rat Alexa647,2454,250912_mACPOLR2A_Kinetic_pSer2,J,08,163.09178167366923,0.2207136830658226,971.7565134208307,0.7125980168207386,,480,8.0
146,J09,1157.5775579370093,432.49469369638524,309.8257778594426,1967.6831758034027,HCT116 OsTIRF74G mAC-POLR2A Clone 5,5PhIAA,1000,240,pSer2 Pol II (3E10),Goat anti-rat Alexa647,2645,250912_mACPOLR2A_Kinetic_pSer2,J,09,162.66659885245457,0.22013827904801392,966.2022556760428,0.7085250283723112,,240,4.0
147,J10,1245.661284318493,487.36623185109136,301.4348028701175,2033.2306800618237,HCT116 OsTIRF74G mAC-POLR2A Clone 5,5PhIAA,1000,120,pSer2 Pol II (3E10),Goat anti-rat Alexa647,2588,250912_mACPOLR2A_Kinetic_pSer2,J,10,217.53813700716069,0.29439646151023463,1054.2859820575266,0.7731176375977082,,120,2.0
148,J11,1404.5526783327575,598.4839569741068,318.4200488174223,2067.876179690449,HCT116 OsTIRF74G mAC-POLR2A Clone 5,5PhIAA,1000,60,pSer2 Pol II (3E10),Goat anti-rat Alexa647,2649,250912_mACPOLR2A_Kinetic_pSer2,J,11,328.65586213017616,0.44477315194868344,1213.177376071791,0.8896341627773174,,60,1.0
149,J12,1540.7931925977446,267.8879999044575,296.7629225267322,1727.058698296837,HCT116 OsTIRF74G,Vehicle,0,480,pSer2 Pol II (3E10),Goat anti-rat Alexa647,3288,250912_mACPOLR2A_Kinetic_pSer2,J,12,-1.9400949394731697,-0.0026255492164852607,1349.417890336778,0.9895405888573489,,0,0.0
160,K03,1774.6097907926526,267.111276833509,295.5631256989122,1676.2462479155085,HCT116 OsTIRF74G,Vehicle,0,480,pSer2 Pol II (3E10),Goat anti-rat Alexa647,1799,250912_mACPOLR2A_Kinetic_pSer2,K,03,-2.7168180104216617,-0.003676696048974095,1583.234488531686,1.1610004575305495,,0,0.0
161,K04,1335.9124942492074,502.6227667928655,291.4702993632363,1954.6294416243654,HCT116 OsTIRF74G mAC-POLR2A Clone 5,5PhIAA,100,480,pSer2 Pol II (3E10),Goat anti-rat Alexa647,1773,250912_mACPOLR2A_Kinetic_pSer2,K,04,232.79467194893482,0.31504327757457246,1144.537191988241,0.8392996825071903,,480,8.0
162,K05,1385.130228746997,493.5606065481459,308.2529091029014,1956.5857664233577,HCT116 OsTIRF74G mAC-POLR2A Clone 5,5PhIAA,100,240,pSer2 Pol II (3E10),Goat anti-rat Alexa647,1644,250912_mACPOLR2A_Kinetic_pSer2,K,05,223.73251170421526,0.3027793686049174,1193.7549264860306,0.8753915013024878,,240,4.0
163,K06,1380.5866587318285,534.2316346556596,302.2668833921363,1938.3206951026857,HCT116 OsTIRF74G mAC-POLR2A Clone 5,5PhIAA,100,120,pSer2 Pol II (3E10),Goat anti-rat Alexa647,1899,250912_mACPOLR2A_Kinetic_pSer2,K,06,264.40353981172893,0.35781986369034324,1189.211356470862,0.872059659490903,,120,2.0
164,K07,1511.8634078428306,634.9403255707904,307.6959185335119,2056.882080329557,HCT116 OsTIRF74G mAC-POLR2A Clone 5,5PhIAA,100,60,pSer2 Pol II (3E10),Goat anti-rat Alexa647,1942,250912_mACPOLR2A_Kinetic_pSer2,K,07,365.1122307268597,0.4941099076184407,1320.4881055818641,0.9683261107872906,,60,1.0
165,K08,1282.9214976513947,514.1694182046971,302.39842404436797,2034.8219895287957,HCT116 OsTIRF74G mAC-POLR2A Clone 5,5PhIAA,100,480,pSer2 Pol II (3E10),Goat anti-rat Alexa647,2483,250912_mACPOLR2A_Kinetic_pSer2,K,08,244.3413233607664,0.3306694724326422,1091.5461953904282,0.8004408958014275,,480,8.0
166,K09,1331.4510393739363,477.7042861168296,311.79975893967213,2017.7987388334209,HCT116 OsTIRF74G mAC-POLR2A Clone 5,5PhIAA,100,240,pSer2 Pol II (3E10),Goat anti-rat Alexa647,1903,250912_mACPOLR2A_Kinetic_pSer2,K,09,207.87619127289895,0.2813208570456394,1140.0757371129698,0.8360280564852954,,240,4.0
167,K10,1404.1707055991235,532.863795117645,313.82092879758596,1942.0042194092828,HCT116 OsTIRF74G mAC-POLR2A Clone 5,5PhIAA,100,120,pSer2 Pol II (3E10),Goat anti-rat Alexa647,1896,250912_mACPOLR2A_Kinetic_pSer2,K,10,263.0357002737144,0.3559687532347452,1212.795403338157,0.8893540586476224,,120,2.0
168,K11,1439.8000047637381,646.7640316218244,312.40645325553646,2008.7611319184352,HCT116 OsTIRF74G mAC-POLR2A Clone 5,5PhIAA,100,60,pSer2 Pol II (3E10),Goat anti-rat Alexa647,2403,250912_mACPOLR2A_Kinetic_pSer2,K,11,376.93593677789374,0.5101110431951741,1248.4247025027717,0.9154813524447487,,60,1.0
169,K12,1612.6156867087323,265.2823432147537,296.7787432054701,1683.121959575197,HCT116 OsTIRF74G,Vehicle,0,480,pSer2 Pol II (3E10),Goat anti-rat Alexa647,2919,250912_mACPOLR2A_Kinetic_pSer2,K,12,-4.545751629176948,-0.006151809576681383,1421.2403844477658,1.0422086864309277,,0,0.0
180,L03,1610.2528966192212,269.3344642876325,288.5278229338394,1719.693449334698,HCT116 OsTIRF74G,Vehicle,0,480,pSer2 Pol II (3E10),Goat anti-rat Alexa647,1954,250912_mACPOLR2A_Kinetic_pSer2,L,03,-0.49363055629817154,-0.0006680349986757807,1418.8775943582548,1.0404760306589358,,0,0.0
181,L04,1595.6133029109783,726.2211943230789,297.0718731316424,2026.7654485049834,HCT116 OsTIRF74G mAC-POLR2A Clone 5,5PhIAA,10,480,pSer2 Pol II (3E10),Goat anti-rat Alexa647,1505,250912_mACPOLR2A_Kinetic_pSer2,L,04,456.3930994791482,0.6176411887720037,1404.2380006500118,1.0297406815262282,,480,8.0
182,L05,1445.894897667103,702.7794124668387,300.75092417784344,2009.5133136094676,HCT116 OsTIRF74G mAC-POLR2A Clone 5,5PhIAA,10,240,pSer2 Pol II (3E10),Goat anti-rat Alexa647,2028,250912_mACPOLR2A_Kinetic_pSer2,L,05,432.95131762290805,0.5859171990159237,1254.5195954061364,0.9199507936429181,,240,4.0
183,L06,1463.7362188600744,683.085761389273,291.0105372383131,2085.0665105386415,HCT116 OsTIRF74G mAC-POLR2A Clone 5,5PhIAA,10,120,pSer2 Pol II (3E10),Goat anti-rat Alexa647,2135,250912_mACPOLR2A_Kinetic_pSer2,L,06,413.2576665453423,0.5592655908371622,1272.360916599108,0.9330339990796565,,120,2.0
184,L07,1512.9545235281848,772.3789852806498,300.2733527013753,2014.380551659654,HCT116 OsTIRF74G mAC-POLR2A Clone 5,5PhIAA,10,60,pSer2 Pol II (3E10),Goat anti-rat Alexa647,2139,250912_mACPOLR2A_Kinetic_pSer2,L,07,502.5508904367191,0.6801069730063823,1321.5792212672184,0.9691262359861105,,60,1.0
185,L08,1529.0425495386364,739.6058722863173,297.30165300522054,1972.449223946785,HCT116 OsTIRF74G mAC-POLR2A Clone 5,5PhIAA,10,480,pSer2 Pol II (3E10),Goat anti-rat Alexa647,2255,250912_mACPOLR2A_Kinetic_pSer2,L,08,469.77777744238665,0.6357548027113459,1337.66724727767,0.9809237338894187,,480,8.0
186,L09,1391.2728183004401,696.2557877043242,300.81167742318337,2072.252398831873,HCT116 OsTIRF74G mAC-POLR2A Clone 5,5PhIAA,10,240,pSer2 Pol II (3E10),Goat anti-rat Alexa647,2397,250912_mACPOLR2A_Kinetic_pSer2,L,09,426.42769286039356,0.577088714628188,1199.8975160394737,0.8798959188942139,,240,4.0
187,L10,1453.132061542168,735.2872951909934,297.1490429575343,2036.0600169061709,HCT116 OsTIRF74G mAC-POLR2A Clone 5,5PhIAA,10,120,pSer2 Pol II (3E10),Goat anti-rat Alexa647,2366,250912_mACPOLR2A_Kinetic_pSer2,L,10,465.45920034706273,0.6299104306250819,1261.7567592812015,0.9252578726833492,,120,2.0
188,L11,1574.7999377913297,812.116684018432,310.105243262729,2040.6310360993905,HCT116 OsTIRF74G mAC-POLR2A Clone 5,5PhIAA,10,60,pSer2 Pol II (3E10),Goat anti-rat Alexa647,2133,250912_mACPOLR2A_Kinetic_pSer2,L,11,542.2885891745013,0.7338843844428778,1383.4246355303633,1.0144780488576632,,60,1.0
189,L12,1605.8859695238784,264.0503778690245,287.66382291411355,1680.7282533054977,HCT116 OsTIRF74G,Vehicle,0,480,pSer2 Pol II (3E10),Goat anti-rat Alexa647,2874,250912_mACPOLR2A_Kinetic_pSer2,L,12,-5.777716974906184,-0.007819040175764713,1414.510667262912,1.0372737227301858,,0,0.0
200,M03,1773.1689304080735,266.1896767540418,284.4879247101109,1682.6987261146496,HCT116 OsTIRF74G,Vehicle,0,480,pSer2 Pol II (3E10),Goat anti-rat Alexa647,1570,250912_mACPOLR2A_Kinetic_pSer2,M,03,-3.638418089888887,-0.004923906336123752,1581.793628147107,1.159943861317006,,0,0.0
201,M04,1496.0079610317803,982.4916043501759,290.1887981334094,2005.1782583284628,HCT116 OsTIRF74G mAC-POLR2A Clone 5,Vehicle,0,480,pSer2 Pol II (3E10),Goat anti-rat Alexa647,1711,250912_mACPOLR2A_Kinetic_pSer2,M,04,712.6635095062452,0.9644544093856882,1304.6326587708138,0.9566991653567039,,0,0.0
202,M05,1136.18020886826,420.7470863537332,293.807059103668,2023.861617312073,HCT116 OsTIRF74G mAC-POLR2A Clone 5,5PhIAA,10000,240,pSer2 Pol II (3E10),Goat anti-rat Alexa647,1756,250912_mACPOLR2A_Kinetic_pSer2,M,05,150.91899150980254,0.20424012858819562,944.8049066072936,0.6928341548859727,,240,4.0
203,M06,1293.3069775281203,517.1088915093289,287.0976549749479,2038.031568722681,HCT116 OsTIRF74G mAC-POLR2A Clone 5,5PhIAA,10000,120,pSer2 Pol II (3E10),Goat anti-rat Alexa647,2059,250912_mACPOLR2A_Kinetic_pSer2,M,06,247.28079666539827,0.3346474900413842,1101.9316752671539,0.8080566640125755,,120,2.0
204,M07,1316.5662675469732,577.6789076095042,289.5000319003548,2117.6311224489796,HCT116 OsTIRF74G mAC-POLR2A Clone 5,5PhIAA,10000,60,pSer2 Pol II (3E10),Goat anti-rat Alexa647,1960,250912_mACPOLR2A_Kinetic_pSer2,M,07,307.85081276557355,0.4166174777356458,1125.1909652860068,0.8251129159760909,,60,1.0
205,M08,1582.186314729107,1018.5141135665225,303.77380907546336,1972.792100932529,HCT116 OsTIRF74G mAC-POLR2A Clone 5,Vehicle,0,480,pSer2 Pol II (3E10),Goat anti-rat Alexa647,1823,250912_mACPOLR2A_Kinetic_pSer2,M,08,748.6860187225918,1.0132040189663898,1390.8110124681405,1.0198945472136367,,0,0.0
206,M09,1179.9188638912422,428.3338234935328,306.5697764279808,1893.143310082435,HCT116 OsTIRF74G mAC-POLR2A Clone 5,5PhIAA,10000,240,pSer2 Pol II (3E10),Goat anti-rat Alexa647,1577,250912_mACPOLR2A_Kinetic_pSer2,M,09,158.50572864960213,0.2145073332222583,988.5435616302757,0.724908114151822,,240,4.0
207,M10,1242.8282189280642,477.52500870939156,296.05030451298865,2045.833836858006,HCT116 OsTIRF74G mAC-POLR2A Clone 5,5PhIAA,10000,120,pSer2 Pol II (3E10),Goat anti-rat Alexa647,1986,250912_mACPOLR2A_Kinetic_pSer2,M,10,207.69691386546089,0.28107823919892705,1051.4529166670977,0.7710401246087433,,120,2.0
208,M11,1345.7594889678169,601.0333537522412,298.1896507120301,2211.9206500956025,HCT116 OsTIRF74G mAC-POLR2A Clone 5,5PhIAA,10000,60,pSer2 Pol II (3E10),Goat anti-rat Alexa647,2092,250912_mACPOLR2A_Kinetic_pSer2,M,11,331.2052589083105,0.44822327522726807,1154.3841867068504,0.8465205745837703,,60,1.0
209,M12,1753.621231446855,271.39335967068484,298.0656802891407,1635.4493150684932,HCT116 OsTIRF74G,Vehicle,0,480,pSer2 Pol II (3E10),Goat anti-rat Alexa647,2190,250912_mACPOLR2A_Kinetic_pSer2,M,12,1.5652648267541736,0.002118288005324284,1562.2459291858886,1.145609353319589,,0,0.0
220,N03,1790.3280276669047,268.3975992855761,296.34179385802395,1698.6520127118645,HCT116 OsTIRF74G,Vehicle,0,480,pSer2 Pol II (3E10),Goat anti-rat Alexa647,1888,250912_mACPOLR2A_Kinetic_pSer2,N,03,-1.4304955583545507,-0.0019359034529739707,1598.9527254059383,1.1725267856485686,,0,0.0
221,N04,1761.315053455097,269.72281210069065,287.5948144995595,1701.872110181997,HCT116 OsTIRF74G,Vehicle,0,480,pSer2 Pol II (3E10),Goat anti-rat Alexa647,2033,250912_mACPOLR2A_Kinetic_pSer2,N,04,-0.10528274324002496,-0.00014248015310958404,1569.9397511941306,1.1512513039822554,,0,0.0
222,N05,1883.7137628383025,269.401910533212,286.246689166416,1699.1182136602451,HCT116 OsTIRF74G,Vehicle,0,480,pSer2 Pol II (3E10),Goat anti-rat Alexa647,1142,250912_mACPOLR2A_Kinetic_pSer2,N,05,-0.4261843107186678,-0.0005767593432255245,1692.338460577336,1.241007406836508,,0,0.0
223,N06,1788.884451718996,271.95110254312726,283.2824269779581,1707.4543624161074,HCT116 OsTIRF74G,Vehicle,0,480,pSer2 Pol II (3E10),Goat anti-rat Alexa647,1490,250912_mACPOLR2A_Kinetic_pSer2,N,06,2.1230076991965916,0.0028730868205508625,1597.5091494580295,1.1714681980873813,,0,0.0
224,N07,1851.9925401301273,269.0256566035247,283.31550716969974,1716.575,HCT116 OsTIRF74G,Vehicle,0,480,pSer2 Pol II (3E10),Goat anti-rat Alexa647,1240,250912_mACPOLR2A_Kinetic_pSer2,N,07,-0.8024382404059907,-0.0010859474196390976,1660.6172378691608,1.2177459415612188,,0,0.0
225,N08,1790.830916322439,268.1889270889058,289.6817365718222,1653.7963898916967,HCT116 OsTIRF74G,Vehicle,0,480,pSer2 Pol II (3E10),Goat anti-rat Alexa647,1385,250912_mACPOLR2A_Kinetic_pSer2,N,08,-1.6391677550248573,-0.0022183015518106998,1599.4556140614725,1.172895558539376,,0,0.0
227,N10,1811.7017947028496,273.1009489643924,295.9625346483989,1672.7975384615384,HCT116 OsTIRF74G,Vehicle,0,480,pSer2 Pol II (3E10),Goat anti-rat Alexa647,1625,250912_mACPOLR2A_Kinetic_pSer2,N,10,3.272854120461716,0.004429185086159878,1620.3264924418831,1.1882003662126814,,0,0.0
229,N12,1837.8694822319765,269.68717195698275,292.37438183825276,1654.7054896142433,HCT116 OsTIRF74G,Vehicle,0,480,pSer2 Pol II (3E10),Goat anti-rat Alexa647,1348,250912_mACPOLR2A_Kinetic_pSer2,N,12,-0.14092288694791932,-0.0001907123037553119,1646.49417997101,1.2073893729036664,,0,0.0
0,C03,1070.4114720201715,224.79536947862564,416.7627797554265,1793.7128712871288,HCT116 OsTIRF74G,Vehicle,0,480,pSer2 Pol II (3E10),Goat anti-rat Alexa568,3030,260522_mACPOLR2A_Kinetic_pSer2,C,03,-15.690447366299537,-0.036634637661243225,921.2512371656331,1.1175667738921813,2443.855820503874,0,0.0
1,C04,1156.2459991143344,244.4727939447165,457.37594488097284,1736.8157594213933,HCT116 OsTIRF74G,Vehicle,0,480,pSer2 Pol II (3E10),Goat anti-rat Alexa568,2627,260522_mACPOLR2A_Kinetic_pSer2,C,04,3.986977099791318,0.009308941804186219,1007.0857642597961,1.2216923496996177,2484.863721239369,0,0.0
2,C05,1155.9705829355019,244.9848747625888,459.78073053582585,1748.3550512445095,HCT116 OsTIRF74G,Vehicle,0,480,pSer2 Pol II (3E10),Goat anti-rat Alexa568,2732,260522_mACPOLR2A_Kinetic_pSer2,C,05,4.499057917663606,0.010504567064452379,1006.8103480809635,1.2213582432604204,2482.6857985934325,0,0.0
3,C06,1095.9501664859706,245.77554823516024,438.6592200938705,1712.2979452054794,HCT116 OsTIRF74G,Vehicle,0,480,pSer2 Pol II (3E10),Goat anti-rat Alexa568,2920,260522_mACPOLR2A_Kinetic_pSer2,C,06,5.289731390235062,0.012350660773560151,946.7899316314323,1.14854767815818,2442.9750758212977,0,0.0
4,C07,1141.2190655180439,247.27479148158653,449.4760183150152,1789.3352803738317,HCT116 OsTIRF74G,Vehicle,0,480,pSer2 Pol II (3E10),Goat anti-rat Alexa568,2568,260522_mACPOLR2A_Kinetic_pSer2,C,07,6.788974636661351,0.015851149435015477,992.0588306635055,1.2034632271506305,2449.5907434850037,0,0.0
5,C08,1065.1891186230655,245.60875395339627,412.98288858103103,1753.2623211446742,HCT116 OsTIRF74G,Vehicle,0,480,pSer2 Pol II (3E10),Goat anti-rat Alexa568,3145,260522_mACPOLR2A_Kinetic_pSer2,C,08,5.122937108471092,0.01196122330669005,916.0288837685272,1.1112315545701592,2355.355171447967,0,0.0
6,C09,1119.0368933591124,244.00931062877618,448.5623658621188,1685.5243949289281,HCT116 OsTIRF74G,Vehicle,0,480,pSer2 Pol II (3E10),Goat anti-rat Alexa568,2603,260522_mACPOLR2A_Kinetic_pSer2,C,09,3.523493783850995,0.008226783791408681,969.876658504574,1.176554108793462,2388.5443026657017,0,0.0
7,C10,1086.1645900717417,244.04980268764726,421.8540323191823,1716.3577981651376,HCT116 OsTIRF74G,Vehicle,0,480,pSer2 Pol II (3E10),Goat anti-rat Alexa568,2616,260522_mACPOLR2A_Kinetic_pSer2,C,10,3.563985842722076,0.008321326150225416,937.0043552172034,1.1366768283587576,2366.086326402022,0,0.0
8,C11,1071.0989349713268,248.6880746255553,422.72954444782243,1706.6271043771044,HCT116 OsTIRF74G,Vehicle,0,480,pSer2 Pol II (3E10),Goat anti-rat Alexa568,2376,260522_mACPOLR2A_Kinetic_pSer2,C,11,8.202257780630106,0.019150935265420943,921.9387001167885,1.1184007328834948,2334.7056648588923,0,0.0
9,C12,1157.3096816876864,246.69533769206842,459.5732823681711,1737.1661224489796,HCT116 OsTIRF74G,Vehicle,0,480,pSer2 Pol II (3E10),Goat anti-rat Alexa568,2450,260522_mACPOLR2A_Kinetic_pSer2,C,12,6.209520847143239,0.014498219265157814,1008.1494468331481,1.2229826994478619,2431.236645972163,0,0.0
20,D03,1090.0022925662136,243.5690005728619,409.5392686251901,1792.2320675105486,HCT116 OsTIRF74G,Vehicle,0,480,pSer2 Pol II (3E10),Goat anti-rat Alexa568,2844,260522_mACPOLR2A_Kinetic_pSer2,D,03,3.083183727936728,0.0071987315644424345,940.8420577116752,1.141332332333005,2329.5937690286232,0,0.0
21,D04,1062.171673488191,677.4584423702465,433.49078015039674,2269.564825253664,HCT116 OsTIRF74G mAC-POLR2A Clone 5,Vehicle,0,60,pSer2 Pol II (3E10),Goat anti-rat Alexa568,1774,260522_mACPOLR2A_Kinetic_pSer2,D,04,436.97262552532135,1.020259870880769,913.0114386336526,1.1075711020369787,2352.4790262609167,0,0.0
22,D05,1078.437339310299,673.6257723955339,434.16209688394315,2268.2709480122326,HCT116 OsTIRF74G mAC-POLR2A Clone 5,Vehicle,0,120,pSer2 Pol II (3E10),Goat anti-rat Alexa568,1635,260522_mACPOLR2A_Kinetic_pSer2,D,05,433.1399555506087,1.0113112110675189,929.2771044557607,1.1273029264782124,2370.351909680943,0,0.0
23,D06,973.5039223804209,664.0007571992857,398.4206880869545,2462.596252129472,HCT116 OsTIRF74G mAC-POLR2A Clone 5,Vehicle,0,240,pSer2 Pol II (3E10),Goat anti-rat Alexa568,2348,260522_mACPOLR2A_Kinetic_pSer2,D,06,423.5149403543605,0.9888383690913328,824.3436875258826,1.000008551718287,2283.039294974013,0,0.0
24,D07,1052.7799797437053,683.235793962579,412.90897170160036,2285.974403723095,HCT116 OsTIRF74G mAC-POLR2A Clone 5,Vehicle,0,480,pSer2 Pol II (3E10),Goat anti-rat Alexa568,1719,260522_mACPOLR2A_Kinetic_pSer2,D,07,442.7499771176538,1.0337490453629001,903.619744889167,1.0961780699779933,2477.309628767798,0,0.0
25,D08,1085.700196045044,678.6353203095049,415.90681516459455,2360.274496644295,HCT116 OsTIRF74G mAC-POLR2A Clone 5,Vehicle,0,60,pSer2 Pol II (3E10),Goat anti-rat Alexa568,1490,260522_mACPOLR2A_Kinetic_pSer2,D,08,438.1495034645797,1.0230076890831261,936.5399611905058,1.136113473528616,2423.1268655634117,0,0.0
26,D09,943.7746322248832,644.9579008432675,394.07985532592096,2500.5595903165736,HCT116 OsTIRF74G mAC-POLR2A Clone 5,Vehicle,0,120,pSer2 Pol II (3E10),Goat anti-rat Alexa568,2148,260522_mACPOLR2A_Kinetic_pSer2,D,09,404.47208399834227,0.9443764027527428,794.6143973703449,0.9639440499310777,2130.5331244919566,0,0.0
27,D10,981.3766784510437,653.510920127233,407.23154889738896,2414.500466853408,HCT116 OsTIRF74G mAC-POLR2A Clone 5,Vehicle,0,240,pSer2 Pol II (3E10),Goat anti-rat Alexa568,2142,260522_mACPOLR2A_Kinetic_pSer2,D,10,413.02510328230784,0.9643463089678262,832.2164435965054,1.0095589655994726,2271.6409468862175,0,0.0
28,D11,1004.8748088968061,668.9310653794676,426.2767043534845,2469.3171487603304,HCT116 OsTIRF74G mAC-POLR2A Clone 5,Vehicle,0,480,pSer2 Pol II (3E10),Goat anti-rat Alexa568,1936,260522_mACPOLR2A_Kinetic_pSer2,D,11,428.4452485345424,1.0003498352415696,855.7145740422678,1.038064468523478,2305.2429242441654,0,0.0
29,D12,1024.638684654177,247.04690524055997,404.6353425945474,1682.5490399584846,HCT116 OsTIRF74G,Vehicle,0,480,pSer2 Pol II (3E10),Goat anti-rat Alexa568,3854,260522_mACPOLR2A_Kinetic_pSer2,D,12,6.561088395634783,0.015319072198905416,875.4784497996387,1.0620399596584762,2263.233470368772,0,0.0
40,E03,1130.6703826161465,245.15970241581567,416.2409409183975,1780.4929747089523,HCT116 OsTIRF74G,Vehicle,0,480,pSer2 Pol II (3E10),Goat anti-rat Alexa568,2491,260522_mACPOLR2A_Kinetic_pSer2,E,03,4.673885570890491,0.010912761144558004,981.5101477616082,1.1906666554404473,2309.1547251308966,0,0.0
41,E04,992.9139257871608,517.139186185793,416.0227892107013,2384.7994143484625,HCT116 OsTIRF74G mAC-POLR2A Clone 5,5PhIAA,10,60,pSer2 Pol II (3E10),Goat anti-rat Alexa568,2049,260522_mACPOLR2A_Kinetic_pSer2,E,04,276.65336934086787,0.6459405335588637,843.7536909326225,1.0235547614962464,1481.622474080345,60,1.0
42,E05,946.6504547350248,484.17608272871445,409.16260489730104,2370.742158671587,HCT116 OsTIRF74G mAC-POLR2A Clone 5,5PhIAA,10,120,pSer2 Pol II (3E10),Goat anti-rat Alexa568,2168,260522_mACPOLR2A_Kinetic_pSer2,E,05,243.69026588378927,0.5689770587038475,797.4902198804865,0.9674327005350472,1321.5974289034004,120,2.0
43,E06,934.284087209932,472.613242705451,408.4077702715433,2387.398696088265,HCT116 OsTIRF74G mAC-POLR2A Clone 5,5PhIAA,10,240,pSer2 Pol II (3E10),Goat anti-rat Alexa568,1994,260522_mACPOLR2A_Kinetic_pSer2,E,06,232.12742586052582,0.5419797115474496,785.1238523553936,0.952431101728729,1312.6669152992824,240,4.0
44,E07,952.2814878536061,490.14371615733035,403.6062418492619,2428.545913218971,HCT116 OsTIRF74G mAC-POLR2A Clone 5,5PhIAA,10,480,pSer2 Pol II (3E10),Goat anti-rat Alexa568,1982,260522_mACPOLR2A_Kinetic_pSer2,E,07,249.65789931240516,0.5829105102650841,803.1212529990678,0.9742636878511396,1440.7501669739554,480,8.0
45,E08,965.4158415578435,516.3629459034737,401.40260264716994,2341.9973684210527,HCT116 OsTIRF74G mAC-POLR2A Clone 5,5PhIAA,10,60,pSer2 Pol II (3E10),Goat anti-rat Alexa568,2280,260522_mACPOLR2A_Kinetic_pSer2,E,08,275.8771290585485,0.64412813899694,816.2556067033051,0.990196928105518,1472.372364925941,60,1.0
46,E09,911.8273746910107,474.57646208753147,393.0184926892071,2507.178881388621,HCT116 OsTIRF74G mAC-POLR2A Clone 5,5PhIAA,10,120,pSer2 Pol II (3E10),Goat anti-rat Alexa568,2074,260522_mACPOLR2A_Kinetic_pSer2,E,09,234.09064524260629,0.5465635088754037,762.6671398364724,0.9251889393852523,1270.3627364109898,120,2.0
47,E10,913.4377154882492,458.9216105032894,388.6839939382572,2539.7076923076925,HCT116 OsTIRF74G mAC-POLR2A Clone 5,5PhIAA,10,240,pSer2 Pol II (3E10),Goat anti-rat Alexa568,2080,260522_mACPOLR2A_Kinetic_pSer2,E,10,218.43579365836422,0.5100119815645221,764.2774806337109,0.9271424383842589,1329.6237803529777,240,4.0
48,E11,920.8745052940079,479.48261209905615,388.06212282499354,2389.6185220729367,HCT116 OsTIRF74G mAC-POLR2A Clone 5,5PhIAA,10,480,pSer2 Pol II (3E10),Goat anti-rat Alexa568,2084,260522_mACPOLR2A_Kinetic_pSer2,E,11,238.99679525413097,0.5580185696386776,771.7142704394696,0.936163983057465,1449.951283235527,480,8.0
49,E12,1022.1600133460131,241.80665607400533,401.3173944190525,1682.524803469775,HCT116 OsTIRF74G,Vehicle,0,480,pSer2 Pol II (3E10),Goat anti-rat Alexa568,3689,260522_mACPOLR2A_Kinetic_pSer2,E,12,1.3208392290801498,0.003083944353940951,872.9997784914748,1.0590330918403916,2229.0517234276776,0,0.0
60,F03,1084.2047099789438,244.4422311826997,403.10806737448536,1723.8476714100905,HCT116 OsTIRF74G,Vehicle,0,480,pSer2 Pol II (3E10),Goat anti-rat Alexa568,3092,260522_mACPOLR2A_Kinetic_pSer2,F,03,3.956414337774504,0.009237582735430943,935.0444751244055,1.1342993044172296,2264.7760528548556,0,0.0
61,F04,893.1314761656156,444.0672100067417,393.313004936322,2450.8999528079285,HCT116 OsTIRF74G mAC-POLR2A Clone 5,5PhIAA,100,60,pSer2 Pol II (3E10),Goat anti-rat Alexa568,2119,260522_mACPOLR2A_Kinetic_pSer2,F,04,203.5813931618165,0.4753293771006853,743.9712413110773,0.9025090078344142,1069.2283382656688,60,1.0
62,F05,860.4627157084374,395.47560899189915,393.57295167875327,2484.8585260892955,HCT116 OsTIRF74G mAC-POLR2A Clone 5,5PhIAA,100,120,pSer2 Pol II (3E10),Goat anti-rat Alexa568,1859,260522_mACPOLR2A_Kinetic_pSer2,F,05,154.98979214697397,0.3618759072919219,711.302480853899,0.8628786445216743,868.8155276162502,120,2.0
63,F06,802.1894056179507,358.33960046814286,387.11944138532334,2413.552303262956,HCT116 OsTIRF74G mAC-POLR2A Clone 5,5PhIAA,100,240,pSer2 Pol II (3E10),Goat anti-rat Alexa568,2084,260522_mACPOLR2A_Kinetic_pSer2,F,06,117.85378362321768,0.275169379129143,653.0291707634124,0.792187488260969,797.3977005048571,240,4.0
64,F07,852.9636489804745,370.6672771227643,383.4061503562028,2241.637610186092,HCT116 OsTIRF74G mAC-POLR2A Clone 5,5PhIAA,100,480,pSer2 Pol II (3E10),Goat anti-rat Alexa568,2042,260522_mACPOLR2A_Kinetic_pSer2,F,07,130.1814602778391,0.30395249518082595,703.8034141259362,0.853781551923833,947.4885186663488,480,8.0
65,F08,871.6875415423738,451.1607033649218,384.05679652551476,2454.6020922123207,HCT116 OsTIRF74G mAC-POLR2A Clone 5,5PhIAA,100,60,pSer2 Pol II (3E10),Goat anti-rat Alexa568,2581,260522_mACPOLR2A_Kinetic_pSer2,F,08,210.67488651999662,0.49189152812561504,722.5273066878354,0.8764954429460964,1114.855864742989,60,1.0
66,F09,795.2035822758038,389.9477511579319,372.55522649502996,2370.7750103777503,HCT116 OsTIRF74G mAC-POLR2A Clone 5,5PhIAA,100,120,pSer2 Pol II (3E10),Goat anti-rat Alexa568,2409,260522_mACPOLR2A_Kinetic_pSer2,F,09,149.46193431300674,0.3489692600776931,646.0433474212655,0.7837130094863368,885.0849675346363,120,2.0
67,F10,753.6699752921538,338.0132721583493,367.1188258937082,2348.6546644844516,HCT116 OsTIRF74G mAC-POLR2A Clone 5,5PhIAA,100,240,pSer2 Pol II (3E10),Goat anti-rat Alexa568,2444,260522_mACPOLR2A_Kinetic_pSer2,F,10,97.52745531342413,0.2277107149350209,604.5097404376155,0.7333287307008548,782.1579388575052,240,4.0
68,F11,790.2504602440599,348.61060343074115,368.89639681292005,2367.185510887772,HCT116 OsTIRF74G mAC-POLR2A Clone 5,5PhIAA,100,480,pSer2 Pol II (3E10),Goat anti-rat Alexa568,2388,260522_mACPOLR2A_Kinetic_pSer2,F,11,108.12478658581597,0.2524537564989019,641.0902253895216,0.7777043938271156,912.2856526027327,480,8.0
69,F12,1031.4978643899142,231.01528996204067,393.33664826201823,1740.3120872810796,HCT116 OsTIRF74G,Vehicle,0,480,pSer2 Pol II (3E10),Goat anti-rat Alexa568,3483,260522_mACPOLR2A_Kinetic_pSer2,F,12,-9.470526882884513,-0.022112136940131272,882.3376295353759,1.07036080750059,2233.7427971235006,0,0.0
80,G03,1080.3755310703446,244.19488029607186,407.2842787466826,1745.1937931034483,HCT116 OsTIRF74G,Vehicle,0,480,pSer2 Pol II (3E10),Goat anti-rat Alexa568,2900,260522_mACPOLR2A_Kinetic_pSer2,G,03,3.709063451146676,0.008660058723830067,931.2152962158062,1.1296541403763047,2177.3280891675677,0,0.0
81,G04,879.4900109947004,425.20182467198305,392.8207475913236,2529.900437105391,HCT116 OsTIRF74G mAC-POLR2A Clone 5,5PhIAA,1000,60,pSer2 Pol II (3E10),Goat anti-rat Alexa568,2059,260522_mACPOLR2A_Kinetic_pSer2,G,04,184.71600782705787,0.4312817766757899,730.329776140162,0.8859605923672865,1002.0050185205973,60,1.0
82,G05,789.4699317879646,369.4585516556128,395.58128489671986,2464.215996578272,HCT116 OsTIRF74G mAC-POLR2A Clone 5,5PhIAA,1000,120,pSer2 Pol II (3E10),Goat anti-rat Alexa568,2338,260522_mACPOLR2A_Kinetic_pSer2,G,05,128.9727348106876,0.30113031819075997,640.3096969334263,0.776757537385117,774.7527319320101,120,2.0
83,G06,711.296651287471,330.7812297237161,386.11704824466744,2249.0457294028724,HCT116 OsTIRF74G mAC-POLR2A Clone 5,5PhIAA,1000,240,pSer2 Pol II (3E10),Goat anti-rat Alexa568,2646,260522_mACPOLR2A_Kinetic_pSer2,G,06,90.2954128787909,0.2108250743947405,562.1364164329327,0.6819257940245402,679.2612787071063,240,4.0
84,G07,735.7448111372241,328.57826364993736,372.76055621237094,2370.0107962213224,HCT116 OsTIRF74G mAC-POLR2A Clone 5,5PhIAA,1000,480,pSer2 Pol II (3E10),Goat anti-rat Alexa568,2223,260522_mACPOLR2A_Kinetic_pSer2,G,07,88.09244680501217,0.20568150761115495,586.5845762826858,0.7115837744197151,749.6358295941006,480,8.0
85,G08,869.3426659644649,431.18154044916236,387.1075471849113,2344.3297872340427,HCT116 OsTIRF74G mAC-POLR2A Clone 5,5PhIAA,1000,60,pSer2 Pol II (3E10),Goat anti-rat Alexa568,2256,260522_mACPOLR2A_Kinetic_pSer2,G,08,190.69572360423717,0.4452434385519642,720.1824311099266,0.8736508822778853,1037.4692343907564,60,1.0
86,G09,755.2079896740582,357.4621917284704,370.62415015133087,2375.649178832117,HCT116 OsTIRF74G mAC-POLR2A Clone 5,5PhIAA,1000,120,pSer2 Pol II (3E10),Goat anti-rat Alexa568,2192,260522_mACPOLR2A_Kinetic_pSer2,G,09,116.97637488354519,0.2731207727058648,606.0477548195199,0.7351944907689475,757.0266338792865,120,2.0
87,G10,692.2965922975849,306.3065048986281,370.9779887742583,2409.4759194395797,HCT116 OsTIRF74G mAC-POLR2A Clone 5,5PhIAA,1000,240,pSer2 Pol II (3E10),Goat anti-rat Alexa568,2284,260522_mACPOLR2A_Kinetic_pSer2,G,10,65.8206880537029,0.15368058036638477,543.1363574430466,0.6588768864383564,651.265946889068,240,4.0
88,G11,719.6434131056191,321.0249449871257,360.615913018483,2265.989247311828,HCT116 OsTIRF74G mAC-POLR2A Clone 5,5PhIAA,1000,480,pSer2 Pol II (3E10),Goat anti-rat Alexa568,2511,260522_mACPOLR2A_Kinetic_pSer2,G,11,80.53912814220052,0.18804573943373865,570.4831782510807,0.6920512226820401,788.0029794405787,480,8.0
89,G12,953.3702140843369,220.87251034207756,367.3430840365545,1643.8238993710693,HCT116 OsTIRF74G,Vehicle,0,480,pSer2 Pol II (3E10),Goat anti-rat Alexa568,4452,260522_mACPOLR2A_Kinetic_pSer2,G,12,-19.61330650284762,-0.04579387447001689,804.2099792297986,0.9755844179758263,2149.729745405399,0,0.0
100,H03,1069.2336349746574,245.3858560686873,405.93730991842517,1696.4557522123894,HCT116 OsTIRF74G,5PhIAA,10000,480,pSer2 Pol II (3E10),Goat anti-rat Alexa568,2938,260522_mACPOLR2A_Kinetic_pSer2,H,03,4.900039223762121,0.011440793069671478,920.0734001201191,1.116137943738123,2212.3678213493235,480,8.0
101,H04,909.3951467287151,440.17100670028015,391.1917744242044,2339.0241935483873,HCT116 OsTIRF74G mAC-POLR2A Clone 5,5PhIAA,10000,60,pSer2 Pol II (3E10),Goat anti-rat Alexa568,1860,260522_mACPOLR2A_Kinetic_pSer2,H,04,199.68518985535496,0.46623237731128925,760.2349118741768,0.9222384118336627,1015.977203375614,60,1.0
102,H05,787.9784684253274,370.2197330863646,377.8180042611373,2513.5797101449275,HCT116 OsTIRF74G mAC-POLR2A Clone 5,5PhIAA,10000,120,pSer2 Pol II (3E10),Goat anti-rat Alexa568,1932,260522_mACPOLR2A_Kinetic_pSer2,H,05,129.73391624143943,0.30290755278828674,638.8182335707891,0.7749482482017569,743.2590506376953,120,2.0
103,H06,688.384804260373,320.51727806618595,366.2244229921291,2279.6033496732025,HCT116 OsTIRF74G mAC-POLR2A Clone 5,5PhIAA,10000,240,pSer2 Pol II (3E10),Goat anti-rat Alexa568,2448,260522_mACPOLR2A_Kinetic_pSer2,H,06,80.03146122126077,0.18686041990351462,539.2245694058347,0.654131509541662,628.8098359257987,240,4.0
104,H07,681.2068785905907,319.0700555145496,352.11427089290925,2481.029988465975,HCT116 OsTIRF74G mAC-POLR2A Clone 5,5PhIAA,10000,480,pSer2 Pol II (3E10),Goat anti-rat Alexa568,2601,260522_mACPOLR2A_Kinetic_pSer2,H,07,78.58423866962443,0.1834813910870226,532.0466437360524,0.6454239920801964,695.7932276871767,480,8.0
105,H08,864.7122646597228,416.24368007904053,368.14139097484787,2315.426889106968,HCT116 OsTIRF74G mAC-POLR2A Clone 5,5PhIAA,10000,60,pSer2 Pol II (3E10),Goat anti-rat Alexa568,2038,260522_mACPOLR2A_Kinetic_pSer2,H,08,175.75786323411535,0.4103659688840792,715.5520298051845,0.8680337580459682,966.232530271434,60,1.0
106,H09,747.7853705135602,355.93231677154546,379.9784645508817,2338.818181818182,HCT116 OsTIRF74G mAC-POLR2A Clone 5,5PhIAA,10000,120,pSer2 Pol II (3E10),Goat anti-rat Alexa568,2574,260522_mACPOLR2A_Kinetic_pSer2,H,09,115.44649992662028,0.26954876399218514,598.6251356590219,0.7261901364577938,736.952760508599,120,2.0
107,H10,657.8143255215806,304.1603932298013,360.6847717627173,2384.2636363636366,HCT116 OsTIRF74G mAC-POLR2A Clone 5,5PhIAA,10000,240,pSer2 Pol II (3E10),Goat anti-rat Alexa568,2640,260522_mACPOLR2A_Kinetic_pSer2,H,10,63.674576384876104,0.14866975935328208,508.6540906670423,0.6170465647164436,619.5101359654566,240,4.0
108,H11,721.3476942322969,312.49905864547935,368.76998741998176,2278.490631808279,HCT116 OsTIRF74G mAC-POLR2A Clone 5,5PhIAA,10000,480,pSer2 Pol II (3E10),Goat anti-rat Alexa568,2295,260522_mACPOLR2A_Kinetic_pSer2,H,11,72.01324180055417,0.1681391842173452,572.1874593777586,0.6941186803783865,751.1556111343887,480,8.0
109,H12,990.2771276163749,219.15049178963807,372.6730955928767,1648.7779685264663,HCT116 OsTIRF74G,5PhIAA,10000,480,pSer2 Pol II (3E10),Goat anti-rat Alexa568,3495,260522_mACPOLR2A_Kinetic_pSer2,H,12,-21.335325055287115,-0.04981450716721179,841.1168927618365,1.0203560705135386,2198.3162965317215,480,8.0
120,I03,1075.4106071683163,246.13377213069532,396.02339080703996,1745.537655279503,HCT116 OsTIRF74G,Vehicle,0,480,pSer2 Pol II (3E10),Goat anti-rat Alexa568,2576,260522_mACPOLR2A_Kinetic_pSer2,I,03,5.647955285770138,0.013187055192926003,926.250372313778,1.1236312079079793,2132.079006472519,0,0.0
121,I04,992.3727369234334,683.1526246905423,380.70462330844356,2408.3695652173915,HCT116 OsTIRF74G mAC-POLR2A Clone 5,Vehicle,0,60,pSer2 Pol II (3E10),Goat anti-rat Alexa568,2024,260522_mACPOLR2A_Kinetic_pSer2,I,04,442.66680784561714,1.033554858666085,843.2125020688951,1.0228982471078771,2143.3557170243757,0,0.0
122,I05,938.1492658730398,661.1980466644941,386.1105959763424,2413.2210868555503,HCT116 OsTIRF74G mAC-POLR2A Clone 5,Vehicle,0,120,pSer2 Pol II (3E10),Goat anti-rat Alexa568,2153,260522_mACPOLR2A_Kinetic_pSer2,I,05,420.7122298195689,0.982294496726548,788.9890310185015,0.9571199369506346,1999.187673269954,0,0.0
123,I06,897.4749157774737,674.5123454073382,364.5281235389016,2554.9104416013206,HCT116 OsTIRF74G mAC-POLR2A Clone 5,Vehicle,0,240,pSer2 Pol II (3E10),Goat anti-rat Alexa568,2423,260522_mACPOLR2A_Kinetic_pSer2,I,06,434.02652856241303,1.0133812145728012,748.3146809229354,0.9077780198029127,2025.6463221537524,0,0.0
124,I07,930.6567185971319,679.149232751101,362.54179073747827,2433.788124156545,HCT116 OsTIRF74G mAC-POLR2A Clone 5,Vehicle,0,480,pSer2 Pol II (3E10),Goat anti-rat Alexa568,2223,260522_mACPOLR2A_Kinetic_pSer2,I,07,438.66341590617577,1.024207590886303,781.4964837425936,0.9480307530781297,2113.548757705329,0,0.0
125,I08,956.8885095591345,687.0055853168324,377.47147989920296,2376.3105123674914,HCT116 OsTIRF74G mAC-POLR2A Clone 5,Vehicle,0,60,pSer2 Pol II (3E10),Goat anti-rat Alexa568,2264,260522_mACPOLR2A_Kinetic_pSer2,I,08,446.5197684719072,1.0425508938441732,807.7282747045962,0.9798524503699713,2124.8575972402273,0,0.0
126,I09,902.276373488444,664.9967966157981,359.53621255408393,2392.180897887324,HCT116 OsTIRF74G mAC-POLR2A Clone 5,Vehicle,0,120,pSer2 Pol II (3E10),Goat anti-rat Alexa568,2272,260522_mACPOLR2A_Kinetic_pSer2,I,09,424.5109797708729,0.9911639588127975,753.1161386339057,0.9136026519852672,1992.8983344998176,0,0.0
127,I10,915.9392548856857,666.2292943691534,362.69000277907634,2366.3920908708455,HCT116 OsTIRF74G mAC-POLR2A Clone 5,Vehicle,0,240,pSer2 Pol II (3E10),Goat anti-rat Alexa568,2377,260522_mACPOLR2A_Kinetic_pSer2,I,10,425.74347752422824,0.9940416402171818,766.7790200311474,0.9301770474044417,2070.1158743802152,0,0.0
128,I11,859.5729605267624,673.662959934652,351.0319040566194,2145.5362622036264,HCT116 OsTIRF74G mAC-POLR2A Clone 5,Vehicle,0,480,pSer2 Pol II (3E10),Goat anti-rat Alexa568,2868,260522_mACPOLR2A_Kinetic_pSer2,I,11,433.1771430897268,1.011398037911222,710.412725672224,0.8617992855066485,2001.636055522205,0,0.0
129,I12,952.2576347467083,218.46766370795802,362.68389241179295,1677.0609227631915,HCT116 OsTIRF74G,Vehicle,0,480,pSer2 Pol II (3E10),Goat anti-rat Alexa568,3923,260522_mACPOLR2A_Kinetic_pSer2,I,12,-22.018153136967157,-0.05140879946323634,803.09739989217,0.9742347517274768,2042.3453874926727,0,0.0
140,J03,1066.6443907936984,246.27247639007018,386.4199611133059,1740.2154265679783,HCT116 OsTIRF74G,Vehicle,0,480,pSer2 Pol II (3E10),Goat anti-rat Alexa568,2567,260522_mACPOLR2A_Kinetic_pSer2,J,03,5.786659545145,0.01351090703511013,917.4841559391601,1.112996940340357,2100.3842660446985,0,0.0
141,J04,939.7037952884659,536.6437595179023,369.0956283837951,2428.4583333333335,HCT116 OsTIRF74G mAC-POLR2A Clone 5,5PhIAA,10,60,pSer2 Pol II (3E10),Goat anti-rat Alexa568,1896,260522_mACPOLR2A_Kinetic_pSer2,J,04,296.1579426729771,0.6914805337945286,790.5435604339276,0.9590057313502853,1361.1014496631476,60,1.0
142,J05,857.2332179132507,483.23657436281843,369.3646966914034,2381.108460678345,HCT116 OsTIRF74G mAC-POLR2A Clone 5,5PhIAA,10,120,pSer2 Pol II (3E10),Goat anti-rat Alexa568,2683,260522_mACPOLR2A_Kinetic_pSer2,J,05,242.75075751789325,0.5667834597731866,708.0729830587123,0.8589609516202646,1150.5271906143153,120,2.0
143,J06,883.4047677590662,489.03866632613517,356.8993800154877,2447.8702983138783,HCT116 OsTIRF74G mAC-POLR2A Clone 5,5PhIAA,10,240,pSer2 Pol II (3E10),Goat anti-rat Alexa568,2313,260522_mACPOLR2A_Kinetic_pSer2,J,06,248.55284948121,0.5803303989898374,734.2445329045279,0.8907095706168955,1273.4701132771327,240,4.0
144,J07,890.6971038088947,498.3798268908823,350.143343241279,2357.0388692579504,HCT116 OsTIRF74G mAC-POLR2A Clone 5,5PhIAA,10,480,pSer2 Pol II (3E10),Goat anti-rat Alexa568,2264,260522_mACPOLR2A_Kinetic_pSer2,J,07,257.89401004595715,0.6021404866588491,741.5368689543564,0.8995558789251678,1373.5746786426655,480,8.0
145,J08,906.5939564381589,510.01587699194033,357.40775041888696,2272.4271334792124,HCT116 OsTIRF74G mAC-POLR2A Clone 5,5PhIAA,10,60,pSer2 Pol II (3E10),Goat anti-rat Alexa568,2285,260522_mACPOLR2A_Kinetic_pSer2,J,08,269.53006014701515,0.6293087674164721,757.4337215836206,0.9188402973239809,1304.6530765647233,60,1.0
146,J09,885.4221160009052,491.79336385566086,359.96514074294544,2206.6487371375115,HCT116 OsTIRF74G mAC-POLR2A Clone 5,5PhIAA,10,120,pSer2 Pol II (3E10),Goat anti-rat Alexa568,2138,260522_mACPOLR2A_Kinetic_pSer2,J,09,251.30754701073568,0.5867621688115985,736.2618811463669,0.8931568089765263,1204.5776146981254,120,2.0
147,J10,883.8612188269823,483.41524882403695,353.6540206428136,2272.051051051051,HCT116 OsTIRF74G mAC-POLR2A Clone 5,5PhIAA,10,240,pSer2 Pol II (3E10),Goat anti-rat Alexa568,2331,260522_mACPOLR2A_Kinetic_pSer2,J,10,242.92943197911177,0.567200635523071,734.700983972444,0.8912632898704838,1277.0815627958368,240,4.0
148,J11,900.4390600171164,513.6161904579822,366.33139390711614,2284.287145969499,HCT116 OsTIRF74G mAC-POLR2A Clone 5,5PhIAA,10,480,pSer2 Pol II (3E10),Goat anti-rat Alexa568,2295,260522_mACPOLR2A_Kinetic_pSer2,J,11,273.130373613057,0.6377149126471446,751.2788251625781,0.9113738131995548,1431.9743245993236,480,8.0
149,J12,952.6943215165329,220.62304383659938,346.54848169487855,1688.6938479396401,HCT116 OsTIRF74G,Vehicle,0,480,pSer2 Pol II (3E10),Goat anti-rat Alexa568,3446,260522_mACPOLR2A_Kinetic_pSer2,J,12,-19.862773008325803,-0.04637633810686889,803.5340866619946,0.974764494977598,2040.2153150508627,0,0.0
160,K03,1028.2393513374855,244.70395159480668,398.43893273780816,1704.66878342246,HCT116 OsTIRF74G,Vehicle,0,480,pSer2 Pol II (3E10),Goat anti-rat Alexa568,2992,260522_mACPOLR2A_Kinetic_pSer2,K,03,4.2181347498815,0.009848657247346043,879.0791164829471,1.0664079162883162,2145.906013012201,0,0.0
161,K04,939.3614366588849,469.27164851343736,387.5018706007472,2508.8663303909207,HCT116 OsTIRF74G mAC-POLR2A Clone 5,5PhIAA,100,60,pSer2 Pol II (3E10),Goat anti-rat Alexa568,1586,260522_mACPOLR2A_Kinetic_pSer2,K,04,228.78583166851217,0.5341776336603482,790.2012018043466,0.9585904172494846,1126.9537831615212,60,1.0
162,K05,808.1119469852663,401.8503922680844,376.6224325522783,2572.2661808829835,HCT116 OsTIRF74G mAC-POLR2A Clone 5,5PhIAA,100,120,pSer2 Pol II (3E10),Goat anti-rat Alexa568,2333,260522_mACPOLR2A_Kinetic_pSer2,K,05,161.36457542315924,0.3767599873974772,658.951712130728,0.7993721032520735,849.6409246053298,120,2.0
163,K06,751.386723674784,349.8881238082741,360.72275216949754,2426.6301169590643,HCT116 OsTIRF74G mAC-POLR2A Clone 5,5PhIAA,100,240,pSer2 Pol II (3E10),Goat anti-rat Alexa568,2052,260522_mACPOLR2A_Kinetic_pSer2,K,06,109.4023069633489,0.25543655839378576,602.2264888202457,0.7305589258516816,730.7618650565212,240,4.0
164,K07,796.263802361466,369.7498022279538,359.41147346069494,2402.9545661063153,HCT116 OsTIRF74G mAC-POLR2A Clone 5,5PhIAA,100,480,pSer2 Pol II (3E10),Goat anti-rat Alexa568,2201,260522_mACPOLR2A_Kinetic_pSer2,K,07,129.26398538302863,0.3018103408145419,647.1035675069277,0.7849991589024229,904.0959182335731,480,8.0
165,K08,862.2263972107548,449.50296573072603,365.4767170252618,2500.3635637235316,HCT116 OsTIRF74G mAC-POLR2A Clone 5,5PhIAA,100,60,pSer2 Pol II (3E10),Goat anti-rat Alexa568,2503,260522_mACPOLR2A_Kinetic_pSer2,K,08,209.01714888580085,0.48802098089720347,713.0661623562165,0.8650181606137042,1073.2948976140422,60,1.0
166,K09,790.6777295001287,377.58982451261477,358.50399740753664,2314.931651376147,HCT116 OsTIRF74G mAC-POLR2A Clone 5,5PhIAA,100,120,pSer2 Pol II (3E10),Goat anti-rat Alexa568,2180,260522_mACPOLR2A_Kinetic_pSer2,K,09,137.1040076676896,0.3201155152273199,641.5174946455904,0.778222712723009,780.6941487237656,120,2.0
167,K10,737.7649484041548,352.4050608109946,355.16811199524153,2414.6756872852234,HCT116 OsTIRF74G mAC-POLR2A Clone 5,5PhIAA,100,240,pSer2 Pol II (3E10),Goat anti-rat Alexa568,2328,260522_mACPOLR2A_Kinetic_pSer2,K,10,111.91924396606942,0.2613131961312723,588.6047135496165,0.7140343961362937,757.8363137295873,240,4.0
168,K11,689.3516517906625,318.62240772304017,345.1185376499213,2462.326173428799,HCT116 OsTIRF74G mAC-POLR2A Clone 5,5PhIAA,1000,480,pSer2 Pol II (3E10),Goat anti-rat Alexa568,2514,260522_mACPOLR2A_Kinetic_pSer2,K,11,78.13659087811499,0.18243620644321015,540.1914169361241,0.655304389025217,709.6028026189421,480,8.0
169,K12,1022.702030384949,223.91267066601057,364.8471385585303,1632.3916751961788,HCT116 OsTIRF74G,Vehicle,0,480,pSer2 Pol II (3E10),Goat anti-rat Alexa568,2931,260522_mACPOLR2A_Kinetic_pSer2,K,12,-16.573146178914612,-0.03869559554276406,873.5417955304107,1.059690610885318,2115.269135039199,0,0.0
180,L03,1100.5530560208397,244.9345785680617,385.5574384539935,1710.6305555555555,HCT116 OsTIRF74G,Vehicle,0,480,pSer2 Pol II (3E10),Goat anti-rat Alexa568,2160,260522_mACPOLR2A_Kinetic_pSer2,L,03,4.448761723136528,0.010387133646575683,951.3928211663014,1.1541314279546981,2233.73300424942,0,0.0
181,L04,916.7034740377527,452.49386412357615,376.2218407931061,2417.4765886287623,HCT116 OsTIRF74G mAC-POLR2A Clone 5,5PhIAA,1000,60,pSer2 Pol II (3E10),Goat anti-rat Alexa568,1794,260522_mACPOLR2A_Kinetic_pSer2,L,04,212.00804727865096,0.4950042412431766,767.5432391832144,0.9311041190846381,1057.6672959719522,60,1.0
182,L05,788.5524574506215,381.4506387459046,369.98687346726405,2549.4539078156313,HCT116 OsTIRF74G mAC-POLR2A Clone 5,5PhIAA,1000,120,pSer2 Pol II (3E10),Goat anti-rat Alexa568,1996,260522_mACPOLR2A_Kinetic_pSer2,L,05,140.96482190097942,0.329129887297917,639.3922225960832,0.7756445523556825,770.0712308013507,120,2.0
183,L06,657.7033138864753,323.24585004980264,339.53571913352096,2435.551696606786,HCT116 OsTIRF74G mAC-POLR2A Clone 5,5PhIAA,1000,240,pSer2 Pol II (3E10),Goat anti-rat Alexa568,2505,260522_mACPOLR2A_Kinetic_pSer2,L,06,82.76003320487746,0.1932311908330367,508.54307903193694,0.6169118968756807,614.6451924394706,240,4.0
184,L07,714.7068040581338,336.98017235282356,333.4659752754192,2501.0204172214826,HCT116 OsTIRF74G mAC-POLR2A Clone 5,5PhIAA,1000,480,pSer2 Pol II (3E10),Goat anti-rat Alexa568,2253,260522_mACPOLR2A_Kinetic_pSer2,L,07,96.49435550789838,0.22529859524462723,565.5465692035955,0.6860626388684228,740.6213420327774,480,8.0
185,L08,819.4457544383879,426.57495280840084,352.10720439551284,2437.0902712815714,HCT116 OsTIRF74G mAC-POLR2A Clone 5,5PhIAA,1000,60,pSer2 Pol II (3E10),Goat anti-rat Alexa568,2138,260522_mACPOLR2A_Kinetic_pSer2,L,08,186.08913596347566,0.4344878071072847,670.2855195838496,0.813121106911781,947.4498856647415,60,1.0
186,L09,751.4158094245831,367.3293819536694,350.1775461502099,2262.8384879725086,HCT116 OsTIRF74G mAC-POLR2A Clone 5,5PhIAA,1000,120,pSer2 Pol II (3E10),Goat anti-rat Alexa568,2328,260522_mACPOLR2A_Kinetic_pSer2,L,09,126.8435651087442,0.2961590539094414,602.2555745700448,0.7305942096768293,729.6865936258125,120,2.0
187,L10,659.5774312440141,319.73572802941203,346.8186498282883,2464.947156291984,HCT116 OsTIRF74G mAC-POLR2A Clone 5,5PhIAA,1000,240,pSer2 Pol II (3E10),Goat anti-rat Alexa568,2233,260522_mACPOLR2A_Kinetic_pSer2,L,10,79.24991118448685,0.18503562793022518,510.41719638947575,0.6191853823318347,602.8624854382975,240,4.0
188,L11,805.9252398269882,371.95653907518357,355.31237858875517,2296.8085210577865,HCT116 OsTIRF74G mAC-POLR2A Clone 5,5PhIAA,100,480,pSer2 Pol II (3E10),Goat anti-rat Alexa568,2042,260522_mACPOLR2A_Kinetic_pSer2,L,11,131.4707222302584,0.3069627117396446,656.7650049724499,0.7967194161611532,888.0083848326977,480,8.0
189,L12,1004.5520753701602,233.47693810629772,363.87411790305384,1709.45873015873,HCT116 OsTIRF74G,Vehicle,0,480,pSer2 Pol II (3E10),Goat anti-rat Alexa568,3150,260522_mACPOLR2A_Kinetic_pSer2,L,12,-7.008878738627459,-0.016364589677200836,855.3918405156219,1.0376729615689686,2065.905856362963,0,0.0
200,M03,1055.3049236070663,244.76432048911303,378.4627617955115,1713.5198675496688,HCT116 OsTIRF74G,5PhIAA,10000,480,pSer2 Pol II (3E10),Goat anti-rat Alexa568,2416,260522_mACPOLR2A_Kinetic_pSer2,M,03,4.27850364418785,0.009989608777744926,906.1446887525279,1.0992410708769844,2150.1726337424907,480,8.0
201,M04,914.5652134435879,438.1454338315116,372.42986461791287,2282.1934853420194,HCT116 OsTIRF74G mAC-POLR2A Clone 5,5PhIAA,10000,60,pSer2 Pol II (3E10),Goat anti-rat Alexa568,1535,260522_mACPOLR2A_Kinetic_pSer2,M,04,197.6596169865864,0.4615029947531371,765.4049785890496,0.9285102023575207,980.3893359478911,60,1.0
202,M05,774.8857954868927,372.43051575449016,368.1342951643093,2405.872911392405,HCT116 OsTIRF74G mAC-POLR2A Clone 5,5PhIAA,10000,120,pSer2 Pol II (3E10),Goat anti-rat Alexa568,1975,260522_mACPOLR2A_Kinetic_pSer2,M,05,131.94469890956498,0.308069370045868,625.7255606323544,0.7590655707440318,733.7678014512703,120,2.0
203,M06,706.4535350277246,328.1524156599141,361.3509798686712,2372.4961685823755,HCT116 OsTIRF74G mAC-POLR2A Clone 5,5PhIAA,10000,240,pSer2 Pol II (3E10),Goat anti-rat Alexa568,2088,260522_mACPOLR2A_Kinetic_pSer2,M,06,87.6665988149889,0.20468722195128403,557.2933001731863,0.6760506259969324,640.3302743429706,240,4.0
204,M07,736.1448797157543,334.25853148946845,360.59083503156353,2395.265019651881,HCT116 OsTIRF74G mAC-POLR2A Clone 5,5PhIAA,10000,480,pSer2 Pol II (3E10),Goat anti-rat Alexa568,1781,260522_mACPOLR2A_Kinetic_pSer2,M,07,93.77271464454327,0.2189440073514101,586.984644861216,0.7120690962652728,738.1930638465262,480,8.0
205,M08,856.5792254731198,413.12444311336884,361.1945148862055,2438.3015789473684,HCT116 OsTIRF74G mAC-POLR2A Clone 5,5PhIAA,10000,60,pSer2 Pol II (3E10),Goat anti-rat Alexa568,1900,260522_mACPOLR2A_Kinetic_pSer2,M,08,172.63862626844366,0.4030830588848159,707.4189906185815,0.8581675955931773,918.2915743094039,60,1.0
206,M09,728.9017249066846,359.1979061107709,345.83816151310936,2545.3382006594443,HCT116 OsTIRF74G mAC-POLR2A Clone 5,5PhIAA,10000,120,pSer2 Pol II (3E10),Goat anti-rat Alexa568,2123,260522_mACPOLR2A_Kinetic_pSer2,M,09,118.71208926584569,0.277173382933892,579.7414900521463,0.7032824495545686,682.0976871449319,120,2.0
207,M10,712.5822118444012,333.82815550085303,358.2422905890071,2368.721433400947,HCT116 OsTIRF74G mAC-POLR2A Clone 5,5PhIAA,10000,240,pSer2 Pol II (3E10),Goat anti-rat Alexa568,1479,260522_mACPOLR2A_Kinetic_pSer2,M,10,93.34233865592785,0.217939149552716,563.4219769898629,0.6834853032075853,635.7347094740629,240,4.0
208,M11,702.5066705093019,333.4480274927085,343.57980739137565,2430.539168017288,HCT116 OsTIRF74G mAC-POLR2A Clone 5,5PhIAA,10000,480,pSer2 Pol II (3E10),Goat anti-rat Alexa568,1851,260522_mACPOLR2A_Kinetic_pSer2,M,11,92.96221064778331,0.2170516125999344,553.3464356547636,0.6712626979389861,688.9507657828686,480,8.0
209,M12,1009.8322701501036,243.33420098224354,365.064702950796,1766.6793969849246,HCT116 OsTIRF74G,5PhIAA,10000,480,pSer2 Pol II (3E10),Goat anti-rat Alexa568,2985,260522_mACPOLR2A_Kinetic_pSer2,M,12,2.8483841373183623,0.0066505127836454445,860.6720352955653,1.0440783480777551,2049.808998875027,480,8.0
220,N03,1073.0372824258882,241.19624127386086,373.6816857287952,1783.3346686088857,HCT116 OsTIRF74G,Vehicle,0,480,pSer2 Pol II (3E10),Goat anti-rat Alexa568,2746,260522_mACPOLR2A_Kinetic_pSer2,N,03,0.7104244289356814,0.0016587252697239298,923.8770475713499,1.1207521356540802,2215.4754647959976,0,0.0
221,N04,1068.124786959243,244.14136024467965,372.2239745259381,1803.8363238512036,HCT116 OsTIRF74G,Vehicle,0,480,pSer2 Pol II (3E10),Goat anti-rat Alexa568,2285,260522_mACPOLR2A_Kinetic_pSer2,N,04,3.655543399754464,0.008535098125537884,918.9645521047047,1.114792803944188,2173.4294724856463,0,0.0
222,N05,1096.2992282230173,243.67971486447954,371.43256784722763,1722.8560541913632,HCT116 OsTIRF74G,Vehicle,0,480,pSer2 Pol II (3E10),Goat anti-rat Alexa568,2362,260522_mACPOLR2A_Kinetic_pSer2,N,05,3.1938980195543536,0.00745723139320095,947.138993368479,1.1489711237760774,2239.446004139371,0,0.0
223,N06,1032.764028510458,242.0317902621569,355.9375608365546,1738.760917838638,HCT116 OsTIRF74G,Vehicle,0,480,pSer2 Pol II (3E10),Goat anti-rat Alexa568,2702,260522_mACPOLR2A_Kinetic_pSer2,N,06,1.5459734172317212,0.003609595995066601,883.6037936559197,1.071896786931964,2108.3899985345934,0,0.0
224,N07,964.6209030322748,243.23943098464775,343.4795560868912,1736.9054640069385,HCT116 OsTIRF74G,Vehicle,0,480,pSer2 Pol II (3E10),Goat anti-rat Alexa568,3459,260522_mACPOLR2A_Kinetic_pSer2,N,07,2.753614139722572,0.006429240283121613,815.4606681777365,0.9892325908567609,2155.995013565549,0,0.0
225,N08,1043.1943283264097,240.1134706651623,366.52262360333077,1790.5630089181852,HCT116 OsTIRF74G,Vehicle,0,480,pSer2 Pol II (3E10),Goat anti-rat Alexa568,2579,260522_mACPOLR2A_Kinetic_pSer2,N,08,-0.37234617976287154,-0.0008693676516489279,894.0340934718714,1.0845497485191902,2098.7687018581987,0,0.0
226,N09,1052.160710014905,242.2736054785486,375.6703523029674,1832.5088676671214,HCT116 OsTIRF74G,Vehicle,0,480,pSer2 Pol II (3E10),Goat anti-rat Alexa568,2199,260522_mACPOLR2A_Kinetic_pSer2,N,09,1.7877886336234212,0.0041741951187673244,903.0004751603666,1.0954268359551074,2186.166805866407,0,0.0
227,N10,1068.267343116185,242.3709084072943,379.20887030491406,1670.0190114068441,HCT116 OsTIRF74G,Vehicle,0,480,pSer2 Pol II (3E10),Goat anti-rat Alexa568,2367,260522_mACPOLR2A_Kinetic_pSer2,N,10,1.8850915623691264,0.004401381600755911,919.1071082616467,1.1149657383381781,2207.256099917176,0,0.0
