,EXPERIMENT,WELL,CELL,DRUG,DRUG_CONCENTRATION,TIME_MINUTES,TIME_IN_AUXIN_HRS,PRIMARY,SECONDARY,TotalNumberCells,GFP_488_Intensity,GFP_Intensity_BGS,GFP_Intensity_FC
0,250905_mACPOLR2A_Kinetic_pSer2,C03,HCT116 OsTIRF74G,Vehicle,0,480,0.0,Total Pol II (F12),Goat anti-mouse Alexa647,1093,275.54706372969923,15.30470548045082,0.024013382615985502
1,250905_mACPOLR2A_Kinetic_pSer2,C04,HCT116 OsTIRF74G,Vehicle,0,480,0.0,Total Pol II (F12),Goat anti-mouse Alexa647,1407,271.6190389126815,11.376680663433092,0.017850234754263
2,250905_mACPOLR2A_Kinetic_pSer2,C05,HCT116 OsTIRF74G,Vehicle,0,480,0.0,Total Pol II (F12),Goat anti-mouse Alexa647,1406,272.1624857781509,11.92012752890247,0.018702913528685892
3,250905_mACPOLR2A_Kinetic_pSer2,C06,HCT116 OsTIRF74G,Vehicle,0,480,0.0,Total Pol II (F12),Goat anti-mouse Alexa647,4,259.0146472162097,-1.2277110330387018,-0.001926302653512856
4,250905_mACPOLR2A_Kinetic_pSer2,C12,HCT116 OsTIRF74G,Vehicle,0,480,0.0,Total Pol II (F12),Goat anti-mouse Alexa647,1819,259.53717048739577,-0.7051877618526419,-0.0011064534082742207
5,250905_mACPOLR2A_Kinetic_pSer2,C13,HCT116 OsTIRF74G,Vehicle,0,480,0.0,pSer2 Pol II (3E10),Goat anti-rat Alexa647,1201,258.0332006314005,-2.209157617847893,-0.0034662115650746844
6,250905_mACPOLR2A_Kinetic_pSer2,C14,HCT116 OsTIRF74G,Vehicle,0,480,0.0,pSer2 Pol II (3E10),Goat anti-rat Alexa647,1562,257.9859189103405,-2.25643933890791,-0.0035403975113515837
7,250905_mACPOLR2A_Kinetic_pSer2,C15,HCT116 OsTIRF74G,Vehicle,0,480,0.0,pSer2 Pol II (3E10),Goat anti-rat Alexa647,1360,254.88533918434305,-5.357019064905359,-0.00840526782112974
8,250905_mACPOLR2A_Kinetic_pSer2,C16,HCT116 OsTIRF74G,Vehicle,0,480,0.0,pSer2 Pol II (3E10),Goat anti-rat Alexa647,2025,254.41471954505704,-5.827638704191372,-0.009143679251471045
9,250905_mACPOLR2A_Kinetic_pSer2,D03,HCT116 OsTIRF74G,Vehicle,0,480,0.0,Total Pol II (F12),Goat anti-mouse Alexa647,1751,271.4893327999883,11.246974550739878,0.01764672332336923
10,250905_mACPOLR2A_Kinetic_pSer2,D04,HCT116 OsTIRF74G mAC-POLR2A Clone 5,Vehicle,0,60,0.0,Total Pol II (F12),Goat anti-mouse Alexa647,3838,945.7652556201078,685.5228973708595,1.0755988507986962
11,250905_mACPOLR2A_Kinetic_pSer2,D05,HCT116 OsTIRF74G mAC-POLR2A Clone 5,Vehicle,0,120,0.0,Total Pol II (F12),Goat anti-mouse Alexa647,3668,954.0250072058177,693.7826489565693,1.0885585627901486
12,250905_mACPOLR2A_Kinetic_pSer2,D06,HCT116 OsTIRF74G mAC-POLR2A Clone 5,Vehicle,0,240,0.0,Total Pol II (F12),Goat anti-mouse Alexa647,3873,947.0677623609596,686.8254041117111,1.0776425093825168
13,250905_mACPOLR2A_Kinetic_pSer2,D07,HCT116 OsTIRF74G mAC-POLR2A Clone 5,Vehicle,10,480,0.0,Total Pol II (F12),Goat anti-mouse Alexa647,3563,654.6884288542891,394.4460706050407,0.618893609348428
14,250905_mACPOLR2A_Kinetic_pSer2,D08,HCT116 OsTIRF74G mAC-POLR2A Clone 5,Vehicle,0,60,0.0,Total Pol II (F12),Goat anti-mouse Alexa647,3446,878.2847181769259,618.0423599276776,0.9697205660564451
15,250905_mACPOLR2A_Kinetic_pSer2,D09,HCT116 OsTIRF74G mAC-POLR2A Clone 5,Vehicle,0,120,0.0,Total Pol II (F12),Goat anti-mouse Alexa647,3567,912.1070714791866,651.8647132299382,1.0227885007421311
16,250905_mACPOLR2A_Kinetic_pSer2,D10,HCT116 OsTIRF74G mAC-POLR2A Clone 5,Vehicle,0,240,0.0,Total Pol II (F12),Goat anti-mouse Alexa647,3309,885.0246513711513,624.782293121903,0.9802956532285472
17,250905_mACPOLR2A_Kinetic_pSer2,D11,HCT116 OsTIRF74G mAC-POLR2A Clone 5,Vehicle,10,480,0.0,Total Pol II (F12),Goat anti-mouse Alexa647,2929,640.7361176110888,380.49375936184043,0.5970021597750765
18,250905_mACPOLR2A_Kinetic_pSer2,D12,HCT116 OsTIRF74G,Vehicle,0,480,0.0,Total Pol II (F12),Goat anti-mouse Alexa647,1227,263.8334551355617,3.5910968863132666,0.005634501340275024
19,250905_mACPOLR2A_Kinetic_pSer2,D13,HCT116 OsTIRF74G,Vehicle,0,480,0.0,pSer2 Pol II (3E10),Goat anti-rat Alexa647,1970,255.37422020059287,-4.868138048655538,-0.007638203932713577
20,250905_mACPOLR2A_Kinetic_pSer2,D14,HCT116 OsTIRF74G mAC-POLR2A Clone 5,Vehicle,0,60,0.0,pSer2 Pol II (3E10),Goat anti-rat Alexa647,3416,877.9089511055573,617.6665928563089,0.9691309801626956
21,250905_mACPOLR2A_Kinetic_pSer2,D15,HCT116 OsTIRF74G mAC-POLR2A Clone 5,Vehicle,0,120,0.0,pSer2 Pol II (3E10),Goat anti-rat Alexa647,3700,880.8716726832007,620.6293144339522,0.973779548337984
22,250905_mACPOLR2A_Kinetic_pSer2,D16,HCT116 OsTIRF74G mAC-POLR2A Clone 5,Vehicle,0,240,0.0,pSer2 Pol II (3E10),Goat anti-rat Alexa647,3340,853.2474395686636,593.0050813194152,0.9304365856066937
23,250905_mACPOLR2A_Kinetic_pSer2,D17,HCT116 OsTIRF74G mAC-POLR2A Clone 5,Vehicle,0,480,0.0,pSer2 Pol II (3E10),Goat anti-rat Alexa647,3274,869.5557048414837,609.3133465922353,0.9560245731899533
24,250905_mACPOLR2A_Kinetic_pSer2,D18,HCT116 OsTIRF74G mAC-POLR2A Clone 5,Vehicle,0,60,0.0,pSer2 Pol II (3E10),Goat anti-rat Alexa647,3257,868.7795985530018,608.5372403037534,0.9548068472245764
25,250905_mACPOLR2A_Kinetic_pSer2,D19,HCT116 OsTIRF74G mAC-POLR2A Clone 5,Vehicle,0,120,0.0,pSer2 Pol II (3E10),Goat anti-rat Alexa647,2841,877.4649174256006,617.2225591763522,0.9684342826231838
26,250905_mACPOLR2A_Kinetic_pSer2,D20,HCT116 OsTIRF74G mAC-POLR2A Clone 5,Vehicle,0,240,0.0,pSer2 Pol II (3E10),Goat anti-rat Alexa647,2461,868.9932531377451,608.7508948884968,0.9551420754521078
27,250905_mACPOLR2A_Kinetic_pSer2,D21,HCT116 OsTIRF74G mAC-POLR2A Clone 5,Vehicle,0,480,0.0,pSer2 Pol II (3E10),Goat anti-rat Alexa647,2814,870.298879382914,610.0565211336657,0.9571906285992926
28,250905_mACPOLR2A_Kinetic_pSer2,D22,HCT116 OsTIRF74G,Vehicle,0,480,0.0,pSer2 Pol II (3E10),Goat anti-rat Alexa647,1278,252.4986553370627,-7.743702912185711,-0.012150021516739384
29,250905_mACPOLR2A_Kinetic_pSer2,E03,HCT116 OsTIRF74G,Vehicle,0,480,0.0,Total Pol II (F12),Goat anti-mouse Alexa647,2009,268.71455760678157,8.472199357533157,0.013293046705878686
30,250905_mACPOLR2A_Kinetic_pSer2,E04,HCT116 OsTIRF74G mAC-POLR2A Clone 5,5PhIAA,10,60,1.0,Total Pol II (F12),Goat anti-mouse Alexa647,3652,797.1879915063496,536.9456332571012,0.8424782137660316
31,250905_mACPOLR2A_Kinetic_pSer2,E05,HCT116 OsTIRF74G mAC-POLR2A Clone 5,5PhIAA,10,120,2.0,Total Pol II (F12),Goat anti-mouse Alexa647,4109,732.7593720049415,472.5170137556931,0.7413884480411517
32,250905_mACPOLR2A_Kinetic_pSer2,E06,HCT116 OsTIRF74G mAC-POLR2A Clone 5,5PhIAA,10,240,4.0,Total Pol II (F12),Goat anti-mouse Alexa647,2936,677.6590660141177,417.4167077648693,0.6549349888938572
33,250905_mACPOLR2A_Kinetic_pSer2,E07,HCT116 OsTIRF74G mAC-POLR2A Clone 5,5PhIAA,0,480,0.0,Total Pol II (F12),Goat anti-mouse Alexa647,3917,933.6464795933653,673.4041213441169,1.0565842538866994
34,250905_mACPOLR2A_Kinetic_pSer2,E08,HCT116 OsTIRF74G mAC-POLR2A Clone 5,5PhIAA,10,60,1.0,Total Pol II (F12),Goat anti-mouse Alexa647,3739,778.8715721204479,518.6292138711995,0.8137393930529945
35,250905_mACPOLR2A_Kinetic_pSer2,E09,HCT116 OsTIRF74G mAC-POLR2A Clone 5,5PhIAA,10,120,2.0,Total Pol II (F12),Goat anti-mouse Alexa647,3954,706.067340797212,445.82498254796354,0.6995081283572636
36,250905_mACPOLR2A_Kinetic_pSer2,E10,HCT116 OsTIRF74G mAC-POLR2A Clone 5,5PhIAA,10,240,4.0,Total Pol II (F12),Goat anti-mouse Alexa647,3624,653.754430509106,393.5120722598576,0.6174281476540342
37,250905_mACPOLR2A_Kinetic_pSer2,E11,HCT116 OsTIRF74G mAC-POLR2A Clone 5,5PhIAA,0,480,0.0,Total Pol II (F12),Goat anti-mouse Alexa647,2940,909.7480505135586,649.5056922643103,1.0190871506495656
38,250905_mACPOLR2A_Kinetic_pSer2,E12,HCT116 OsTIRF74G,Vehicle,0,480,0.0,Total Pol II (F12),Goat anti-mouse Alexa647,1543,254.49412961290054,-5.748228636347875,-0.009019083299910724
39,250905_mACPOLR2A_Kinetic_pSer2,E13,HCT116 OsTIRF74G,Vehicle,0,480,0.0,pSer2 Pol II (3E10),Goat anti-rat Alexa647,1716,255.52171089537617,-4.720647353872238,-0.0074067881442390505
40,250905_mACPOLR2A_Kinetic_pSer2,E14,HCT116 OsTIRF74G mAC-POLR2A Clone 5,5PhIAA,10,60,1.0,pSer2 Pol II (3E10),Goat anti-rat Alexa647,3850,748.4186068782467,488.1762486289983,0.7659580942173932
41,250905_mACPOLR2A_Kinetic_pSer2,E15,HCT116 OsTIRF74G mAC-POLR2A Clone 5,5PhIAA,10,120,2.0,pSer2 Pol II (3E10),Goat anti-rat Alexa647,4165,666.8739381725246,406.6315799232762,0.6380129121016376
42,250905_mACPOLR2A_Kinetic_pSer2,E16,HCT116 OsTIRF74G mAC-POLR2A Clone 5,5PhIAA,10,240,4.0,pSer2 Pol II (3E10),Goat anti-rat Alexa647,4021,628.6055578075274,368.36319955827895,0.5779690738864851
43,250905_mACPOLR2A_Kinetic_pSer2,E17,HCT116 OsTIRF74G mAC-POLR2A Clone 5,5PhIAA,10,480,8.0,pSer2 Pol II (3E10),Goat anti-rat Alexa647,3664,622.5573128755115,362.31495462626305,0.568479259143352
44,250905_mACPOLR2A_Kinetic_pSer2,E18,HCT116 OsTIRF74G mAC-POLR2A Clone 5,5PhIAA,10,60,1.0,pSer2 Pol II (3E10),Goat anti-rat Alexa647,3237,736.6377248222251,476.3953665729767,0.747473659562548
45,250905_mACPOLR2A_Kinetic_pSer2,E19,HCT116 OsTIRF74G mAC-POLR2A Clone 5,5PhIAA,10,120,2.0,pSer2 Pol II (3E10),Goat anti-rat Alexa647,3489,706.0213990080869,445.77904075883845,0.6994360447904329
46,250905_mACPOLR2A_Kinetic_pSer2,E20,HCT116 OsTIRF74G mAC-POLR2A Clone 5,5PhIAA,10,240,4.0,pSer2 Pol II (3E10),Goat anti-rat Alexa647,3189,638.9877248296744,378.74536658042604,0.5942588972616777
47,250905_mACPOLR2A_Kinetic_pSer2,E21,HCT116 OsTIRF74G mAC-POLR2A Clone 5,5PhIAA,10,480,8.0,pSer2 Pol II (3E10),Goat anti-rat Alexa647,3143,608.786468521674,348.5441102724256,0.5468725346731375
48,250905_mACPOLR2A_Kinetic_pSer2,E22,HCT116 OsTIRF74G,Vehicle,0,480,0.0,pSer2 Pol II (3E10),Goat anti-rat Alexa647,1332,251.0438204571797,-9.19853779206872,-0.014432685933793096
49,250905_mACPOLR2A_Kinetic_pSer2,F03,HCT116 OsTIRF74G,Vehicle,0,480,0.0,Total Pol II (F12),Goat anti-mouse Alexa647,1526,270.63788806145493,10.395529812206519,0.016310789854483747
50,250905_mACPOLR2A_Kinetic_pSer2,F04,HCT116 OsTIRF74G mAC-POLR2A Clone 5,5PhIAA,100,60,1.0,Total Pol II (F12),Goat anti-mouse Alexa647,3438,651.6589263837187,391.4165681344703,0.6141402606443445
51,250905_mACPOLR2A_Kinetic_pSer2,F05,HCT116 OsTIRF74G mAC-POLR2A Clone 5,5PhIAA,100,120,2.0,Total Pol II (F12),Goat anti-mouse Alexa647,3652,538.3549960475532,278.1126377983048,0.4363641750781971
52,250905_mACPOLR2A_Kinetic_pSer2,F06,HCT116 OsTIRF74G mAC-POLR2A Clone 5,5PhIAA,100,240,4.0,Total Pol II (F12),Goat anti-mouse Alexa647,4223,471.08210740656455,210.83974915731613,0.33081169537304306
53,250905_mACPOLR2A_Kinetic_pSer2,F07,HCT116 OsTIRF74G mAC-POLR2A Clone 5,5PhIAA,100,480,8.0,Total Pol II (F12),Goat anti-mouse Alexa647,3834,479.6163765730891,219.3740183238407,0.34420213082476303
54,250905_mACPOLR2A_Kinetic_pSer2,F08,HCT116 OsTIRF74G mAC-POLR2A Clone 5,5PhIAA,100,60,1.0,Total Pol II (F12),Goat anti-mouse Alexa647,4298,645.8664599664138,385.6241017171654,0.6050517673997889
55,250905_mACPOLR2A_Kinetic_pSer2,F09,HCT116 OsTIRF74G mAC-POLR2A Clone 5,5PhIAA,100,120,2.0,Total Pol II (F12),Goat anti-mouse Alexa647,4225,534.9131738137758,274.67081556452735,0.4309638885910462
56,250905_mACPOLR2A_Kinetic_pSer2,F10,HCT116 OsTIRF74G mAC-POLR2A Clone 5,5PhIAA,100,240,4.0,Total Pol II (F12),Goat anti-mouse Alexa647,4228,456.88441693736706,196.64205868811865,0.3085352409887587
57,250905_mACPOLR2A_Kinetic_pSer2,F11,HCT116 OsTIRF74G mAC-POLR2A Clone 5,5PhIAA,100,480,8.0,Total Pol II (F12),Goat anti-mouse Alexa647,3052,468.478400127511,208.2360418782626,0.3267264276629389
58,250905_mACPOLR2A_Kinetic_pSer2,F12,HCT116 OsTIRF74G,Vehicle,0,480,0.0,Total Pol II (F12),Goat anti-mouse Alexa647,1968,253.94718515098558,-6.295173098262836,-0.009877249871651337
59,250905_mACPOLR2A_Kinetic_pSer2,F13,HCT116 OsTIRF74G,Vehicle,0,480,0.0,pSer2 Pol II (3E10),Goat anti-rat Alexa647,2042,252.61815881347482,-7.6241994357735905,-0.011962518221972284
60,250905_mACPOLR2A_Kinetic_pSer2,F14,HCT116 OsTIRF74G mAC-POLR2A Clone 5,5PhIAA,100,60,1.0,pSer2 Pol II (3E10),Goat anti-rat Alexa647,4212,618.1453677578244,357.90300950857596,0.5615568308531064
61,250905_mACPOLR2A_Kinetic_pSer2,F15,HCT116 OsTIRF74G mAC-POLR2A Clone 5,5PhIAA,100,120,2.0,pSer2 Pol II (3E10),Goat anti-rat Alexa647,3696,507.70573307326663,247.46337482401822,0.3882748812567899
62,250905_mACPOLR2A_Kinetic_pSer2,F16,HCT116 OsTIRF74G mAC-POLR2A Clone 5,5PhIAA,100,240,4.0,pSer2 Pol II (3E10),Goat anti-rat Alexa647,3946,440.38792774170395,180.14556949245554,0.2826519263845066
63,250905_mACPOLR2A_Kinetic_pSer2,F17,HCT116 OsTIRF74G mAC-POLR2A Clone 5,5PhIAA,100,480,8.0,pSer2 Pol II (3E10),Goat anti-rat Alexa647,3595,450.5864833036194,190.34412505437098,0.2986536597828711
64,250905_mACPOLR2A_Kinetic_pSer2,F18,HCT116 OsTIRF74G mAC-POLR2A Clone 5,5PhIAA,100,60,1.0,pSer2 Pol II (3E10),Goat anti-rat Alexa647,3638,603.1882045631479,342.9458463138995,0.5380887488895375
65,250905_mACPOLR2A_Kinetic_pSer2,F19,HCT116 OsTIRF74G mAC-POLR2A Clone 5,5PhIAA,100,120,2.0,pSer2 Pol II (3E10),Goat anti-rat Alexa647,2831,500.33716897474784,240.09481072549943,0.3767134598851625
66,250905_mACPOLR2A_Kinetic_pSer2,F20,HCT116 OsTIRF74G mAC-POLR2A Clone 5,5PhIAA,100,240,4.0,pSer2 Pol II (3E10),Goat anti-rat Alexa647,2838,435.47082061360373,175.22846236435532,0.2749368890071665
67,250905_mACPOLR2A_Kinetic_pSer2,F21,HCT116 OsTIRF74G mAC-POLR2A Clone 5,5PhIAA,100,480,8.0,pSer2 Pol II (3E10),Goat anti-rat Alexa647,3469,438.07957425525314,177.83721600600472,0.27903007455900813
68,250905_mACPOLR2A_Kinetic_pSer2,F22,HCT116 OsTIRF74G,Vehicle,0,480,0.0,pSer2 Pol II (3E10),Goat anti-rat Alexa647,1243,251.4460027606533,-8.796355488595111,-0.013801654023572653
69,250905_mACPOLR2A_Kinetic_pSer2,G03,HCT116 OsTIRF74G,Vehicle,0,480,0.0,Total Pol II (F12),Goat anti-mouse Alexa647,1728,268.0106487000382,7.768290450789777,0.012188599846315144
70,250905_mACPOLR2A_Kinetic_pSer2,G04,HCT116 OsTIRF74G mAC-POLR2A Clone 5,5PhIAA,1000,60,1.0,Total Pol II (F12),Goat anti-mouse Alexa647,3653,610.2629461200148,350.0205878707664,0.549189156939288
71,250905_mACPOLR2A_Kinetic_pSer2,G05,HCT116 OsTIRF74G mAC-POLR2A Clone 5,5PhIAA,1000,120,2.0,Total Pol II (F12),Goat anti-mouse Alexa647,3898,488.59164722429955,228.34928897505114,0.3582845062422345
72,250905_mACPOLR2A_Kinetic_pSer2,G06,HCT116 OsTIRF74G mAC-POLR2A Clone 5,5PhIAA,1000,240,4.0,Total Pol II (F12),Goat anti-mouse Alexa647,3869,411.9561461924932,151.71378794324477,0.23804190434472253
73,250905_mACPOLR2A_Kinetic_pSer2,G07,HCT116 OsTIRF74G mAC-POLR2A Clone 5,5PhIAA,1000,480,8.0,Total Pol II (F12),Goat anti-mouse Alexa647,4250,411.92380882961015,151.68145058036174,0.23799116638908568
74,250905_mACPOLR2A_Kinetic_pSer2,G08,HCT116 OsTIRF74G mAC-POLR2A Clone 5,5PhIAA,1000,60,1.0,Total Pol II (F12),Goat anti-mouse Alexa647,3880,605.9344069569778,345.6920487077294,0.5423975942252551
75,250905_mACPOLR2A_Kinetic_pSer2,G09,HCT116 OsTIRF74G mAC-POLR2A Clone 5,5PhIAA,1000,120,2.0,Total Pol II (F12),Goat anti-mouse Alexa647,3869,475.2981227834076,215.0557645341592,0.33742670606294684
76,250905_mACPOLR2A_Kinetic_pSer2,G10,HCT116 OsTIRF74G mAC-POLR2A Clone 5,5PhIAA,1000,240,4.0,Total Pol II (F12),Goat anti-mouse Alexa647,3889,405.9979188548449,145.7555606055965,0.22869332896999678
77,250905_mACPOLR2A_Kinetic_pSer2,G11,HCT116 OsTIRF74G mAC-POLR2A Clone 5,5PhIAA,1000,480,8.0,Total Pol II (F12),Goat anti-mouse Alexa647,3374,399.42227420209593,139.17991595284752,0.21837601373678858
78,250905_mACPOLR2A_Kinetic_pSer2,G12,HCT116 OsTIRF74G,Vehicle,0,480,0.0,Total Pol II (F12),Goat anti-mouse Alexa647,2293,252.68991522010433,-7.5524430291440865,-0.01184993101474092
79,250905_mACPOLR2A_Kinetic_pSer2,G13,HCT116 OsTIRF74G,Vehicle,0,480,0.0,pSer2 Pol II (3E10),Goat anti-rat Alexa647,2105,252.69886553482237,-7.543492714426037,-0.011835887795671298
80,250905_mACPOLR2A_Kinetic_pSer2,G14,HCT116 OsTIRF74G mAC-POLR2A Clone 5,5PhIAA,1000,60,1.0,pSer2 Pol II (3E10),Goat anti-rat Alexa647,3952,592.4806281634095,332.2382699141611,0.5212883518283037
81,250905_mACPOLR2A_Kinetic_pSer2,G15,HCT116 OsTIRF74G mAC-POLR2A Clone 5,5PhIAA,1000,120,2.0,pSer2 Pol II (3E10),Goat anti-rat Alexa647,3580,461.150565436036,200.9082071867876,0.3152289115285809
82,250905_mACPOLR2A_Kinetic_pSer2,G16,HCT116 OsTIRF74G mAC-POLR2A Clone 5,5PhIAA,1000,240,4.0,pSer2 Pol II (3E10),Goat anti-rat Alexa647,3615,384.7029073114199,124.46054906217148,0.19528103883104078
83,250905_mACPOLR2A_Kinetic_pSer2,G17,HCT116 OsTIRF74G mAC-POLR2A Clone 5,5PhIAA,1000,480,8.0,pSer2 Pol II (3E10),Goat anti-rat Alexa647,3756,392.55521812045765,132.31285987120924,0.20760146826484574
84,250905_mACPOLR2A_Kinetic_pSer2,G18,HCT116 OsTIRF74G mAC-POLR2A Clone 5,5PhIAA,1000,60,1.0,pSer2 Pol II (3E10),Goat anti-rat Alexa647,3496,574.9599571257813,314.7175988765329,0.49379807585711344
85,250905_mACPOLR2A_Kinetic_pSer2,G19,HCT116 OsTIRF74G mAC-POLR2A Clone 5,5PhIAA,1000,120,2.0,pSer2 Pol II (3E10),Goat anti-rat Alexa647,3714,461.70239949505856,201.46004124581015,0.31609474997393794
86,250905_mACPOLR2A_Kinetic_pSer2,G20,HCT116 OsTIRF74G mAC-POLR2A Clone 5,5PhIAA,1000,240,4.0,pSer2 Pol II (3E10),Goat anti-rat Alexa647,3055,383.2608977188653,123.01853946961688,0.19301849754096723
87,250905_mACPOLR2A_Kinetic_pSer2,G21,HCT116 OsTIRF74G mAC-POLR2A Clone 5,5PhIAA,1000,480,8.0,pSer2 Pol II (3E10),Goat anti-rat Alexa647,3416,389.68057485261664,129.43821660336823,0.20309109668250416
88,250905_mACPOLR2A_Kinetic_pSer2,G22,HCT116 OsTIRF74G,Vehicle,0,480,0.0,pSer2 Pol II (3E10),Goat anti-rat Alexa647,1342,250.13934604468076,-10.103012204567648,-0.015851823999628367
89,250905_mACPOLR2A_Kinetic_pSer2,H03,HCT116 OsTIRF74G,5PhIAA,10000,480,8.0,Total Pol II (F12),Goat anti-mouse Alexa647,1662,267.9180499224067,7.675691673158269,0.012043310550818524
90,250905_mACPOLR2A_Kinetic_pSer2,H04,HCT116 OsTIRF74G mAC-POLR2A Clone 5,5PhIAA,10000,60,1.0,Total Pol II (F12),Goat anti-mouse Alexa647,3649,602.8680854877049,342.6257272384565,0.5375864757911687
91,250905_mACPOLR2A_Kinetic_pSer2,H05,HCT116 OsTIRF74G mAC-POLR2A Clone 5,5PhIAA,10000,120,2.0,Total Pol II (F12),Goat anti-mouse Alexa647,4187,492.2334866892447,231.99112843999632,0.3639986236820919
92,250905_mACPOLR2A_Kinetic_pSer2,H06,HCT116 OsTIRF74G mAC-POLR2A Clone 5,5PhIAA,10000,240,4.0,Total Pol II (F12),Goat anti-mouse Alexa647,3646,411.8751038944129,151.6327456451645,0.2379147473919562
93,250905_mACPOLR2A_Kinetic_pSer2,H07,HCT116 OsTIRF74G mAC-POLR2A Clone 5,5PhIAA,10000,480,8.0,Total Pol II (F12),Goat anti-mouse Alexa647,4140,409.4251857888074,149.182827539559,0.2340707779066968
94,250905_mACPOLR2A_Kinetic_pSer2,H08,HCT116 OsTIRF74G mAC-POLR2A Clone 5,5PhIAA,10000,60,1.0,Total Pol II (F12),Goat anti-mouse Alexa647,4302,614.042503041373,353.8001447921246,0.5551193557652244
95,250905_mACPOLR2A_Kinetic_pSer2,H09,HCT116 OsTIRF74G mAC-POLR2A Clone 5,5PhIAA,10000,120,2.0,Total Pol II (F12),Goat anti-mouse Alexa647,3915,477.33919656917556,217.09683831992714,0.34062919080384624
96,250905_mACPOLR2A_Kinetic_pSer2,H10,HCT116 OsTIRF74G mAC-POLR2A Clone 5,5PhIAA,10000,240,4.0,Total Pol II (F12),Goat anti-mouse Alexa647,4137,406.1321809150907,145.8898226658423,0.22890398877182122
97,250905_mACPOLR2A_Kinetic_pSer2,H11,HCT116 OsTIRF74G mAC-POLR2A Clone 5,5PhIAA,10000,480,8.0,Total Pol II (F12),Goat anti-mouse Alexa647,3880,396.62463180523645,136.38227355598804,0.21398645802895078
98,250905_mACPOLR2A_Kinetic_pSer2,H12,HCT116 OsTIRF74G,5PhIAA,10000,480,8.0,Total Pol II (F12),Goat anti-mouse Alexa647,2502,254.03667792947715,-6.205680319771261,-0.009736833949631091
99,250905_mACPOLR2A_Kinetic_pSer2,H13,HCT116 OsTIRF74G,5PhIAA,10000,480,8.0,pSer2 Pol II (3E10),Goat anti-rat Alexa647,2250,253.29867289815056,-6.943685351097855,-0.010894778296381488
100,250905_mACPOLR2A_Kinetic_pSer2,H14,HCT116 OsTIRF74G mAC-POLR2A Clone 5,5PhIAA,10000,60,1.0,pSer2 Pol II (3E10),Goat anti-rat Alexa647,3843,581.9909567648908,321.7485985156424,0.50482985198129
101,250905_mACPOLR2A_Kinetic_pSer2,H15,HCT116 OsTIRF74G mAC-POLR2A Clone 5,5PhIAA,10000,120,2.0,pSer2 Pol II (3E10),Goat anti-rat Alexa647,3935,454.21947216586653,193.97711391661812,0.304353890453771
102,250905_mACPOLR2A_Kinetic_pSer2,H16,HCT116 OsTIRF74G mAC-POLR2A Clone 5,5PhIAA,10000,240,4.0,pSer2 Pol II (3E10),Goat anti-rat Alexa647,3778,384.6127988246872,124.3704405754388,0.19513965685073262
103,250905_mACPOLR2A_Kinetic_pSer2,H17,HCT116 OsTIRF74G mAC-POLR2A Clone 5,5PhIAA,10000,480,8.0,pSer2 Pol II (3E10),Goat anti-rat Alexa647,3645,385.6433031702281,125.40094492097967,0.19675653834959697
104,250905_mACPOLR2A_Kinetic_pSer2,H18,HCT116 OsTIRF74G mAC-POLR2A Clone 5,5PhIAA,10000,60,1.0,pSer2 Pol II (3E10),Goat anti-rat Alexa647,3719,570.1428112383786,309.9004529891302,0.48623987962400206
105,250905_mACPOLR2A_Kinetic_pSer2,H19,HCT116 OsTIRF74G mAC-POLR2A Clone 5,5PhIAA,10000,120,2.0,pSer2 Pol II (3E10),Goat anti-rat Alexa647,3321,454.0205610359301,193.77820278668167,0.3040417949955576
106,250905_mACPOLR2A_Kinetic_pSer2,H20,HCT116 OsTIRF74G mAC-POLR2A Clone 5,5PhIAA,10000,240,4.0,pSer2 Pol II (3E10),Goat anti-rat Alexa647,3447,378.5983943983594,118.35603614911099,0.185702938523734
107,250905_mACPOLR2A_Kinetic_pSer2,H21,HCT116 OsTIRF74G mAC-POLR2A Clone 5,5PhIAA,10000,480,8.0,pSer2 Pol II (3E10),Goat anti-rat Alexa647,3766,374.8535699508716,114.61121170162318,0.17982723562947794
108,250905_mACPOLR2A_Kinetic_pSer2,H22,HCT116 OsTIRF74G,5PhIAA,10000,480,8.0,pSer2 Pol II (3E10),Goat anti-rat Alexa647,987,251.69939396116462,-8.542964288083795,-0.013404078267725902
109,250905_mACPOLR2A_Kinetic_pSer2,I03,HCT116 OsTIRF74G,Vehicle,0,480,0.0,Total Pol II (F12),Goat anti-mouse Alexa647,1621,268.9816918131845,8.7393335639361,0.013712185507103273
110,250905_mACPOLR2A_Kinetic_pSer2,I04,HCT116 OsTIRF74G mAC-POLR2A Clone 5,Vehicle,0,60,0.0,Total Pol II (F12),Goat anti-mouse Alexa647,3759,951.7970641942187,691.5547059449702,1.0850628765743975
111,250905_mACPOLR2A_Kinetic_pSer2,I05,HCT116 OsTIRF74G mAC-POLR2A Clone 5,Vehicle,0,120,0.0,Total Pol II (F12),Goat anti-mouse Alexa647,3934,967.9666361339459,707.7242778846976,1.1104332516019566
112,250905_mACPOLR2A_Kinetic_pSer2,I06,HCT116 OsTIRF74G mAC-POLR2A Clone 5,Vehicle,0,240,0.0,Total Pol II (F12),Goat anti-mouse Alexa647,4049,945.7018967267883,685.4595384775398,1.0754994394542994
113,250905_mACPOLR2A_Kinetic_pSer2,I07,HCT116 OsTIRF74G mAC-POLR2A Clone 5,Vehicle,0,480,0.0,Total Pol II (F12),Goat anti-mouse Alexa647,4156,952.4819296168647,692.2395713676162,1.0861374438344773
114,250905_mACPOLR2A_Kinetic_pSer2,I08,HCT116 OsTIRF74G mAC-POLR2A Clone 5,Vehicle,0,60,0.0,Total Pol II (F12),Goat anti-mouse Alexa647,3749,946.2908956047756,686.0485373555273,1.0764235902284234
115,250905_mACPOLR2A_Kinetic_pSer2,I09,HCT116 OsTIRF74G mAC-POLR2A Clone 5,Vehicle,0,120,0.0,Total Pol II (F12),Goat anti-mouse Alexa647,3918,955.0164285544475,694.7740703051991,1.0901141223014839
116,250905_mACPOLR2A_Kinetic_pSer2,I10,HCT116 OsTIRF74G mAC-POLR2A Clone 5,Vehicle,0,240,0.0,Total Pol II (F12),Goat anti-mouse Alexa647,4003,957.6234454335187,697.3810871842702,1.0942045828388287
117,250905_mACPOLR2A_Kinetic_pSer2,I11,HCT116 OsTIRF74G mAC-POLR2A Clone 5,Vehicle,0,480,0.0,Total Pol II (F12),Goat anti-mouse Alexa647,3963,965.1297689845712,704.8874107353229,1.105982151489271
118,250905_mACPOLR2A_Kinetic_pSer2,I12,HCT116 OsTIRF74G,Vehicle,0,480,0.0,Total Pol II (F12),Goat anti-mouse Alexa647,2027,255.86431317652594,-4.378045072722472,-0.0068692384558201895
119,250905_mACPOLR2A_Kinetic_pSer2,I13,HCT116 OsTIRF74G,Vehicle,0,480,0.0,pSer2 Pol II (3E10),Goat anti-rat Alexa647,1950,253.5383919425712,-6.703966306677216,-0.01051865442118741
120,250905_mACPOLR2A_Kinetic_pSer2,I14,HCT116 OsTIRF74G mAC-POLR2A Clone 5,Vehicle,0,60,0.0,pSer2 Pol II (3E10),Goat anti-rat Alexa647,3917,922.379165655399,662.1368074061506,1.0389056176664588
121,250905_mACPOLR2A_Kinetic_pSer2,I15,HCT116 OsTIRF74G mAC-POLR2A Clone 5,Vehicle,0,120,0.0,pSer2 Pol II (3E10),Goat anti-rat Alexa647,3964,917.9058419844374,657.663483735189,1.0318868852241287
122,250905_mACPOLR2A_Kinetic_pSer2,I16,HCT116 OsTIRF74G mAC-POLR2A Clone 5,Vehicle,0,240,0.0,pSer2 Pol II (3E10),Goat anti-rat Alexa647,3441,911.4645376998986,651.2221794506502,1.0217803526594746
123,250905_mACPOLR2A_Kinetic_pSer2,I17,HCT116 OsTIRF74G mAC-POLR2A Clone 5,Vehicle,0,480,0.0,pSer2 Pol II (3E10),Goat anti-rat Alexa647,4185,904.9920033922119,644.7496451429636,1.0116248195769137
124,250905_mACPOLR2A_Kinetic_pSer2,I18,HCT116 OsTIRF74G mAC-POLR2A Clone 5,Vehicle,0,60,0.0,pSer2 Pol II (3E10),Goat anti-rat Alexa647,3636,920.4399876258872,660.1976293766388,1.035863009362584
125,250905_mACPOLR2A_Kinetic_pSer2,I19,HCT116 OsTIRF74G mAC-POLR2A Clone 5,Vehicle,0,120,0.0,pSer2 Pol II (3E10),Goat anti-rat Alexa647,4030,922.4027812163287,662.1604229670802,1.0389426709440288
126,250905_mACPOLR2A_Kinetic_pSer2,I20,HCT116 OsTIRF74G mAC-POLR2A Clone 5,Vehicle,0,240,0.0,pSer2 Pol II (3E10),Goat anti-rat Alexa647,3673,902.7616975500889,642.5193393008406,1.0081254260337986
127,250905_mACPOLR2A_Kinetic_pSer2,I21,HCT116 OsTIRF74G mAC-POLR2A Clone 5,Vehicle,0,480,0.0,pSer2 Pol II (3E10),Goat anti-rat Alexa647,3785,893.4835474891001,633.2411892398518,0.9935678268909963
128,250905_mACPOLR2A_Kinetic_pSer2,I22,HCT116 OsTIRF74G,Vehicle,0,480,0.0,pSer2 Pol II (3E10),Goat anti-rat Alexa647,1517,252.6262116179848,-7.616146631263604,-0.011949883213995354
129,250905_mACPOLR2A_Kinetic_pSer2,J03,HCT116 OsTIRF74G,Vehicle,0,480,0.0,Total Pol II (F12),Goat anti-mouse Alexa647,1956,269.818524030839,9.57616578159059,0.01502519164456793
130,250905_mACPOLR2A_Kinetic_pSer2,J04,HCT116 OsTIRF74G mAC-POLR2A Clone 5,5PhIAA,10,60,1.0,Total Pol II (F12),Goat anti-mouse Alexa647,3641,798.4145109299888,538.1721526807403,0.8444026467610607
131,250905_mACPOLR2A_Kinetic_pSer2,J05,HCT116 OsTIRF74G mAC-POLR2A Clone 5,5PhIAA,10,120,2.0,Total Pol II (F12),Goat anti-mouse Alexa647,4048,744.3569857898544,484.114627540606,0.7595853311896237
132,250905_mACPOLR2A_Kinetic_pSer2,J06,HCT116 OsTIRF74G mAC-POLR2A Clone 5,5PhIAA,10,240,4.0,Total Pol II (F12),Goat anti-mouse Alexa647,4027,691.2355266850836,430.99316843583523,0.6762367215589656
133,250905_mACPOLR2A_Kinetic_pSer2,J07,HCT116 OsTIRF74G mAC-POLR2A Clone 5,5PhIAA,10,480,8.0,Total Pol II (F12),Goat anti-mouse Alexa647,4176,700.5665299257718,440.32417167652335,0.6908772483757577
134,250905_mACPOLR2A_Kinetic_pSer2,J08,HCT116 OsTIRF74G mAC-POLR2A Clone 5,5PhIAA,10,60,1.0,Total Pol II (F12),Goat anti-mouse Alexa647,4063,777.3242313425907,517.0818730933422,0.8113115850704452
135,250905_mACPOLR2A_Kinetic_pSer2,J09,HCT116 OsTIRF74G mAC-POLR2A Clone 5,5PhIAA,10,120,2.0,Total Pol II (F12),Goat anti-mouse Alexa647,4335,706.151359194914,445.9090009456656,0.6996399548686184
136,250905_mACPOLR2A_Kinetic_pSer2,J10,HCT116 OsTIRF74G mAC-POLR2A Clone 5,5PhIAA,10,240,4.0,Total Pol II (F12),Goat anti-mouse Alexa647,4481,683.9820239751009,423.7396657258525,0.664855833759237
137,250905_mACPOLR2A_Kinetic_pSer2,J11,HCT116 OsTIRF74G mAC-POLR2A Clone 5,5PhIAA,10,480,8.0,Total Pol II (F12),Goat anti-mouse Alexa647,4501,685.1796702137773,424.9373119645289,0.6667349641616265
138,250905_mACPOLR2A_Kinetic_pSer2,J12,HCT116 OsTIRF74G,Vehicle,0,480,0.0,Total Pol II (F12),Goat anti-mouse Alexa647,1911,255.81421112797506,-4.428147121273355,-0.006947849551161673
139,250905_mACPOLR2A_Kinetic_pSer2,J13,HCT116 OsTIRF74G,Vehicle,0,480,0.0,pSer2 Pol II (3E10),Goat anti-rat Alexa647,2455,255.54927552117854,-4.693082728069868,-0.00736353870654786
140,250905_mACPOLR2A_Kinetic_pSer2,J14,HCT116 OsTIRF74G mAC-POLR2A Clone 5,5PhIAA,10,60,1.0,pSer2 Pol II (3E10),Goat anti-rat Alexa647,4307,761.0423143511094,500.799956101861,0.7857649384565938
141,250905_mACPOLR2A_Kinetic_pSer2,J15,HCT116 OsTIRF74G mAC-POLR2A Clone 5,5PhIAA,10,120,2.0,pSer2 Pol II (3E10),Goat anti-rat Alexa647,3963,688.380086029872,428.1377277806236,0.6717564792518907
142,250905_mACPOLR2A_Kinetic_pSer2,J16,HCT116 OsTIRF74G mAC-POLR2A Clone 5,5PhIAA,10,240,4.0,pSer2 Pol II (3E10),Goat anti-rat Alexa647,3905,645.7704156336785,385.52805738443004,0.604901071960859
143,250905_mACPOLR2A_Kinetic_pSer2,J17,HCT116 OsTIRF74G mAC-POLR2A Clone 5,5PhIAA,10,480,8.0,pSer2 Pol II (3E10),Goat anti-rat Alexa647,3652,655.4907082987045,395.24835004945606,0.620152401508022
144,250905_mACPOLR2A_Kinetic_pSer2,J18,HCT116 OsTIRF74G mAC-POLR2A Clone 5,5PhIAA,10,60,1.0,pSer2 Pol II (3E10),Goat anti-rat Alexa647,3457,753.9541134867784,493.71175523753,0.7746434124898538
145,250905_mACPOLR2A_Kinetic_pSer2,J19,HCT116 OsTIRF74G mAC-POLR2A Clone 5,5PhIAA,10,120,2.0,pSer2 Pol II (3E10),Goat anti-rat Alexa647,2984,695.7615230001884,435.51916475094,0.6833380984114622
146,250905_mACPOLR2A_Kinetic_pSer2,J20,HCT116 OsTIRF74G mAC-POLR2A Clone 5,5PhIAA,10,240,4.0,pSer2 Pol II (3E10),Goat anti-rat Alexa647,3785,642.4805055182292,382.23814726898075,0.5997391385623105
147,250905_mACPOLR2A_Kinetic_pSer2,J21,HCT116 OsTIRF74G mAC-POLR2A Clone 5,5PhIAA,10,480,8.0,pSer2 Pol II (3E10),Goat anti-rat Alexa647,3594,633.79866004346,373.5563017942116,0.5861171529929187
148,250905_mACPOLR2A_Kinetic_pSer2,J22,HCT116 OsTIRF74G,Vehicle,0,480,0.0,pSer2 Pol II (3E10),Goat anti-rat Alexa647,1854,253.89547012069772,-6.346888128550688,-0.009958391766925685
149,250905_mACPOLR2A_Kinetic_pSer2,K03,HCT116 OsTIRF74G,Vehicle,0,480,0.0,Total Pol II (F12),Goat anti-mouse Alexa647,1469,271.1839853301065,10.941627080858098,0.017167627163403247
150,250905_mACPOLR2A_Kinetic_pSer2,K04,HCT116 OsTIRF74G mAC-POLR2A Clone 5,5PhIAA,100,60,1.0,Total Pol II (F12),Goat anti-mouse Alexa647,3552,659.3649691113004,399.122610862052,0.6262311925939282
151,250905_mACPOLR2A_Kinetic_pSer2,K05,HCT116 OsTIRF74G mAC-POLR2A Clone 5,5PhIAA,100,120,2.0,Total Pol II (F12),Goat anti-mouse Alexa647,3791,533.8747414592784,273.63238321003,0.42933456789087227
152,250905_mACPOLR2A_Kinetic_pSer2,K06,HCT116 OsTIRF74G mAC-POLR2A Clone 5,5PhIAA,100,240,4.0,Total Pol II (F12),Goat anti-mouse Alexa647,3607,473.0097647547014,212.76740650545298,0.3338362275022273
153,250905_mACPOLR2A_Kinetic_pSer2,K07,HCT116 OsTIRF74G mAC-POLR2A Clone 5,5PhIAA,100,480,8.0,Total Pol II (F12),Goat anti-mouse Alexa647,4109,482.2348114621934,221.992453212945,0.3483105064434525
154,250905_mACPOLR2A_Kinetic_pSer2,K08,HCT116 OsTIRF74G mAC-POLR2A Clone 5,5PhIAA,100,60,1.0,Total Pol II (F12),Goat anti-mouse Alexa647,3988,636.8454168718841,376.60305862263573,0.5908975741223725
155,250905_mACPOLR2A_Kinetic_pSer2,K09,HCT116 OsTIRF74G mAC-POLR2A Clone 5,5PhIAA,100,120,2.0,Total Pol II (F12),Goat anti-mouse Alexa647,4275,528.4406525610458,268.1982943117974,0.4208083759919678
156,250905_mACPOLR2A_Kinetic_pSer2,K10,HCT116 OsTIRF74G mAC-POLR2A Clone 5,5PhIAA,100,240,4.0,Total Pol II (F12),Goat anti-mouse Alexa647,4297,460.4662895652356,200.22393131598722,0.3141552692868922
157,250905_mACPOLR2A_Kinetic_pSer2,K11,HCT116 OsTIRF74G mAC-POLR2A Clone 5,5PhIAA,100,480,8.0,Total Pol II (F12),Goat anti-mouse Alexa647,3659,473.8784133145439,213.63605506529547,0.335199154103655
158,250905_mACPOLR2A_Kinetic_pSer2,K12,HCT116 OsTIRF74G,Vehicle,0,480,0.0,Total Pol II (F12),Goat anti-mouse Alexa647,2534,258.6740097850609,-1.5683484641875225,-0.00246076945380192
159,250905_mACPOLR2A_Kinetic_pSer2,K13,HCT116 OsTIRF74G,Vehicle,0,480,0.0,pSer2 Pol II (3E10),Goat anti-rat Alexa647,2180,256.93868783391446,-3.3036704153339542,-0.0051835235785399215
160,250905_mACPOLR2A_Kinetic_pSer2,K14,HCT116 OsTIRF74G mAC-POLR2A Clone 5,5PhIAA,100,60,1.0,pSer2 Pol II (3E10),Goat anti-rat Alexa647,4148,619.0168782712897,358.77452002204126,0.5629242479158149
161,250905_mACPOLR2A_Kinetic_pSer2,K15,HCT116 OsTIRF74G mAC-POLR2A Clone 5,5PhIAA,100,120,2.0,pSer2 Pol II (3E10),Goat anti-rat Alexa647,3835,511.5013695039845,251.2590112547361,0.39423030914780194
162,250905_mACPOLR2A_Kinetic_pSer2,K16,HCT116 OsTIRF74G mAC-POLR2A Clone 5,5PhIAA,100,240,4.0,pSer2 Pol II (3E10),Goat anti-rat Alexa647,3514,449.67054736758763,189.42818911833922,0.297216538362158
163,250905_mACPOLR2A_Kinetic_pSer2,K17,HCT116 OsTIRF74G mAC-POLR2A Clone 5,5PhIAA,100,480,8.0,pSer2 Pol II (3E10),Goat anti-rat Alexa647,4358,461.4619859819154,201.219627732667,0.3157175364637182
164,250905_mACPOLR2A_Kinetic_pSer2,K18,HCT116 OsTIRF74G mAC-POLR2A Clone 5,5PhIAA,100,60,1.0,pSer2 Pol II (3E10),Goat anti-rat Alexa647,3495,635.6792736784331,375.4369154291847,0.5890678726148763
165,250905_mACPOLR2A_Kinetic_pSer2,K19,HCT116 OsTIRF74G mAC-POLR2A Clone 5,5PhIAA,100,120,2.0,pSer2 Pol II (3E10),Goat anti-rat Alexa647,3649,514.7811501005,254.53879185125157,0.39937634913277337
166,250905_mACPOLR2A_Kinetic_pSer2,K20,HCT116 OsTIRF74G mAC-POLR2A Clone 5,5PhIAA,100,240,4.0,pSer2 Pol II (3E10),Goat anti-rat Alexa647,3586,456.62593835715256,196.38358010790415,0.30812968303452976
167,250905_mACPOLR2A_Kinetic_pSer2,K21,HCT116 OsTIRF74G mAC-POLR2A Clone 5,5PhIAA,100,480,8.0,pSer2 Pol II (3E10),Goat anti-rat Alexa647,3619,460.3265115158637,200.08415326661526,0.3139359547901074
168,250905_mACPOLR2A_Kinetic_pSer2,K22,HCT116 OsTIRF74G,Vehicle,0,480,0.0,pSer2 Pol II (3E10),Goat anti-rat Alexa647,1780,253.30146537599998,-6.94089287324843,-0.010890396843949714
169,250905_mACPOLR2A_Kinetic_pSer2,L03,HCT116 OsTIRF74G,Vehicle,0,480,0.0,Total Pol II (F12),Goat anti-mouse Alexa647,1131,271.91141105253496,11.669052803286547,0.018308972367314318
170,250905_mACPOLR2A_Kinetic_pSer2,L04,HCT116 OsTIRF74G mAC-POLR2A Clone 5,5PhIAA,1000,60,1.0,Total Pol II (F12),Goat anti-mouse Alexa647,3427,604.6617882125873,344.4194299633389,0.5404008304931887
171,250905_mACPOLR2A_Kinetic_pSer2,L05,HCT116 OsTIRF74G mAC-POLR2A Clone 5,5PhIAA,1000,120,2.0,Total Pol II (F12),Goat anti-mouse Alexa647,4137,509.40856639647455,249.16620814722614,0.39094666008805673
172,250905_mACPOLR2A_Kinetic_pSer2,L06,HCT116 OsTIRF74G mAC-POLR2A Clone 5,5PhIAA,1000,240,4.0,Total Pol II (F12),Goat anti-mouse Alexa647,3817,410.4673243283287,150.22496607908027,0.2357059136837527
173,250905_mACPOLR2A_Kinetic_pSer2,L07,HCT116 OsTIRF74G mAC-POLR2A Clone 5,5PhIAA,1000,480,8.0,Total Pol II (F12),Goat anti-mouse Alexa647,4508,426.25131007956844,166.00895183032003,0.26047129643051165
174,250905_mACPOLR2A_Kinetic_pSer2,L08,HCT116 OsTIRF74G mAC-POLR2A Clone 5,5PhIAA,1000,60,1.0,Total Pol II (F12),Goat anti-mouse Alexa647,3918,617.5481628038307,357.30580455458227,0.5606198045850262
175,250905_mACPOLR2A_Kinetic_pSer2,L09,HCT116 OsTIRF74G mAC-POLR2A Clone 5,5PhIAA,1000,120,2.0,Total Pol II (F12),Goat anti-mouse Alexa647,3947,473.14179456022305,212.89943631097464,0.33404338485267454
176,250905_mACPOLR2A_Kinetic_pSer2,L10,HCT116 OsTIRF74G mAC-POLR2A Clone 5,5PhIAA,1000,240,4.0,Total Pol II (F12),Goat anti-mouse Alexa647,4079,416.98672202744376,156.74436377819535,0.24593497634520645
177,250905_mACPOLR2A_Kinetic_pSer2,L11,HCT116 OsTIRF74G mAC-POLR2A Clone 5,5PhIAA,1000,480,8.0,Total Pol II (F12),Goat anti-mouse Alexa647,4075,422.216455569681,161.97409732043258,0.254140530688595
178,250905_mACPOLR2A_Kinetic_pSer2,L12,HCT116 OsTIRF74G,Vehicle,0,480,0.0,Total Pol II (F12),Goat anti-mouse Alexa647,1629,261.34179057195746,1.099432322709049,0.0017250308448808099
179,250905_mACPOLR2A_Kinetic_pSer2,L13,HCT116 OsTIRF74G,Vehicle,0,480,0.0,pSer2 Pol II (3E10),Goat anti-rat Alexa647,2104,258.8127643518353,-1.429593897413099,-0.0022430608212558336
180,250905_mACPOLR2A_Kinetic_pSer2,L14,HCT116 OsTIRF74G mAC-POLR2A Clone 5,5PhIAA,1000,60,1.0,pSer2 Pol II (3E10),Goat anti-rat Alexa647,4389,608.0400815901781,347.79772334092974,0.545701438960876
181,250905_mACPOLR2A_Kinetic_pSer2,L15,HCT116 OsTIRF74G mAC-POLR2A Clone 5,5PhIAA,1000,120,2.0,pSer2 Pol II (3E10),Goat anti-rat Alexa647,4100,472.1338240600535,211.89146581080507,0.3324618593984856
182,250905_mACPOLR2A_Kinetic_pSer2,L16,HCT116 OsTIRF74G mAC-POLR2A Clone 5,5PhIAA,1000,240,4.0,pSer2 Pol II (3E10),Goat anti-rat Alexa647,3738,401.08801074001394,140.84565249076553,0.22098958698545682
183,250905_mACPOLR2A_Kinetic_pSer2,L17,HCT116 OsTIRF74G mAC-POLR2A Clone 5,5PhIAA,1000,480,8.0,pSer2 Pol II (3E10),Goat anti-rat Alexa647,3859,404.5941055482518,144.35174729900336,0.2264907184006074
184,250905_mACPOLR2A_Kinetic_pSer2,L18,HCT116 OsTIRF74G mAC-POLR2A Clone 5,5PhIAA,1000,60,1.0,pSer2 Pol II (3E10),Goat anti-rat Alexa647,3292,580.7391422057467,320.4967839564983,0.5028657304232904
185,250905_mACPOLR2A_Kinetic_pSer2,L19,HCT116 OsTIRF74G mAC-POLR2A Clone 5,5PhIAA,1000,120,2.0,pSer2 Pol II (3E10),Goat anti-rat Alexa647,3958,475.67105238103255,215.42869413178414,0.3380118399048252
186,250905_mACPOLR2A_Kinetic_pSer2,L20,HCT116 OsTIRF74G mAC-POLR2A Clone 5,5PhIAA,1000,240,4.0,pSer2 Pol II (3E10),Goat anti-rat Alexa647,3852,397.54821217567,137.3058539264216,0.21543557371694386
187,250905_mACPOLR2A_Kinetic_pSer2,L21,HCT116 OsTIRF74G mAC-POLR2A Clone 5,5PhIAA,1000,480,8.0,pSer2 Pol II (3E10),Goat anti-rat Alexa647,4002,404.46657146916056,144.22421321991214,0.2262906149329708
188,250905_mACPOLR2A_Kinetic_pSer2,L22,HCT116 OsTIRF74G,Vehicle,0,480,0.0,pSer2 Pol II (3E10),Goat anti-rat Alexa647,2029,254.46968094128957,-5.772677307958844,-0.009057443744454833
189,250905_mACPOLR2A_Kinetic_pSer2,M03,HCT116 OsTIRF74G,5PhIAA,10000,480,8.0,Total Pol II (F12),Goat anti-mouse Alexa647,1343,267.5406119189377,7.298253669689302,0.011451102931881254
190,250905_mACPOLR2A_Kinetic_pSer2,M04,HCT116 OsTIRF74G mAC-POLR2A Clone 5,5PhIAA,10000,60,1.0,Total Pol II (F12),Goat anti-mouse Alexa647,3680,621.0745758480133,360.8322175987649,0.566152815710273
191,250905_mACPOLR2A_Kinetic_pSer2,M05,HCT116 OsTIRF74G mAC-POLR2A Clone 5,5PhIAA,10000,120,2.0,Total Pol II (F12),Goat anti-mouse Alexa647,3564,489.16447649556,228.92211824631158,0.3591832865867491
192,250905_mACPOLR2A_Kinetic_pSer2,M06,HCT116 OsTIRF74G mAC-POLR2A Clone 5,5PhIAA,10000,240,4.0,Total Pol II (F12),Goat anti-mouse Alexa647,3580,415.616624450764,155.37426620151558,0.2437852664163175
193,250905_mACPOLR2A_Kinetic_pSer2,M07,HCT116 OsTIRF74G mAC-POLR2A Clone 5,5PhIAA,10000,480,8.0,Total Pol II (F12),Goat anti-mouse Alexa647,3763,418.2380384148871,157.9956801656387,0.24789831626205172
194,250905_mACPOLR2A_Kinetic_pSer2,M08,HCT116 OsTIRF74G mAC-POLR2A Clone 5,5PhIAA,10000,60,1.0,Total Pol II (F12),Goat anti-mouse Alexa647,3664,608.8710050237577,348.62864677450926,0.5470051741004133
195,250905_mACPOLR2A_Kinetic_pSer2,M09,HCT116 OsTIRF74G mAC-POLR2A Clone 5,5PhIAA,10000,120,2.0,Total Pol II (F12),Goat anti-mouse Alexa647,3468,473.90986106710784,213.66750281785943,0.3352484962432797
196,250905_mACPOLR2A_Kinetic_pSer2,M10,HCT116 OsTIRF74G mAC-POLR2A Clone 5,5PhIAA,10000,240,4.0,Total Pol II (F12),Goat anti-mouse Alexa647,4028,409.11803173641516,148.87567348716675,0.23358884718339298
197,250905_mACPOLR2A_Kinetic_pSer2,M11,HCT116 OsTIRF74G mAC-POLR2A Clone 5,5PhIAA,10000,480,8.0,Total Pol II (F12),Goat anti-mouse Alexa647,3300,408.7497251051044,148.507366855856,0.23301096686619466
198,250905_mACPOLR2A_Kinetic_pSer2,M12,HCT116 OsTIRF74G,5PhIAA,10000,480,8.0,Total Pol II (F12),Goat anti-mouse Alexa647,1579,262.1365392423895,1.8941809931411058,0.0029720070726173124
199,250905_mACPOLR2A_Kinetic_pSer2,M13,HCT116 OsTIRF74G,5PhIAA,10000,480,8.0,pSer2 Pol II (3E10),Goat anti-rat Alexa647,1513,262.9171884130721,2.6748301638236853,0.004196860909131674
200,250905_mACPOLR2A_Kinetic_pSer2,M14,HCT116 OsTIRF74G mAC-POLR2A Clone 5,5PhIAA,10000,60,1.0,pSer2 Pol II (3E10),Goat anti-rat Alexa647,3303,595.4950941505217,335.2527359012733,0.5260181079953768
201,250905_mACPOLR2A_Kinetic_pSer2,M15,HCT116 OsTIRF74G mAC-POLR2A Clone 5,5PhIAA,10000,120,2.0,pSer2 Pol II (3E10),Goat anti-rat Alexa647,3553,461.3075645159917,201.0652062667433,0.3154752461595968
202,250905_mACPOLR2A_Kinetic_pSer2,M16,HCT116 OsTIRF74G mAC-POLR2A Clone 5,5PhIAA,10000,240,4.0,pSer2 Pol II (3E10),Goat anti-rat Alexa647,3420,401.9890469985094,141.746688749261,0.22240333052033015
203,250905_mACPOLR2A_Kinetic_pSer2,M17,HCT116 OsTIRF74G mAC-POLR2A Clone 5,5PhIAA,10000,480,8.0,pSer2 Pol II (3E10),Goat anti-rat Alexa647,3607,404.9128340332043,144.6704757839559,0.2269908096352643
204,250905_mACPOLR2A_Kinetic_pSer2,M18,HCT116 OsTIRF74G mAC-POLR2A Clone 5,5PhIAA,10000,60,1.0,pSer2 Pol II (3E10),Goat anti-rat Alexa647,3406,569.2950108325496,309.05265258330115,0.4849096641844978
205,250905_mACPOLR2A_Kinetic_pSer2,M19,HCT116 OsTIRF74G mAC-POLR2A Clone 5,5PhIAA,10000,120,2.0,pSer2 Pol II (3E10),Goat anti-rat Alexa647,3037,472.4650438861509,212.2226856369025,0.33298154979202094
206,250905_mACPOLR2A_Kinetic_pSer2,M20,HCT116 OsTIRF74G mAC-POLR2A Clone 5,5PhIAA,10000,240,4.0,pSer2 Pol II (3E10),Goat anti-rat Alexa647,3733,395.2720176495563,135.02965940030788,0.2118641799299939
207,250905_mACPOLR2A_Kinetic_pSer2,M21,HCT116 OsTIRF74G mAC-POLR2A Clone 5,5PhIAA,10000,480,8.0,pSer2 Pol II (3E10),Goat anti-rat Alexa647,4109,394.0828960483575,133.8405377991091,0.2099984248507476
208,250905_mACPOLR2A_Kinetic_pSer2,M22,HCT116 OsTIRF74G,5PhIAA,10000,480,8.0,pSer2 Pol II (3E10),Goat anti-rat Alexa647,1167,255.07245859376772,-5.169899655480691,-0.008111673803320556
209,250905_mACPOLR2A_Kinetic_pSer2,N03,HCT116 OsTIRF74G,Vehicle,0,480,0.0,Total Pol II (F12),Goat anti-mouse Alexa647,1245,266.14811821018304,5.905759960934631,0.009266253033175877
210,250905_mACPOLR2A_Kinetic_pSer2,N04,HCT116 OsTIRF74G,Vehicle,0,480,0.0,Total Pol II (F12),Goat anti-mouse Alexa647,1642,268.6405453096894,8.39818706044099,0.013176919962333545
211,250905_mACPOLR2A_Kinetic_pSer2,N05,HCT116 OsTIRF74G,Vehicle,0,480,0.0,Total Pol II (F12),Goat anti-mouse Alexa647,1069,267.76636973803704,7.524011488788631,0.01180532137113886
212,250905_mACPOLR2A_Kinetic_pSer2,N06,HCT116 OsTIRF74G,Vehicle,0,480,0.0,Total Pol II (F12),Goat anti-mouse Alexa647,1454,265.85304541188907,5.610687162640659,0.008803278034143491
213,250905_mACPOLR2A_Kinetic_pSer2,N07,HCT116 OsTIRF74G,Vehicle,0,480,0.0,Total Pol II (F12),Goat anti-mouse Alexa647,1017,266.8623638827935,6.620005633545077,0.010386918480813183
214,250905_mACPOLR2A_Kinetic_pSer2,N08,HCT116 OsTIRF74G,Vehicle,0,480,0.0,Total Pol II (F12),Goat anti-mouse Alexa647,1465,263.1639826711039,2.9216244218554834,0.004584085933037932
215,250905_mACPOLR2A_Kinetic_pSer2,N09,HCT116 OsTIRF74G,Vehicle,0,480,0.0,No primary,Goat anti-mouse Alexa647,1657,264.558363642808,4.316005393559578,0.006771896984269856
216,250905_mACPOLR2A_Kinetic_pSer2,N10,HCT116 OsTIRF74G,Vehicle,0,480,0.0,Total Pol II (F12),Goat anti-mouse Alexa647,1975,268.48673376688464,8.244375517636229,0.012935586639530072
217,250905_mACPOLR2A_Kinetic_pSer2,N11,HCT116 OsTIRF74G,Vehicle,0,480,0.0,No primary,Goat anti-mouse Alexa647,1410,263.23550039979546,2.993142150547044,0.004696298649910554
218,250905_mACPOLR2A_Kinetic_pSer2,N12,HCT116 OsTIRF74G,Vehicle,0,480,0.0,Total Pol II (F12),Goat anti-mouse Alexa647,1317,264.25091469954367,4.008556450295259,0.006289503571412816
219,250905_mACPOLR2A_Kinetic_pSer2,N13,HCT116 OsTIRF74G,Vehicle,0,480,0.0,pSer2 Pol II (3E10),Goat anti-rat Alexa647,1232,262.73982357315083,2.497465323902418,0.003918572001900317
220,250905_mACPOLR2A_Kinetic_pSer2,N14,HCT116 OsTIRF74G,Vehicle,0,480,0.0,pSer2 Pol II (3E10),Goat anti-rat Alexa647,1619,260.30690407779235,0.06454582854394175,0.00010127366900795895
221,250905_mACPOLR2A_Kinetic_pSer2,N15,HCT116 OsTIRF74G,Vehicle,0,480,0.0,No primary,Goat anti-rat Alexa647,1618,261.2106343656199,0.9682761163714986,0.0015192441886614071
222,250905_mACPOLR2A_Kinetic_pSer2,N16,HCT116 OsTIRF74G,Vehicle,0,480,0.0,pSer2 Pol II (3E10),Goat anti-rat Alexa647,1422,258.06337948813723,-2.178978761111182,-0.0034188603478521556
223,250905_mACPOLR2A_Kinetic_pSer2,N17,HCT116 OsTIRF74G,Vehicle,0,480,0.0,pSer2 Pol II (3E10),Goat anti-rat Alexa647,1779,257.13931617174006,-3.1030420775083485,-0.00486873378751981
224,250905_mACPOLR2A_Kinetic_pSer2,N18,HCT116 OsTIRF74G,Vehicle,0,480,0.0,pSer2 Pol II (3E10),Goat anti-rat Alexa647,1065,258.77402784796135,-1.4683304012870622,-0.0023038391544239725
225,250905_mACPOLR2A_Kinetic_pSer2,N19,HCT116 OsTIRF74G,Vehicle,0,480,0.0,pSer2 Pol II (3E10),Goat anti-rat Alexa647,1484,256.26875036627206,-3.973607882976353,-0.006234668584879988
226,250905_mACPOLR2A_Kinetic_pSer2,N20,HCT116 OsTIRF74G,Vehicle,0,480,0.0,pSer2 Pol II (3E10),Goat anti-rat Alexa647,797,255.4137619379133,-4.8285963113351045,-0.00757616217249877
227,250905_mACPOLR2A_Kinetic_pSer2,N21,HCT116 OsTIRF74G,Vehicle,0,480,0.0,No primary,Goat anti-rat Alexa647,1265,255.9966459051814,-4.245712344067016,-0.006661605813043764
228,250905_mACPOLR2A_Kinetic_pSer2,N22,HCT116 OsTIRF74G,Vehicle,0,480,0.0,pSer2 Pol II (3E10),Goat anti-rat Alexa647,967,256.14458353168413,-4.097774717564278,-0.006429488779949026
0,250912_mACPOLR2A_Kinetic_pSer2,C03,HCT116 OsTIRF74G,Vehicle,0,480,0.0,pSer2 Pol II (3E10),Goat anti-rat Alexa647,2442,266.18944165846546,-3.638653185465216,-0.004924224493237443
1,250912_mACPOLR2A_Kinetic_pSer2,C04,HCT116 OsTIRF74G,Vehicle,0,480,0.0,pSer2 Pol II (3E10),Goat anti-rat Alexa647,2058,268.6085646476718,-1.2195301962588587,-0.0016504019912226794
2,250912_mACPOLR2A_Kinetic_pSer2,C05,HCT116 OsTIRF74G,Vehicle,0,480,0.0,pSer2 Pol II (3E10),Goat anti-rat Alexa647,1196,270.2889115225443,0.4608166786136394,0.000623627661131845
3,250912_mACPOLR2A_Kinetic_pSer2,C06,HCT116 OsTIRF74G,Vehicle,0,480,0.0,pSer2 Pol II (3E10),Goat anti-rat Alexa647,1429,270.3637726021786,0.535677758247914,0.0007249378831111794
4,250912_mACPOLR2A_Kinetic_pSer2,C07,HCT116 OsTIRF74G,Vehicle,0,480,0.0,pSer2 Pol II (3E10),Goat anti-rat Alexa647,1026,271.4922498329163,1.664154988985615,0.002252117016823776
5,250912_mACPOLR2A_Kinetic_pSer2,C08,HCT116 OsTIRF74G,Vehicle,0,480,0.0,pSer2 Pol II (3E10),Goat anti-rat Alexa647,2326,272.77649661873875,2.948401774808076,0.003990100593650949
6,250912_mACPOLR2A_Kinetic_pSer2,C09,HCT116 OsTIRF74G,Vehicle,0,480,0.0,pSer2 Pol II (3E10),Goat anti-rat Alexa647,1512,269.6487183975268,-0.17937644640386452,-0.0002427518771011618
7,250912_mACPOLR2A_Kinetic_pSer2,C10,HCT116 OsTIRF74G,Vehicle,0,480,0.0,pSer2 Pol II (3E10),Goat anti-rat Alexa647,1928,276.30713288418116,6.479038040250487,0.008768144745935572
8,250912_mACPOLR2A_Kinetic_pSer2,C11,HCT116 OsTIRF74G,Vehicle,0,480,0.0,pSer2 Pol II (3E10),Goat anti-rat Alexa647,2134,275.1707673217473,5.34267247781662,0.007230290256763378
9,250912_mACPOLR2A_Kinetic_pSer2,C12,HCT116 OsTIRF74G,Vehicle,0,480,0.0,pSer2 Pol II (3E10),Goat anti-rat Alexa647,2375,278.2623832224156,8.43428837848495,0.011414203909915486
10,250912_mACPOLR2A_Kinetic_pSer2,C13,HCT116 OsTIRF74G,Vehicle,0,480,0.0,Total Pol II (F12),Goat anti-mouse Alexa647,1758,277.64059568395714,7.812500840026473,0.010572732829709861
11,250912_mACPOLR2A_Kinetic_pSer2,C14,HCT116 OsTIRF74G,Vehicle,0,480,0.0,Total Pol II (F12),Goat anti-mouse Alexa647,2150,279.4682961860097,9.640201342079024,0.013046177568675512
12,250912_mACPOLR2A_Kinetic_pSer2,C15,HCT116 OsTIRF74G,Vehicle,0,480,0.0,Total Pol II (F12),Goat anti-mouse Alexa647,1355,276.0765094856157,6.248414641685031,0.008456039873598177
13,250912_mACPOLR2A_Kinetic_pSer2,C16,HCT116 OsTIRF74G,Vehicle,0,480,0.0,Total Pol II (F12),Goat anti-mouse Alexa647,1979,273.53836651482294,3.7102716708922685,0.005021146481163415
14,250912_mACPOLR2A_Kinetic_pSer2,C17,HCT116 OsTIRF74G,Vehicle,0,480,0.0,Total Pol II (F12),Goat anti-mouse Alexa647,2255,272.368048135826,2.5399532918953014,0.003437343317464538
15,250912_mACPOLR2A_Kinetic_pSer2,C18,HCT116 OsTIRF74G,Vehicle,0,480,0.0,Total Pol II (F12),Goat anti-mouse Alexa647,2658,274.2561136986664,4.42801885473574,0.0059924806761211405
16,250912_mACPOLR2A_Kinetic_pSer2,C19,HCT116 OsTIRF74G,Vehicle,0,480,0.0,Total Pol II (F12),Goat anti-mouse Alexa647,1714,272.09847552113035,2.2703806771996824,0.0030725280948176704
17,250912_mACPOLR2A_Kinetic_pSer2,C20,HCT116 OsTIRF74G,Vehicle,0,480,0.0,Total Pol II (F12),Goat anti-mouse Alexa647,2511,271.9202459953812,2.092151151450537,0.0028313283565139977
18,250912_mACPOLR2A_Kinetic_pSer2,C21,HCT116 OsTIRF74G,Vehicle,0,480,0.0,Total Pol II (F12),Goat anti-mouse Alexa647,1291,270.1560060453142,0.3279112013835288,0.00044376539536928727
19,250912_mACPOLR2A_Kinetic_pSer2,C22,HCT116 OsTIRF74G,Vehicle,0,480,0.0,Total Pol II (F12),Goat anti-mouse Alexa647,3156,269.9541370178551,0.12604217392441797,0.00017057409112216856
20,250912_mACPOLR2A_Kinetic_pSer2,D03,HCT116 OsTIRF74G,5PhIAA,10000,480,8.0,pSer2 Pol II (3E10),Goat anti-rat Alexa647,1719,269.77351682646923,-0.05457801746143787,-7.386095807358234e-05
21,250912_mACPOLR2A_Kinetic_pSer2,D04,HCT116 OsTIRF74G mAC-POLR2A Clone 5,5PhIAA,10000,480,8.0,pSer2 Pol II (3E10),Goat anti-rat Alexa647,1803,418.91582270622604,149.08772786229537,0.20176186181007805
22,250912_mACPOLR2A_Kinetic_pSer2,D05,HCT116 OsTIRF74G mAC-POLR2A Clone 5,5PhIAA,10000,480,8.0,pSer2 Pol II (3E10),Goat anti-rat Alexa647,1660,422.6303694099401,152.80227456600943,0.20678879373444187
23,250912_mACPOLR2A_Kinetic_pSer2,D06,HCT116 OsTIRF74G mAC-POLR2A Clone 5,5PhIAA,10000,480,8.0,pSer2 Pol II (3E10),Goat anti-rat Alexa647,1887,421.18227210752195,151.35417726359128,0.20482906967125203
24,250912_mACPOLR2A_Kinetic_pSer2,D07,HCT116 OsTIRF74G mAC-POLR2A Clone 5,5PhIAA,10000,480,8.0,pSer2 Pol II (3E10),Goat anti-rat Alexa647,2185,423.485839503009,153.65774465907833,0.20794650967240186
25,250912_mACPOLR2A_Kinetic_pSer2,D08,HCT116 OsTIRF74G mAC-POLR2A Clone 5,5PhIAA,10000,480,8.0,pSer2 Pol II (3E10),Goat anti-rat Alexa647,2094,425.647786200158,155.81969135622734,0.21087229301490357
26,250912_mACPOLR2A_Kinetic_pSer2,D09,HCT116 OsTIRF74G mAC-POLR2A Clone 5,5PhIAA,10000,480,8.0,pSer2 Pol II (3E10),Goat anti-rat Alexa647,1856,439.6169270255648,169.78883218163412,0.22977686618959497
27,250912_mACPOLR2A_Kinetic_pSer2,D10,HCT116 OsTIRF74G mAC-POLR2A Clone 5,5PhIAA,10000,480,8.0,pSer2 Pol II (3E10),Goat anti-rat Alexa647,1854,426.4014721123952,156.57337726846453,0.21189226343804568
28,250912_mACPOLR2A_Kinetic_pSer2,D11,HCT116 OsTIRF74G mAC-POLR2A Clone 5,5PhIAA,10000,480,8.0,pSer2 Pol II (3E10),Goat anti-rat Alexa647,2052,430.26700953242744,160.43891468849677,0.2171235325568735
29,250912_mACPOLR2A_Kinetic_pSer2,D12,HCT116 OsTIRF74G,5PhIAA,10000,480,8.0,pSer2 Pol II (3E10),Goat anti-rat Alexa647,1996,272.507710199085,2.67961535515434,0.0036263493363463033
30,250912_mACPOLR2A_Kinetic_pSer2,D13,HCT116 OsTIRF74G,5PhIAA,10000,480,8.0,Total Pol II (F12),Goat anti-mouse Alexa647,1759,276.9741052077842,7.14601036385352,0.009670764832212806
31,250912_mACPOLR2A_Kinetic_pSer2,D14,HCT116 OsTIRF74G mAC-POLR2A Clone 5,5PhIAA,10000,480,8.0,Total Pol II (F12),Goat anti-mouse Alexa647,2073,430.11834070565385,160.29024586172318,0.21692233759795196
32,250912_mACPOLR2A_Kinetic_pSer2,D15,HCT116 OsTIRF74G mAC-POLR2A Clone 5,5PhIAA,10000,480,8.0,Total Pol II (F12),Goat anti-mouse Alexa647,1569,434.42451471613214,164.59641987220147,0.22274992446972156
33,250912_mACPOLR2A_Kinetic_pSer2,D16,HCT116 OsTIRF74G mAC-POLR2A Clone 5,5PhIAA,10000,480,8.0,Total Pol II (F12),Goat anti-mouse Alexa647,1813,425.2110841876466,155.3829893437159,0.2102812999642757
34,250912_mACPOLR2A_Kinetic_pSer2,D17,HCT116 OsTIRF74G mAC-POLR2A Clone 5,5PhIAA,10000,480,8.0,Total Pol II (F12),Goat anti-mouse Alexa647,1683,432.5081654265951,162.68007058266443,0.22015651047059925
35,250912_mACPOLR2A_Kinetic_pSer2,D18,HCT116 OsTIRF74G mAC-POLR2A Clone 5,5PhIAA,10000,480,8.0,Total Pol II (F12),Goat anti-mouse Alexa647,1494,443.5765884728545,173.74849362892382,0.2351355142634369
36,250912_mACPOLR2A_Kinetic_pSer2,D19,HCT116 OsTIRF74G mAC-POLR2A Clone 5,5PhIAA,10000,480,8.0,Total Pol II (F12),Goat anti-mouse Alexa647,1749,423.12333912132016,153.2952442773895,0.20745593440530838
37,250912_mACPOLR2A_Kinetic_pSer2,D20,HCT116 OsTIRF74G mAC-POLR2A Clone 5,5PhIAA,10000,480,8.0,Total Pol II (F12),Goat anti-mouse Alexa647,1695,420.1620200642492,150.33392522031852,0.20344835272883285
38,250912_mACPOLR2A_Kinetic_pSer2,D21,HCT116 OsTIRF74G mAC-POLR2A Clone 5,5PhIAA,10000,480,8.0,Total Pol II (F12),Goat anti-mouse Alexa647,1761,424.0368894856973,154.20879464176664,0.20869225093529303
39,250912_mACPOLR2A_Kinetic_pSer2,D22,HCT116 OsTIRF74G,5PhIAA,10000,480,8.0,Total Pol II (F12),Goat anti-mouse Alexa647,2186,267.82611916507835,-2.001975678852318,-0.0027092930186502057
40,250912_mACPOLR2A_Kinetic_pSer2,E03,HCT116 OsTIRF74G,Vehicle,0,480,0.0,pSer2 Pol II (3E10),Goat anti-rat Alexa647,1965,268.5531018833232,-1.2749929606074488,-0.0017254602858023716
41,250912_mACPOLR2A_Kinetic_pSer2,E04,HCT116 OsTIRF74G mAC-POLR2A Clone 5,5PhIAA,1000,480,8.0,pSer2 Pol II (3E10),Goat anti-rat Alexa647,1960,427.78924467690257,157.9611498329719,0.21377034945088355
42,250912_mACPOLR2A_Kinetic_pSer2,E05,HCT116 OsTIRF74G mAC-POLR2A Clone 5,5PhIAA,1000,240,4.0,pSer2 Pol II (3E10),Goat anti-rat Alexa647,1981,423.62216433076804,153.79406948683737,0.20813099937825483
43,250912_mACPOLR2A_Kinetic_pSer2,E06,HCT116 OsTIRF74G mAC-POLR2A Clone 5,5PhIAA,1000,120,2.0,pSer2 Pol II (3E10),Goat anti-rat Alexa647,1702,453.09938969927595,183.27129485534527,0.24802281312189645
44,250912_mACPOLR2A_Kinetic_pSer2,E07,HCT116 OsTIRF74G mAC-POLR2A Clone 5,5PhIAA,1000,60,1.0,pSer2 Pol II (3E10),Goat anti-rat Alexa647,1792,576.7446072575224,306.9165124135917,0.4153530800470595
45,250912_mACPOLR2A_Kinetic_pSer2,E08,HCT116 OsTIRF74G mAC-POLR2A Clone 5,5PhIAA,1000,480,8.0,pSer2 Pol II (3E10),Goat anti-rat Alexa647,1622,431.8618145060808,162.03371966215013,0.21928179752825652
46,250912_mACPOLR2A_Kinetic_pSer2,E09,HCT116 OsTIRF74G mAC-POLR2A Clone 5,5PhIAA,1000,240,4.0,pSer2 Pol II (3E10),Goat anti-rat Alexa647,1921,428.24335117170773,158.41525632777706,0.2143848961554692
47,250912_mACPOLR2A_Kinetic_pSer2,E10,HCT116 OsTIRF74G mAC-POLR2A Clone 5,5PhIAA,1000,120,2.0,pSer2 Pol II (3E10),Goat anti-rat Alexa647,2093,454.4901450075934,184.66205016366274,0.24990493571073594
48,250912_mACPOLR2A_Kinetic_pSer2,E11,HCT116 OsTIRF74G mAC-POLR2A Clone 5,5PhIAA,1000,60,1.0,pSer2 Pol II (3E10),Goat anti-rat Alexa647,1976,580.4635798474778,310.63548500354716,0.4203860015660132
49,250912_mACPOLR2A_Kinetic_pSer2,E12,HCT116 OsTIRF74G,Vehicle,0,480,0.0,pSer2 Pol II (3E10),Goat anti-rat Alexa647,2784,271.21884116723936,1.39074632330869,0.0018821104293403504
50,250912_mACPOLR2A_Kinetic_pSer2,E13,HCT116 OsTIRF74G,Vehicle,0,480,0.0,Total Pol II (F12),Goat anti-mouse Alexa647,2613,273.5050208104549,3.676925966524209,0.004976019417432976
51,250912_mACPOLR2A_Kinetic_pSer2,E14,HCT116 OsTIRF74G mAC-POLR2A Clone 5,5PhIAA,1000,480,8.0,Total Pol II (F12),Goat anti-mouse Alexa647,1661,445.437968106641,175.60987326271032,0.23765453729660707
52,250912_mACPOLR2A_Kinetic_pSer2,E15,HCT116 OsTIRF74G mAC-POLR2A Clone 5,5PhIAA,1000,240,4.0,Total Pol II (F12),Goat anti-mouse Alexa647,1666,427.82388154219393,157.99578669826326,0.21381722385515983
53,250912_mACPOLR2A_Kinetic_pSer2,E16,HCT116 OsTIRF74G mAC-POLR2A Clone 5,5PhIAA,1000,120,2.0,Total Pol II (F12),Goat anti-mouse Alexa647,1661,469.7836614016713,199.9555665577406,0.2706017991315948
54,250912_mACPOLR2A_Kinetic_pSer2,E17,HCT116 OsTIRF74G mAC-POLR2A Clone 5,5PhIAA,1000,60,1.0,Total Pol II (F12),Goat anti-mouse Alexa647,1905,578.1183539454662,308.2902591015355,0.4172121847057004
55,250912_mACPOLR2A_Kinetic_pSer2,E18,HCT116 OsTIRF74G mAC-POLR2A Clone 5,5PhIAA,1000,480,8.0,Total Pol II (F12),Goat anti-mouse Alexa647,2010,447.76700304625206,177.9389082023214,0.2408064427711521
56,250912_mACPOLR2A_Kinetic_pSer2,E19,HCT116 OsTIRF74G mAC-POLR2A Clone 5,5PhIAA,1000,240,4.0,Total Pol II (F12),Goat anti-mouse Alexa647,1801,424.2968756342021,154.4687807902714,0.2090440927006703
57,250912_mACPOLR2A_Kinetic_pSer2,E20,HCT116 OsTIRF74G mAC-POLR2A Clone 5,5PhIAA,1000,120,2.0,Total Pol II (F12),Goat anti-mouse Alexa647,1881,482.7228299295194,212.8947350855887,0.28811250084987644
58,250912_mACPOLR2A_Kinetic_pSer2,E21,HCT116 OsTIRF74G mAC-POLR2A Clone 5,5PhIAA,1000,60,1.0,Total Pol II (F12),Goat anti-mouse Alexa647,1565,581.9799590573833,312.15186421345265,0.4224381321939829
59,250912_mACPOLR2A_Kinetic_pSer2,E22,HCT116 OsTIRF74G,Vehicle,0,480,0.0,Total Pol II (F12),Goat anti-mouse Alexa647,2054,272.55527371120985,2.7271788672791786,0.00369071749661096
60,250912_mACPOLR2A_Kinetic_pSer2,F03,HCT116 OsTIRF74G,Vehicle,0,480,0.0,pSer2 Pol II (3E10),Goat anti-rat Alexa647,2342,269.31560458643065,-0.5124902575000192,-0.000693558014434537
61,250912_mACPOLR2A_Kinetic_pSer2,F04,HCT116 OsTIRF74G mAC-POLR2A Clone 5,5PhIAA,100,480,8.0,pSer2 Pol II (3E10),Goat anti-rat Alexa647,1780,503.2669878594353,233.43889301550462,0.31591510816500473
62,250912_mACPOLR2A_Kinetic_pSer2,F05,HCT116 OsTIRF74G mAC-POLR2A Clone 5,5PhIAA,100,240,4.0,pSer2 Pol II (3E10),Goat anti-rat Alexa647,1936,477.8091712751921,207.98107643126144,0.28146279914329486
63,250912_mACPOLR2A_Kinetic_pSer2,F06,HCT116 OsTIRF74G mAC-POLR2A Clone 5,5PhIAA,100,120,2.0,pSer2 Pol II (3E10),Goat anti-rat Alexa647,1678,528.3117495806916,258.48365473676097,0.3498084260518916
64,250912_mACPOLR2A_Kinetic_pSer2,F07,HCT116 OsTIRF74G mAC-POLR2A Clone 5,5PhIAA,100,60,1.0,pSer2 Pol II (3E10),Goat anti-rat Alexa647,2182,631.634300564384,361.80620572045336,0.489635832052011
65,250912_mACPOLR2A_Kinetic_pSer2,F08,HCT116 OsTIRF74G mAC-POLR2A Clone 5,5PhIAA,100,480,8.0,pSer2 Pol II (3E10),Goat anti-rat Alexa647,2092,499.7042135014776,229.87611865754695,0.3110935712217716
66,250912_mACPOLR2A_Kinetic_pSer2,F09,HCT116 OsTIRF74G mAC-POLR2A Clone 5,5PhIAA,100,240,4.0,pSer2 Pol II (3E10),Goat anti-rat Alexa647,2053,491.3346569788972,221.50656213496654,0.2997669695575472
67,250912_mACPOLR2A_Kinetic_pSer2,F10,HCT116 OsTIRF74G mAC-POLR2A Clone 5,5PhIAA,100,120,2.0,pSer2 Pol II (3E10),Goat anti-rat Alexa647,1696,531.194441588848,261.36634674491734,0.35370960098379395
68,250912_mACPOLR2A_Kinetic_pSer2,F11,HCT116 OsTIRF74G mAC-POLR2A Clone 5,5PhIAA,100,60,1.0,pSer2 Pol II (3E10),Goat anti-rat Alexa647,1638,635.9014723546873,366.0733775107566,0.4954106368425853
69,250912_mACPOLR2A_Kinetic_pSer2,F12,HCT116 OsTIRF74G,Vehicle,0,480,0.0,pSer2 Pol II (3E10),Goat anti-rat Alexa647,3053,265.4299223289341,-4.398172514996588,-0.005952089336335283
70,250912_mACPOLR2A_Kinetic_pSer2,F13,HCT116 OsTIRF74G,Vehicle,0,480,0.0,Total Pol II (F12),Goat anti-mouse Alexa647,2843,266.2794325352442,-3.5486623086864597,-0.004802438970678714
71,250912_mACPOLR2A_Kinetic_pSer2,F14,HCT116 OsTIRF74G mAC-POLR2A Clone 5,5PhIAA,100,480,8.0,Total Pol II (F12),Goat anti-mouse Alexa647,2018,523.7310942058778,253.90299936194708,0.3436093808991851
72,250912_mACPOLR2A_Kinetic_pSer2,F15,HCT116 OsTIRF74G mAC-POLR2A Clone 5,5PhIAA,100,240,4.0,Total Pol II (F12),Goat anti-mouse Alexa647,1986,482.5289237217595,212.70082887782883,0.2878500857064228
73,250912_mACPOLR2A_Kinetic_pSer2,F16,HCT116 OsTIRF74G mAC-POLR2A Clone 5,5PhIAA,100,120,2.0,Total Pol II (F12),Goat anti-mouse Alexa647,1755,525.610383670852,255.78228882692133,0.3461526414798513
74,250912_mACPOLR2A_Kinetic_pSer2,F17,HCT116 OsTIRF74G mAC-POLR2A Clone 5,5PhIAA,100,60,1.0,Total Pol II (F12),Goat anti-mouse Alexa647,1870,654.0069560717933,384.1788612278626,0.5199129627959961
75,250912_mACPOLR2A_Kinetic_pSer2,F18,HCT116 OsTIRF74G mAC-POLR2A Clone 5,5PhIAA,100,480,8.0,Total Pol II (F12),Goat anti-mouse Alexa647,1926,520.0390625768873,250.21096773295665,0.3386129188428659
76,250912_mACPOLR2A_Kinetic_pSer2,F19,HCT116 OsTIRF74G mAC-POLR2A Clone 5,5PhIAA,100,240,4.0,Total Pol II (F12),Goat anti-mouse Alexa647,1743,481.52108580274586,211.6929909588152,0.28648616891824286
77,250912_mACPOLR2A_Kinetic_pSer2,F20,HCT116 OsTIRF74G mAC-POLR2A Clone 5,5PhIAA,100,120,2.0,Total Pol II (F12),Goat anti-mouse Alexa647,1567,553.0720972580306,283.2440024140999,0.38331684366664664
78,250912_mACPOLR2A_Kinetic_pSer2,F21,HCT116 OsTIRF74G mAC-POLR2A Clone 5,5PhIAA,100,60,1.0,Total Pol II (F12),Goat anti-mouse Alexa647,1712,659.4310870175474,389.6029921736167,0.5272534915840384
79,250912_mACPOLR2A_Kinetic_pSer2,F22,HCT116 OsTIRF74G,Vehicle,0,480,0.0,Total Pol II (F12),Goat anti-mouse Alexa647,2036,272.01805126919766,2.1899564252669848,0.0029636891780450473
80,250912_mACPOLR2A_Kinetic_pSer2,G03,HCT116 OsTIRF74G,Vehicle,0,480,0.0,pSer2 Pol II (3E10),Goat anti-rat Alexa647,2755,268.8720033818839,-0.9560914620467429,-0.0012938878082671215
81,250912_mACPOLR2A_Kinetic_pSer2,G04,HCT116 OsTIRF74G mAC-POLR2A Clone 5,5PhIAA,10,480,8.0,pSer2 Pol II (3E10),Goat anti-rat Alexa647,1877,685.8582109942829,416.0301161503522,0.5630175736603097
82,250912_mACPOLR2A_Kinetic_pSer2,G05,HCT116 OsTIRF74G mAC-POLR2A Clone 5,5PhIAA,10,240,4.0,pSer2 Pol II (3E10),Goat anti-rat Alexa647,1571,710.4582912565446,440.63019641261394,0.5963090998345879
83,250912_mACPOLR2A_Kinetic_pSer2,G06,HCT116 OsTIRF74G mAC-POLR2A Clone 5,5PhIAA,10,120,2.0,pSer2 Pol II (3E10),Goat anti-rat Alexa647,1917,690.6072040657724,420.77910922184174,0.5694444318435123
84,250912_mACPOLR2A_Kinetic_pSer2,G07,HCT116 OsTIRF74G mAC-POLR2A Clone 5,5PhIAA,10,60,1.0,pSer2 Pol II (3E10),Goat anti-rat Alexa647,1983,758.6039196678337,488.775824823903,0.6614650436910141
85,250912_mACPOLR2A_Kinetic_pSer2,G08,HCT116 OsTIRF74G mAC-POLR2A Clone 5,5PhIAA,10,480,8.0,pSer2 Pol II (3E10),Goat anti-rat Alexa647,2454,693.2596399859922,423.4315451420615,0.5730339989880983
86,250912_mACPOLR2A_Kinetic_pSer2,G09,HCT116 OsTIRF74G mAC-POLR2A Clone 5,5PhIAA,10,240,4.0,pSer2 Pol II (3E10),Goat anti-rat Alexa647,1911,684.2967658558046,414.4686710118739,0.5609044548760146
87,250912_mACPOLR2A_Kinetic_pSer2,G10,HCT116 OsTIRF74G mAC-POLR2A Clone 5,5PhIAA,10,120,2.0,pSer2 Pol II (3E10),Goat anti-rat Alexa647,2004,723.8090905285009,453.9809956845702,0.6143768654138617
88,250912_mACPOLR2A_Kinetic_pSer2,G11,HCT116 OsTIRF74G mAC-POLR2A Clone 5,5PhIAA,10,60,1.0,pSer2 Pol II (3E10),Goat anti-rat Alexa647,2501,761.842024345381,492.0139295014503,0.6658472020205133
89,250912_mACPOLR2A_Kinetic_pSer2,G12,HCT116 OsTIRF74G,Vehicle,0,480,0.0,pSer2 Pol II (3E10),Goat anti-rat Alexa647,3143,264.35655525205567,-5.4715395918750005,-0.00740468736664841
90,250912_mACPOLR2A_Kinetic_pSer2,G13,HCT116 OsTIRF74G,Vehicle,0,480,0.0,Total Pol II (F12),Goat anti-mouse Alexa647,2913,265.6865104399951,-4.141584403935553,-0.00560484616784443
91,250912_mACPOLR2A_Kinetic_pSer2,G14,HCT116 OsTIRF74G mAC-POLR2A Clone 5,5PhIAA,10,480,8.0,Total Pol II (F12),Goat anti-mouse Alexa647,2775,723.0987486726267,453.270653828696,0.6134155529207558
92,250912_mACPOLR2A_Kinetic_pSer2,G15,HCT116 OsTIRF74G mAC-POLR2A Clone 5,5PhIAA,10,240,4.0,Total Pol II (F12),Goat anti-mouse Alexa647,2306,703.9435418464293,434.1154470024986,0.5874926265469606
93,250912_mACPOLR2A_Kinetic_pSer2,G16,HCT116 OsTIRF74G mAC-POLR2A Clone 5,5PhIAA,10,120,2.0,Total Pol II (F12),Goat anti-mouse Alexa647,2029,751.3239515891105,481.4958567451798,0.65161299258968
94,250912_mACPOLR2A_Kinetic_pSer2,G17,HCT116 OsTIRF74G mAC-POLR2A Clone 5,5PhIAA,10,60,1.0,Total Pol II (F12),Goat anti-mouse Alexa647,2307,796.2555328381334,526.4274379942027,0.712419335384353
95,250912_mACPOLR2A_Kinetic_pSer2,G18,HCT116 OsTIRF74G mAC-POLR2A Clone 5,5PhIAA,10,480,8.0,Total Pol II (F12),Goat anti-mouse Alexa647,2371,737.7290737430573,467.9009788991266,0.6332149131190895
96,250912_mACPOLR2A_Kinetic_pSer2,G19,HCT116 OsTIRF74G mAC-POLR2A Clone 5,5PhIAA,10,240,4.0,Total Pol II (F12),Goat anti-mouse Alexa647,2125,721.6233109267346,451.7952160828039,0.6114188287713944
97,250912_mACPOLR2A_Kinetic_pSer2,G20,HCT116 OsTIRF74G mAC-POLR2A Clone 5,5PhIAA,10,120,2.0,Total Pol II (F12),Goat anti-mouse Alexa647,1828,767.5052784823032,497.6771836383725,0.6735113385323022
98,250912_mACPOLR2A_Kinetic_pSer2,G21,HCT116 OsTIRF74G mAC-POLR2A Clone 5,5PhIAA,10,60,1.0,Total Pol II (F12),Goat anti-mouse Alexa647,1747,839.3268873319845,569.4987924880538,0.7707082153476181
99,250912_mACPOLR2A_Kinetic_pSer2,G22,HCT116 OsTIRF74G,Vehicle,0,480,0.0,Total Pol II (F12),Goat anti-mouse Alexa647,1770,268.6791794530485,-1.1489153908821663,-0.0015548382932010867
100,250912_mACPOLR2A_Kinetic_pSer2,H03,HCT116 OsTIRF74G,Vehicle,0,480,0.0,pSer2 Pol II (3E10),Goat anti-rat Alexa647,2394,272.79116201167716,2.9630671677464875,0.00400994741153366
101,250912_mACPOLR2A_Kinetic_pSer2,H04,HCT116 OsTIRF74G mAC-POLR2A Clone 5,Vehicle,0,480,0.0,pSer2 Pol II (3E10),Goat anti-rat Alexa647,1911,957.0300126147752,687.2019177708445,0.9299969914154613
102,250912_mACPOLR2A_Kinetic_pSer2,H05,HCT116 OsTIRF74G mAC-POLR2A Clone 5,5PhIAA,10000,240,4.0,pSer2 Pol II (3E10),Goat anti-rat Alexa647,2017,429.3450263137986,159.51693146986793,0.21587580376379656
103,250912_mACPOLR2A_Kinetic_pSer2,H06,HCT116 OsTIRF74G mAC-POLR2A Clone 5,5PhIAA,10000,120,2.0,pSer2 Pol II (3E10),Goat anti-rat Alexa647,2297,478.9085226241685,209.0804277802378,0.28295056193996027
104,250912_mACPOLR2A_Kinetic_pSer2,H07,HCT116 OsTIRF74G mAC-POLR2A Clone 5,5PhIAA,10000,60,1.0,pSer2 Pol II (3E10),Goat anti-rat Alexa647,2231,579.9257523485725,310.0976575046418,0.41965815441811094
105,250912_mACPOLR2A_Kinetic_pSer2,H08,HCT116 OsTIRF74G mAC-POLR2A Clone 5,Vehicle,0,480,0.0,pSer2 Pol II (3E10),Goat anti-rat Alexa647,2088,981.0433856522363,711.2152908083057,0.9624945210367669
106,250912_mACPOLR2A_Kinetic_pSer2,H09,HCT116 OsTIRF74G mAC-POLR2A Clone 5,5PhIAA,10000,240,4.0,pSer2 Pol II (3E10),Goat anti-rat Alexa647,2119,415.17417859016143,145.34608374623076,0.1966982586959089
107,250912_mACPOLR2A_Kinetic_pSer2,H10,HCT116 OsTIRF74G mAC-POLR2A Clone 5,5PhIAA,10000,120,2.0,pSer2 Pol II (3E10),Goat anti-rat Alexa647,2568,466.82969245632773,197.00159761239706,0.2666041644322978
108,250912_mACPOLR2A_Kinetic_pSer2,H11,HCT116 OsTIRF74G mAC-POLR2A Clone 5,5PhIAA,10000,60,1.0,pSer2 Pol II (3E10),Goat anti-rat Alexa647,2295,592.4164511957127,322.58835635178207,0.4365619377867578
109,250912_mACPOLR2A_Kinetic_pSer2,H12,HCT116 OsTIRF74G,Vehicle,0,480,0.0,pSer2 Pol II (3E10),Goat anti-rat Alexa647,3224,263.27229812655327,-6.5557967173774045,-0.008872023004926212
110,250912_mACPOLR2A_Kinetic_pSer2,H13,HCT116 OsTIRF74G,Vehicle,0,480,0.0,Total Pol II (F12),Goat anti-mouse Alexa647,3067,266.01955559319407,-3.808539250736601,-0.005154132945906347
111,250912_mACPOLR2A_Kinetic_pSer2,H14,HCT116 OsTIRF74G mAC-POLR2A Clone 5,Vehicle,0,480,0.0,Total Pol II (F12),Goat anti-mouse Alexa647,2647,1007.3238904323109,737.4957955883802,0.9980601819383407
112,250912_mACPOLR2A_Kinetic_pSer2,H15,HCT116 OsTIRF74G mAC-POLR2A Clone 5,5PhIAA,10000,240,4.0,Total Pol II (F12),Goat anti-mouse Alexa647,2343,434.8316118819367,165.003517038006,0.22330085299541613
113,250912_mACPOLR2A_Kinetic_pSer2,H16,HCT116 OsTIRF74G mAC-POLR2A Clone 5,5PhIAA,10000,120,2.0,Total Pol II (F12),Goat anti-mouse Alexa647,2543,478.4689599916819,208.64086514775124,0.2823556975846959
114,250912_mACPOLR2A_Kinetic_pSer2,H17,HCT116 OsTIRF74G mAC-POLR2A Clone 5,5PhIAA,10000,60,1.0,Total Pol II (F12),Goat anti-mouse Alexa647,1931,612.5627343225157,342.734639478585,0.46382609728867946
115,250912_mACPOLR2A_Kinetic_pSer2,H18,HCT116 OsTIRF74G mAC-POLR2A Clone 5,Vehicle,0,480,0.0,Total Pol II (F12),Goat anti-mouse Alexa647,2201,1020.0907380403781,750.2626431964475,1.015337680091833
116,250912_mACPOLR2A_Kinetic_pSer2,H19,HCT116 OsTIRF74G mAC-POLR2A Clone 5,5PhIAA,10000,240,4.0,Total Pol II (F12),Goat anti-mouse Alexa647,2002,414.00313958481007,144.1750447408794,0.19511348030160577
117,250912_mACPOLR2A_Kinetic_pSer2,H20,HCT116 OsTIRF74G mAC-POLR2A Clone 5,5PhIAA,10000,120,2.0,Total Pol II (F12),Goat anti-mouse Alexa647,1740,479.20814134046867,209.380046496538,0.28335603884205446
118,250912_mACPOLR2A_Kinetic_pSer2,H21,HCT116 OsTIRF74G mAC-POLR2A Clone 5,5PhIAA,10000,60,1.0,Total Pol II (F12),Goat anti-mouse Alexa647,1944,582.2557823959833,312.4276875520526,0.4228114065816508
119,250912_mACPOLR2A_Kinetic_pSer2,H22,HCT116 OsTIRF74G,Vehicle,0,480,0.0,Total Pol II (F12),Goat anti-mouse Alexa647,1844,264.97890839943335,-4.84918644449732,-0.006562450842430518
120,250912_mACPOLR2A_Kinetic_pSer2,I03,HCT116 OsTIRF74G,5PhIAA,10000,480,8.0,pSer2 Pol II (3E10),Goat anti-rat Alexa647,2520,267.7473876096396,-2.080707234291083,-0.0028158411929117434
121,250912_mACPOLR2A_Kinetic_pSer2,I04,HCT116 OsTIRF74G mAC-POLR2A Clone 5,5PhIAA,10000,480,8.0,pSer2 Pol II (3E10),Goat anti-rat Alexa647,1939,430.64451302515636,160.81641818122569,0.2176344116790179
122,250912_mACPOLR2A_Kinetic_pSer2,I05,HCT116 OsTIRF74G mAC-POLR2A Clone 5,5PhIAA,10000,480,8.0,pSer2 Pol II (3E10),Goat anti-rat Alexa647,1933,431.31469137605427,161.4865965321236,0.2185413705129929
123,250912_mACPOLR2A_Kinetic_pSer2,I06,HCT116 OsTIRF74G mAC-POLR2A Clone 5,5PhIAA,10000,480,8.0,pSer2 Pol II (3E10),Goat anti-rat Alexa647,1859,442.3040832368558,172.4759883929251,0.2334134206393707
124,250912_mACPOLR2A_Kinetic_pSer2,I07,HCT116 OsTIRF74G mAC-POLR2A Clone 5,5PhIAA,10000,480,8.0,pSer2 Pol II (3E10),Goat anti-rat Alexa647,2023,434.54747666816206,164.7193818242314,0.22291633006680917
125,250912_mACPOLR2A_Kinetic_pSer2,I08,HCT116 OsTIRF74G mAC-POLR2A Clone 5,5PhIAA,10000,480,8.0,pSer2 Pol II (3E10),Goat anti-rat Alexa647,2297,440.1960993472771,170.3680045033464,0.23056066568545605
126,250912_mACPOLR2A_Kinetic_pSer2,I09,HCT116 OsTIRF74G mAC-POLR2A Clone 5,5PhIAA,10000,480,8.0,pSer2 Pol II (3E10),Goat anti-rat Alexa647,2211,431.57002801650293,161.74193317257226,0.21888692005421898
127,250912_mACPOLR2A_Kinetic_pSer2,I10,HCT116 OsTIRF74G mAC-POLR2A Clone 5,5PhIAA,10000,480,8.0,pSer2 Pol II (3E10),Goat anti-rat Alexa647,1800,436.883899380478,167.05580453654733,0.22607823348549713
128,250912_mACPOLR2A_Kinetic_pSer2,I11,HCT116 OsTIRF74G mAC-POLR2A Clone 5,5PhIAA,10000,480,8.0,pSer2 Pol II (3E10),Goat anti-rat Alexa647,2511,442.2817345358796,172.45363969194892,0.23338317592652516
129,250912_mACPOLR2A_Kinetic_pSer2,I12,HCT116 OsTIRF74G,5PhIAA,10000,480,8.0,pSer2 Pol II (3E10),Goat anti-rat Alexa647,4061,267.3234636135931,-2.5046312303375657,-0.003389541630464241
130,250912_mACPOLR2A_Kinetic_pSer2,I13,HCT116 OsTIRF74G,5PhIAA,10000,480,8.0,Total Pol II (F12),Goat anti-mouse Alexa647,3651,265.6095961979364,-4.218498645994259,-0.005708934954359502
131,250912_mACPOLR2A_Kinetic_pSer2,I14,HCT116 OsTIRF74G mAC-POLR2A Clone 5,5PhIAA,10000,480,8.0,Total Pol II (F12),Goat anti-mouse Alexa647,2730,442.73817224243425,172.91007739850357,0.23400087748248322
132,250912_mACPOLR2A_Kinetic_pSer2,I15,HCT116 OsTIRF74G mAC-POLR2A Clone 5,5PhIAA,10000,480,8.0,Total Pol II (F12),Goat anti-mouse Alexa647,2293,439.5979571555701,169.76986231163943,0.229751194081345
133,250912_mACPOLR2A_Kinetic_pSer2,I16,HCT116 OsTIRF74G mAC-POLR2A Clone 5,5PhIAA,10000,480,8.0,Total Pol II (F12),Goat anti-mouse Alexa647,2189,446.54379721420014,176.71570237026947,0.2391510665065162
134,250912_mACPOLR2A_Kinetic_pSer2,I17,HCT116 OsTIRF74G mAC-POLR2A Clone 5,5PhIAA,10000,480,8.0,Total Pol II (F12),Goat anti-mouse Alexa647,2305,438.4946576999694,168.66656285603875,0.22825808827385932
135,250912_mACPOLR2A_Kinetic_pSer2,I18,HCT116 OsTIRF74G mAC-POLR2A Clone 5,5PhIAA,10000,480,8.0,Total Pol II (F12),Goat anti-mouse Alexa647,2340,444.6786142405462,174.85051939661554,0.23662689637677578
136,250912_mACPOLR2A_Kinetic_pSer2,I19,HCT116 OsTIRF74G mAC-POLR2A Clone 5,5PhIAA,10000,480,8.0,Total Pol II (F12),Goat anti-mouse Alexa647,2508,449.05087400124023,179.22277915730956,0.24254391773248196
137,250912_mACPOLR2A_Kinetic_pSer2,I20,HCT116 OsTIRF74G mAC-POLR2A Clone 5,5PhIAA,10000,480,8.0,Total Pol II (F12),Goat anti-mouse Alexa647,1800,450.120277212696,180.29218236876534,0.2439911514254408
138,250912_mACPOLR2A_Kinetic_pSer2,I21,HCT116 OsTIRF74G mAC-POLR2A Clone 5,5PhIAA,10000,480,8.0,Total Pol II (F12),Goat anti-mouse Alexa647,1982,449.0291884751786,179.20109363124794,0.24251457050065237
139,250912_mACPOLR2A_Kinetic_pSer2,I22,HCT116 OsTIRF74G,5PhIAA,10000,480,8.0,Total Pol II (F12),Goat anti-mouse Alexa647,1937,267.564582758789,-2.263512085141656,-0.0030632327628576763
140,250912_mACPOLR2A_Kinetic_pSer2,J03,HCT116 OsTIRF74G,Vehicle,0,480,0.0,pSer2 Pol II (3E10),Goat anti-rat Alexa647,2439,269.03477060547374,-0.7933242384569326,-0.001073613352790342
141,250912_mACPOLR2A_Kinetic_pSer2,J04,HCT116 OsTIRF74G mAC-POLR2A Clone 5,5PhIAA,1000,480,8.0,pSer2 Pol II (3E10),Goat anti-rat Alexa647,2224,445.47584129427054,175.64774645033987,0.23770579144715576
142,250912_mACPOLR2A_Kinetic_pSer2,J05,HCT116 OsTIRF74G mAC-POLR2A Clone 5,5PhIAA,1000,240,4.0,pSer2 Pol II (3E10),Goat anti-rat Alexa647,1928,428.62609680806145,158.79800196413078,0.2149028695212028
143,250912_mACPOLR2A_Kinetic_pSer2,J06,HCT116 OsTIRF74G mAC-POLR2A Clone 5,5PhIAA,1000,120,2.0,pSer2 Pol II (3E10),Goat anti-rat Alexa647,1890,479.0286987203067,209.20060387637602,0.2831131974113674
144,250912_mACPOLR2A_Kinetic_pSer2,J07,HCT116 OsTIRF74G mAC-POLR2A Clone 5,5PhIAA,1000,60,1.0,pSer2 Pol II (3E10),Goat anti-rat Alexa647,2822,591.9545256832668,322.1264308393361,0.43593680953009295
145,250912_mACPOLR2A_Kinetic_pSer2,J08,HCT116 OsTIRF74G mAC-POLR2A Clone 5,5PhIAA,1000,480,8.0,pSer2 Pol II (3E10),Goat anti-rat Alexa647,2454,432.9198765175999,163.09178167366923,0.2207136830658226
146,250912_mACPOLR2A_Kinetic_pSer2,J09,HCT116 OsTIRF74G mAC-POLR2A Clone 5,5PhIAA,1000,240,4.0,pSer2 Pol II (3E10),Goat anti-rat Alexa647,2645,432.49469369638524,162.66659885245457,0.22013827904801392
147,250912_mACPOLR2A_Kinetic_pSer2,J10,HCT116 OsTIRF74G mAC-POLR2A Clone 5,5PhIAA,1000,120,2.0,pSer2 Pol II (3E10),Goat anti-rat Alexa647,2588,487.36623185109136,217.53813700716069,0.29439646151023463
148,250912_mACPOLR2A_Kinetic_pSer2,J11,HCT116 OsTIRF74G mAC-POLR2A Clone 5,5PhIAA,1000,60,1.0,pSer2 Pol II (3E10),Goat anti-rat Alexa647,2649,598.4839569741068,328.65586213017616,0.44477315194868344
149,250912_mACPOLR2A_Kinetic_pSer2,J12,HCT116 OsTIRF74G,Vehicle,0,480,0.0,pSer2 Pol II (3E10),Goat anti-rat Alexa647,3288,267.8879999044575,-1.9400949394731697,-0.0026255492164852607
150,250912_mACPOLR2A_Kinetic_pSer2,J13,HCT116 OsTIRF74G,Vehicle,0,480,0.0,Total Pol II (F12),Goat anti-mouse Alexa647,3341,265.2112829964902,-4.616811847440488,-0.00624797605626396
151,250912_mACPOLR2A_Kinetic_pSer2,J14,HCT116 OsTIRF74G mAC-POLR2A Clone 5,5PhIAA,1000,480,8.0,Total Pol II (F12),Goat anti-mouse Alexa647,2221,453.5810342300344,183.75293938610372,0.24867462731646398
152,250912_mACPOLR2A_Kinetic_pSer2,J15,HCT116 OsTIRF74G mAC-POLR2A Clone 5,5PhIAA,1000,120,2.0,Total Pol II (F12),Goat anti-mouse Alexa647,2545,433.37164397178043,163.54354912784976,0.22132506432414356
153,250912_mACPOLR2A_Kinetic_pSer2,J16,HCT116 OsTIRF74G mAC-POLR2A Clone 5,5PhIAA,1000,240,4.0,Total Pol II (F12),Goat anti-mouse Alexa647,2073,486.08503741767794,216.25694257374727,0.29266260871139826
154,250912_mACPOLR2A_Kinetic_pSer2,J17,HCT116 OsTIRF74G mAC-POLR2A Clone 5,5PhIAA,1000,60,1.0,Total Pol II (F12),Goat anti-mouse Alexa647,2233,614.4993583330731,344.67126348914246,0.46644694926354546
155,250912_mACPOLR2A_Kinetic_pSer2,J18,HCT116 OsTIRF74G mAC-POLR2A Clone 5,5PhIAA,1000,480,8.0,Total Pol II (F12),Goat anti-mouse Alexa647,2059,450.7465225129892,180.91842766905853,0.24483865523778459
156,250912_mACPOLR2A_Kinetic_pSer2,J19,HCT116 OsTIRF74G mAC-POLR2A Clone 5,5PhIAA,1000,240,4.0,Total Pol II (F12),Goat anti-mouse Alexa647,1848,434.5971206790429,164.76902583511225,0.22298351378613107
157,250912_mACPOLR2A_Kinetic_pSer2,J20,HCT116 OsTIRF74G mAC-POLR2A Clone 5,5PhIAA,1000,120,2.0,Total Pol II (F12),Goat anti-mouse Alexa647,2116,481.78472943515214,211.95663459122147,0.2868429603919032
158,250912_mACPOLR2A_Kinetic_pSer2,J21,HCT116 OsTIRF74G mAC-POLR2A Clone 5,5PhIAA,1000,60,1.0,Total Pol II (F12),Goat anti-mouse Alexa647,1892,618.2619677917775,348.4338729478468,0.47153892497836475
159,250912_mACPOLR2A_Kinetic_pSer2,J22,HCT116 OsTIRF74G,Vehicle,0,480,0.0,Total Pol II (F12),Goat anti-mouse Alexa647,2121,268.08360075156565,-1.7444940923650165,-0.0023608407012369703
160,250912_mACPOLR2A_Kinetic_pSer2,K03,HCT116 OsTIRF74G,Vehicle,0,480,0.0,pSer2 Pol II (3E10),Goat anti-rat Alexa647,1799,267.111276833509,-2.7168180104216617,-0.003676696048974095
161,250912_mACPOLR2A_Kinetic_pSer2,K04,HCT116 OsTIRF74G mAC-POLR2A Clone 5,5PhIAA,100,480,8.0,pSer2 Pol II (3E10),Goat anti-rat Alexa647,1773,502.6227667928655,232.79467194893482,0.31504327757457246
162,250912_mACPOLR2A_Kinetic_pSer2,K05,HCT116 OsTIRF74G mAC-POLR2A Clone 5,5PhIAA,100,240,4.0,pSer2 Pol II (3E10),Goat anti-rat Alexa647,1644,493.5606065481459,223.73251170421526,0.3027793686049174
163,250912_mACPOLR2A_Kinetic_pSer2,K06,HCT116 OsTIRF74G mAC-POLR2A Clone 5,5PhIAA,100,120,2.0,pSer2 Pol II (3E10),Goat anti-rat Alexa647,1899,534.2316346556596,264.40353981172893,0.35781986369034324
164,250912_mACPOLR2A_Kinetic_pSer2,K07,HCT116 OsTIRF74G mAC-POLR2A Clone 5,5PhIAA,100,60,1.0,pSer2 Pol II (3E10),Goat anti-rat Alexa647,1942,634.9403255707904,365.1122307268597,0.4941099076184407
165,250912_mACPOLR2A_Kinetic_pSer2,K08,HCT116 OsTIRF74G mAC-POLR2A Clone 5,5PhIAA,100,480,8.0,pSer2 Pol II (3E10),Goat anti-rat Alexa647,2483,514.1694182046971,244.3413233607664,0.3306694724326422
166,250912_mACPOLR2A_Kinetic_pSer2,K09,HCT116 OsTIRF74G mAC-POLR2A Clone 5,5PhIAA,100,240,4.0,pSer2 Pol II (3E10),Goat anti-rat Alexa647,1903,477.7042861168296,207.87619127289895,0.2813208570456394
167,250912_mACPOLR2A_Kinetic_pSer2,K10,HCT116 OsTIRF74G mAC-POLR2A Clone 5,5PhIAA,100,120,2.0,pSer2 Pol II (3E10),Goat anti-rat Alexa647,1896,532.863795117645,263.0357002737144,0.3559687532347452
168,250912_mACPOLR2A_Kinetic_pSer2,K11,HCT116 OsTIRF74G mAC-POLR2A Clone 5,5PhIAA,100,60,1.0,pSer2 Pol II (3E10),Goat anti-rat Alexa647,2403,646.7640316218244,376.93593677789374,0.5101110431951741
169,250912_mACPOLR2A_Kinetic_pSer2,K12,HCT116 OsTIRF74G,Vehicle,0,480,0.0,pSer2 Pol II (3E10),Goat anti-rat Alexa647,2919,265.2823432147537,-4.545751629176948,-0.006151809576681383
170,250912_mACPOLR2A_Kinetic_pSer2,K13,HCT116 OsTIRF74G,Vehicle,0,480,0.0,Total Pol II (F12),Goat anti-mouse Alexa647,3209,266.3981038151192,-3.4299910288114575,-0.004641839981652062
171,250912_mACPOLR2A_Kinetic_pSer2,K14,HCT116 OsTIRF74G mAC-POLR2A Clone 5,5PhIAA,100,480,8.0,Total Pol II (F12),Goat anti-mouse Alexa647,2300,541.5411832517226,271.71308840779193,0.3677119463914432
172,250912_mACPOLR2A_Kinetic_pSer2,K15,HCT116 OsTIRF74G mAC-POLR2A Clone 5,5PhIAA,100,120,2.0,Total Pol II (F12),Goat anti-mouse Alexa647,2088,487.4691698308234,217.6410749868927,0.2945357684722462
173,250912_mACPOLR2A_Kinetic_pSer2,K16,HCT116 OsTIRF74G mAC-POLR2A Clone 5,5PhIAA,100,240,4.0,Total Pol II (F12),Goat anti-mouse Alexa647,1987,560.7688421652962,290.9407473213655,0.39373292287473205
174,250912_mACPOLR2A_Kinetic_pSer2,K17,HCT116 OsTIRF74G mAC-POLR2A Clone 5,5PhIAA,100,60,1.0,Total Pol II (F12),Goat anti-mouse Alexa647,2386,650.6737602975624,380.8456654536317,0.5154021167670897
175,250912_mACPOLR2A_Kinetic_pSer2,K18,HCT116 OsTIRF74G mAC-POLR2A Clone 5,5PhIAA,100,480,8.0,Total Pol II (F12),Goat anti-mouse Alexa647,2266,518.9615564608887,249.13346161695802,0.33715471941094194
176,250912_mACPOLR2A_Kinetic_pSer2,K19,HCT116 OsTIRF74G mAC-POLR2A Clone 5,5PhIAA,100,240,4.0,Total Pol II (F12),Goat anti-mouse Alexa647,1929,500.6022251384049,230.77413029447422,0.3123088590418457
177,250912_mACPOLR2A_Kinetic_pSer2,K20,HCT116 OsTIRF74G mAC-POLR2A Clone 5,5PhIAA,100,120,2.0,Total Pol II (F12),Goat anti-mouse Alexa647,1955,533.6906933798775,263.86259853594686,0.35708780263812495
178,250912_mACPOLR2A_Kinetic_pSer2,K21,HCT116 OsTIRF74G mAC-POLR2A Clone 5,5PhIAA,100,60,1.0,Total Pol II (F12),Goat anti-mouse Alexa647,2148,646.6457241981939,376.8176293542632,0.5099509366163167
179,250912_mACPOLR2A_Kinetic_pSer2,K22,HCT116 OsTIRF74G,Vehicle,0,480,0.0,Total Pol II (F12),Goat anti-mouse Alexa647,1958,264.2079623160607,-5.620132527869998,-0.0076057796218464225
180,250912_mACPOLR2A_Kinetic_pSer2,L03,HCT116 OsTIRF74G,Vehicle,0,480,0.0,pSer2 Pol II (3E10),Goat anti-rat Alexa647,1954,269.3344642876325,-0.49363055629817154,-0.0006680349986757807
181,250912_mACPOLR2A_Kinetic_pSer2,L04,HCT116 OsTIRF74G mAC-POLR2A Clone 5,5PhIAA,10,480,8.0,pSer2 Pol II (3E10),Goat anti-rat Alexa647,1505,726.2211943230789,456.3930994791482,0.6176411887720037
182,250912_mACPOLR2A_Kinetic_pSer2,L05,HCT116 OsTIRF74G mAC-POLR2A Clone 5,5PhIAA,10,240,4.0,pSer2 Pol II (3E10),Goat anti-rat Alexa647,2028,702.7794124668387,432.95131762290805,0.5859171990159237
183,250912_mACPOLR2A_Kinetic_pSer2,L06,HCT116 OsTIRF74G mAC-POLR2A Clone 5,5PhIAA,10,120,2.0,pSer2 Pol II (3E10),Goat anti-rat Alexa647,2135,683.085761389273,413.2576665453423,0.5592655908371622
184,250912_mACPOLR2A_Kinetic_pSer2,L07,HCT116 OsTIRF74G mAC-POLR2A Clone 5,5PhIAA,10,60,1.0,pSer2 Pol II (3E10),Goat anti-rat Alexa647,2139,772.3789852806498,502.5508904367191,0.6801069730063823
185,250912_mACPOLR2A_Kinetic_pSer2,L08,HCT116 OsTIRF74G mAC-POLR2A Clone 5,5PhIAA,10,480,8.0,pSer2 Pol II (3E10),Goat anti-rat Alexa647,2255,739.6058722863173,469.77777744238665,0.6357548027113459
186,250912_mACPOLR2A_Kinetic_pSer2,L09,HCT116 OsTIRF74G mAC-POLR2A Clone 5,5PhIAA,10,240,4.0,pSer2 Pol II (3E10),Goat anti-rat Alexa647,2397,696.2557877043242,426.42769286039356,0.577088714628188
187,250912_mACPOLR2A_Kinetic_pSer2,L10,HCT116 OsTIRF74G mAC-POLR2A Clone 5,5PhIAA,10,120,2.0,pSer2 Pol II (3E10),Goat anti-rat Alexa647,2366,735.2872951909934,465.45920034706273,0.6299104306250819
188,250912_mACPOLR2A_Kinetic_pSer2,L11,HCT116 OsTIRF74G mAC-POLR2A Clone 5,5PhIAA,10,60,1.0,pSer2 Pol II (3E10),Goat anti-rat Alexa647,2133,812.116684018432,542.2885891745013,0.7338843844428778
189,250912_mACPOLR2A_Kinetic_pSer2,L12,HCT116 OsTIRF74G,Vehicle,0,480,0.0,pSer2 Pol II (3E10),Goat anti-rat Alexa647,2874,264.0503778690245,-5.777716974906184,-0.007819040175764713
190,250912_mACPOLR2A_Kinetic_pSer2,L13,HCT116 OsTIRF74G,Vehicle,0,480,0.0,Total Pol II (F12),Goat anti-mouse Alexa647,1911,265.7727181935462,-4.05537665038446,-0.005488180382482148
191,250912_mACPOLR2A_Kinetic_pSer2,L14,HCT116 OsTIRF74G mAC-POLR2A Clone 5,5PhIAA,10,480,8.0,Total Pol II (F12),Goat anti-mouse Alexa647,2061,759.0824635866007,489.25436874267007,0.6621126617974321
192,250912_mACPOLR2A_Kinetic_pSer2,L15,HCT116 OsTIRF74G mAC-POLR2A Clone 5,5PhIAA,10,120,2.0,Total Pol II (F12),Goat anti-mouse Alexa647,2320,726.1078078178622,456.2797129739315,0.6174877417195557
193,250912_mACPOLR2A_Kinetic_pSer2,L16,HCT116 OsTIRF74G mAC-POLR2A Clone 5,5PhIAA,10,240,4.0,Total Pol II (F12),Goat anti-mouse Alexa647,1910,749.7458729772757,479.917778133345,0.6494773635652673
194,250912_mACPOLR2A_Kinetic_pSer2,L17,HCT116 OsTIRF74G mAC-POLR2A Clone 5,5PhIAA,10,60,1.0,Total Pol II (F12),Goat anti-mouse Alexa647,1561,851.3193264278646,581.4912315839339,0.7869376989833443
195,250912_mACPOLR2A_Kinetic_pSer2,L18,HCT116 OsTIRF74G mAC-POLR2A Clone 5,5PhIAA,10,480,8.0,Total Pol II (F12),Goat anti-mouse Alexa647,1805,773.7375278909657,503.909433047035,0.6819455018399483
196,250912_mACPOLR2A_Kinetic_pSer2,L19,HCT116 OsTIRF74G mAC-POLR2A Clone 5,5PhIAA,10,240,4.0,Total Pol II (F12),Goat anti-mouse Alexa647,1977,719.4941015806221,449.66600673669143,0.6085373492021849
197,250912_mACPOLR2A_Kinetic_pSer2,L20,HCT116 OsTIRF74G mAC-POLR2A Clone 5,5PhIAA,10,120,2.0,Total Pol II (F12),Goat anti-mouse Alexa647,1893,761.1619271578181,491.33383231388746,0.6649268199290965
198,250912_mACPOLR2A_Kinetic_pSer2,L21,HCT116 OsTIRF74G mAC-POLR2A Clone 5,5PhIAA,10,60,1.0,Total Pol II (F12),Goat anti-mouse Alexa647,1954,840.030060596456,570.2019657525253,0.7716598265167539
199,250912_mACPOLR2A_Kinetic_pSer2,L22,HCT116 OsTIRF74G,Vehicle,0,480,0.0,Total Pol II (F12),Goat anti-mouse Alexa647,1648,267.0166279247683,-2.811466919162399,-0.003804785331168145
200,250912_mACPOLR2A_Kinetic_pSer2,M03,HCT116 OsTIRF74G,Vehicle,0,480,0.0,pSer2 Pol II (3E10),Goat anti-rat Alexa647,1570,266.1896767540418,-3.638418089888887,-0.004923906336123752
201,250912_mACPOLR2A_Kinetic_pSer2,M04,HCT116 OsTIRF74G mAC-POLR2A Clone 5,Vehicle,0,480,0.0,pSer2 Pol II (3E10),Goat anti-rat Alexa647,1711,982.4916043501759,712.6635095062452,0.9644544093856882
202,250912_mACPOLR2A_Kinetic_pSer2,M05,HCT116 OsTIRF74G mAC-POLR2A Clone 5,5PhIAA,10000,240,4.0,pSer2 Pol II (3E10),Goat anti-rat Alexa647,1756,420.7470863537332,150.91899150980254,0.20424012858819562
203,250912_mACPOLR2A_Kinetic_pSer2,M06,HCT116 OsTIRF74G mAC-POLR2A Clone 5,5PhIAA,10000,120,2.0,pSer2 Pol II (3E10),Goat anti-rat Alexa647,2059,517.1088915093289,247.28079666539827,0.3346474900413842
204,250912_mACPOLR2A_Kinetic_pSer2,M07,HCT116 OsTIRF74G mAC-POLR2A Clone 5,5PhIAA,10000,60,1.0,pSer2 Pol II (3E10),Goat anti-rat Alexa647,1960,577.6789076095042,307.85081276557355,0.4166174777356458
205,250912_mACPOLR2A_Kinetic_pSer2,M08,HCT116 OsTIRF74G mAC-POLR2A Clone 5,Vehicle,0,480,0.0,pSer2 Pol II (3E10),Goat anti-rat Alexa647,1823,1018.5141135665225,748.6860187225918,1.0132040189663898
206,250912_mACPOLR2A_Kinetic_pSer2,M09,HCT116 OsTIRF74G mAC-POLR2A Clone 5,5PhIAA,10000,240,4.0,pSer2 Pol II (3E10),Goat anti-rat Alexa647,1577,428.3338234935328,158.50572864960213,0.2145073332222583
207,250912_mACPOLR2A_Kinetic_pSer2,M10,HCT116 OsTIRF74G mAC-POLR2A Clone 5,5PhIAA,10000,120,2.0,pSer2 Pol II (3E10),Goat anti-rat Alexa647,1986,477.52500870939156,207.69691386546089,0.28107823919892705
208,250912_mACPOLR2A_Kinetic_pSer2,M11,HCT116 OsTIRF74G mAC-POLR2A Clone 5,5PhIAA,10000,60,1.0,pSer2 Pol II (3E10),Goat anti-rat Alexa647,2092,601.0333537522412,331.2052589083105,0.44822327522726807
209,250912_mACPOLR2A_Kinetic_pSer2,M12,HCT116 OsTIRF74G,Vehicle,0,480,0.0,pSer2 Pol II (3E10),Goat anti-rat Alexa647,2190,271.39335967068484,1.5652648267541736,0.002118288005324284
210,250912_mACPOLR2A_Kinetic_pSer2,M13,HCT116 OsTIRF74G,Vehicle,0,480,0.0,Total Pol II (F12),Goat anti-mouse Alexa647,2237,268.694723942706,-1.13337090122468,-0.0015338017852392861
211,250912_mACPOLR2A_Kinetic_pSer2,M14,HCT116 OsTIRF74G mAC-POLR2A Clone 5,Vehicle,0,480,0.0,Total Pol II (F12),Goat anti-mouse Alexa647,1733,1070.5159510238905,800.6878561799598,1.0835786077630916
212,250912_mACPOLR2A_Kinetic_pSer2,M15,HCT116 OsTIRF74G mAC-POLR2A Clone 5,5PhIAA,10000,120,2.0,Total Pol II (F12),Goat anti-mouse Alexa647,1506,438.80546698306375,168.97737213913308,0.2286787094780599
213,250912_mACPOLR2A_Kinetic_pSer2,M16,HCT116 OsTIRF74G mAC-POLR2A Clone 5,5PhIAA,10000,240,4.0,Total Pol II (F12),Goat anti-mouse Alexa647,1241,490.889502999326,221.06140815539533,0.29916453837827933
214,250912_mACPOLR2A_Kinetic_pSer2,M17,HCT116 OsTIRF74G mAC-POLR2A Clone 5,5PhIAA,10000,60,1.0,Total Pol II (F12),Goat anti-mouse Alexa647,1656,622.1400594521607,352.31196460823,0.47678718387189195
215,250912_mACPOLR2A_Kinetic_pSer2,M18,HCT116 OsTIRF74G mAC-POLR2A Clone 5,Vehicle,0,480,0.0,Total Pol II (F12),Goat anti-mouse Alexa647,1917,1033.0485331938394,763.2204383499087,1.0328735894024286
216,250912_mACPOLR2A_Kinetic_pSer2,M19,HCT116 OsTIRF74G mAC-POLR2A Clone 5,5PhIAA,10000,240,4.0,Total Pol II (F12),Goat anti-mouse Alexa647,1859,432.6952297615886,162.86713491765795,0.22040966644156834
217,250912_mACPOLR2A_Kinetic_pSer2,M20,HCT116 OsTIRF74G mAC-POLR2A Clone 5,5PhIAA,10000,120,2.0,Total Pol II (F12),Goat anti-mouse Alexa647,1713,498.778586141409,228.95049129747832,0.3098409107768939
218,250912_mACPOLR2A_Kinetic_pSer2,M21,HCT116 OsTIRF74G mAC-POLR2A Clone 5,5PhIAA,10000,60,1.0,Total Pol II (F12),Goat anti-mouse Alexa647,1729,612.6111062521667,342.783011408236,0.46389155948818894
219,250912_mACPOLR2A_Kinetic_pSer2,M22,HCT116 OsTIRF74G,Vehicle,0,480,0.0,Total Pol II (F12),Goat anti-mouse Alexa647,2562,269.3370575755087,-0.4910372684219624,-0.0006645254771503286
220,250912_mACPOLR2A_Kinetic_pSer2,N03,HCT116 OsTIRF74G,Vehicle,0,480,0.0,pSer2 Pol II (3E10),Goat anti-rat Alexa647,1888,268.3975992855761,-1.4304955583545507,-0.0019359034529739707
221,250912_mACPOLR2A_Kinetic_pSer2,N04,HCT116 OsTIRF74G,Vehicle,0,480,0.0,pSer2 Pol II (3E10),Goat anti-rat Alexa647,2033,269.72281210069065,-0.10528274324002496,-0.00014248015310958404
222,250912_mACPOLR2A_Kinetic_pSer2,N05,HCT116 OsTIRF74G,Vehicle,0,480,0.0,pSer2 Pol II (3E10),Goat anti-rat Alexa647,1142,269.401910533212,-0.4261843107186678,-0.0005767593432255245
223,250912_mACPOLR2A_Kinetic_pSer2,N06,HCT116 OsTIRF74G,Vehicle,0,480,0.0,pSer2 Pol II (3E10),Goat anti-rat Alexa647,1490,271.95110254312726,2.1230076991965916,0.0028730868205508625
224,250912_mACPOLR2A_Kinetic_pSer2,N07,HCT116 OsTIRF74G,Vehicle,0,480,0.0,pSer2 Pol II (3E10),Goat anti-rat Alexa647,1240,269.0256566035247,-0.8024382404059907,-0.0010859474196390976
225,250912_mACPOLR2A_Kinetic_pSer2,N08,HCT116 OsTIRF74G,Vehicle,0,480,0.0,pSer2 Pol II (3E10),Goat anti-rat Alexa647,1385,268.1889270889058,-1.6391677550248573,-0.0022183015518106998
226,250912_mACPOLR2A_Kinetic_pSer2,N09,HCT116 OsTIRF74G,Vehicle,0,480,0.0,No primary,Goat anti-rat Alexa647,1414,276.54947568788606,6.721380843955387,0.009096109602418846
227,250912_mACPOLR2A_Kinetic_pSer2,N10,HCT116 OsTIRF74G,Vehicle,0,480,0.0,pSer2 Pol II (3E10),Goat anti-rat Alexa647,1625,273.1009489643924,3.272854120461716,0.004429185086159878
228,250912_mACPOLR2A_Kinetic_pSer2,N11,HCT116 OsTIRF74G,Vehicle,0,480,0.0,No primary,Goat anti-rat Alexa647,2000,273.0007173730363,3.172622529105638,0.00429354070567225
229,250912_mACPOLR2A_Kinetic_pSer2,N12,HCT116 OsTIRF74G,Vehicle,0,480,0.0,pSer2 Pol II (3E10),Goat anti-rat Alexa647,1348,269.68717195698275,-0.14092288694791932,-0.0001907123037553119
230,250912_mACPOLR2A_Kinetic_pSer2,N13,HCT116 OsTIRF74G,Vehicle,0,480,0.0,Total Pol II (F12),Goat anti-mouse Alexa647,1916,266.5286562930568,-3.2994385508738446,-0.0044651620525542265
231,250912_mACPOLR2A_Kinetic_pSer2,N14,HCT116 OsTIRF74G,Vehicle,0,480,0.0,Total Pol II (F12),Goat anti-mouse Alexa647,2241,270.33327823949605,0.5051833955653819,0.0006836695676182888
232,250912_mACPOLR2A_Kinetic_pSer2,N15,HCT116 OsTIRF74G,Vehicle,0,480,0.0,Total Pol II (F12),Goat anti-mouse Alexa647,1554,266.4460850086465,-3.3820098352841796,-0.004576906569112064
233,250912_mACPOLR2A_Kinetic_pSer2,N16,HCT116 OsTIRF74G,Vehicle,0,480,0.0,Total Pol II (F12),Goat anti-mouse Alexa647,1791,267.1334580452025,-2.6946367987281974,-0.003646678000992235
234,250912_mACPOLR2A_Kinetic_pSer2,N17,HCT116 OsTIRF74G,Vehicle,0,480,0.0,Total Pol II (F12),Goat anti-mouse Alexa647,2327,269.18392836345737,-0.6441664804733023,-0.0008717567185408023
235,250912_mACPOLR2A_Kinetic_pSer2,N18,HCT116 OsTIRF74G,Vehicle,0,480,0.0,Total Pol II (F12),Goat anti-mouse Alexa647,2258,277.1355293144004,7.30743447046973,0.009889221634519147
236,250912_mACPOLR2A_Kinetic_pSer2,N19,HCT116 OsTIRF74G,Vehicle,0,480,0.0,No primary,Goat anti-mouse Alexa647,2678,272.5658355153622,2.7377406714315384,0.003705010888162421
237,250912_mACPOLR2A_Kinetic_pSer2,N20,HCT116 OsTIRF74G,Vehicle,0,480,0.0,Total Pol II (F12),Goat anti-mouse Alexa647,2398,273.356752755213,3.5286579112823233,0.004775366826495423
238,250912_mACPOLR2A_Kinetic_pSer2,N21,HCT116 OsTIRF74G,Vehicle,0,480,0.0,No primary,Goat anti-mouse Alexa647,2640,267.8954290872602,-1.932665756670474,-0.002615495231657054
239,250912_mACPOLR2A_Kinetic_pSer2,N22,HCT116 OsTIRF74G,Vehicle,0,480,0.0,Total Pol II (F12),Goat anti-mouse Alexa647,2865,266.1928305784691,-3.635264265461558,-0.004919638235070741
0,260522_mACPOLR2A_Kinetic_pSer2,C03,HCT116 OsTIRF74G,Vehicle,0,480,0.0,pSer2 Pol II (3E10),Goat anti-rat Alexa568,3030,224.79536947862564,-15.690447366299537,-0.036634637661243225
1,260522_mACPOLR2A_Kinetic_pSer2,C04,HCT116 OsTIRF74G,Vehicle,0,480,0.0,pSer2 Pol II (3E10),Goat anti-rat Alexa568,2627,244.4727939447165,3.986977099791318,0.009308941804186219
2,260522_mACPOLR2A_Kinetic_pSer2,C05,HCT116 OsTIRF74G,Vehicle,0,480,0.0,pSer2 Pol II (3E10),Goat anti-rat Alexa568,2732,244.9848747625888,4.499057917663606,0.010504567064452379
3,260522_mACPOLR2A_Kinetic_pSer2,C06,HCT116 OsTIRF74G,Vehicle,0,480,0.0,pSer2 Pol II (3E10),Goat anti-rat Alexa568,2920,245.77554823516024,5.289731390235062,0.012350660773560151
4,260522_mACPOLR2A_Kinetic_pSer2,C07,HCT116 OsTIRF74G,Vehicle,0,480,0.0,pSer2 Pol II (3E10),Goat anti-rat Alexa568,2568,247.27479148158653,6.788974636661351,0.015851149435015477
5,260522_mACPOLR2A_Kinetic_pSer2,C08,HCT116 OsTIRF74G,Vehicle,0,480,0.0,pSer2 Pol II (3E10),Goat anti-rat Alexa568,3145,245.60875395339627,5.122937108471092,0.01196122330669005
6,260522_mACPOLR2A_Kinetic_pSer2,C09,HCT116 OsTIRF74G,Vehicle,0,480,0.0,pSer2 Pol II (3E10),Goat anti-rat Alexa568,2603,244.00931062877618,3.523493783850995,0.008226783791408681
7,260522_mACPOLR2A_Kinetic_pSer2,C10,HCT116 OsTIRF74G,Vehicle,0,480,0.0,pSer2 Pol II (3E10),Goat anti-rat Alexa568,2616,244.04980268764726,3.563985842722076,0.008321326150225416
8,260522_mACPOLR2A_Kinetic_pSer2,C11,HCT116 OsTIRF74G,Vehicle,0,480,0.0,pSer2 Pol II (3E10),Goat anti-rat Alexa568,2376,248.6880746255553,8.202257780630106,0.019150935265420943
9,260522_mACPOLR2A_Kinetic_pSer2,C12,HCT116 OsTIRF74G,Vehicle,0,480,0.0,pSer2 Pol II (3E10),Goat anti-rat Alexa568,2450,246.69533769206842,6.209520847143239,0.014498219265157814
10,260522_mACPOLR2A_Kinetic_pSer2,C13,HCT116 OsTIRF74G,Vehicle,0,480,0.0,Total Pol II (F12),Goat anti-mouse Alexa568,2375,247.05366845930658,6.5678516143813965,0.015334863212534387
11,260522_mACPOLR2A_Kinetic_pSer2,C14,HCT116 OsTIRF74G,Vehicle,0,480,0.0,Total Pol II (F12),Goat anti-mouse Alexa568,2786,246.57440454784464,6.088587702919455,0.014215860080843615
12,260522_mACPOLR2A_Kinetic_pSer2,C15,HCT116 OsTIRF74G,Vehicle,0,480,0.0,Total Pol II (F12),Goat anti-mouse Alexa568,2843,247.644556473055,7.158739628129808,0.0167144904326313
13,260522_mACPOLR2A_Kinetic_pSer2,C16,HCT116 OsTIRF74G,Vehicle,0,480,0.0,Total Pol II (F12),Goat anti-mouse Alexa568,3337,243.9937915990242,3.507974754099024,0.00819054938594242
14,260522_mACPOLR2A_Kinetic_pSer2,C17,HCT116 OsTIRF74G,Vehicle,0,480,0.0,Total Pol II (F12),Goat anti-mouse Alexa568,2566,246.40795916245537,5.922142317530188,0.013827237230151765
15,260522_mACPOLR2A_Kinetic_pSer2,C18,HCT116 OsTIRF74G,Vehicle,0,480,0.0,Total Pol II (F12),Goat anti-mouse Alexa568,3167,246.19750696171008,5.711690116784894,0.013335865637020869
16,260522_mACPOLR2A_Kinetic_pSer2,C19,HCT116 OsTIRF74G,Vehicle,0,480,0.0,Total Pol II (F12),Goat anti-mouse Alexa568,2831,247.18519425875218,6.699377413826994,0.01564195452059638
17,260522_mACPOLR2A_Kinetic_pSer2,C20,HCT116 OsTIRF74G,Vehicle,0,480,0.0,Total Pol II (F12),Goat anti-mouse Alexa568,2788,244.93060632052376,4.444789475598583,0.010377859095898058
18,260522_mACPOLR2A_Kinetic_pSer2,C21,HCT116 OsTIRF74G,Vehicle,0,480,0.0,Total Pol II (F12),Goat anti-mouse Alexa568,2312,242.67032561248325,2.1845087675580714,0.005100471981390869
19,260522_mACPOLR2A_Kinetic_pSer2,C22,HCT116 OsTIRF74G,Vehicle,0,480,0.0,Total Pol II (F12),Goat anti-mouse Alexa568,3012,240.67459389294518,0.1887770480200004,0.00044076364373305037
20,260522_mACPOLR2A_Kinetic_pSer2,D03,HCT116 OsTIRF74G,Vehicle,0,480,0.0,pSer2 Pol II (3E10),Goat anti-rat Alexa568,2844,243.5690005728619,3.083183727936728,0.0071987315644424345
21,260522_mACPOLR2A_Kinetic_pSer2,D04,HCT116 OsTIRF74G mAC-POLR2A Clone 5,Vehicle,0,60,0.0,pSer2 Pol II (3E10),Goat anti-rat Alexa568,1774,677.4584423702465,436.97262552532135,1.020259870880769
22,260522_mACPOLR2A_Kinetic_pSer2,D05,HCT116 OsTIRF74G mAC-POLR2A Clone 5,Vehicle,0,120,0.0,pSer2 Pol II (3E10),Goat anti-rat Alexa568,1635,673.6257723955339,433.1399555506087,1.0113112110675189
23,260522_mACPOLR2A_Kinetic_pSer2,D06,HCT116 OsTIRF74G mAC-POLR2A Clone 5,Vehicle,0,240,0.0,pSer2 Pol II (3E10),Goat anti-rat Alexa568,2348,664.0007571992857,423.5149403543605,0.9888383690913328
24,260522_mACPOLR2A_Kinetic_pSer2,D07,HCT116 OsTIRF74G mAC-POLR2A Clone 5,Vehicle,0,480,0.0,pSer2 Pol II (3E10),Goat anti-rat Alexa568,1719,683.235793962579,442.7499771176538,1.0337490453629001
25,260522_mACPOLR2A_Kinetic_pSer2,D08,HCT116 OsTIRF74G mAC-POLR2A Clone 5,Vehicle,0,60,0.0,pSer2 Pol II (3E10),Goat anti-rat Alexa568,1490,678.6353203095049,438.1495034645797,1.0230076890831261
26,260522_mACPOLR2A_Kinetic_pSer2,D09,HCT116 OsTIRF74G mAC-POLR2A Clone 5,Vehicle,0,120,0.0,pSer2 Pol II (3E10),Goat anti-rat Alexa568,2148,644.9579008432675,404.47208399834227,0.9443764027527428
27,260522_mACPOLR2A_Kinetic_pSer2,D10,HCT116 OsTIRF74G mAC-POLR2A Clone 5,Vehicle,0,240,0.0,pSer2 Pol II (3E10),Goat anti-rat Alexa568,2142,653.510920127233,413.02510328230784,0.9643463089678262
28,260522_mACPOLR2A_Kinetic_pSer2,D11,HCT116 OsTIRF74G mAC-POLR2A Clone 5,Vehicle,0,480,0.0,pSer2 Pol II (3E10),Goat anti-rat Alexa568,1936,668.9310653794676,428.4452485345424,1.0003498352415696
29,260522_mACPOLR2A_Kinetic_pSer2,D12,HCT116 OsTIRF74G,Vehicle,0,480,0.0,pSer2 Pol II (3E10),Goat anti-rat Alexa568,3854,247.04690524055997,6.561088395634783,0.015319072198905416
30,260522_mACPOLR2A_Kinetic_pSer2,D13,HCT116 OsTIRF74G,Vehicle,0,480,0.0,Total Pol II (F12),Goat anti-mouse Alexa568,2440,249.10383969697477,8.618022852049592,0.020121678953479723
31,260522_mACPOLR2A_Kinetic_pSer2,D14,HCT116 OsTIRF74G mAC-POLR2A Clone 5,Vehicle,0,60,0.0,Total Pol II (F12),Goat anti-mouse Alexa568,1803,668.213989117918,427.7281722729928,0.9986755790266849
32,260522_mACPOLR2A_Kinetic_pSer2,D15,HCT116 OsTIRF74G mAC-POLR2A Clone 5,Vehicle,0,120,0.0,Total Pol II (F12),Goat anti-mouse Alexa568,1784,680.2321501895168,439.7463333445916,1.0267360266311383
33,260522_mACPOLR2A_Kinetic_pSer2,D16,HCT116 OsTIRF74G mAC-POLR2A Clone 5,Vehicle,0,240,0.0,Total Pol II (F12),Goat anti-mouse Alexa568,1894,669.721206625152,429.23538978022685,1.0021946862876288
34,260522_mACPOLR2A_Kinetic_pSer2,D17,HCT116 OsTIRF74G mAC-POLR2A Clone 5,Vehicle,0,480,0.0,Total Pol II (F12),Goat anti-mouse Alexa568,2242,648.1764065973856,407.6905897524604,0.9518910891960365
35,260522_mACPOLR2A_Kinetic_pSer2,D18,HCT116 OsTIRF74G mAC-POLR2A Clone 5,Vehicle,0,60,0.0,Total Pol II (F12),Goat anti-mouse Alexa568,1644,666.3796521105173,425.89383526559214,0.9943927010407412
36,260522_mACPOLR2A_Kinetic_pSer2,D19,HCT116 OsTIRF74G mAC-POLR2A Clone 5,Vehicle,0,120,0.0,Total Pol II (F12),Goat anti-mouse Alexa568,1893,656.9285774073333,416.44276056240807,0.9723259817702538
37,260522_mACPOLR2A_Kinetic_pSer2,D20,HCT116 OsTIRF74G mAC-POLR2A Clone 5,Vehicle,0,240,0.0,Total Pol II (F12),Goat anti-mouse Alexa568,1652,666.2750563619023,425.78923951697715,0.9941484870128068
38,260522_mACPOLR2A_Kinetic_pSer2,D21,HCT116 OsTIRF74G mAC-POLR2A Clone 5,Vehicle,0,480,0.0,Total Pol II (F12),Goat anti-mouse Alexa568,2159,649.6176520163158,409.1318351713906,0.9552561623817022
39,260522_mACPOLR2A_Kinetic_pSer2,D22,HCT116 OsTIRF74G,Vehicle,0,480,0.0,Total Pol II (F12),Goat anti-mouse Alexa568,2532,241.45598342881993,0.970166583894752,0.002265180873578405
40,260522_mACPOLR2A_Kinetic_pSer2,E03,HCT116 OsTIRF74G,Vehicle,0,480,0.0,pSer2 Pol II (3E10),Goat anti-rat Alexa568,2491,245.15970241581567,4.673885570890491,0.010912761144558004
41,260522_mACPOLR2A_Kinetic_pSer2,E04,HCT116 OsTIRF74G mAC-POLR2A Clone 5,5PhIAA,10,60,1.0,pSer2 Pol II (3E10),Goat anti-rat Alexa568,2049,517.139186185793,276.65336934086787,0.6459405335588637
42,260522_mACPOLR2A_Kinetic_pSer2,E05,HCT116 OsTIRF74G mAC-POLR2A Clone 5,5PhIAA,10,120,2.0,pSer2 Pol II (3E10),Goat anti-rat Alexa568,2168,484.17608272871445,243.69026588378927,0.5689770587038475
43,260522_mACPOLR2A_Kinetic_pSer2,E06,HCT116 OsTIRF74G mAC-POLR2A Clone 5,5PhIAA,10,240,4.0,pSer2 Pol II (3E10),Goat anti-rat Alexa568,1994,472.613242705451,232.12742586052582,0.5419797115474496
44,260522_mACPOLR2A_Kinetic_pSer2,E07,HCT116 OsTIRF74G mAC-POLR2A Clone 5,5PhIAA,10,480,8.0,pSer2 Pol II (3E10),Goat anti-rat Alexa568,1982,490.14371615733035,249.65789931240516,0.5829105102650841
45,260522_mACPOLR2A_Kinetic_pSer2,E08,HCT116 OsTIRF74G mAC-POLR2A Clone 5,5PhIAA,10,60,1.0,pSer2 Pol II (3E10),Goat anti-rat Alexa568,2280,516.3629459034737,275.8771290585485,0.64412813899694
46,260522_mACPOLR2A_Kinetic_pSer2,E09,HCT116 OsTIRF74G mAC-POLR2A Clone 5,5PhIAA,10,120,2.0,pSer2 Pol II (3E10),Goat anti-rat Alexa568,2074,474.57646208753147,234.09064524260629,0.5465635088754037
47,260522_mACPOLR2A_Kinetic_pSer2,E10,HCT116 OsTIRF74G mAC-POLR2A Clone 5,5PhIAA,10,240,4.0,pSer2 Pol II (3E10),Goat anti-rat Alexa568,2080,458.9216105032894,218.43579365836422,0.5100119815645221
48,260522_mACPOLR2A_Kinetic_pSer2,E11,HCT116 OsTIRF74G mAC-POLR2A Clone 5,5PhIAA,10,480,8.0,pSer2 Pol II (3E10),Goat anti-rat Alexa568,2084,479.48261209905615,238.99679525413097,0.5580185696386776
49,260522_mACPOLR2A_Kinetic_pSer2,E12,HCT116 OsTIRF74G,Vehicle,0,480,0.0,pSer2 Pol II (3E10),Goat anti-rat Alexa568,3689,241.80665607400533,1.3208392290801498,0.003083944353940951
50,260522_mACPOLR2A_Kinetic_pSer2,E13,HCT116 OsTIRF74G,Vehicle,0,480,0.0,Total Pol II (F12),Goat anti-mouse Alexa568,3082,241.7240163923437,1.2381995474185317,0.002890994164348755
51,260522_mACPOLR2A_Kinetic_pSer2,E14,HCT116 OsTIRF74G mAC-POLR2A Clone 5,5PhIAA,10,60,1.0,Total Pol II (F12),Goat anti-mouse Alexa568,1966,497.1355446088388,256.64972776391363,0.5992352903004027
52,260522_mACPOLR2A_Kinetic_pSer2,E15,HCT116 OsTIRF74G mAC-POLR2A Clone 5,5PhIAA,10,120,2.0,Total Pol II (F12),Goat anti-mouse Alexa568,1710,491.61232321184895,251.12650636692376,0.5863394684109552
53,260522_mACPOLR2A_Kinetic_pSer2,E16,HCT116 OsTIRF74G mAC-POLR2A Clone 5,5PhIAA,10,240,4.0,Total Pol II (F12),Goat anti-mouse Alexa568,2269,468.5086343567362,228.022817511811,0.5323961199463936
54,260522_mACPOLR2A_Kinetic_pSer2,E17,HCT116 OsTIRF74G mAC-POLR2A Clone 5,5PhIAA,10,480,8.0,Total Pol II (F12),Goat anti-mouse Alexa568,2197,492.81124871745493,252.32543187252975,0.589138764087829
55,260522_mACPOLR2A_Kinetic_pSer2,E18,HCT116 OsTIRF74G mAC-POLR2A Clone 5,5PhIAA,10,60,1.0,Total Pol II (F12),Goat anti-mouse Alexa568,2027,500.8340027562024,260.3481859112772,0.6078705873681556
56,260522_mACPOLR2A_Kinetic_pSer2,E19,HCT116 OsTIRF74G mAC-POLR2A Clone 5,5PhIAA,10,120,2.0,Total Pol II (F12),Goat anti-mouse Alexa568,1560,482.49452329594016,242.00870645101497,0.5650508914577914
57,260522_mACPOLR2A_Kinetic_pSer2,E20,HCT116 OsTIRF74G mAC-POLR2A Clone 5,5PhIAA,10,240,4.0,Total Pol II (F12),Goat anti-mouse Alexa568,1988,491.11286238616253,250.62704554123735,0.58517330877587
58,260522_mACPOLR2A_Kinetic_pSer2,E21,HCT116 OsTIRF74G mAC-POLR2A Clone 5,5PhIAA,10,480,8.0,Total Pol II (F12),Goat anti-mouse Alexa568,1544,498.74575529071075,258.25993844578556,0.6029948698402022
59,260522_mACPOLR2A_Kinetic_pSer2,E22,HCT116 OsTIRF74G,Vehicle,0,480,0.0,Total Pol II (F12),Goat anti-mouse Alexa568,2416,241.92608201473513,1.4402651698099476,0.0033627844637128556
60,260522_mACPOLR2A_Kinetic_pSer2,F03,HCT116 OsTIRF74G,Vehicle,0,480,0.0,pSer2 Pol II (3E10),Goat anti-rat Alexa568,3092,244.4422311826997,3.956414337774504,0.009237582735430943
61,260522_mACPOLR2A_Kinetic_pSer2,F04,HCT116 OsTIRF74G mAC-POLR2A Clone 5,5PhIAA,100,60,1.0,pSer2 Pol II (3E10),Goat anti-rat Alexa568,2119,444.0672100067417,203.5813931618165,0.4753293771006853
62,260522_mACPOLR2A_Kinetic_pSer2,F05,HCT116 OsTIRF74G mAC-POLR2A Clone 5,5PhIAA,100,120,2.0,pSer2 Pol II (3E10),Goat anti-rat Alexa568,1859,395.47560899189915,154.98979214697397,0.3618759072919219
63,260522_mACPOLR2A_Kinetic_pSer2,F06,HCT116 OsTIRF74G mAC-POLR2A Clone 5,5PhIAA,100,240,4.0,pSer2 Pol II (3E10),Goat anti-rat Alexa568,2084,358.33960046814286,117.85378362321768,0.275169379129143
64,260522_mACPOLR2A_Kinetic_pSer2,F07,HCT116 OsTIRF74G mAC-POLR2A Clone 5,5PhIAA,100,480,8.0,pSer2 Pol II (3E10),Goat anti-rat Alexa568,2042,370.6672771227643,130.1814602778391,0.30395249518082595
65,260522_mACPOLR2A_Kinetic_pSer2,F08,HCT116 OsTIRF74G mAC-POLR2A Clone 5,5PhIAA,100,60,1.0,pSer2 Pol II (3E10),Goat anti-rat Alexa568,2581,451.1607033649218,210.67488651999662,0.49189152812561504
66,260522_mACPOLR2A_Kinetic_pSer2,F09,HCT116 OsTIRF74G mAC-POLR2A Clone 5,5PhIAA,100,120,2.0,pSer2 Pol II (3E10),Goat anti-rat Alexa568,2409,389.9477511579319,149.46193431300674,0.3489692600776931
67,260522_mACPOLR2A_Kinetic_pSer2,F10,HCT116 OsTIRF74G mAC-POLR2A Clone 5,5PhIAA,100,240,4.0,pSer2 Pol II (3E10),Goat anti-rat Alexa568,2444,338.0132721583493,97.52745531342413,0.2277107149350209
68,260522_mACPOLR2A_Kinetic_pSer2,F11,HCT116 OsTIRF74G mAC-POLR2A Clone 5,5PhIAA,100,480,8.0,pSer2 Pol II (3E10),Goat anti-rat Alexa568,2388,348.61060343074115,108.12478658581597,0.2524537564989019
69,260522_mACPOLR2A_Kinetic_pSer2,F12,HCT116 OsTIRF74G,Vehicle,0,480,0.0,pSer2 Pol II (3E10),Goat anti-rat Alexa568,3483,231.01528996204067,-9.470526882884513,-0.022112136940131272
70,260522_mACPOLR2A_Kinetic_pSer2,F13,HCT116 OsTIRF74G,Vehicle,0,480,0.0,Total Pol II (F12),Goat anti-mouse Alexa568,3838,229.4996928059601,-10.986124038965073,-0.025650809315571434
71,260522_mACPOLR2A_Kinetic_pSer2,F14,HCT116 OsTIRF74G mAC-POLR2A Clone 5,5PhIAA,100,60,1.0,Total Pol II (F12),Goat anti-mouse Alexa568,2286,437.2410396557234,196.75522281079822,0.4593913817341163
72,260522_mACPOLR2A_Kinetic_pSer2,F15,HCT116 OsTIRF74G mAC-POLR2A Clone 5,5PhIAA,100,120,2.0,Total Pol II (F12),Goat anti-mouse Alexa568,1920,388.9004868955036,148.41467005057842,0.3465240686886933
73,260522_mACPOLR2A_Kinetic_pSer2,F16,HCT116 OsTIRF74G mAC-POLR2A Clone 5,5PhIAA,100,240,4.0,Total Pol II (F12),Goat anti-mouse Alexa568,1745,333.3130275797861,92.8272107348609,0.21673640980305087
74,260522_mACPOLR2A_Kinetic_pSer2,F17,HCT116 OsTIRF74G mAC-POLR2A Clone 5,5PhIAA,100,480,8.0,Total Pol II (F12),Goat anti-mouse Alexa568,2413,361.9878612183619,121.50204437343672,0.28368747345480727
75,260522_mACPOLR2A_Kinetic_pSer2,F18,HCT116 OsTIRF74G mAC-POLR2A Clone 5,5PhIAA,100,60,1.0,Total Pol II (F12),Goat anti-mouse Alexa568,1980,449.90585434655827,209.4200375016331,0.4889616601598327
76,260522_mACPOLR2A_Kinetic_pSer2,F19,HCT116 OsTIRF74G mAC-POLR2A Clone 5,5PhIAA,100,120,2.0,Total Pol II (F12),Goat anti-mouse Alexa568,2161,397.34164614386424,156.85582929893906,0.36623279994952
77,260522_mACPOLR2A_Kinetic_pSer2,F20,HCT116 OsTIRF74G mAC-POLR2A Clone 5,5PhIAA,100,240,4.0,Total Pol II (F12),Goat anti-mouse Alexa568,1917,359.0574723756394,118.57165553071422,0.27684549304765416
78,260522_mACPOLR2A_Kinetic_pSer2,F21,HCT116 OsTIRF74G mAC-POLR2A Clone 5,5PhIAA,100,480,8.0,Total Pol II (F12),Goat anti-mouse Alexa568,1713,371.4641351503225,130.9783183053973,0.30581302881798333
79,260522_mACPOLR2A_Kinetic_pSer2,F22,HCT116 OsTIRF74G,Vehicle,0,480,0.0,Total Pol II (F12),Goat anti-mouse Alexa568,2626,243.46389494000383,2.9780780950786436,0.006953327039891922
80,260522_mACPOLR2A_Kinetic_pSer2,G03,HCT116 OsTIRF74G,Vehicle,0,480,0.0,pSer2 Pol II (3E10),Goat anti-rat Alexa568,2900,244.19488029607186,3.709063451146676,0.008660058723830067
81,260522_mACPOLR2A_Kinetic_pSer2,G04,HCT116 OsTIRF74G mAC-POLR2A Clone 5,5PhIAA,1000,60,1.0,pSer2 Pol II (3E10),Goat anti-rat Alexa568,2059,425.20182467198305,184.71600782705787,0.4312817766757899
82,260522_mACPOLR2A_Kinetic_pSer2,G05,HCT116 OsTIRF74G mAC-POLR2A Clone 5,5PhIAA,1000,120,2.0,pSer2 Pol II (3E10),Goat anti-rat Alexa568,2338,369.4585516556128,128.9727348106876,0.30113031819075997
83,260522_mACPOLR2A_Kinetic_pSer2,G06,HCT116 OsTIRF74G mAC-POLR2A Clone 5,5PhIAA,1000,240,4.0,pSer2 Pol II (3E10),Goat anti-rat Alexa568,2646,330.7812297237161,90.2954128787909,0.2108250743947405
84,260522_mACPOLR2A_Kinetic_pSer2,G07,HCT116 OsTIRF74G mAC-POLR2A Clone 5,5PhIAA,1000,480,8.0,pSer2 Pol II (3E10),Goat anti-rat Alexa568,2223,328.57826364993736,88.09244680501217,0.20568150761115495
85,260522_mACPOLR2A_Kinetic_pSer2,G08,HCT116 OsTIRF74G mAC-POLR2A Clone 5,5PhIAA,1000,60,1.0,pSer2 Pol II (3E10),Goat anti-rat Alexa568,2256,431.18154044916236,190.69572360423717,0.4452434385519642
86,260522_mACPOLR2A_Kinetic_pSer2,G09,HCT116 OsTIRF74G mAC-POLR2A Clone 5,5PhIAA,1000,120,2.0,pSer2 Pol II (3E10),Goat anti-rat Alexa568,2192,357.4621917284704,116.97637488354519,0.2731207727058648
87,260522_mACPOLR2A_Kinetic_pSer2,G10,HCT116 OsTIRF74G mAC-POLR2A Clone 5,5PhIAA,1000,240,4.0,pSer2 Pol II (3E10),Goat anti-rat Alexa568,2284,306.3065048986281,65.8206880537029,0.15368058036638477
88,260522_mACPOLR2A_Kinetic_pSer2,G11,HCT116 OsTIRF74G mAC-POLR2A Clone 5,5PhIAA,1000,480,8.0,pSer2 Pol II (3E10),Goat anti-rat Alexa568,2511,321.0249449871257,80.53912814220052,0.18804573943373865
89,260522_mACPOLR2A_Kinetic_pSer2,G12,HCT116 OsTIRF74G,Vehicle,0,480,0.0,pSer2 Pol II (3E10),Goat anti-rat Alexa568,4452,220.87251034207756,-19.61330650284762,-0.04579387447001689
90,260522_mACPOLR2A_Kinetic_pSer2,G13,HCT116 OsTIRF74G,Vehicle,0,480,0.0,Total Pol II (F12),Goat anti-mouse Alexa568,3908,221.0021723872832,-19.483644457641986,-0.045491134724385
91,260522_mACPOLR2A_Kinetic_pSer2,G14,HCT116 OsTIRF74G mAC-POLR2A Clone 5,5PhIAA,1000,60,1.0,Total Pol II (F12),Goat anti-mouse Alexa568,2096,422.1111129742835,181.62529612935833,0.4240654685287207
92,260522_mACPOLR2A_Kinetic_pSer2,G15,HCT116 OsTIRF74G mAC-POLR2A Clone 5,5PhIAA,1000,120,2.0,Total Pol II (F12),Goat anti-mouse Alexa568,2151,360.36004269865623,119.87422585373105,0.27988678248306587
93,260522_mACPOLR2A_Kinetic_pSer2,G16,HCT116 OsTIRF74G mAC-POLR2A Clone 5,5PhIAA,1000,240,4.0,Total Pol II (F12),Goat anti-mouse Alexa568,2282,313.9075114350924,73.42169459016719,0.17142769195749188
94,260522_mACPOLR2A_Kinetic_pSer2,G17,HCT116 OsTIRF74G mAC-POLR2A Clone 5,5PhIAA,1000,480,8.0,Total Pol II (F12),Goat anti-mouse Alexa568,2447,317.1748061600788,76.6889893151536,0.17905629269703843
95,260522_mACPOLR2A_Kinetic_pSer2,G18,HCT116 OsTIRF74G mAC-POLR2A Clone 5,5PhIAA,1000,60,1.0,Total Pol II (F12),Goat anti-mouse Alexa568,2285,432.1247085537908,191.63889170886563,0.4474455823761688
96,260522_mACPOLR2A_Kinetic_pSer2,G19,HCT116 OsTIRF74G mAC-POLR2A Clone 5,5PhIAA,1000,120,2.0,Total Pol II (F12),Goat anti-mouse Alexa568,2112,374.924963257561,134.4391464126358,0.3138934984665954
97,260522_mACPOLR2A_Kinetic_pSer2,G20,HCT116 OsTIRF74G mAC-POLR2A Clone 5,5PhIAA,1000,240,4.0,Total Pol II (F12),Goat anti-mouse Alexa568,1704,333.9620245004014,93.47620765547623,0.21825171185116657
98,260522_mACPOLR2A_Kinetic_pSer2,G21,HCT116 OsTIRF74G mAC-POLR2A Clone 5,5PhIAA,1000,480,8.0,Total Pol II (F12),Goat anti-mouse Alexa568,1898,335.504224517391,95.0184076724658,0.22185249757158676
99,260522_mACPOLR2A_Kinetic_pSer2,G22,HCT116 OsTIRF74G,Vehicle,0,480,0.0,Total Pol II (F12),Goat anti-mouse Alexa568,3272,243.93862152061686,3.452804675691681,0.008061736243460807
100,260522_mACPOLR2A_Kinetic_pSer2,H03,HCT116 OsTIRF74G,5PhIAA,10000,480,8.0,pSer2 Pol II (3E10),Goat anti-rat Alexa568,2938,245.3858560686873,4.900039223762121,0.011440793069671478
101,260522_mACPOLR2A_Kinetic_pSer2,H04,HCT116 OsTIRF74G mAC-POLR2A Clone 5,5PhIAA,10000,60,1.0,pSer2 Pol II (3E10),Goat anti-rat Alexa568,1860,440.17100670028015,199.68518985535496,0.46623237731128925
102,260522_mACPOLR2A_Kinetic_pSer2,H05,HCT116 OsTIRF74G mAC-POLR2A Clone 5,5PhIAA,10000,120,2.0,pSer2 Pol II (3E10),Goat anti-rat Alexa568,1932,370.2197330863646,129.73391624143943,0.30290755278828674
103,260522_mACPOLR2A_Kinetic_pSer2,H06,HCT116 OsTIRF74G mAC-POLR2A Clone 5,5PhIAA,10000,240,4.0,pSer2 Pol II (3E10),Goat anti-rat Alexa568,2448,320.51727806618595,80.03146122126077,0.18686041990351462
104,260522_mACPOLR2A_Kinetic_pSer2,H07,HCT116 OsTIRF74G mAC-POLR2A Clone 5,5PhIAA,10000,480,8.0,pSer2 Pol II (3E10),Goat anti-rat Alexa568,2601,319.0700555145496,78.58423866962443,0.1834813910870226
105,260522_mACPOLR2A_Kinetic_pSer2,H08,HCT116 OsTIRF74G mAC-POLR2A Clone 5,5PhIAA,10000,60,1.0,pSer2 Pol II (3E10),Goat anti-rat Alexa568,2038,416.24368007904053,175.75786323411535,0.4103659688840792
106,260522_mACPOLR2A_Kinetic_pSer2,H09,HCT116 OsTIRF74G mAC-POLR2A Clone 5,5PhIAA,10000,120,2.0,pSer2 Pol II (3E10),Goat anti-rat Alexa568,2574,355.93231677154546,115.44649992662028,0.26954876399218514
107,260522_mACPOLR2A_Kinetic_pSer2,H10,HCT116 OsTIRF74G mAC-POLR2A Clone 5,5PhIAA,10000,240,4.0,pSer2 Pol II (3E10),Goat anti-rat Alexa568,2640,304.1603932298013,63.674576384876104,0.14866975935328208
108,260522_mACPOLR2A_Kinetic_pSer2,H11,HCT116 OsTIRF74G mAC-POLR2A Clone 5,5PhIAA,10000,480,8.0,pSer2 Pol II (3E10),Goat anti-rat Alexa568,2295,312.49905864547935,72.01324180055417,0.1681391842173452
109,260522_mACPOLR2A_Kinetic_pSer2,H12,HCT116 OsTIRF74G,5PhIAA,10000,480,8.0,pSer2 Pol II (3E10),Goat anti-rat Alexa568,3495,219.15049178963807,-21.335325055287115,-0.04981450716721179
110,260522_mACPOLR2A_Kinetic_pSer2,H13,HCT116 OsTIRF74G,5PhIAA,10000,480,8.0,Total Pol II (F12),Goat anti-mouse Alexa568,3169,219.34270407370673,-21.143112771218455,-0.04936572280711638
111,260522_mACPOLR2A_Kinetic_pSer2,H14,HCT116 OsTIRF74G mAC-POLR2A Clone 5,5PhIAA,10000,60,1.0,Total Pol II (F12),Goat anti-mouse Alexa568,2186,434.4768179850796,193.99100114015442,0.45293737459491296
112,260522_mACPOLR2A_Kinetic_pSer2,H15,HCT116 OsTIRF74G mAC-POLR2A Clone 5,5PhIAA,10000,120,2.0,Total Pol II (F12),Goat anti-mouse Alexa568,2280,361.7360160445768,121.2501991996516,0.28309945601508996
113,260522_mACPOLR2A_Kinetic_pSer2,H16,HCT116 OsTIRF74G mAC-POLR2A Clone 5,5PhIAA,10000,240,4.0,Total Pol II (F12),Goat anti-mouse Alexa568,2152,301.1449051255427,60.65908828061754,0.14162908603834679
114,260522_mACPOLR2A_Kinetic_pSer2,H17,HCT116 OsTIRF74G mAC-POLR2A Clone 5,5PhIAA,10000,480,8.0,Total Pol II (F12),Goat anti-mouse Alexa568,2223,313.891153640002,73.40533679507683,0.17138949917164698
115,260522_mACPOLR2A_Kinetic_pSer2,H18,HCT116 OsTIRF74G mAC-POLR2A Clone 5,5PhIAA,10000,60,1.0,Total Pol II (F12),Goat anti-mouse Alexa568,2391,423.3222808763211,182.8364640313959,0.42689334820622277
116,260522_mACPOLR2A_Kinetic_pSer2,H19,HCT116 OsTIRF74G mAC-POLR2A Clone 5,5PhIAA,10000,120,2.0,Total Pol II (F12),Goat anti-mouse Alexa568,2357,354.135326248228,113.64950940330283,0.26535308396053614
117,260522_mACPOLR2A_Kinetic_pSer2,H20,HCT116 OsTIRF74G mAC-POLR2A Clone 5,5PhIAA,10000,240,4.0,Total Pol II (F12),Goat anti-mouse Alexa568,2169,328.99149451905475,88.50567767412957,0.2066463343498158
118,260522_mACPOLR2A_Kinetic_pSer2,H21,HCT116 OsTIRF74G mAC-POLR2A Clone 5,5PhIAA,10000,480,8.0,Total Pol II (F12),Goat anti-mouse Alexa568,2024,334.1560229155015,93.67020607057634,0.21870466653614978
119,260522_mACPOLR2A_Kinetic_pSer2,H22,HCT116 OsTIRF74G,5PhIAA,10000,480,8.0,Total Pol II (F12),Goat anti-mouse Alexa568,2882,244.672371351176,4.186554506250815,0.009774922524832724
120,260522_mACPOLR2A_Kinetic_pSer2,I03,HCT116 OsTIRF74G,Vehicle,0,480,0.0,pSer2 Pol II (3E10),Goat anti-rat Alexa568,2576,246.13377213069532,5.647955285770138,0.013187055192926003
121,260522_mACPOLR2A_Kinetic_pSer2,I04,HCT116 OsTIRF74G mAC-POLR2A Clone 5,Vehicle,0,60,0.0,pSer2 Pol II (3E10),Goat anti-rat Alexa568,2024,683.1526246905423,442.66680784561714,1.033554858666085
122,260522_mACPOLR2A_Kinetic_pSer2,I05,HCT116 OsTIRF74G mAC-POLR2A Clone 5,Vehicle,0,120,0.0,pSer2 Pol II (3E10),Goat anti-rat Alexa568,2153,661.1980466644941,420.7122298195689,0.982294496726548
123,260522_mACPOLR2A_Kinetic_pSer2,I06,HCT116 OsTIRF74G mAC-POLR2A Clone 5,Vehicle,0,240,0.0,pSer2 Pol II (3E10),Goat anti-rat Alexa568,2423,674.5123454073382,434.02652856241303,1.0133812145728012
124,260522_mACPOLR2A_Kinetic_pSer2,I07,HCT116 OsTIRF74G mAC-POLR2A Clone 5,Vehicle,0,480,0.0,pSer2 Pol II (3E10),Goat anti-rat Alexa568,2223,679.149232751101,438.66341590617577,1.024207590886303
125,260522_mACPOLR2A_Kinetic_pSer2,I08,HCT116 OsTIRF74G mAC-POLR2A Clone 5,Vehicle,0,60,0.0,pSer2 Pol II (3E10),Goat anti-rat Alexa568,2264,687.0055853168324,446.5197684719072,1.0425508938441732
126,260522_mACPOLR2A_Kinetic_pSer2,I09,HCT116 OsTIRF74G mAC-POLR2A Clone 5,Vehicle,0,120,0.0,pSer2 Pol II (3E10),Goat anti-rat Alexa568,2272,664.9967966157981,424.5109797708729,0.9911639588127975
127,260522_mACPOLR2A_Kinetic_pSer2,I10,HCT116 OsTIRF74G mAC-POLR2A Clone 5,Vehicle,0,240,0.0,pSer2 Pol II (3E10),Goat anti-rat Alexa568,2377,666.2292943691534,425.74347752422824,0.9940416402171818
128,260522_mACPOLR2A_Kinetic_pSer2,I11,HCT116 OsTIRF74G mAC-POLR2A Clone 5,Vehicle,0,480,0.0,pSer2 Pol II (3E10),Goat anti-rat Alexa568,2868,673.662959934652,433.1771430897268,1.011398037911222
129,260522_mACPOLR2A_Kinetic_pSer2,I12,HCT116 OsTIRF74G,Vehicle,0,480,0.0,pSer2 Pol II (3E10),Goat anti-rat Alexa568,3923,218.46766370795802,-22.018153136967157,-0.05140879946323634
130,260522_mACPOLR2A_Kinetic_pSer2,I13,HCT116 OsTIRF74G,Vehicle,0,480,0.0,Total Pol II (F12),Goat anti-mouse Alexa568,4236,218.53276828976985,-21.953048555155334,-0.05125679087424699
131,260522_mACPOLR2A_Kinetic_pSer2,I14,HCT116 OsTIRF74G mAC-POLR2A Clone 5,Vehicle,0,60,0.0,Total Pol II (F12),Goat anti-mouse Alexa568,2402,666.1919282809303,425.7061114360051,0.993954396490415
132,260522_mACPOLR2A_Kinetic_pSer2,I15,HCT116 OsTIRF74G mAC-POLR2A Clone 5,Vehicle,0,120,0.0,Total Pol II (F12),Goat anti-mouse Alexa568,2047,665.0584298657742,424.572613020849,0.991307862407644
133,260522_mACPOLR2A_Kinetic_pSer2,I16,HCT116 OsTIRF74G mAC-POLR2A Clone 5,Vehicle,0,240,0.0,Total Pol II (F12),Goat anti-mouse Alexa568,1833,665.9525693030685,425.4667524581433,0.9933955322834093
134,260522_mACPOLR2A_Kinetic_pSer2,I17,HCT116 OsTIRF74G mAC-POLR2A Clone 5,Vehicle,0,480,0.0,Total Pol II (F12),Goat anti-mouse Alexa568,2185,661.1540465921213,420.6682297471961,0.982191763727876
135,260522_mACPOLR2A_Kinetic_pSer2,I18,HCT116 OsTIRF74G mAC-POLR2A Clone 5,Vehicle,0,60,0.0,Total Pol II (F12),Goat anti-mouse Alexa568,2148,662.3529690018594,421.8671521569342,0.9849910521764027
136,260522_mACPOLR2A_Kinetic_pSer2,I19,HCT116 OsTIRF74G mAC-POLR2A Clone 5,Vehicle,0,120,0.0,Total Pol II (F12),Goat anti-mouse Alexa568,2228,679.3509819158928,438.86516507096763,1.0246786423087426
137,260522_mACPOLR2A_Kinetic_pSer2,I20,HCT116 OsTIRF74G mAC-POLR2A Clone 5,Vehicle,0,240,0.0,Total Pol II (F12),Goat anti-mouse Alexa568,1989,680.4395003996069,439.95368355468173,1.0272201555815943
138,260522_mACPOLR2A_Kinetic_pSer2,I21,HCT116 OsTIRF74G mAC-POLR2A Clone 5,Vehicle,0,480,0.0,Total Pol II (F12),Goat anti-mouse Alexa568,1932,680.6914674537243,440.2056506087991,1.0278084575920257
139,260522_mACPOLR2A_Kinetic_pSer2,I22,HCT116 OsTIRF74G,Vehicle,0,480,0.0,Total Pol II (F12),Goat anti-mouse Alexa568,2769,247.28696039456528,6.801143549640102,0.015879561863756372
140,260522_mACPOLR2A_Kinetic_pSer2,J03,HCT116 OsTIRF74G,Vehicle,0,480,0.0,pSer2 Pol II (3E10),Goat anti-rat Alexa568,2567,246.27247639007018,5.786659545145,0.01351090703511013
141,260522_mACPOLR2A_Kinetic_pSer2,J04,HCT116 OsTIRF74G mAC-POLR2A Clone 5,5PhIAA,10,60,1.0,pSer2 Pol II (3E10),Goat anti-rat Alexa568,1896,536.6437595179023,296.1579426729771,0.6914805337945286
142,260522_mACPOLR2A_Kinetic_pSer2,J05,HCT116 OsTIRF74G mAC-POLR2A Clone 5,5PhIAA,10,120,2.0,pSer2 Pol II (3E10),Goat anti-rat Alexa568,2683,483.23657436281843,242.75075751789325,0.5667834597731866
143,260522_mACPOLR2A_Kinetic_pSer2,J06,HCT116 OsTIRF74G mAC-POLR2A Clone 5,5PhIAA,10,240,4.0,pSer2 Pol II (3E10),Goat anti-rat Alexa568,2313,489.03866632613517,248.55284948121,0.5803303989898374
144,260522_mACPOLR2A_Kinetic_pSer2,J07,HCT116 OsTIRF74G mAC-POLR2A Clone 5,5PhIAA,10,480,8.0,pSer2 Pol II (3E10),Goat anti-rat Alexa568,2264,498.3798268908823,257.89401004595715,0.6021404866588491
145,260522_mACPOLR2A_Kinetic_pSer2,J08,HCT116 OsTIRF74G mAC-POLR2A Clone 5,5PhIAA,10,60,1.0,pSer2 Pol II (3E10),Goat anti-rat Alexa568,2285,510.01587699194033,269.53006014701515,0.6293087674164721
146,260522_mACPOLR2A_Kinetic_pSer2,J09,HCT116 OsTIRF74G mAC-POLR2A Clone 5,5PhIAA,10,120,2.0,pSer2 Pol II (3E10),Goat anti-rat Alexa568,2138,491.79336385566086,251.30754701073568,0.5867621688115985
147,260522_mACPOLR2A_Kinetic_pSer2,J10,HCT116 OsTIRF74G mAC-POLR2A Clone 5,5PhIAA,10,240,4.0,pSer2 Pol II (3E10),Goat anti-rat Alexa568,2331,483.41524882403695,242.92943197911177,0.567200635523071
148,260522_mACPOLR2A_Kinetic_pSer2,J11,HCT116 OsTIRF74G mAC-POLR2A Clone 5,5PhIAA,10,480,8.0,pSer2 Pol II (3E10),Goat anti-rat Alexa568,2295,513.6161904579822,273.130373613057,0.6377149126471446
149,260522_mACPOLR2A_Kinetic_pSer2,J12,HCT116 OsTIRF74G,Vehicle,0,480,0.0,pSer2 Pol II (3E10),Goat anti-rat Alexa568,3446,220.62304383659938,-19.862773008325803,-0.04637633810686889
150,260522_mACPOLR2A_Kinetic_pSer2,J13,HCT116 OsTIRF74G,Vehicle,0,480,0.0,Total Pol II (F12),Goat anti-mouse Alexa568,3717,218.91480660963845,-21.571010235286735,-0.05036479365489702
151,260522_mACPOLR2A_Kinetic_pSer2,J14,HCT116 OsTIRF74G mAC-POLR2A Clone 5,5PhIAA,10,60,1.0,Total Pol II (F12),Goat anti-mouse Alexa568,2150,514.6024158000216,274.11659895509644,0.6400175881040314
152,260522_mACPOLR2A_Kinetic_pSer2,J15,HCT116 OsTIRF74G mAC-POLR2A Clone 5,5PhIAA,10,120,2.0,Total Pol II (F12),Goat anti-mouse Alexa568,1867,472.442458531066,231.9566416861408,0.5415809583315083
153,260522_mACPOLR2A_Kinetic_pSer2,J16,HCT116 OsTIRF74G mAC-POLR2A Clone 5,5PhIAA,10,240,4.0,Total Pol II (F12),Goat anti-mouse Alexa568,1996,459.844497486018,219.3586806410928,0.512166772274133
154,260522_mACPOLR2A_Kinetic_pSer2,J17,HCT116 OsTIRF74G mAC-POLR2A Clone 5,5PhIAA,10,480,8.0,Total Pol II (F12),Goat anti-mouse Alexa568,2662,485.12421199170643,244.63839514678125,0.5711907860243531
155,260522_mACPOLR2A_Kinetic_pSer2,J18,HCT116 OsTIRF74G mAC-POLR2A Clone 5,5PhIAA,10,60,1.0,Total Pol II (F12),Goat anti-mouse Alexa568,2566,503.22875574563164,262.74293890070646,0.6134619453458988
156,260522_mACPOLR2A_Kinetic_pSer2,J19,HCT116 OsTIRF74G mAC-POLR2A Clone 5,5PhIAA,10,120,2.0,Total Pol II (F12),Goat anti-mouse Alexa568,2033,477.51602350327477,237.03020665834958,0.553426905745784
157,260522_mACPOLR2A_Kinetic_pSer2,J20,HCT116 OsTIRF74G mAC-POLR2A Clone 5,5PhIAA,10,240,4.0,Total Pol II (F12),Goat anti-mouse Alexa568,2239,477.9839526009559,237.4981357560307,0.554519443934435
158,260522_mACPOLR2A_Kinetic_pSer2,J21,HCT116 OsTIRF74G mAC-POLR2A Clone 5,5PhIAA,10,480,8.0,Total Pol II (F12),Goat anti-mouse Alexa568,1903,514.7247782870573,274.23896144213217,0.6403032845708836
159,260522_mACPOLR2A_Kinetic_pSer2,J22,HCT116 OsTIRF74G,Vehicle,0,480,0.0,Total Pol II (F12),Goat anti-mouse Alexa568,2780,248.87586748679402,8.39005064186884,0.019589400993404303
160,260522_mACPOLR2A_Kinetic_pSer2,K03,HCT116 OsTIRF74G,Vehicle,0,480,0.0,pSer2 Pol II (3E10),Goat anti-rat Alexa568,2992,244.70395159480668,4.2181347498815,0.009848657247346043
161,260522_mACPOLR2A_Kinetic_pSer2,K04,HCT116 OsTIRF74G mAC-POLR2A Clone 5,5PhIAA,100,60,1.0,pSer2 Pol II (3E10),Goat anti-rat Alexa568,1586,469.27164851343736,228.78583166851217,0.5341776336603482
162,260522_mACPOLR2A_Kinetic_pSer2,K05,HCT116 OsTIRF74G mAC-POLR2A Clone 5,5PhIAA,100,120,2.0,pSer2 Pol II (3E10),Goat anti-rat Alexa568,2333,401.8503922680844,161.36457542315924,0.3767599873974772
163,260522_mACPOLR2A_Kinetic_pSer2,K06,HCT116 OsTIRF74G mAC-POLR2A Clone 5,5PhIAA,100,240,4.0,pSer2 Pol II (3E10),Goat anti-rat Alexa568,2052,349.8881238082741,109.4023069633489,0.25543655839378576
164,260522_mACPOLR2A_Kinetic_pSer2,K07,HCT116 OsTIRF74G mAC-POLR2A Clone 5,5PhIAA,100,480,8.0,pSer2 Pol II (3E10),Goat anti-rat Alexa568,2201,369.7498022279538,129.26398538302863,0.3018103408145419
165,260522_mACPOLR2A_Kinetic_pSer2,K08,HCT116 OsTIRF74G mAC-POLR2A Clone 5,5PhIAA,100,60,1.0,pSer2 Pol II (3E10),Goat anti-rat Alexa568,2503,449.50296573072603,209.01714888580085,0.48802098089720347
166,260522_mACPOLR2A_Kinetic_pSer2,K09,HCT116 OsTIRF74G mAC-POLR2A Clone 5,5PhIAA,100,120,2.0,pSer2 Pol II (3E10),Goat anti-rat Alexa568,2180,377.58982451261477,137.1040076676896,0.3201155152273199
167,260522_mACPOLR2A_Kinetic_pSer2,K10,HCT116 OsTIRF74G mAC-POLR2A Clone 5,5PhIAA,100,240,4.0,pSer2 Pol II (3E10),Goat anti-rat Alexa568,2328,352.4050608109946,111.91924396606942,0.2613131961312723
168,260522_mACPOLR2A_Kinetic_pSer2,K11,HCT116 OsTIRF74G mAC-POLR2A Clone 5,5PhIAA,1000,480,8.0,pSer2 Pol II (3E10),Goat anti-rat Alexa568,2514,318.62240772304017,78.13659087811499,0.18243620644321015
169,260522_mACPOLR2A_Kinetic_pSer2,K12,HCT116 OsTIRF74G,Vehicle,0,480,0.0,pSer2 Pol II (3E10),Goat anti-rat Alexa568,2931,223.91267066601057,-16.573146178914612,-0.03869559554276406
170,260522_mACPOLR2A_Kinetic_pSer2,K13,HCT116 OsTIRF74G,Vehicle,0,480,0.0,Total Pol II (F12),Goat anti-mouse Alexa568,2931,222.14364426207626,-18.342172582848917,-0.04282598391272867
171,260522_mACPOLR2A_Kinetic_pSer2,K14,HCT116 OsTIRF74G mAC-POLR2A Clone 5,5PhIAA,100,60,1.0,Total Pol II (F12),Goat anti-mouse Alexa568,2451,434.00490257541014,193.51908573048496,0.45183552901738466
172,260522_mACPOLR2A_Kinetic_pSer2,K15,HCT116 OsTIRF74G mAC-POLR2A Clone 5,5PhIAA,100,120,2.0,Total Pol II (F12),Goat anti-mouse Alexa568,2071,366.156007808564,125.67019096363885,0.29341941649544817
173,260522_mACPOLR2A_Kinetic_pSer2,K16,HCT116 OsTIRF74G mAC-POLR2A Clone 5,5PhIAA,100,240,4.0,Total Pol II (F12),Goat anti-mouse Alexa568,2470,346.0604327520331,105.5746159071079,0.24649952354379465
174,260522_mACPOLR2A_Kinetic_pSer2,K17,HCT116 OsTIRF74G mAC-POLR2A Clone 5,5PhIAA,100,480,8.0,Total Pol II (F12),Goat anti-mouse Alexa568,2159,354.2256868385226,113.73986999359744,0.2655640612135754
175,260522_mACPOLR2A_Kinetic_pSer2,K18,HCT116 OsTIRF74G mAC-POLR2A Clone 5,5PhIAA,100,60,1.0,Total Pol II (F12),Goat anti-mouse Alexa568,2335,453.2015778624673,212.7157610175421,0.4966566374933847
176,260522_mACPOLR2A_Kinetic_pSer2,K19,HCT116 OsTIRF74G mAC-POLR2A Clone 5,5PhIAA,100,120,2.0,Total Pol II (F12),Goat anti-mouse Alexa568,2081,397.87625851974707,157.3904416748219,0.36748103272596394
177,260522_mACPOLR2A_Kinetic_pSer2,K20,HCT116 OsTIRF74G mAC-POLR2A Clone 5,5PhIAA,100,240,4.0,Total Pol II (F12),Goat anti-mouse Alexa568,1920,359.7648091273584,119.2789922824332,0.2784970090942496
178,260522_mACPOLR2A_Kinetic_pSer2,K21,HCT116 OsTIRF74G mAC-POLR2A Clone 5,5PhIAA,100,480,8.0,Total Pol II (F12),Goat anti-mouse Alexa568,1826,384.8784884225817,144.39267157765653,0.33713335768538316
179,260522_mACPOLR2A_Kinetic_pSer2,K22,HCT116 OsTIRF74G,Vehicle,0,480,0.0,Total Pol II (F12),Goat anti-mouse Alexa568,2494,247.517675437613,7.031858592687826,0.01641824389159997
180,260522_mACPOLR2A_Kinetic_pSer2,L03,HCT116 OsTIRF74G,Vehicle,0,480,0.0,pSer2 Pol II (3E10),Goat anti-rat Alexa568,2160,244.9345785680617,4.448761723136528,0.010387133646575683
181,260522_mACPOLR2A_Kinetic_pSer2,L04,HCT116 OsTIRF74G mAC-POLR2A Clone 5,5PhIAA,1000,60,1.0,pSer2 Pol II (3E10),Goat anti-rat Alexa568,1794,452.49386412357615,212.00804727865096,0.4950042412431766
182,260522_mACPOLR2A_Kinetic_pSer2,L05,HCT116 OsTIRF74G mAC-POLR2A Clone 5,5PhIAA,1000,120,2.0,pSer2 Pol II (3E10),Goat anti-rat Alexa568,1996,381.4506387459046,140.96482190097942,0.329129887297917
183,260522_mACPOLR2A_Kinetic_pSer2,L06,HCT116 OsTIRF74G mAC-POLR2A Clone 5,5PhIAA,1000,240,4.0,pSer2 Pol II (3E10),Goat anti-rat Alexa568,2505,323.24585004980264,82.76003320487746,0.1932311908330367
184,260522_mACPOLR2A_Kinetic_pSer2,L07,HCT116 OsTIRF74G mAC-POLR2A Clone 5,5PhIAA,1000,480,8.0,pSer2 Pol II (3E10),Goat anti-rat Alexa568,2253,336.98017235282356,96.49435550789838,0.22529859524462723
185,260522_mACPOLR2A_Kinetic_pSer2,L08,HCT116 OsTIRF74G mAC-POLR2A Clone 5,5PhIAA,1000,60,1.0,pSer2 Pol II (3E10),Goat anti-rat Alexa568,2138,426.57495280840084,186.08913596347566,0.4344878071072847
186,260522_mACPOLR2A_Kinetic_pSer2,L09,HCT116 OsTIRF74G mAC-POLR2A Clone 5,5PhIAA,1000,120,2.0,pSer2 Pol II (3E10),Goat anti-rat Alexa568,2328,367.3293819536694,126.8435651087442,0.2961590539094414
187,260522_mACPOLR2A_Kinetic_pSer2,L10,HCT116 OsTIRF74G mAC-POLR2A Clone 5,5PhIAA,1000,240,4.0,pSer2 Pol II (3E10),Goat anti-rat Alexa568,2233,319.73572802941203,79.24991118448685,0.18503562793022518
188,260522_mACPOLR2A_Kinetic_pSer2,L11,HCT116 OsTIRF74G mAC-POLR2A Clone 5,5PhIAA,100,480,8.0,pSer2 Pol II (3E10),Goat anti-rat Alexa568,2042,371.95653907518357,131.4707222302584,0.3069627117396446
189,260522_mACPOLR2A_Kinetic_pSer2,L12,HCT116 OsTIRF74G,Vehicle,0,480,0.0,pSer2 Pol II (3E10),Goat anti-rat Alexa568,3150,233.47693810629772,-7.008878738627459,-0.016364589677200836
190,260522_mACPOLR2A_Kinetic_pSer2,L13,HCT116 OsTIRF74G,Vehicle,0,480,0.0,Total Pol II (F12),Goat anti-mouse Alexa568,2865,231.65554929659572,-8.83026754832946,-0.02061723573157606
191,260522_mACPOLR2A_Kinetic_pSer2,L14,HCT116 OsTIRF74G mAC-POLR2A Clone 5,5PhIAA,1000,60,1.0,Total Pol II (F12),Goat anti-mouse Alexa568,2017,432.5844433735193,192.09862652859414,0.44851898826115244
192,260522_mACPOLR2A_Kinetic_pSer2,L15,HCT116 OsTIRF74G mAC-POLR2A Clone 5,5PhIAA,1000,120,2.0,Total Pol II (F12),Goat anti-mouse Alexa568,2434,364.53051022236247,124.04469337743728,0.289624144525216
193,260522_mACPOLR2A_Kinetic_pSer2,L16,HCT116 OsTIRF74G mAC-POLR2A Clone 5,5PhIAA,1000,240,4.0,Total Pol II (F12),Goat anti-mouse Alexa568,1596,316.5457126653337,76.05989582040854,0.17758746190483737
194,260522_mACPOLR2A_Kinetic_pSer2,L17,HCT116 OsTIRF74G mAC-POLR2A Clone 5,5PhIAA,1000,480,8.0,Total Pol II (F12),Goat anti-mouse Alexa568,2351,324.9741151726347,84.48829832770951,0.19726640825414765
195,260522_mACPOLR2A_Kinetic_pSer2,L18,HCT116 OsTIRF74G mAC-POLR2A Clone 5,5PhIAA,1000,60,1.0,Total Pol II (F12),Goat anti-mouse Alexa568,2053,423.50586258429155,183.02004573936637,0.4273219815775806
196,260522_mACPOLR2A_Kinetic_pSer2,L19,HCT116 OsTIRF74G mAC-POLR2A Clone 5,5PhIAA,1000,120,2.0,Total Pol II (F12),Goat anti-mouse Alexa568,1672,376.4266506565646,135.94083381163944,0.317399693826016
197,260522_mACPOLR2A_Kinetic_pSer2,L20,HCT116 OsTIRF74G mAC-POLR2A Clone 5,5PhIAA,1000,240,4.0,Total Pol II (F12),Goat anti-mouse Alexa568,2027,330.41567694880774,89.92986010388256,0.20997156823636334
198,260522_mACPOLR2A_Kinetic_pSer2,L21,HCT116 OsTIRF74G mAC-POLR2A Clone 5,5PhIAA,1000,480,8.0,Total Pol II (F12),Goat anti-mouse Alexa568,1635,347.36216126586595,106.87634442094077,0.2495388474919443
199,260522_mACPOLR2A_Kinetic_pSer2,L22,HCT116 OsTIRF74G,Vehicle,0,480,0.0,Total Pol II (F12),Goat anti-mouse Alexa568,3285,242.9866506833647,2.500833838439519,0.00583903947308642
200,260522_mACPOLR2A_Kinetic_pSer2,M03,HCT116 OsTIRF74G,5PhIAA,10000,480,8.0,pSer2 Pol II (3E10),Goat anti-rat Alexa568,2416,244.76432048911303,4.27850364418785,0.009989608777744926
201,260522_mACPOLR2A_Kinetic_pSer2,M04,HCT116 OsTIRF74G mAC-POLR2A Clone 5,5PhIAA,10000,60,1.0,pSer2 Pol II (3E10),Goat anti-rat Alexa568,1535,438.1454338315116,197.6596169865864,0.4615029947531371
202,260522_mACPOLR2A_Kinetic_pSer2,M05,HCT116 OsTIRF74G mAC-POLR2A Clone 5,5PhIAA,10000,120,2.0,pSer2 Pol II (3E10),Goat anti-rat Alexa568,1975,372.43051575449016,131.94469890956498,0.308069370045868
203,260522_mACPOLR2A_Kinetic_pSer2,M06,HCT116 OsTIRF74G mAC-POLR2A Clone 5,5PhIAA,10000,240,4.0,pSer2 Pol II (3E10),Goat anti-rat Alexa568,2088,328.1524156599141,87.6665988149889,0.20468722195128403
204,260522_mACPOLR2A_Kinetic_pSer2,M07,HCT116 OsTIRF74G mAC-POLR2A Clone 5,5PhIAA,10000,480,8.0,pSer2 Pol II (3E10),Goat anti-rat Alexa568,1781,334.25853148946845,93.77271464454327,0.2189440073514101
205,260522_mACPOLR2A_Kinetic_pSer2,M08,HCT116 OsTIRF74G mAC-POLR2A Clone 5,5PhIAA,10000,60,1.0,pSer2 Pol II (3E10),Goat anti-rat Alexa568,1900,413.12444311336884,172.63862626844366,0.4030830588848159
206,260522_mACPOLR2A_Kinetic_pSer2,M09,HCT116 OsTIRF74G mAC-POLR2A Clone 5,5PhIAA,10000,120,2.0,pSer2 Pol II (3E10),Goat anti-rat Alexa568,2123,359.1979061107709,118.71208926584569,0.277173382933892
207,260522_mACPOLR2A_Kinetic_pSer2,M10,HCT116 OsTIRF74G mAC-POLR2A Clone 5,5PhIAA,10000,240,4.0,pSer2 Pol II (3E10),Goat anti-rat Alexa568,1479,333.82815550085303,93.34233865592785,0.217939149552716
208,260522_mACPOLR2A_Kinetic_pSer2,M11,HCT116 OsTIRF74G mAC-POLR2A Clone 5,5PhIAA,10000,480,8.0,pSer2 Pol II (3E10),Goat anti-rat Alexa568,1851,333.4480274927085,92.96221064778331,0.2170516125999344
209,260522_mACPOLR2A_Kinetic_pSer2,M12,HCT116 OsTIRF74G,5PhIAA,10000,480,8.0,pSer2 Pol II (3E10),Goat anti-rat Alexa568,2985,243.33420098224354,2.8483841373183623,0.0066505127836454445
210,260522_mACPOLR2A_Kinetic_pSer2,M13,HCT116 OsTIRF74G,5PhIAA,10000,480,8.0,Total Pol II (F12),Goat anti-mouse Alexa568,2949,242.99976365368906,2.513946808763876,0.00586965612188429
211,260522_mACPOLR2A_Kinetic_pSer2,M14,HCT116 OsTIRF74G mAC-POLR2A Clone 5,5PhIAA,10000,60,1.0,Total Pol II (F12),Goat anti-mouse Alexa568,1585,433.0611946657405,192.57537782081533,0.44963212483637627
212,260522_mACPOLR2A_Kinetic_pSer2,M15,HCT116 OsTIRF74G mAC-POLR2A Clone 5,5PhIAA,10000,120,2.0,Total Pol II (F12),Goat anti-mouse Alexa568,1771,362.105230780946,121.6194139360208,0.28396151225671945
213,260522_mACPOLR2A_Kinetic_pSer2,M16,HCT116 OsTIRF74G mAC-POLR2A Clone 5,5PhIAA,10000,240,4.0,Total Pol II (F12),Goat anti-mouse Alexa568,1838,328.9766323639088,88.4908155189836,0.20661163363950927
214,260522_mACPOLR2A_Kinetic_pSer2,M17,HCT116 OsTIRF74G mAC-POLR2A Clone 5,5PhIAA,10000,480,8.0,Total Pol II (F12),Goat anti-mouse Alexa568,1645,330.30105847206886,89.81524162714368,0.2097039527715786
215,260522_mACPOLR2A_Kinetic_pSer2,M18,HCT116 OsTIRF74G mAC-POLR2A Clone 5,5PhIAA,10000,60,1.0,Total Pol II (F12),Goat anti-mouse Alexa568,1857,436.2449167672191,195.7590999222939,0.4570655971191533
216,260522_mACPOLR2A_Kinetic_pSer2,M19,HCT116 OsTIRF74G mAC-POLR2A Clone 5,5PhIAA,10000,120,2.0,Total Pol II (F12),Goat anti-mouse Alexa568,2067,366.08877974902583,125.60296290410065,0.2932624499320129
217,260522_mACPOLR2A_Kinetic_pSer2,M20,HCT116 OsTIRF74G mAC-POLR2A Clone 5,5PhIAA,10000,240,4.0,Total Pol II (F12),Goat anti-mouse Alexa568,2116,325.1553079275591,84.6694910826339,0.19768946380945032
218,260522_mACPOLR2A_Kinetic_pSer2,M21,HCT116 OsTIRF74G mAC-POLR2A Clone 5,5PhIAA,10000,480,8.0,Total Pol II (F12),Goat anti-mouse Alexa568,1863,336.21191112446246,95.72609427953728,0.22350483047341738
219,260522_mACPOLR2A_Kinetic_pSer2,M22,HCT116 OsTIRF74G,5PhIAA,10000,480,8.0,Total Pol II (F12),Goat anti-mouse Alexa568,1963,243.12339343047873,2.6375765855535462,0.006158311503792506
220,260522_mACPOLR2A_Kinetic_pSer2,N03,HCT116 OsTIRF74G,Vehicle,0,480,0.0,pSer2 Pol II (3E10),Goat anti-rat Alexa568,2746,241.19624127386086,0.7104244289356814,0.0016587252697239298
221,260522_mACPOLR2A_Kinetic_pSer2,N04,HCT116 OsTIRF74G,Vehicle,0,480,0.0,pSer2 Pol II (3E10),Goat anti-rat Alexa568,2285,244.14136024467965,3.655543399754464,0.008535098125537884
222,260522_mACPOLR2A_Kinetic_pSer2,N05,HCT116 OsTIRF74G,Vehicle,0,480,0.0,pSer2 Pol II (3E10),Goat anti-rat Alexa568,2362,243.67971486447954,3.1938980195543536,0.00745723139320095
223,260522_mACPOLR2A_Kinetic_pSer2,N06,HCT116 OsTIRF74G,Vehicle,0,480,0.0,pSer2 Pol II (3E10),Goat anti-rat Alexa568,2702,242.0317902621569,1.5459734172317212,0.003609595995066601
224,260522_mACPOLR2A_Kinetic_pSer2,N07,HCT116 OsTIRF74G,Vehicle,0,480,0.0,pSer2 Pol II (3E10),Goat anti-rat Alexa568,3459,243.23943098464775,2.753614139722572,0.006429240283121613
225,260522_mACPOLR2A_Kinetic_pSer2,N08,HCT116 OsTIRF74G,Vehicle,0,480,0.0,pSer2 Pol II (3E10),Goat anti-rat Alexa568,2579,240.1134706651623,-0.37234617976287154,-0.0008693676516489279
226,260522_mACPOLR2A_Kinetic_pSer2,N09,HCT116 OsTIRF74G,Vehicle,0,480,0.0,pSer2 Pol II (3E10),Goat anti-rat Alexa568,2199,242.2736054785486,1.7877886336234212,0.0041741951187673244
227,260522_mACPOLR2A_Kinetic_pSer2,N10,HCT116 OsTIRF74G,Vehicle,0,480,0.0,pSer2 Pol II (3E10),Goat anti-rat Alexa568,2367,242.3709084072943,1.8850915623691264,0.004401381600755911
228,260522_mACPOLR2A_Kinetic_pSer2,N11,HCT116 OsTIRF74G,Vehicle,0,480,0.0,No primary,Goat anti-rat Alexa568,2687,246.08086657554225,5.595049730617063,0.013063529343212968
229,260522_mACPOLR2A_Kinetic_pSer2,N12,HCT116 OsTIRF74G,Vehicle,0,480,0.0,No primary,Goat anti-rat Alexa568,2572,246.11036089436084,5.624544049435656,0.013132393771215518
230,260522_mACPOLR2A_Kinetic_pSer2,N13,HCT116 OsTIRF74G,Vehicle,0,480,0.0,Total Pol II (F12),Goat anti-mouse Alexa568,2433,245.7537641754069,5.267947330481718,0.012299798543999464
231,260522_mACPOLR2A_Kinetic_pSer2,N14,HCT116 OsTIRF74G,Vehicle,0,480,0.0,Total Pol II (F12),Goat anti-mouse Alexa568,1774,245.04668599206863,4.56086914714345,0.010648886212436242
232,260522_mACPOLR2A_Kinetic_pSer2,N15,HCT116 OsTIRF74G,Vehicle,0,480,0.0,Total Pol II (F12),Goat anti-mouse Alexa568,2554,245.79627889643572,5.310462051510541,0.012399063489338438
233,260522_mACPOLR2A_Kinetic_pSer2,N16,HCT116 OsTIRF74G,Vehicle,0,480,0.0,Total Pol II (F12),Goat anti-mouse Alexa568,2315,244.91577289195507,4.42995604702989,0.010343225457468144
234,260522_mACPOLR2A_Kinetic_pSer2,N17,HCT116 OsTIRF74G,Vehicle,0,480,0.0,Total Pol II (F12),Goat anti-mouse Alexa568,2717,244.18832827480537,3.7025114298801896,0.00864476082190013
235,260522_mACPOLR2A_Kinetic_pSer2,N18,HCT116 OsTIRF74G,Vehicle,0,480,0.0,Total Pol II (F12),Goat anti-mouse Alexa568,2321,241.52647812802167,1.0406612830964832,0.0024297745082915
236,260522_mACPOLR2A_Kinetic_pSer2,N19,HCT116 OsTIRF74G,Vehicle,0,480,0.0,Total Pol II (F12),Goat anti-mouse Alexa568,2477,241.27093265731963,0.7851158123944515,0.0018331174782791886
237,260522_mACPOLR2A_Kinetic_pSer2,N20,HCT116 OsTIRF74G,Vehicle,0,480,0.0,Total Pol II (F12),Goat anti-mouse Alexa568,2177,240.4975271084912,0.01171026356601601,2.7341557104361325e-05
238,260522_mACPOLR2A_Kinetic_pSer2,N21,HCT116 OsTIRF74G,Vehicle,0,480,0.0,No primary,Goat anti-mouse Alexa568,2134,239.75615310657787,-0.7296637383473126,-0.0017036459219330888
239,260522_mACPOLR2A_Kinetic_pSer2,N22,HCT116 OsTIRF74G,Vehicle,0,480,0.0,No primary,Goat anti-mouse Alexa568,2885,239.75481336146117,-0.7310034834640078,-0.0017067740084536788
