,EXPERIMENT,WELL,PROBE,TREATMENT,CellVolume,SPOTS_PER_CELL,SPOTS_PER_PL
0,251031,Well13,POLR2A,Vehicle,1.5045161842563488,51,33.89794043671803
1,251031,Well13,POLR2A,Vehicle,1.9557054134290728,96,49.08714745114736
2,251031,Well13,POLR2A,Vehicle,2.1799085145826167,78,35.78131810496392
3,251031,Well13,POLR2A,Vehicle,2.2637477284051557,84,37.1066081904715
4,251031,Well13,POLR2A,Vehicle,2.1188291232091934,86,40.58845475455038
5,251031,Well13,POLR2A,Vehicle,2.0411246409820265,76,37.23437485103059
6,251031,Well13,POLR2A,Vehicle,2.537275427093244,100,39.41235505305867
7,251031,Well13,POLR2A,Vehicle,1.2010878906096356,27,22.479620526600783
8,251031,Well13,POLR2A,Vehicle,1.810667142313851,97,53.571414498660275
9,251031,Well13,POLR2A,Vehicle,1.83528337499716,50,27.24374921125048
10,251031,Well13,POLR2A,Vehicle,2.0688606594896006,90,43.502204745970424
11,251031,Well13,POLR2A,Vehicle,2.9141044658354835,151,51.816948146609356
12,251031,Well13,POLR2A,Vehicle,1.6473178675708764,55,33.387606049039356
13,251031,Well13,POLR2A,Vehicle,1.077400984663735,53,49.19245550582238
14,251031,Well13,POLR2A,Vehicle,2.0428836240961146,51,24.964711351369925
15,251031,Well13,POLR2A,Vehicle,3.6001407090333344,152,42.22057199559102
16,251031,Well13,POLR2A,Vehicle,2.048279180367204,80,39.057175782872555
17,251031,Well13,POLR2A,Vehicle,1.935877935497062,58,29.960566695083354
18,251031,Well13,POLR2A,Vehicle,2.9148447001502023,68,23.328858651198793
19,251031,Well13,POLR2A,Vehicle,1.7209558265240528,72,41.83721562768055
20,251031,Well13,POLR2A,Vehicle,2.5038007394133377,119,47.52774377240688
21,251031,Well13,POLR2A,Vehicle,1.484893091478473,40,26.937966261377742
22,251031,Well13,POLR2A,Vehicle,2.384029980099525,84,35.23445623636549
23,251031,Well13,POLR2A,Vehicle,1.7658856137494672,66,37.37501426259632
24,251031,Well13,POLR2A,Vehicle,2.0990980134068526,52,24.772545001652205
25,251031,Well13,POLR2A,Vehicle,1.3856879264305175,70,50.51642484922092
26,251031,Well13,POLR2A,Vehicle,1.3314686751010816,84,63.088228488456885
27,251031,Well13,POLR2A,Vehicle,2.7417378875305225,87,31.731698495205432
28,251031,Well13,POLR2A,Vehicle,1.2675787231106868,52,41.02309312386532
29,251031,Well13,POLR2A,Vehicle,2.1527591767765517,84,39.019691986995944
30,251031,Well13,POLR2A,Vehicle,1.3542835650528653,69,50.949447944682504
31,251031,Well13,POLR2A,Vehicle,2.723751993966603,121,44.424015206974694
32,251031,Well13,POLR2A,Vehicle,1.4725367910719835,120,81.49202161030007
33,251031,Well13,POLR2A,Vehicle,2.866956093646785,114,39.76342722953644
34,251031,Well13,POLR2A,Vehicle,2.143037644574668,69,32.19728788931029
35,251031,Well13,POLR2A,Vehicle,1.261579542291115,30,23.77971344202201
36,251031,Well13,POLR2A,Vehicle,1.6891458718094372,15,8.880227723572379
37,251031,Well13,POLR2A,Vehicle,2.1389541774537024,64,29.92116459277692
38,251031,Well13,POLR2A,Vehicle,1.7837889060593846,29,16.25752907280081
39,251031,Well13,POLR2A,Vehicle,1.7995085600904035,41,22.7839983144844
40,251031,Well13,POLR2A,Vehicle,2.6120073231667407,103,39.43327382219015
41,251031,Well13,POLR2A,Vehicle,2.089240930429169,69,33.0263489457035
42,251031,Well13,POLR2A,Vehicle,2.7611311793838005,118,42.736107897030074
43,251031,Well13,POLR2A,Vehicle,1.701694908475267,74,43.486055950125994
44,251031,Well13,POLR2A,Vehicle,2.0342930936798096,46,22.612277524273125
45,251031,Well13,POLR2A,Vehicle,1.4715519299665638,71,48.248382237936546
46,251031,Well13,POLR2A,Vehicle,2.8224382537009496,68,24.092643979309145
47,251031,Well13,POLR2A,Vehicle,1.7036942824183123,33,19.36967232944991
48,251031,Well13,POLR2A,Vehicle,1.7008265363178,72,42.332359275082936
49,251031,Well13,POLR2A,Vehicle,1.453937742045657,49,33.701580599357804
50,251031,Well13,POLR2A,Vehicle,2.86238549092529,51,17.817306635212795
51,251031,Well13,POLR2A,Vehicle,2.037144954923783,60,29.45298509808048
52,251031,Well13,POLR2A,Vehicle,1.440790375783524,47,32.62098414173587
53,251031,Well13,POLR2A,Vehicle,2.230666985167417,66,29.58756301987701
54,251031,Well13,POLR2A,Vehicle,1.9398057310239447,69,35.57057229827736
55,251031,Well13,POLR2A,Vehicle,1.852486674628924,45,24.291672710150024
56,251031,Well13,POLR2A,Vehicle,1.863438753717364,70,37.564958794785916
57,251031,Well13,POLR2A,Vehicle,2.628282947176626,66,25.11145159272103
58,251031,Well13,POLR2A,Vehicle,1.02179021990148,17,16.637465958168132
59,251031,Well13,POLR2A,Vehicle,2.140083061258409,58,27.101751819807827
60,251031,Well13,POLR2A,Vehicle,2.2688234695645915,74,32.616023676007416
61,251031,Well13,POLR2A,Vehicle,1.6422453033827475,61,37.14426820058509
62,251031,Well13,POLR2A,Vehicle,2.4107271289894467,104,43.14051090618281
63,251031,Well13,POLR2A,Vehicle,1.5390784551139596,54,35.08593068831025
64,251031,Well13,POLR2A,Vehicle,2.57950055274528,98,37.99185074633992
65,251031,Well13,POLR2A,Vehicle,2.488071554468396,77,30.947663004994208
66,251031,Well13,POLR2A,Vehicle,2.115375755397609,64,30.25467217192837
67,251031,Well13,POLR2A,Vehicle,1.8519783592196757,75,40.49723347285817
68,251031,Well13,POLR2A,Vehicle,2.4458030102084853,73,29.84704806368577
69,251031,Well13,POLR2A,Vehicle,2.5485272004750525,50,19.619174553318427
70,251031,Well13,POLR2A,Vehicle,1.7563663487208476,60,34.161437927626935
71,251031,Well13,POLR2A,Vehicle,2.344821918199467,65,27.720655242728178
72,251031,Well13,POLR2A,Vehicle,2.7828288344256724,64,22.998180559390562
73,251031,Well13,POLR2A,Vehicle,1.877043603847821,50,26.63763372225512
74,251031,Well13,POLR2A,Vehicle,2.0278470188962734,65,32.05370000513082
75,251031,Well13,POLR2A,Vehicle,1.5120318393801797,33,21.82493724042712
76,251031,Well13,POLR2A,Vehicle,1.5434552625856788,82,53.12755217966552
77,251031,Well13,POLR2A,Vehicle,2.227348109141197,59,26.488899403671905
78,251031,Well13,POLR2A,Vehicle,1.90775856245168,57,29.87799458582889
79,251031,Well13,POLR2A,Vehicle,1.4678401684886118,90,61.31457765777736
80,251031,Well13,POLR2A,Vehicle,1.5706734347700804,80,50.93356660209296
81,251031,Well13,POLR2A,Vehicle,2.9599979343575997,93,31.418940844694724
82,251031,Well13,POLR2A,Vehicle,2.3211916056120137,72,31.01855091407511
83,251031,Well13,POLR2A,Vehicle,1.7152785787970053,56,32.64775803314414
84,251031,Well13,POLR2A,Vehicle,2.2256219547306237,51,22.914942895669242
85,251031,Well13,POLR2A,Vehicle,1.5900741395564095,66,41.507498523567165
86,251031,Well13,POLR2A,Vehicle,1.3157945576588077,39,29.639885476797133
87,251031,Well13,POLR2A,Vehicle,1.6762568992136724,47,28.03866162880378
88,251031,Well13,POLR2A,Vehicle,2.256093345534217,48,21.27571542862476
89,251031,Well13,POLR2A,Vehicle,1.7469498057645134,58,33.20072494848677
90,251031,Well13,POLR2A,Vehicle,1.5069963398573083,82,54.412872699985634
91,251031,Well13,POLR2A,Vehicle,1.6788609566956365,64,38.121084265349715
92,251031,Well13,POLR2A,Vehicle,2.039212104254728,52,25.500044792547204
93,251031,Well13,POLR2A,Vehicle,1.9815543109798104,39,19.681519594946575
94,251031,Well13,POLR2A,Vehicle,1.7298852338798567,45,26.013286383786383
95,251031,Well13,POLR2A,Vehicle,1.6830185531471171,15,8.912557720739999
96,251031,Well13,POLR2A,Vehicle,1.0470121951141438,15,14.32648069430053
572,251031,Well13,POLR2A,Vehicle,2.0515408709098835,68,33.145817840734104
573,251031,Well13,POLR2A,Vehicle,2.151491565224737,55,25.563660526949313
574,251031,Well13,POLR2A,Vehicle,2.43285685212918,39,16.030536266804233
575,251031,Well13,POLR2A,Vehicle,1.683245177100407,45,26.73407333179943
576,251031,Well13,POLR2A,Vehicle,2.0944088037565325,105,50.1334791047822
577,251031,Well13,POLR2A,Vehicle,1.8885272961351005,52,27.534682769170868
578,251031,Well13,POLR2A,Vehicle,1.6462768799723522,44,26.726974384004556
579,251031,Well13,POLR2A,Vehicle,1.862458128573688,57,30.604714879497383
580,251031,Well13,POLR2A,Vehicle,2.037942374722042,80,39.25528071465285
581,251031,Well13,POLR2A,Vehicle,1.6048163454150608,43,26.794343242359435
582,251031,Well13,POLR2A,Vehicle,1.8618174393599476,51,27.392589048651672
583,251031,Well13,POLR2A,Vehicle,2.0824655096200573,81,38.89620242247293
584,251031,Well13,POLR2A,Vehicle,1.6776293508186442,40,23.84316892195581
585,251031,Well13,POLR2A,Vehicle,2.021883843751524,67,33.13741301561824
586,251031,Well13,POLR2A,Vehicle,1.7703789101691396,56,31.63164658047685
587,251031,Well13,POLR2A,Vehicle,1.8549911870099105,60,32.3451671469744
588,251031,Well13,POLR2A,Vehicle,1.77607627871447,50,28.15194403485315
589,251031,Well13,POLR2A,Vehicle,1.6496614134056005,88,53.34427979274286
590,251031,Well13,POLR2A,Vehicle,1.936285646814897,47,24.273278107139248
591,251031,Well13,POLR2A,Vehicle,1.920459034749848,53,27.59756862343257
592,251031,Well13,POLR2A,Vehicle,1.9448613513650987,46,23.652071633647605
593,251031,Well13,POLR2A,Vehicle,1.5069306824502806,20,13.272010606008665
594,251031,Well13,POLR2A,Vehicle,1.7771405641025844,49,27.57238284341559
595,251031,Well13,POLR2A,Vehicle,1.3582378353406466,46,33.86741173239603
596,251031,Well13,POLR2A,Vehicle,2.2717854658139016,62,27.29130938329494
597,251031,Well13,POLR2A,Vehicle,1.5494565613861224,98,63.24798154543329
598,251031,Well13,POLR2A,Vehicle,2.0806874646781224,119,57.19263561690608
599,251031,Well13,POLR2A,Vehicle,1.616007756342022,55,34.03449010943946
600,251031,Well13,POLR2A,Vehicle,1.8786606822434937,63,33.53452839858526
601,251031,Well13,POLR2A,Vehicle,1.4599919903678975,57,39.041310072966084
602,251031,Well13,POLR2A,Vehicle,1.7580745002940108,54,30.7154218953573
603,251031,Well13,POLR2A,Vehicle,1.3264299986069028,27,20.355390053268575
604,251031,Well13,POLR2A,Vehicle,1.970717661848888,85,43.13149551836598
605,251031,Well13,POLR2A,Vehicle,1.7831852815109015,29,16.263032395280966
606,251031,Well13,POLR2A,Vehicle,1.548098935647254,34,21.96242062900504
607,251031,Well13,POLR2A,Vehicle,1.5399277654435797,86,55.84677536821184
608,251031,Well13,POLR2A,Vehicle,1.5445841463903855,62,40.14025402558406
609,251031,Well13,POLR2A,Vehicle,1.185685933709397,38,32.04895910430319
610,251031,Well13,POLR2A,Vehicle,2.1345911368576505,58,27.171479820431696
611,251031,Well13,POLR2A,Vehicle,1.7707887394678463,55,31.059605685389936
612,251031,Well13,POLR2A,Vehicle,1.7664405247378971,49,27.739399834744265
613,251031,Well13,POLR2A,Vehicle,2.6521621225165246,54,20.360746253612007
614,251031,Well13,POLR2A,Vehicle,1.2890010406392158,30,23.27383691259318
615,251031,Well13,POLR2A,Vehicle,1.5093780093477265,42,27.82603147779408
616,251031,Well13,POLR2A,Vehicle,1.7537749991241147,42,23.94834002136876
617,251031,Well13,POLR2A,Vehicle,1.6089728828761058,24,14.916348345845956
618,251031,Well13,POLR2A,Vehicle,2.2206139889590863,65,29.271183701075742
619,251031,Well13,POLR2A,Vehicle,2.239143144616641,54,24.116367964159444
620,251031,Well13,POLR2A,Vehicle,1.4464072610557233,56,38.716619798441805
621,251031,Well13,POLR2A,Vehicle,1.4139777969360856,30,21.21674050682145
622,251031,Well13,POLR2A,Vehicle,1.3916193318621897,24,17.24609557405652
623,251031,Well13,POLR2A,Vehicle,1.5719632851210492,11,6.997618903772898
624,251031,Well13,POLR2A,Vehicle,1.0965973042959287,11,10.031029582972174
645,251031,Well13,POLR2A,Vehicle,1.3421094110013565,47,35.01949961362166
646,251031,Well13,POLR2A,Vehicle,1.9604052129837528,62,31.626114636593673
647,251031,Well13,POLR2A,Vehicle,1.8850559254861048,45,23.871970794922554
648,251031,Well13,POLR2A,Vehicle,1.505380320452072,64,42.514173415513056
649,251031,Well13,POLR2A,Vehicle,1.392935656974057,60,43.07449500599401
650,251031,Well13,POLR2A,Vehicle,1.615112909423657,32,19.812856310720097
651,251031,Well13,POLR2A,Vehicle,2.6213560907351754,72,27.46669948980764
652,251031,Well13,POLR2A,Vehicle,1.4178695867881468,73,51.485694227608406
653,251031,Well13,POLR2A,Vehicle,3.2097385898737154,79,24.612596256042206
654,251031,Well13,POLR2A,Vehicle,2.086967277963217,52,24.916538246229518
655,251031,Well13,POLR2A,Vehicle,1.8228105856427173,95,52.11731857838828
656,251031,Well13,POLR2A,Vehicle,1.942368487878908,88,45.305512599258215
657,251031,Well13,POLR2A,Vehicle,1.9062484420900367,26,13.639355409252556
658,251031,Well13,POLR2A,Vehicle,1.7203617328894931,53,30.807474373998087
659,251031,Well13,POLR2A,Vehicle,2.918442090661073,77,26.383939652733794
660,251031,Well13,POLR2A,Vehicle,1.9365090937968796,79,40.795057587416785
661,251031,Well13,POLR2A,Vehicle,1.9889894828305104,96,48.26571524319143
662,251031,Well13,POLR2A,Vehicle,2.038540704318345,79,38.75321195826517
663,251031,Well13,POLR2A,Vehicle,1.532211961127357,47,30.67460716428474
664,251031,Well13,POLR2A,Vehicle,1.7379070864320645,36,20.71457115346037
665,251031,Well13,POLR2A,Vehicle,1.6365765275791877,31,18.941980089287348
666,251031,Well13,POLR2A,Vehicle,1.683413556579721,54,32.07767918283527
667,251031,Well13,POLR2A,Vehicle,2.772716534752929,107,38.59031338359821
668,251031,Well13,POLR2A,Vehicle,3.063855244390617,87,28.395597396215695
669,251031,Well13,POLR2A,Vehicle,2.298909387849505,62,26.969310024871127
670,251031,Well13,POLR2A,Vehicle,2.646818456776796,59,22.290913020097403
671,251031,Well13,POLR2A,Vehicle,1.5577886981360591,65,41.72581305652972
672,251031,Well13,POLR2A,Vehicle,3.0244163225755254,110,36.370654125529406
673,251031,Well13,POLR2A,Vehicle,1.5902234572078764,104,65.39961382697989
674,251031,Well13,POLR2A,Vehicle,1.5266850900422122,81,53.056128292810136
675,251031,Well13,POLR2A,Vehicle,2.661554308692832,66,24.79754021341558
676,251031,Well13,POLR2A,Vehicle,3.137619223205669,58,18.4853533440371
677,251031,Well13,POLR2A,Vehicle,1.416001527659157,49,34.604482440780735
678,251031,Well13,POLR2A,Vehicle,2.40972320605618,69,28.63399407308996
679,251031,Well13,POLR2A,Vehicle,1.6657262983187344,66,39.62235576553945
680,251031,Well13,POLR2A,Vehicle,1.336871644305222,69,51.61303277986691
681,251031,Well13,POLR2A,Vehicle,2.331855639301879,59,25.301737811549806
682,251031,Well13,POLR2A,Vehicle,1.4854596513616984,54,36.35238422699601
683,251031,Well13,POLR2A,Vehicle,3.0435882854276928,147,48.298253973383
684,251031,Well13,POLR2A,Vehicle,1.6161358941847703,75,46.40698858918195
685,251031,Well13,POLR2A,Vehicle,1.5349769851555832,67,43.648862913217535
686,251031,Well13,POLR2A,Vehicle,2.209302912112865,55,24.894730232985932
687,251031,Well13,POLR2A,Vehicle,1.650843246732104,32,19.38403301666891
688,251031,Well13,POLR2A,Vehicle,2.029355021277045,75,36.95755509196392
689,251031,Well13,POLR2A,Vehicle,2.6425433123869264,46,17.407472484698708
690,251031,Well13,POLR2A,Vehicle,1.7033712903353522,42,24.656984791455084
691,251031,Well13,POLR2A,Vehicle,1.5497477837560047,62,40.006509865583006
692,251031,Well13,POLR2A,Vehicle,2.0084865557465097,30,14.936619771821011
693,251031,Well13,POLR2A,Vehicle,1.8955229869548869,40,21.102355537380774
694,251031,Well13,POLR2A,Vehicle,1.458831336850113,32,21.93536647567081
695,251031,Well13,POLR2A,Vehicle,1.6611292208363406,33,19.866004153117753
696,251031,Well13,POLR2A,Vehicle,1.0877494392036915,13,11.951281730392715
697,251031,Well13,POLR2A,Vehicle,1.7475311915138418,41,23.46166992560673
1100,251031,Well13,POLR2A,Vehicle,2.119294020010569,65,30.670590954470693
1101,251031,Well13,POLR2A,Vehicle,1.351973906912091,80,59.172739644598636
1102,251031,Well13,POLR2A,Vehicle,1.6430670799610332,23,13.99821119935375
1103,251031,Well13,POLR2A,Vehicle,1.56259757370564,39,24.958441415925794
1104,251031,Well13,POLR2A,Vehicle,1.406683470813365,67,47.6297627647957
1105,251031,Well13,POLR2A,Vehicle,2.8004472583083238,63,22.49640653402508
1106,251031,Well13,POLR2A,Vehicle,2.1097662830584616,77,36.49693362639938
1107,251031,Well13,POLR2A,Vehicle,1.6564590730138673,71,42.86251387474251
1108,251031,Well13,POLR2A,Vehicle,2.1493153398788905,59,27.45060201511637
1109,251031,Well13,POLR2A,Vehicle,2.0338631435628205,160,78.66802665970924
1110,251031,Well13,POLR2A,Vehicle,1.8286233841455648,57,31.170989332302337
1111,251031,Well13,POLR2A,Vehicle,1.7149460558001215,99,57.727763310788674
1112,251031,Well13,POLR2A,Vehicle,1.6608528243325615,42,25.28821301001088
1113,251031,Well13,POLR2A,Vehicle,3.763163814722041,127,33.74819865751197
1114,251031,Well13,POLR2A,Vehicle,1.3405505770796602,67,49.97946451670404
1115,251031,Well13,POLR2A,Vehicle,2.462662137948571,87,35.3276231681834
1116,251031,Well13,POLR2A,Vehicle,2.2347112696422533,68,30.428986922720387
1117,251031,Well13,POLR2A,Vehicle,1.9177501372147268,58,30.243773093525714
1118,251031,Well13,POLR2A,Vehicle,1.4295851979808956,67,46.8667415517654
1119,251031,Well13,POLR2A,Vehicle,1.8629050225376529,46,24.692616877128128
1120,251031,Well13,POLR2A,Vehicle,1.6034237729918064,72,44.90391199929398
1121,251031,Well13,POLR2A,Vehicle,1.623596481805932,62,38.18682825121497
1122,251031,Well13,POLR2A,Vehicle,1.7895932326387445,61,34.085958131421776
1123,251031,Well13,POLR2A,Vehicle,1.64269537431802,52,31.65529094010402
1124,251031,Well13,POLR2A,Vehicle,1.7718922075020906,55,31.04026292746993
1125,251031,Well13,POLR2A,Vehicle,2.639235026265066,66,25.007246169129704
1126,251031,Well13,POLR2A,Vehicle,1.70953567366293,61,35.68220361807285
1127,251031,Well13,POLR2A,Vehicle,1.8165710139941884,41,22.569995713985982
1128,251031,Well13,POLR2A,Vehicle,1.9713816488522191,62,31.45002391398831
1129,251031,Well13,POLR2A,Vehicle,2.2069286555554988,61,27.640222916334324
1130,251031,Well13,POLR2A,Vehicle,1.298076588675179,36,27.733340477807793
1131,251031,Well13,POLR2A,Vehicle,1.30193978578547,52,39.940403210451095
1132,251031,Well13,POLR2A,Vehicle,2.975472961597917,105,35.28850752641755
1133,251031,Well13,POLR2A,Vehicle,1.6001006610038424,86,53.7466186321346
1134,251031,Well13,POLR2A,Vehicle,2.7289495190261714,58,21.253599451226698
1135,251031,Well13,POLR2A,Vehicle,1.564437040092859,33,21.09384983498041
1136,251031,Well13,POLR2A,Vehicle,2.019916239521556,58,28.714061932458183
1137,251031,Well13,POLR2A,Vehicle,2.253288079869425,82,36.391263386416085
1138,251031,Well13,POLR2A,Vehicle,1.4107955306761009,30,21.26459812757061
1139,251031,Well13,POLR2A,Vehicle,1.751879406243791,51,29.11159285178723
1140,251031,Well13,POLR2A,Vehicle,1.304643388368412,30,22.99478943247321
1141,251031,Well13,POLR2A,Vehicle,1.956223259752245,58,29.648967576096442
1142,251031,Well13,POLR2A,Vehicle,2.576578798132535,61,23.674804762117837
1143,251031,Well13,POLR2A,Vehicle,1.3846543517650451,36,25.999268304115116
1144,251031,Well13,POLR2A,Vehicle,1.9605418227499884,55,28.0534693837101
1145,251031,Well13,POLR2A,Vehicle,2.0419358276559527,64,31.342806729371617
1146,251031,Well13,POLR2A,Vehicle,1.6770871477154454,69,41.14276356717234
1496,251031,Well13,POLR2A,Vehicle,1.859249387552805,43,23.127612835520562
1497,251031,Well13,POLR2A,Vehicle,2.259758511432988,57,25.223934199878023
1498,251031,Well13,POLR2A,Vehicle,1.849102141195676,66,35.69299852593472
1499,251031,Well13,POLR2A,Vehicle,1.9592000818676585,71,36.239279825017874
1500,251031,Well13,POLR2A,Vehicle,2.119327907704519,106,50.01585626020961
1501,251031,Well13,POLR2A,Vehicle,1.3804999322848723,34,24.628758904555998
1502,251031,Well13,POLR2A,Vehicle,1.985508581267592,99,49.861280346014034
1503,251031,Well13,POLR2A,Vehicle,1.8604322798697444,48,25.80045536694335
1504,251031,Well13,POLR2A,Vehicle,1.3899545988969,65,46.764117368715134
1505,251031,Well13,POLR2A,Vehicle,3.173263782288806,167,52.627203868802404
1506,251031,Well13,POLR2A,Vehicle,1.656056656648212,62,37.43833265069889
1507,251031,Well13,POLR2A,Vehicle,1.955966984066749,55,28.119084037730914
1508,251031,Well13,POLR2A,Vehicle,1.8424146165927464,81,43.96404548168243
1509,251031,Well13,POLR2A,Vehicle,1.826140051573297,59,32.30858440959608
1510,251031,Well13,POLR2A,Vehicle,1.5024850406002257,50,33.27820154537151
1511,251031,Well13,POLR2A,Vehicle,1.8547486782000813,68,36.662649122893455
1512,251031,Well13,POLR2A,Vehicle,3.1091726221155835,127,40.84687968003044
1513,251031,Well13,POLR2A,Vehicle,1.9055325645553447,87,45.65652753370889
1514,251031,Well13,POLR2A,Vehicle,3.1011348847068367,64,20.63760603113856
1515,251031,Well13,POLR2A,Vehicle,2.6371001015462205,94,35.645214963544475
1516,251031,Well13,POLR2A,Vehicle,1.25227525232099,30,23.956394526201368
1517,251031,Well13,POLR2A,Vehicle,1.612338354481507,16,9.92347540175291
1518,251031,Well13,POLR2A,Vehicle,1.85991761051788,19,10.21550626358637
1519,251031,Well13,POLR2A,Vehicle,2.570577499332092,101,39.29078194539657
1520,251031,Well13,POLR2A,Vehicle,1.7443701050625755,58,33.24982458233505
1521,251031,Well13,POLR2A,Vehicle,1.589351908079102,41,25.796678376630123
1522,251031,Well13,POLR2A,Vehicle,1.861749663972048,80,42.970331375980905
1523,251031,Well13,POLR2A,Vehicle,1.422572563314134,57,40.06825484333005
1524,251031,Well13,POLR2A,Vehicle,1.8143079514325955,70,38.58220427503903
1525,251031,Well13,POLR2A,Vehicle,1.6002287988465904,76,47.493208505420675
1526,251031,Well13,POLR2A,Vehicle,1.4548897744475626,37,25.43147986179867
1527,251031,Well13,POLR2A,Vehicle,1.572360406534525,75,47.698987896356186
1528,251031,Well13,POLR2A,Vehicle,1.451818702183351,50,34.439561857693626
1529,251031,Well13,POLR2A,Vehicle,1.375158384526016,53,38.54101505425342
1530,251031,Well13,POLR2A,Vehicle,1.6020544983581424,68,42.44549737208657
1531,251031,Well13,POLR2A,Vehicle,1.764343723674746,51,28.905932169372328
1532,251031,Well13,POLR2A,Vehicle,1.5244823899354674,51,33.45397778071997
1533,251031,Well13,POLR2A,Vehicle,2.4582895664385958,60,24.4072141944303
1534,251031,Well13,POLR2A,Vehicle,1.2873977291192105,29,22.52606117290631
1535,251031,Well13,POLR2A,Vehicle,1.99287385974952,38,19.067940408820526
1536,251031,Well13,POLR2A,Vehicle,1.9897254811834848,22,11.056801658344568
1537,251031,Well13,POLR2A,Vehicle,1.860865406958042,67,36.00475335264841
1538,251031,Well13,POLR2A,Vehicle,2.0636112438986705,68,32.95194295972687
1539,251031,Well13,POLR2A,Vehicle,2.263993414186292,44,19.434685509372013
1540,251031,Well13,POLR2A,Vehicle,1.7537749991241147,40,22.807942877494057
1541,251031,Well13,POLR2A,Vehicle,2.12045043756661,27,12.733143638567995
1542,251031,Well13,POLR2A,Vehicle,2.0313660441148853,22,10.830150510655958
1543,251031,Well13,POLR2A,Vehicle,1.8306471148686367,54,29.49776587820145
1544,251031,Well13,POLR2A,Vehicle,1.246213591065698,28,22.468058606274575
1545,251031,Well13,POLR2A,Vehicle,1.0564329740322216,3,2.839744757823603
1546,251031,Well13,POLR2A,Vehicle,2.113458982708567,91,43.057376908907976
1547,251031,Well13,POLR2A,Vehicle,2.3665841716579314,53,22.39514682584494
1548,251031,Well13,POLR2A,Vehicle,2.745173252504696,76,27.684955742103927
1549,251031,Well13,POLR2A,Vehicle,2.582511262554643,58,22.458759751013005
1550,251031,Well13,POLR2A,Vehicle,2.102133079996242,92,43.765069336221316
1551,251031,Well13,POLR2A,Vehicle,1.3902850039129115,29,20.859032441823405
1552,251031,Well13,POLR2A,Vehicle,1.4393152021062663,49,34.04396752587226
1553,251031,Well13,POLR2A,Vehicle,1.61809502649125,44,27.1924697126173
1554,251031,Well13,POLR2A,Vehicle,1.4989808412477164,56,37.35871630846657
1555,251031,Well13,POLR2A,Vehicle,1.917130627809705,87,45.3803192844487
1556,251031,Well13,POLR2A,Vehicle,3.4297893895279574,122,35.570697248203594
1557,251031,Well13,POLR2A,Vehicle,1.3323275163446249,31,23.26755217444704
1558,251031,Well13,POLR2A,Vehicle,1.5494872721087647,46,29.687239661798962
1559,251031,Well13,POLR2A,Vehicle,1.5714242589891585,60,38.18192296369147
1560,251031,Well13,POLR2A,Vehicle,1.9540269135881163,43,22.005838149404244
1561,251031,Well13,POLR2A,Vehicle,1.483120341488718,62,41.80375541054612
1562,251031,Well13,POLR2A,Vehicle,1.8845910286847296,49,26.00033601677361
1563,251031,Well13,POLR2A,Vehicle,1.2861460024239353,54,41.98590198797717
1564,251031,Well13,POLR2A,Vehicle,2.5953621114947145,123,47.392230723890066
1565,251031,Well13,POLR2A,Vehicle,1.493222051257102,17,11.384776956440051
1566,251031,Well13,POLR2A,Vehicle,1.4161444913680086,46,32.482561123098094
1567,251031,Well13,POLR2A,Vehicle,1.395037752989388,69,49.46102702392233
1568,251031,Well13,POLR2A,Vehicle,2.487428747273783,72,28.945552743535615
1569,251031,Well13,POLR2A,Vehicle,1.7218644403180852,107,62.14194189423737
1570,251031,Well13,POLR2A,Vehicle,2.096899549261852,63,30.04435764325343
1571,251031,Well13,POLR2A,Vehicle,1.682107821372213,60,35.66953273604887
1572,251031,Well13,POLR2A,Vehicle,1.9252965030611997,75,38.95503881129522
1573,251031,Well13,POLR2A,Vehicle,1.3540399972526005,36,26.58710235520767
1574,251031,Well13,POLR2A,Vehicle,1.121276017414958,26,23.187867747266736
1575,251031,Well13,POLR2A,Vehicle,2.3370754031606027,109,46.63948790552119
1576,251031,Well13,POLR2A,Vehicle,1.6276450022425115,54,33.17676761554314
1577,251031,Well13,POLR2A,Vehicle,1.544953734052527,55,35.59977155803298
1578,251031,Well13,POLR2A,Vehicle,2.1308370157622605,110,51.62290648524796
1579,251031,Well13,POLR2A,Vehicle,1.2748645773099194,34,26.669499337524226
1580,251031,Well13,POLR2A,Vehicle,1.7268099256539016,59,34.16704938017895
1581,251031,Well13,POLR2A,Vehicle,1.6265055285334455,109,67.0148352328571
1582,251031,Well13,POLR2A,Vehicle,2.592664862854388,120,46.2844240762712
1583,251031,Well13,POLR2A,Vehicle,2.630284439100543,110,41.82057208900791
1584,251031,Well13,POLR2A,Vehicle,1.901532757678818,58,30.5017096159837
1585,251031,Well13,POLR2A,Vehicle,1.7784367683961688,84,47.232491754965764
1586,251031,Well13,POLR2A,Vehicle,1.8167012698178084,58,31.925997390763452
1587,251031,Well13,POLR2A,Vehicle,1.9539877309419864,79,40.43014126906281
1588,251031,Well13,POLR2A,Vehicle,1.7224871266944148,51,29.60834900280092
1589,251031,Well13,POLR2A,Vehicle,1.3973103464649046,30,21.46981883866949
1590,251031,Well13,POLR2A,Vehicle,2.214012242581468,27,12.195054517186795
1591,251031,Well13,POLR2A,Vehicle,1.8672394703919344,21,11.246548893694975
1592,251031,Well13,POLR2A,Vehicle,1.4056064775400194,37,26.323157008179454
1910,251031,Well13,POLR2A,Vehicle,1.5655722778401815,37,23.633530386118064
1911,251031,Well13,POLR2A,Vehicle,2.492946087445004,113,45.327895604759185
1912,251031,Well13,POLR2A,Vehicle,2.251537568678825,107,47.52308000029789
1913,251031,Well13,POLR2A,Vehicle,1.8025415086989212,43,23.855206547247562
1914,251031,Well13,POLR2A,Vehicle,3.2932929352689877,133,40.385110773371544
1915,251031,Well13,POLR2A,Vehicle,1.382004757694336,31,22.431181822932917
1916,251031,Well13,POLR2A,Vehicle,1.4297525184697732,55,38.46819592167256
1917,251031,Well13,POLR2A,Vehicle,1.403283052523578,35,24.941511220461297
1918,251031,Well13,POLR2A,Vehicle,1.880921626824215,110,58.48196885572854
1919,251031,Well13,POLR2A,Vehicle,1.905654348455477,55,28.861477447144186
1920,251031,Well13,POLR2A,Vehicle,2.81982784227637,101,35.81778947131235
1921,251031,Well13,POLR2A,Vehicle,1.813956366607865,61,33.62815176975355
1922,251031,Well13,POLR2A,Vehicle,2.506414327809225,48,19.15086403210727
1923,251031,Well13,POLR2A,Vehicle,2.331623720396409,84,36.0263962255963
1924,251031,Well13,POLR2A,Vehicle,1.911279705651164,49,25.63727321287385
1925,251031,Well13,POLR2A,Vehicle,1.741936545040797,45,25.833317595932336
1926,251031,Well13,POLR2A,Vehicle,2.460380013559131,82,33.328184893430596
1927,251031,Well13,POLR2A,Vehicle,1.3540887108126534,31,22.89362561880855
1928,251031,Well13,POLR2A,Vehicle,2.8876095841188256,108,37.401177982638174
1929,251031,Well13,POLR2A,Vehicle,2.436128073585784,81,33.24948342341235
1930,251031,Well13,POLR2A,Vehicle,3.368419834775088,121,35.92188798759976
1931,251031,Well13,POLR2A,Vehicle,3.0832961908135115,96,31.135510200423173
1932,251031,Well13,POLR2A,Vehicle,3.0964753267887226,74,23.898139720281108
1933,251031,Well13,POLR2A,Vehicle,1.325235457395168,57,43.01122467100074
1934,251031,Well13,POLR2A,Vehicle,2.431787271788886,51,20.97222918782821
1935,251031,Well13,POLR2A,Vehicle,1.5775282798618877,46,29.159540647998583
1936,251031,Well13,POLR2A,Vehicle,1.5326938017757077,35,22.835611365721338
1937,251031,Well13,POLR2A,Vehicle,2.452754223429963,74,30.170165152755274
1938,251031,Well13,POLR2A,Vehicle,1.6134619433340345,36,22.312270920756966
1939,251031,Well13,POLR2A,Vehicle,1.7179737094564598,46,26.775729888528787
1940,251031,Well13,POLR2A,Vehicle,2.2510186633652167,54,23.989139174559906
1941,251031,Well13,POLR2A,Vehicle,1.8194811197121377,53,29.12918382378444
1942,251031,Well13,POLR2A,Vehicle,2.109139360720388,33,15.646192287990239
1943,251031,Well13,POLR2A,Vehicle,1.878427704347588,62,33.00632750278442
1944,251031,Well13,POLR2A,Vehicle,1.0515647949982283,26,24.725057479737902
1945,251031,Well13,POLR2A,Vehicle,2.203212658115803,60,27.232959006014546
1946,251031,Well13,POLR2A,Vehicle,2.416192578629307,55,22.76308622353323
1947,251031,Well13,POLR2A,Vehicle,1.7376328079091572,55,31.65225688054307
1948,251031,Well13,POLR2A,Vehicle,1.7570165688485118,67,38.132821959618454
1949,251031,Well13,POLR2A,Vehicle,1.5753308747073225,38,24.12191661453975
1950,251031,Well13,POLR2A,Vehicle,2.3753780282379355,33,13.892525571805312
1951,251031,Well13,POLR2A,Vehicle,1.3731706594777662,46,33.49911366260503
1952,251031,Well13,POLR2A,Vehicle,1.8298359281947103,49,26.77835714393404
1953,251031,Well13,POLR2A,Vehicle,1.254685514553178,48,38.25659852070094
1954,251031,Well13,POLR2A,Vehicle,2.1960475288262664,59,26.866449485059213
1955,251031,Well13,POLR2A,Vehicle,1.3486910365606926,42,31.14130580055201
1956,251031,Well13,POLR2A,Vehicle,2.539903841355234,89,35.040696640118334
1957,251031,Well13,POLR2A,Vehicle,2.162168306799834,61,28.212419823267336
1958,251031,Well13,POLR2A,Vehicle,1.4470881919060294,26,17.967115028251424
1959,251031,Well13,POLR2A,Vehicle,1.6941877252749236,48,28.332161356092236
1960,251031,Well13,POLR2A,Vehicle,1.7565262562766737,32,18.217774932571018
1961,251031,Well13,POLR2A,Vehicle,2.203507057456992,47,21.329634430234787
1962,251031,Well13,POLR2A,Vehicle,1.5484028659023672,29,18.72897592649416
1963,251031,Well13,POLR2A,Vehicle,1.793769890918072,86,47.9437192225276
1964,251031,Well13,POLR2A,Vehicle,1.8429483477724573,90,48.834792417693954
1965,251031,Well13,POLR2A,Vehicle,3.013087242891893,147,48.78717015140681
1966,251031,Well13,POLR2A,Vehicle,2.127925851053875,45,21.14735340881983
1967,251031,Well13,POLR2A,Vehicle,1.7203278451955435,51,29.645512128650694
1968,251031,Well13,POLR2A,Vehicle,2.204519452313746,49,22.22706628810747
1969,251031,Well13,POLR2A,Vehicle,2.7061960505196723,109,40.277939205132114
1970,251031,Well13,POLR2A,Vehicle,1.9186238043243729,51,26.581552821898413
1971,251031,Well13,POLR2A,Vehicle,1.5873387672603896,91,57.3286571694196
1972,251031,Well13,POLR2A,Vehicle,2.098568518188885,93,44.31592258910909
1973,251031,Well13,POLR2A,Vehicle,1.640966042936138,62,37.7826221736222
1974,251031,Well13,POLR2A,Vehicle,1.9793569058252456,54,27.28158819719579
1975,251031,Well13,POLR2A,Vehicle,1.9938957855201973,88,44.13470384914889
1976,251031,Well13,POLR2A,Vehicle,1.9627169891053988,51,25.984388112544774
1977,251031,Well13,POLR2A,Vehicle,1.4341452107980317,51,35.56125252590077
1978,251031,Well13,POLR2A,Vehicle,1.9914590485271109,111,55.73802789572597
1979,251031,Well13,POLR2A,Vehicle,1.6920803343074131,103,60.87181436462886
1980,251031,Well13,POLR2A,Vehicle,2.295960099485426,106,46.168049707726574
1981,251031,Well13,POLR2A,Vehicle,2.141035093660314,88,41.101614943431485
1982,251031,Well13,POLR2A,Vehicle,1.896845666009369,113,59.57258517385455
1983,251031,Well13,POLR2A,Vehicle,2.695000403630967,107,39.70314804251576
1984,251031,Well13,POLR2A,Vehicle,1.2715054596471336,57,44.82874970573745
1985,251031,Well13,POLR2A,Vehicle,1.3205271859170011,58,43.92185228638334
1986,251031,Well13,POLR2A,Vehicle,1.7602507256398572,95,53.96958434172335
1987,251031,Well13,POLR2A,Vehicle,1.6482264813649086,63,38.222902442284045
1988,251031,Well13,POLR2A,Vehicle,1.5185128608481018,115,75.7319894780289
1989,251031,Well13,POLR2A,Vehicle,1.7839837602995965,78,43.722371097649976
1990,251031,Well13,POLR2A,Vehicle,2.45664177732028,125,50.88246937506321
1991,251031,Well13,POLR2A,Vehicle,2.0550418932910843,66,32.11613360071365
1992,251031,Well13,POLR2A,Vehicle,1.467121113982612,108,73.6135544439312
1993,251031,Well13,POLR2A,Vehicle,2.908670785908701,104,35.755163665766744
1994,251031,Well13,POLR2A,Vehicle,2.697174510995941,88,32.62673573446521
1995,251031,Well13,POLR2A,Vehicle,1.6225194885325864,48,29.583620005335902
1996,251031,Well13,POLR2A,Vehicle,2.4711044097038446,106,42.895799782374965
1997,251031,Well13,POLR2A,Vehicle,1.3434776266445845,63,46.893226020701405
1998,251031,Well13,POLR2A,Vehicle,1.995092444712804,54,27.06641496393084
1999,251031,Well13,POLR2A,Vehicle,2.171364579745493,68,31.316712372627133
2000,251031,Well13,POLR2A,Vehicle,2.3181141794051863,75,32.35388518232718
2001,251031,Well13,POLR2A,Vehicle,1.705506215054197,89,52.183920066906225
2002,251031,Well13,POLR2A,Vehicle,1.8507742870940171,72,38.90263685965208
2003,251031,Well13,POLR2A,Vehicle,2.1801351385359067,92,42.19921892630179
2004,251031,Well13,POLR2A,Vehicle,1.889475092575262,86,45.51528640834647
2005,251031,Well13,POLR2A,Vehicle,1.6189125671077915,57,35.208819276652626
2006,251031,Well13,POLR2A,Vehicle,2.144672725807751,69,32.17274093603836
2007,251031,Well13,POLR2A,Vehicle,1.8113734889346196,74,40.85297728605047
2008,251031,Well13,POLR2A,Vehicle,1.81801124098706,23,12.651186902184676
2009,251031,Well13,POLR2A,Vehicle,1.175191338489281,32,27.229608449238818
2010,251031,Well13,POLR2A,Vehicle,1.3210069085844796,29,21.952951049343756
2011,251031,Well13,POLR2A,Vehicle,1.1569502282303006,8,6.91473133830225
2661,251031,Well13,POLR2A,Vehicle,2.6167717211380124,84,32.100622045651384
2662,251031,Well13,POLR2A,Vehicle,2.3820094263477607,42,17.63217203736969
2663,251031,Well13,POLR2A,Vehicle,3.234369648423128,92,28.444491508524177
2664,251031,Well13,POLR2A,Vehicle,2.0239234593311344,81,40.02127631188625
2665,251031,Well13,POLR2A,Vehicle,2.1115009093925234,48,22.7326447203897
2666,251031,Well13,POLR2A,Vehicle,2.9403684876371075,76,25.84710056564166
2667,251031,Well13,POLR2A,Vehicle,2.371898185665453,91,38.36589637361239
2668,251031,Well13,POLR2A,Vehicle,1.9097314616338268,53,27.752593003132006
2669,251031,Well13,POLR2A,Vehicle,2.033041366984534,50,24.593695343327642
2670,251031,Well13,POLR2A,Vehicle,1.8489634134485684,71,38.39989449416705
2671,251031,Well13,POLR2A,Vehicle,1.649992877412048,51,30.909224335556882
2672,251031,Well13,POLR2A,Vehicle,2.935725873565969,77,26.228606932727544
2673,251031,Well13,POLR2A,Vehicle,1.61926203395165,69,42.61200383461859
2674,251031,Well13,POLR2A,Vehicle,2.003847118646678,54,26.948163608643725
2675,251031,Well13,POLR2A,Vehicle,1.9346865712566352,54,27.911497811723287
2676,251031,Well13,POLR2A,Vehicle,1.8997663616316784,69,36.320255686987224
2677,251031,Well13,POLR2A,Vehicle,1.339820932669301,39,29.108367431087235
2678,251031,Well13,POLR2A,Vehicle,1.4618441646403475,60,41.0440465894404
2679,251031,Well13,POLR2A,Vehicle,1.394188442659768,50,35.86315771246269
2680,251031,Well13,POLR2A,Vehicle,1.425228511327459,60,42.0985122898755
2681,251031,Well13,POLR2A,Vehicle,3.868581017667191,305,78.84027725078363
2682,251031,Well13,POLR2A,Vehicle,2.4533345501888557,86,35.05433043910778
2683,251031,Well13,POLR2A,Vehicle,3.4008725966843163,175,51.45738189975608
2684,251031,Well13,POLR2A,Vehicle,2.64098977341741,116,43.922926611676104
2685,251031,Well13,POLR2A,Vehicle,3.244960611772913,143,44.068331517241646
2686,251031,Well13,POLR2A,Vehicle,2.2772329126163515,36,15.80865962394641
2687,251031,Well13,POLR2A,Vehicle,2.8475776276596108,94,33.010513598274564
2688,251031,Well13,POLR2A,Vehicle,2.621500113434462,28,10.680907414997908
3140,251031,Well13,POLR2A,Vehicle,2.4452216244591574,61,24.946613995977643
3141,251031,Well13,POLR2A,Vehicle,2.635336882470389,72,27.320985214044644
3142,251031,Well13,POLR2A,Vehicle,3.003255575684672,65,21.643179663516154
3143,251031,Well13,POLR2A,Vehicle,3.969060148209576,102,25.69877910416946
3144,251031,Well13,POLR2A,Vehicle,2.901593552825348,144,49.62790183338529
3145,251031,Well13,POLR2A,Vehicle,3.1711775711300136,83,26.173242632522744
3146,251031,Well13,POLR2A,Vehicle,3.647566536716248,72,19.739187558403962
3147,251031,Well13,POLR2A,Vehicle,3.2756130899410523,207,63.194276709806765
3148,251031,Well13,POLR2A,Vehicle,3.8053730555175385,103,27.06699146110178
3149,251031,Well13,POLR2A,Vehicle,2.4451644389756164,76,31.0817541710363
3150,251031,Well13,POLR2A,Vehicle,2.2783215547844926,62,27.21301559465982
3151,251031,Well13,POLR2A,Vehicle,2.575787732276892,70,27.176152414594675
3152,251031,Well13,POLR2A,Vehicle,2.627076757070096,146,55.5750796420694
3153,251031,Well13,POLR2A,Vehicle,2.8776285992601385,80,27.800668932943136
3154,251031,Well13,POLR2A,Vehicle,2.4396079161582658,138,56.566466720321735
3155,251031,Well13,POLR2A,Vehicle,1.8182971684047624,91,50.04682489817469
3156,251031,Well13,POLR2A,Vehicle,2.41004619813914,61,25.310718129428267
3157,251031,Well13,POLR2A,Vehicle,1.7821972434341742,96,53.866091620147756
3158,251031,Well13,POLR2A,Vehicle,1.2552838441494814,52,41.42489385357512
3159,251031,Well13,POLR2A,Vehicle,2.383535431565943,90,37.75903592961129
3160,251031,Well13,POLR2A,Vehicle,2.354811374981642,57,24.205760429726297
3161,251031,Well13,POLR2A,Vehicle,1.8028412029922911,79,43.81972181958047
3162,251031,Well13,POLR2A,Vehicle,2.383780058356644,41,17.19957336511365
3163,251031,Well13,POLR2A,Vehicle,1.6912267880160496,54,31.929484787398923
3164,251031,Well13,POLR2A,Vehicle,2.112244320678549,108,51.13044875665968
3165,251031,Well13,POLR2A,Vehicle,1.5109760259155522,72,47.65131859479553
3166,251031,Well13,POLR2A,Vehicle,2.5615379569709504,63,24.594599439197168
3167,251031,Well13,POLR2A,Vehicle,1.7492435790487486,49,28.012107968775027
3168,251031,Well13,POLR2A,Vehicle,2.176607641393807,74,33.99785914222627
3169,251031,Well13,POLR2A,Vehicle,3.1562098003085084,113,35.80243619703438
3170,251031,Well13,POLR2A,Vehicle,1.8146150586590168,92,50.69945802609349
3171,251031,Well13,POLR2A,Vehicle,2.414082010690489,106,43.90903023616886
3172,251031,Well13,POLR2A,Vehicle,2.0256718525408632,48,23.695841920196553
3173,251031,Well13,POLR2A,Vehicle,1.8748229009036652,56,29.869487924970397
3174,251031,Well13,POLR2A,Vehicle,1.6973699915349083,36,21.209282701790723
3175,251031,Well13,POLR2A,Vehicle,2.981324942746894,80,26.833707004876377
3218,251031,Well13,POLR2A,Vehicle,2.728530158813541,112,41.04774126766532
3219,251031,Well13,POLR2A,Vehicle,2.094396095871301,72,34.37745140087596
3220,251031,Well13,POLR2A,Vehicle,4.263843902927752,62,14.540870025149829
3221,251031,Well13,POLR2A,Vehicle,1.6957656210244667,27,15.922011665555779
3222,251031,Well13,POLR2A,Vehicle,3.144147899243209,91,28.94265884308545
3223,251031,Well13,POLR2A,Vehicle,1.672593851295773,52,31.089436302611748
3224,251031,Well13,POLR2A,Vehicle,1.5047205694104842,79,52.50144219863388
3225,251031,Well13,POLR2A,Vehicle,2.714702920691538,95,34.99462105997215
3226,251031,Well13,POLR2A,Vehicle,1.995431321652303,147,73.66828334551633
3227,251031,Well13,POLR2A,Vehicle,3.279312143533773,127,38.72763385773498
3228,251031,Well13,POLR2A,Vehicle,1.5482779050309268,62,40.0444905908294
3229,251031,Well13,POLR2A,Vehicle,3.417283771470001,142,41.55347038648662
3230,251031,Well13,POLR2A,Vehicle,3.289277243535921,117,35.5701241754334
3231,251031,Well13,POLR2A,Vehicle,1.75698056317369,221,125.78397543613156
3232,251031,Well13,POLR2A,Vehicle,1.162677248507837,131,112.67099289000753
3233,251031,Well13,POLR2A,Vehicle,2.3312318939351133,95,40.75098674102311
3234,251031,Well13,POLR2A,Vehicle,2.7300614589839034,59,21.6112350899086
3235,251031,Well13,POLR2A,Vehicle,1.847161011726607,37,20.030738936729065
3236,251031,Well13,POLR2A,Vehicle,2.3686862676732625,92,38.84009514285347
3237,251031,Well13,POLR2A,Vehicle,2.6409855374556663,53,20.068265898593435
3238,251031,Well13,POLR2A,Vehicle,1.8152218601788075,57,31.401120298532128
3239,251031,Well13,POLR2A,Vehicle,2.707070776619754,51,18.83955175478726
3240,251031,Well13,POLR2A,Vehicle,2.1020102371056737,97,46.146302376511
3241,251031,Well13,POLR2A,Vehicle,3.850742323773866,177,45.965163367912304
3242,251031,Well13,POLR2A,Vehicle,1.3606798672859126,64,47.03531046406819
3243,251031,Well13,POLR2A,Vehicle,2.2461134196659653,60,26.712809546778367
3244,251031,Well13,POLR2A,Vehicle,3.809111291756389,56,14.701591975323536
3245,251031,Well13,POLR2A,Vehicle,1.5406457609591433,53,34.401159139271805
3246,251031,Well13,POLR2A,Vehicle,2.664362751328932,86,32.27788706965855
3247,251031,Well13,POLR2A,Vehicle,1.7192677957691724,68,39.551720893822655
3248,251031,Well13,POLR2A,Vehicle,1.853796645798176,97,52.32504882337588
3249,251031,Well13,POLR2A,Vehicle,1.564632953323507,78,49.851947598519324
3250,251031,Well13,POLR2A,Vehicle,1.788699444710815,38,21.244485825925654
3251,251031,Well13,POLR2A,Vehicle,2.2776247390776474,51,22.39174835300265
3252,251031,Well13,POLR2A,Vehicle,1.6751714340168389,90,53.72584451502491
3253,251031,Well13,POLR2A,Vehicle,2.6562413536757457,193,72.65906004095741
3254,251031,Well13,POLR2A,Vehicle,1.6857984030414466,78,46.26887761862609
3255,251031,Well13,POLR2A,Vehicle,2.0698984701168164,117,56.52451155896406
3256,251031,Well13,POLR2A,Vehicle,1.4206049590841667,77,54.202260457854685
3257,251031,Well13,POLR2A,Vehicle,1.6559316957767716,56,33.81781998787775
3258,251031,Well13,POLR2A,Vehicle,2.1785445349011323,37,16.983816216398417
3259,251031,Well13,POLR2A,Vehicle,1.788652849131634,61,34.10387881002993
3260,251031,Well13,POLR2A,Vehicle,1.8394420304390768,83,45.12237875753432
3261,251031,Well13,POLR2A,Vehicle,2.477324919524527,121,48.84300765166627
3262,251031,Well13,POLR2A,Vehicle,1.5330888052083111,50,32.61389674892718
3263,251031,Well13,POLR2A,Vehicle,1.655424439357959,58,35.03633184399209
3264,251031,Well13,POLR2A,Vehicle,2.4395443767321097,71,29.103795232086743
3265,251031,Well13,POLR2A,Vehicle,2.040749758367706,118,57.821886057398004
3266,251031,Well13,POLR2A,Vehicle,1.923026027566555,52,27.040715650532352
3267,251031,Well13,POLR2A,Vehicle,1.8338293811286213,87,47.44170907898546
3268,251031,Well13,POLR2A,Vehicle,2.7026505505401617,126,46.620899610871696
3269,251031,Well13,POLR2A,Vehicle,2.5712351323928075,78,30.335615369183568
3270,251031,Well13,POLR2A,Vehicle,2.0909098993562028,57,27.260859024843903
3271,251031,Well13,POLR2A,Vehicle,2.24171225541422,58,25.873079767448946
3272,251031,Well13,POLR2A,Vehicle,1.8161813055137648,35,19.271203757985568
3273,251031,Well13,POLR2A,Vehicle,1.234223701350042,42,34.029487485987154
3274,251031,Well13,POLR2A,Vehicle,1.7963527685913174,52,28.947543550022136
3275,251031,Well13,POLR2A,Vehicle,1.9703480741867463,41,20.808506140176576
3276,251031,Well13,POLR2A,Vehicle,2.26598431620585,95,41.92438549577757
3277,251031,Well13,POLR2A,Vehicle,2.3986334582110684,103,42.941117012858946
3278,251031,Well13,POLR2A,Vehicle,1.7105957230893007,46,26.891216538835337
3279,251031,Well13,POLR2A,Vehicle,2.16044215238926,55,25.45775175659057
3280,251031,Well13,POLR2A,Vehicle,2.245747008975132,94,41.85689644662949
3281,251031,Well13,POLR2A,Vehicle,1.5352766794489527,66,42.98899402529124
3282,251031,Well13,POLR2A,Vehicle,1.6409829867831132,33,20.10989770508911
3283,251031,Well13,POLR2A,Vehicle,1.3932289973248109,31,22.250469994182016
3284,251031,Well13,POLR2A,Vehicle,0.9672797462021616,19,19.642714607226974
3285,251031,Well13,POLR2A,Vehicle,1.793961568186976,69,38.46236241823908
3286,251031,Well13,POLR2A,Vehicle,1.6453587352643966,35,21.27195683826103
3287,251031,Well13,POLR2A,Vehicle,1.7979507851591434,54,30.03419250723276
3288,251031,Well13,POLR2A,Vehicle,2.2702732274713866,46,20.26187836925446
3289,251031,Well13,POLR2A,Vehicle,1.7435091458381609,83,47.60514173276633
3290,251031,Well13,POLR2A,Vehicle,1.5068321963397386,29,19.245673188059158
3854,251031,Well13,POLR2A,Vehicle,2.1526871654269075,60,27.872140905388438
3855,251031,Well13,POLR2A,Vehicle,2.3853558361253158,63,26.411153860522077
3856,251031,Well13,POLR2A,Vehicle,2.0822102929249966,88,42.26278214981903
3857,251031,Well13,POLR2A,Vehicle,2.8291098934473404,108,38.174551031101636
3858,251031,Well13,POLR2A,Vehicle,2.608706449977931,78,29.899876239681877
3859,251031,Well13,POLR2A,Vehicle,1.5573470991242744,61,39.16917431849422
3860,251031,Well13,POLR2A,Vehicle,3.7161043977299615,91,24.488009555272107
3861,251031,Well13,POLR2A,Vehicle,2.381992482500786,93,39.04294437670179
3862,251031,Well13,POLR2A,Vehicle,2.264078133421167,67,29.592618298361774
3863,251031,Well13,POLR2A,Vehicle,1.7432168644778423,116,66.54364259764448
3864,251031,Well13,POLR2A,Vehicle,2.7174287620736344,88,32.38355361074796
3865,251031,Well13,POLR2A,Vehicle,2.3287189096306395,60,25.765239313282624
3866,251031,Well13,POLR2A,Vehicle,2.6463355571380096,114,43.07843715907671
3867,251031,Well13,POLR2A,Vehicle,2.1613232324319576,66,30.536848449889504
3868,251031,Well13,POLR2A,Vehicle,3.2151966265805245,105,32.65741172155658
3869,251031,Well13,POLR2A,Vehicle,2.3601942233675,77,32.62443371721215
3870,251031,Well13,POLR2A,Vehicle,2.6763875877289736,88,32.88014053101766
3871,251031,Well13,POLR2A,Vehicle,2.5578992658330777,70,27.366206689614035
3872,251031,Well13,POLR2A,Vehicle,2.273926744475362,36,15.831644571428743
3873,251031,Well13,POLR2A,Vehicle,3.237181268030535,88,27.184143461184124
3874,251031,Well13,POLR2A,Vehicle,3.366132415433469,112,33.27260671222803
3875,251031,Well13,POLR2A,Vehicle,2.311228623590737,128,55.381799400328696
3876,251031,Well13,POLR2A,Vehicle,2.577662145348497,69,26.76844214223865
3877,251031,Well13,POLR2A,Vehicle,2.2510493740878585,53,23.54457463709608
3878,251031,Well13,POLR2A,Vehicle,1.3291844327307696,34,25.579595399073416
3879,251031,Well13,POLR2A,Vehicle,2.124336932466492,60,28.244107176697312
3880,251031,Well13,POLR2A,Vehicle,1.814734724578277,23,12.674028709813182
3881,251031,Well13,POLR2A,Vehicle,1.887340167856417,54,28.611694340894328
3882,251031,Well13,POLR2A,Vehicle,1.7169740224849372,93,54.165059448833844
3883,251031,Well13,POLR2A,Vehicle,2.421461056048084,59,24.365454836713432
3884,251031,Well13,POLR2A,Vehicle,1.8852327768889063,91,48.26990126395542
3885,251031,Well13,POLR2A,Vehicle,2.0111107340467567,65,32.320448048729276
3886,251031,Well13,POLR2A,Vehicle,2.026860039809982,46,22.695202972333746
3887,251031,Well13,POLR2A,Vehicle,2.0766103514997725,47,22.633037520041057
3888,251031,Well13,POLR2A,Vehicle,2.0416837879322003,100,48.979181100947635
3889,251031,Well13,POLR2A,Vehicle,2.104777379114772,66,31.35723552281729
3890,251031,Well13,POLR2A,Vehicle,1.6944535318743434,46,27.14739539013292
3904,251031,Well13,POLR2A,Vehicle,1.9562857401879656,78,39.87147603115766
3905,251031,Well13,POLR2A,Vehicle,2.4307325173146945,105,43.19685496123479
3906,251031,Well13,POLR2A,Vehicle,1.9825984755496424,78,39.34230806788843
3907,251031,Well13,POLR2A,Vehicle,1.8882784333826557,114,60.372452486141455
3908,251031,Well13,POLR2A,Vehicle,1.9269442921795144,67,34.77007626630353
3909,251031,Well13,POLR2A,Vehicle,2.8277882733832933,104,36.7778595656915
3910,251031,Well13,POLR2A,Vehicle,3.2304873894849897,170,52.62363832570222
3911,251031,Well13,POLR2A,Vehicle,1.465311299327599,36,24.568158326848128
3912,251031,Well13,POLR2A,Vehicle,2.431753384094936,85,34.95420241047009
3913,251031,Well13,POLR2A,Vehicle,2.522610527536416,53,21.00998129574915
3914,251031,Well13,POLR2A,Vehicle,1.7680650160666216,56,31.67304340684375
3915,251031,Well13,POLR2A,Vehicle,6.073853412180887,247,40.66611148445741
3916,251031,Well13,POLR2A,Vehicle,3.128527790313168,223,71.27953304121922
3917,251031,Well13,POLR2A,Vehicle,2.667483596143632,103,38.61317091093141
3918,251031,Well13,POLR2A,Vehicle,2.459406801348506,106,43.09982388512532
3919,251031,Well13,POLR2A,Vehicle,1.989320946836958,148,74.39724607299874
3920,251031,Well13,POLR2A,Vehicle,1.964636938765749,143,72.7869853092742
3921,251031,Well13,POLR2A,Vehicle,1.9042797788696333,46,24.156114301284692
3922,251031,Well13,POLR2A,Vehicle,2.6445755150334858,51,19.284758446141115
3923,251031,Well13,POLR2A,Vehicle,2.5491805975740247,86,33.736330835815835
3924,251031,Well13,POLR2A,Vehicle,2.418212073390635,94,38.871694105885545
3925,251031,Well13,POLR2A,Vehicle,1.6638222335149235,60,36.06154479210584
3926,251031,Well13,POLR2A,Vehicle,4.051739767504765,185,45.65939833641659
3927,251031,Well13,POLR2A,Vehicle,1.5955650049667327,59,36.97749688439058
3928,251031,Well13,POLR2A,Vehicle,2.235790380896471,109,48.75233426681751
3929,251031,Well13,POLR2A,Vehicle,3.124047201778726,112,35.850930784986545
3930,251031,Well13,POLR2A,Vehicle,2.63222345058874,86,32.671998260924504
3931,251031,Well13,POLR2A,Vehicle,3.841856335025935,88,22.905593631315718
3932,251031,Well13,POLR2A,Vehicle,3.328361403554975,109,32.748847491014246
3933,251031,Well13,POLR2A,Vehicle,2.4694301458246315,75,30.371379456435204
3934,251031,Well13,POLR2A,Vehicle,2.5536728350032614,55,21.53760624544912
3935,251031,Well13,POLR2A,Vehicle,2.6644601784490374,85,31.901396270623895
4423,251031,Well13,POLR2A,Vehicle,2.627805342490019,41,15.602373333007153
4424,251031,Well13,POLR2A,Vehicle,2.2886583604296544,71,31.02254195190191
4425,251031,Well13,POLR2A,Vehicle,1.8219951630070477,102,55.982585503497
4426,251031,Well13,POLR2A,Vehicle,3.041953204194609,109,35.83224089367902
4427,251031,Well13,POLR2A,Vehicle,2.288895574287304,66,28.834867235282456
4428,251031,Well13,POLR2A,Vehicle,2.4992015439500723,109,43.6139295223553
4429,251031,Well13,POLR2A,Vehicle,2.485041782831185,113,45.472072453952926
4430,251031,Well13,POLR2A,Vehicle,1.665172446320741,61,36.632842523176336
4431,251031,Well13,POLR2A,Vehicle,1.4142383085833254,59,41.71857008957821
4432,251031,Well13,POLR2A,Vehicle,1.6910848832976342,59,34.88884596079491
4433,251031,Well13,POLR2A,Vehicle,2.0396971218743865,108,52.94903779672594
4434,251031,Well13,POLR2A,Vehicle,2.651580736767196,61,23.00514525323152
4435,251031,Well13,POLR2A,Vehicle,1.6562716317067068,50,30.188284966565206
4436,251031,Well13,POLR2A,Vehicle,3.6242369774126,116,32.00673706574624
4437,251031,Well13,POLR2A,Vehicle,2.278026096452867,52,22.826779763835727
4438,251031,Well13,POLR2A,Vehicle,1.761311834056664,56,31.794483473730182
4439,251031,Well13,POLR2A,Vehicle,2.3485347386678552,70,29.80581843115749
4440,251031,Well13,POLR2A,Vehicle,1.79086825712361,104,58.0723900746551
4441,251031,Well13,POLR2A,Vehicle,3.669164646657142,118,32.159908688618266
4442,251031,Well13,POLR2A,Vehicle,1.740553503531466,42,24.13025506816356
4443,251031,Well13,POLR2A,Vehicle,1.465608875640097,35,23.880859744871522
4444,251031,Well13,POLR2A,Vehicle,1.938003329301984,110,56.75944841623105
4445,251031,Well13,POLR2A,Vehicle,3.374155326976112,166,49.1974980146417
4446,251031,Well13,POLR2A,Vehicle,1.6279764662489595,72,44.22668355022114
4447,251031,Well13,POLR2A,Vehicle,1.7265557679492771,56,32.43451560589566
4448,251031,Well13,POLR2A,Vehicle,2.5828173107906283,153,59.23763920924204
4449,251031,Well13,POLR2A,Vehicle,1.6194102926126812,57,35.197997851451746
4450,251031,Well13,POLR2A,Vehicle,2.491444439006848,114,45.756589316293656
4451,251031,Well13,POLR2A,Vehicle,1.3855915583008478,70,50.51993827520216
4452,251031,Well13,POLR2A,Vehicle,1.8842023791947415,85,45.1119269026328
4453,251031,Well13,POLR2A,Vehicle,2.1799275764104635,84,38.533390241485456
4454,251031,Well13,POLR2A,Vehicle,1.6084253848207275,38,23.625590816098327
4455,251031,Well13,POLR2A,Vehicle,1.8585906955016536,51,27.440145979120246
4456,251031,Well13,POLR2A,Vehicle,1.7963125269547515,83,46.20576806904979
4457,251031,Well13,POLR2A,Vehicle,1.9215455589371175,64,33.30652229520955
4458,251031,Well13,POLR2A,Vehicle,1.7495316244473231,43,24.578006707128655
4459,251031,Well13,POLR2A,Vehicle,3.530671995426434,164,46.450080951287035
4460,251031,Well13,POLR2A,Vehicle,2.5634007211477603,130,50.71388134032849
4461,251031,Well13,POLR2A,Vehicle,1.4813751252502971,45,30.37718079166253
4462,251031,Well13,POLR2A,Vehicle,1.6241175051004122,52,32.01738780396008
4463,251031,Well13,POLR2A,Vehicle,1.6217252457056353,58,35.76438126839629
4464,251031,Well13,POLR2A,Vehicle,1.7600675202944402,83,47.157281776391734
4465,251031,Well13,POLR2A,Vehicle,1.8595035452574296,105,56.46668449102839
4466,251031,Well13,POLR2A,Vehicle,1.3306744322741304,13,9.769482064657186
4467,251031,Well13,POLR2A,Vehicle,1.9986347677210063,55,27.518784766621035
4468,251031,Well13,POLR2A,Vehicle,1.486754796664847,41,27.57684057382763
4469,251031,Well13,POLR2A,Vehicle,1.9945756573800677,20,10.027195471878251
4836,251031,Well13,POLR2A,Vehicle,1.1826752239000335,27,22.8295980624028
4837,251031,Well13,POLR2A,Vehicle,3.0779048705041663,134,43.5361083716829
4838,251031,Well13,POLR2A,Vehicle,2.648954440486077,56,21.14041643907025
4839,251031,Well13,POLR2A,Vehicle,1.8600256275423452,63,33.87050106575252
4840,251031,Well13,POLR2A,Vehicle,3.527728002014535,143,40.53600502032435
4841,251031,Well13,POLR2A,Vehicle,1.7577737470102053,42,23.893860100845025
4842,251031,Well13,POLR2A,Vehicle,3.4200742112686897,115,33.62500135847646
4843,251031,Well13,POLR2A,Vehicle,2.76142557872499,60,21.727907665613532
4844,251031,Well13,POLR2A,Vehicle,3.134705940516412,116,37.005065930008776
4845,251031,Well13,POLR2A,Vehicle,1.6859805493964275,60,35.58759916980044
4846,251031,Well13,POLR2A,Vehicle,1.958714005257565,68,34.716655835142305
4847,251031,Well13,POLR2A,Vehicle,2.525930462553072,55,21.774154441452445
4848,251031,Well13,POLR2A,Vehicle,2.2399998678793125,72,32.14285903872171
4849,251031,Well13,POLR2A,Vehicle,2.5039246412943426,121,48.32413803693869
4850,251031,Well13,POLR2A,Vehicle,2.1918687525660667,51,23.2678165334002
4851,251031,Well13,POLR2A,Vehicle,1.7943735154665548,61,33.99515177537571
4852,251031,Well13,POLR2A,Vehicle,1.7841066031901651,52,29.146240424769843
4853,251031,Well13,POLR2A,Vehicle,1.8749499797559772,53,28.267420769751894
4854,251031,Well13,POLR2A,Vehicle,2.448099960464029,59,24.100323088448054
4855,251031,Well13,POLR2A,Vehicle,2.6587744587985025,82,30.84127716386132
4856,251031,Well13,POLR2A,Vehicle,2.407448494599792,102,42.36850766643555
4857,251031,Well13,POLR2A,Vehicle,2.5267024665808684,80,31.66182051828838
4858,251031,Well13,POLR2A,Vehicle,2.0341543659327024,53,26.055053091164194
4859,251031,Well13,POLR2A,Vehicle,2.19016165998334,66,30.134761833289534
4860,251031,Well13,POLR2A,Vehicle,2.510054077937534,85,33.86381223700286
4861,251031,Well13,POLR2A,Vehicle,2.185946878048318,83,37.9698156590635
5278,251031,Well13,POLR2A,Vehicle,1.6615570529724584,54,32.49963635217713
5279,251031,Well13,POLR2A,Vehicle,3.558431311723598,138,38.7811335701059
5280,251031,Well13,POLR2A,Vehicle,2.212268085333483,74,33.449833901502515
5281,251031,Well13,POLR2A,Vehicle,1.7521896904415195,40,22.82857855984801
5282,251031,Well13,POLR2A,Vehicle,1.4746854826664957,106,71.87973384557431
5283,251031,Well13,POLR2A,Vehicle,3.355444024963577,71,21.159643692989544
5284,251031,Well13,POLR2A,Vehicle,2.683556952980253,71,26.457422459825263
5285,251031,Well13,POLR2A,Vehicle,1.4549755526728734,54,37.114025662354884
5286,251031,Well13,POLR2A,Vehicle,2.3735756265159744,89,37.49617202239207
5287,251031,Well13,POLR2A,Vehicle,2.242680172672664,65,28.983178605684866
5288,251031,Well13,POLR2A,Vehicle,1.9509304255534423,113,57.92108140808969
5289,251031,Well13,POLR2A,Vehicle,2.8192708133070683,51,18.089783982183622
5290,251031,Well13,POLR2A,Vehicle,1.7492340481348254,88,50.30773331552327
5291,251031,Well13,POLR2A,Vehicle,2.2485893393051817,36,16.010037658154186
5292,251031,Well13,POLR2A,Vehicle,3.8032349538273857,100,26.293405801649197
5293,251031,Well13,POLR2A,Vehicle,1.4127588989443245,27,19.11154126877246
5294,251031,Well13,POLR2A,Vehicle,1.5164986610389533,107,70.55726638538164
5295,251031,Well13,POLR2A,Vehicle,2.2422481045748026,82,36.57044010102961
5296,251031,Well13,POLR2A,Vehicle,3.0282361010779426,95,31.371398011596067
5297,251031,Well13,POLR2A,Vehicle,1.5558782793896324,50,32.13618999785439
5298,251031,Well13,POLR2A,Vehicle,2.068449771200457,80,38.6763077904332
5299,251031,Well13,POLR2A,Vehicle,1.9367537205875804,108,55.763414238974335
5300,251031,Well13,POLR2A,Vehicle,2.073276649607449,75,36.174622433624755
5301,251031,Well13,POLR2A,Vehicle,4.504034582692606,189,41.96237762610869
5302,251031,Well13,POLR2A,Vehicle,1.7523570109303976,26,14.837159230581412
5303,251031,Well13,POLR2A,Vehicle,2.332145802681325,44,18.86674493053227
5304,251031,Well13,POLR2A,Vehicle,2.437298258017492,59,24.20713173117796
5305,251031,Well13,POLR2A,Vehicle,2.2240662977802343,61,27.427239943738208
5306,251031,Well13,POLR2A,Vehicle,1.9732020534115915,50,25.339523600004316
5307,251031,Well13,POLR2A,Vehicle,1.4922340131803746,40,26.80544716625822
5308,251031,Well13,POLR2A,Vehicle,3.388404043291618,91,26.85630132574134
5309,251031,Well13,POLR2A,Vehicle,2.5558374114543123,49,19.17179855823388
5310,251031,Well13,POLR2A,Vehicle,3.914298693776941,101,25.802834147678244
5311,251031,Well13,POLR2A,Vehicle,2.7958787735677,61,21.81782721650715
5320,251031,Well13,POLR2A,Vehicle,2.4094224527723744,46,19.09171218483111
5321,251031,Well13,POLR2A,Vehicle,1.68681609285038,68,40.31263413256491
5322,251031,Well13,POLR2A,Vehicle,1.7956061803339831,91,50.67926419315063
5323,251031,Well13,POLR2A,Vehicle,1.4403042991734298,56,38.88067266905862
5324,251031,Well13,POLR2A,Vehicle,1.707916477286385,62,36.30154098548683
5325,251031,Well13,POLR2A,Vehicle,2.547247940028443,95,37.29515235134088
5326,251031,Well13,POLR2A,Vehicle,2.480211727452886,91,36.69041598051577
5327,251031,Well13,POLR2A,Vehicle,2.6405894750326264,69,26.130529055126015
5328,251031,Well13,POLR2A,Vehicle,2.94242081110195,125,42.48202688356698
5329,251031,Well13,POLR2A,Vehicle,1.9687034620397397,36,18.28614653966272
5330,251031,Well13,POLR2A,Vehicle,1.467002507053787,96,65.43956096762157
5331,251031,Well13,POLR2A,Vehicle,2.6484694228664187,83,31.33885529634309
5332,251031,Well13,POLR2A,Vehicle,2.1660950433362807,41,18.92807064312868
5333,251031,Well13,POLR2A,Vehicle,1.5967214225227735,96,60.12319910402579
5334,251031,Well13,POLR2A,Vehicle,1.4343792476843735,58,40.43561010355788
5335,251031,Well13,POLR2A,Vehicle,2.450729433716455,84,34.27550950519112
5336,251031,Well13,POLR2A,Vehicle,1.6760609859830242,37,22.07556903324683
5337,251031,Well13,POLR2A,Vehicle,1.767209351794386,69,39.04461004008319
5338,251031,Well13,POLR2A,Vehicle,2.800879326406185,89,31.77573527032174
5339,251031,Well13,POLR2A,Vehicle,1.510166957222498,53,35.09545732445219
5340,251031,Well13,POLR2A,Vehicle,1.354727282045522,42,31.002549780043996
5341,251031,Well13,POLR2A,Vehicle,3.1566694021577044,97,30.72859005561266
5342,251031,Well13,POLR2A,Vehicle,1.5720607122411552,67,42.619219142296174
5343,251031,Well13,POLR2A,Vehicle,2.5225162773876173,66,26.164350490674057
5344,251031,Well13,POLR2A,Vehicle,2.865546577376556,65,22.68328161655928
5345,251031,Well13,POLR2A,Vehicle,1.9130588095835344,78,40.77240051861255
5346,251031,Well13,POLR2A,Vehicle,2.213500750200911,66,29.8170217444062
5347,251031,Well13,POLR2A,Vehicle,2.1393862455515635,45,21.034069978513102
5348,251031,Well13,POLR2A,Vehicle,2.453409738509807,61,24.86335610498196
5349,251031,Well13,POLR2A,Vehicle,2.1713433999367746,46,21.18504148230972
5350,251031,Well13,POLR2A,Vehicle,2.2523191036205445,65,28.85914340268845
5351,251031,Well13,POLR2A,Vehicle,1.89371423129031,101,53.334340699959874
5352,251031,Well13,POLR2A,Vehicle,2.724035803403433,97,35.60892991156996
5353,251031,Well13,POLR2A,Vehicle,1.4806550117538613,79,53.354764866140655
5354,251031,Well13,POLR2A,Vehicle,2.167797899957264,73,33.67472585956427
5355,251031,Well13,POLR2A,Vehicle,1.6715295659076586,66,39.4847936561393
5356,251031,Well13,POLR2A,Vehicle,1.6713728353231398,26,15.556074294442636
5357,251031,Well13,POLR2A,Vehicle,2.0084018365116347,52,25.891233046429633
5358,251031,Well13,POLR2A,Vehicle,2.1895961590905504,60,27.402313321978525
5359,251031,Well13,POLR2A,Vehicle,2.662251124399677,74,27.796025446955756
5360,251031,Well13,POLR2A,Vehicle,2.1262431152511745,50,23.515655214287886
5534,251031,Well13,POLR2A,Vehicle,2.658566896673059,87,32.7243975349547
5535,251031,Well13,POLR2A,Vehicle,2.50627242309081,82,32.717911765902585
5536,251031,Well13,POLR2A,Vehicle,2.126926164082352,60,28.209723973134068
5537,251031,Well13,POLR2A,Vehicle,1.7383349185681822,51,29.338420033584363
5538,251031,Well13,POLR2A,Vehicle,1.889522747144879,71,37.575625965489415
5539,251031,Well13,POLR2A,Vehicle,1.6293912774713686,76,46.6431857410845
5540,251031,Well13,POLR2A,Vehicle,3.3102198383969723,152,45.91840041464088
5541,251031,Well13,POLR2A,Vehicle,3.092524233472249,66,21.341789107306685
5542,251031,Well13,POLR2A,Vehicle,2.839841702525105,111,39.086685677339695
5543,251031,Well13,POLR2A,Vehicle,3.930086123195861,143,36.385971074780294
5544,251031,Well13,POLR2A,Vehicle,2.816615924284179,90,31.953238360985548
5545,251031,Well13,POLR2A,Vehicle,1.8311713151344244,101,55.15595355019292
5546,251031,Well13,POLR2A,Vehicle,1.6033210509195208,83,51.76754833500044
5547,251031,Well13,POLR2A,Vehicle,2.901668741146299,118,40.66625467157368
5548,251031,Well13,POLR2A,Vehicle,3.1011698313912226,105,33.8581908469346
5549,251031,Well13,POLR2A,Vehicle,1.603969153066313,44,27.43194899720176
5550,251031,Well13,POLR2A,Vehicle,3.4381289392109458,79,22.97761410255038
5551,251031,Well13,POLR2A,Vehicle,1.4095798096556476,37,26.248957133572233
5552,251031,Well13,POLR2A,Vehicle,2.7501949851519,115,41.815216964933946
5553,251031,Well13,POLR2A,Vehicle,2.551089957330016,117,45.862749631319474
5554,251031,Well13,POLR2A,Vehicle,1.684214153349288,77,45.718651542545864
5555,251031,Well13,POLR2A,Vehicle,1.6787349368337603,55,32.76276605271275
5556,251031,Well13,POLR2A,Vehicle,2.174276803444314,63,28.975151599925308
5557,251031,Well13,POLR2A,Vehicle,2.426392774508233,60,24.728065723885305
5558,251031,Well13,POLR2A,Vehicle,2.9402477627274117,102,34.690954038983264
5559,251031,Well13,POLR2A,Vehicle,2.4600962041223,91,36.99042332064672
5560,251031,Well13,POLR2A,Vehicle,2.9180989777598305,163,55.85828350659032
5561,251031,Well13,POLR2A,Vehicle,2.674682613127118,138,51.5949067462089
5562,251031,Well13,POLR2A,Vehicle,2.132200995443745,68,31.891927705365376
5563,251031,Well13,POLR2A,Vehicle,1.76616624621499,43,24.346518960008332
5564,251031,Well13,POLR2A,Vehicle,2.0052047443855474,40,19.948087651396992
5565,251031,Well13,POLR2A,Vehicle,1.6164017007841898,72,44.54338297532695
5566,251031,Well13,POLR2A,Vehicle,1.2206209692004568,4,3.2770205501386065
5567,251031,Well13,POLR2A,Vehicle,3.2367661437796484,124,38.309842136201496
6348,251031,Well13,POLR2A,Vehicle,1.9332166925315573,56,28.967264878448628
6349,251031,Well13,POLR2A,Vehicle,2.103672852090092,79,37.553367635804214
6350,251031,Well13,POLR2A,Vehicle,2.4875240564130165,119,47.83873333534581
6351,251031,Well13,POLR2A,Vehicle,2.6364583533420443,87,32.99881444731206
6352,251031,Well13,POLR2A,Vehicle,3.030913228899987,110,36.292691902606016
6353,251031,Well13,POLR2A,Vehicle,2.0988110269987144,62,29.540534713437058
6354,251031,Well13,POLR2A,Vehicle,2.9860279192728814,87,29.135695429527367
6355,251031,Well13,POLR2A,Vehicle,2.641093554480132,91,34.4554246651487
6356,251031,Well13,POLR2A,Vehicle,2.104385552653476,75,35.6398569194844
6357,251031,Well13,POLR2A,Vehicle,2.6197623101290928,60,22.902841134867465
6358,251031,Well13,POLR2A,Vehicle,2.576161555900777,94,36.48839483094145
6359,251031,Well13,POLR2A,Vehicle,2.703359015141802,111,41.060029163080884
6360,251031,Well13,POLR2A,Vehicle,1.8963288786766332,52,27.421403842295845
6361,251031,Well13,POLR2A,Vehicle,2.1016364134817884,45,21.411886333587237
6362,251031,Well13,POLR2A,Vehicle,3.368441014583807,93,27.609211382165398
6363,251031,Well13,POLR2A,Vehicle,3.024711780907151,81,26.779411020678154
6364,251031,Well13,POLR2A,Vehicle,1.459788664204198,31,21.235950627757212
6365,251031,Well13,POLR2A,Vehicle,2.0715653210629785,55,26.54997138674727
6366,251031,Well13,POLR2A,Vehicle,1.4624636740453698,27,18.461997025412874
6367,251031,Well13,POLR2A,Vehicle,2.009718161623502,59,29.35735026265488
6368,251031,Well13,POLR2A,Vehicle,3.244318863568737,92,28.357261992059676
6369,251031,Well13,POLR2A,Vehicle,2.36515453456942,87,36.78406578868154
6370,251031,Well13,POLR2A,Vehicle,2.0636461905830563,66,31.982226556652407
6371,251031,Well13,POLR2A,Vehicle,1.6741855139209834,90,53.75748341605095
6372,251031,Well13,POLR2A,Vehicle,2.178864350012785,75,34.42160132619542
6373,251031,Well13,POLR2A,Vehicle,1.846822134787108,58,31.405298272909175
6374,251031,Well13,POLR2A,Vehicle,1.61545072737272,89,55.09298333397311
6375,251031,Well13,POLR2A,Vehicle,3.171995111746556,92,29.00382779888434
6376,251031,Well13,POLR2A,Vehicle,1.972221428267916,48,24.338037966738614
6377,251031,Well13,POLR2A,Vehicle,1.6369577641361244,70,42.76225174138275
6378,251031,Well13,POLR2A,Vehicle,3.232995078837284,77,23.81692459231714
6379,251031,Well13,POLR2A,Vehicle,2.345593922227264,36,15.347925171044151
6380,251031,Well13,POLR2A,Vehicle,1.88807404822852,38,20.12632928017489
6381,251031,Well13,POLR2A,Vehicle,1.7213127063009628,52,30.209502207037136
6382,251031,Well13,POLR2A,Vehicle,2.0685006027413824,64,30.940285883978397
6383,251031,Well13,POLR2A,Vehicle,3.0131603132319724,75,24.890809715847343
6384,251031,Well13,POLR2A,Vehicle,2.190725042895257,86,39.256409780363214
6385,251031,Well13,POLR2A,Vehicle,1.9685837961204788,54,27.43088717199578
6386,251031,Well13,POLR2A,Vehicle,3.714950098154792,101,27.187444603944073
6387,251031,Well13,POLR2A,Vehicle,2.108571741846727,60,28.455280325179196
6388,251031,Well13,POLR2A,Vehicle,1.7971819581026545,55,30.603467696763076
6389,251031,Well13,POLR2A,Vehicle,1.6046786766583894,46,28.666175147158555
6390,251031,Well13,POLR2A,Vehicle,1.6463192395897897,55,33.40785837727575
6391,251031,Well13,POLR2A,Vehicle,2.0134574568527888,56,27.812854852931896
6392,251031,Well13,POLR2A,Vehicle,3.514432377091371,74,21.056031831019094
6393,251031,Well13,POLR2A,Vehicle,2.202849424396277,38,17.250384696818056
6394,251031,Well13,POLR2A,Vehicle,1.691576254859908,76,44.92850959668627
6395,251031,Well13,POLR2A,Vehicle,4.129320347850928,203,49.16063247687957
6396,251031,Well13,POLR2A,Vehicle,2.045245172768249,53,25.91376364343853
6397,251031,Well13,POLR2A,Vehicle,2.7795999725865066,83,29.86041186450504
6398,251031,Well13,POLR2A,Vehicle,2.0297500247096485,43,21.184874726704862
6399,251031,Well13,POLR2A,Vehicle,1.7113772580310207,42,24.541637329177775
6400,251031,Well13,POLR2A,Vehicle,1.4691914402848647,56,38.1162035555707
6401,251031,Well13,POLR2A,Vehicle,1.5374221940721573,54,35.123728672714584
6402,251031,Well13,POLR2A,Vehicle,1.5571151802188044,49,31.46844923386757
6403,251031,Well13,POLR2A,Vehicle,2.241461274680903,49,21.860739042647836
6404,251031,Well13,POLR2A,Vehicle,1.8650230034095228,49,26.273134385163694
6405,251031,Well13,POLR2A,Vehicle,2.9785472108334368,102,34.244882749889015
6406,251031,Well13,POLR2A,Vehicle,1.5858402957935416,44,27.745542925545827
6407,251031,Well13,POLR2A,Vehicle,3.4115175685463357,99,29.019343447844058
6408,251031,Well13,POLR2A,Vehicle,4.036976381837396,172,42.606144730952245
6409,251031,Well13,POLR2A,Vehicle,1.3343353622111576,45,33.724655191202814
6410,251031,Well13,POLR2A,Vehicle,1.6332099969833502,61,37.349759132427025
6411,251031,Well13,POLR2A,Vehicle,2.1825348108637352,67,30.69825034015601
6412,251031,Well13,POLR2A,Vehicle,1.750167018708884,58,33.13969431488155
6413,251031,Well13,POLR2A,Vehicle,2.763046893082407,68,24.610512463702847
6414,251031,Well13,POLR2A,Vehicle,1.6696731556734643,63,37.73193561022959
6846,251031,Well13,POLR2A,Vehicle,1.961834850072265,76,38.73924453793881
6847,251031,Well13,POLR2A,Vehicle,1.90437191103756,45,23.629838131503746
6848,251031,Well13,POLR2A,Vehicle,1.7515786529599855,68,38.82212190990515
6849,251031,Well13,POLR2A,Vehicle,2.408578437394934,60,24.910959538811905
6850,251031,Well13,POLR2A,Vehicle,1.6838901022758916,53,31.47473812475464
6851,251031,Well13,POLR2A,Vehicle,1.789106097038214,41,22.916472124193017
6852,251031,Well13,POLR2A,Vehicle,1.6518514056271143,55,33.29597312000326
6853,251031,Well13,POLR2A,Vehicle,2.016472402623896,76,37.68958102332889
6854,251031,Well13,POLR2A,Vehicle,1.7317744728175648,83,47.927718824126416
6855,251031,Well13,POLR2A,Vehicle,4.65977712913426,103,22.104061448779284
6856,251031,Well13,POLR2A,Vehicle,1.9967910653720435,80,40.0642818306553
6857,251031,Well13,POLR2A,Vehicle,1.7317501160375384,105,60.63230429587219
6858,251031,Well13,POLR2A,Vehicle,2.160908108181071,76,35.170398830134644
6859,251031,Well13,POLR2A,Vehicle,1.6038103045009229,53,33.04630220373391
6860,251031,Well13,POLR2A,Vehicle,1.329574141211194,60,45.12723144971981
6861,251031,Well13,POLR2A,Vehicle,3.174643646826829,53,16.694787162324634
6862,251031,Well13,POLR2A,Vehicle,2.3452126856703277,107,45.62485980644284
6863,251031,Well13,POLR2A,Vehicle,1.6263424440063117,66,40.58185915471555
6864,251031,Well13,POLR2A,Vehicle,4.602576819727666,176,38.23944865963452
6865,251031,Well13,POLR2A,Vehicle,2.05443085580955,113,55.00306796914432
6866,251031,Well13,POLR2A,Vehicle,1.530972942317313,69,45.06937914628337
6867,251031,Well13,POLR2A,Vehicle,1.522174849775565,77,50.5855158567054
6868,251031,Well13,POLR2A,Vehicle,2.5633933082147085,92,35.889927505535226
6869,251031,Well13,POLR2A,Vehicle,1.9276898214464129,61,31.644095082802053
6870,251031,Well13,POLR2A,Vehicle,3.1367116684020733,56,17.853091364475947
6871,251031,Well13,POLR2A,Vehicle,1.561017559975225,27,17.296410170061456
6872,251031,Well13,POLR2A,Vehicle,1.746848142682664,72,41.21709165252819
6873,251031,Well13,POLR2A,Vehicle,1.5225751481603484,51,33.49588364266996
6874,251031,Well13,POLR2A,Vehicle,1.8121931475320328,94,51.870850592286786
6875,251031,Well13,POLR2A,Vehicle,1.7433757130432328,80,45.887985820539036
6876,251031,Well13,POLR2A,Vehicle,1.4913190454437268,80,53.64378618003689
6877,251031,Well13,POLR2A,Vehicle,1.6111289874036694,66,40.965062708206155
6878,251031,Well13,POLR2A,Vehicle,1.625783297056138,66,40.59581625639068
6879,251031,Well13,POLR2A,Vehicle,1.7316315091087136,45,25.987053113373936
6880,251031,Well13,POLR2A,Vehicle,1.620308316502354,61,37.64715602501901
6881,251031,Well13,POLR2A,Vehicle,1.9915469447332932,55,27.61672284223537
6882,251031,Well13,POLR2A,Vehicle,2.0662513070554565,62,30.006030625749034
6883,251031,Well13,POLR2A,Vehicle,1.3813217088631575,55,39.81693739198929
6884,251031,Well13,POLR2A,Vehicle,2.7481881982758027,108,39.29861865637825
6885,251031,Well13,POLR2A,Vehicle,1.5888901882490345,91,57.27268043632549
6886,251031,Well13,POLR2A,Vehicle,2.1241897327958963,97,45.66447078732787
6887,251031,Well13,POLR2A,Vehicle,1.6476493315773242,45,27.311636728502595
6888,251031,Well13,POLR2A,Vehicle,1.5852049015319805,33,20.817498083754344
6889,251031,Well13,POLR2A,Vehicle,2.139791838888527,16,7.477362848673583
6890,251031,Well13,POLR2A,Vehicle,1.6576303164360116,82,49.468207227474046
6891,251031,Well13,POLR2A,Vehicle,2.118013700573524,63,29.744850084275004
6892,251031,Well13,POLR2A,Vehicle,2.3921503187622744,73,30.516476923478216
6893,251031,Well13,POLR2A,Vehicle,1.3472878742330785,50,37.11159356233476
6894,251031,Well13,POLR2A,Vehicle,2.910069712274572,129,44.328834960854216
6895,251031,Well13,POLR2A,Vehicle,2.041788627985358,84,41.140399573526466
6896,251031,Well13,POLR2A,Vehicle,2.531877752841283,98,38.70645013963412
6897,251031,Well13,POLR2A,Vehicle,1.3270653928684637,94,70.83298268883206
6898,251031,Well13,POLR2A,Vehicle,2.101704188869689,77,36.63693511569348
6899,251031,Well13,POLR2A,Vehicle,1.464362443897001,40,27.31564181170265
6900,251031,Well13,POLR2A,Vehicle,1.5409560451568722,49,31.798441074295347
6901,251031,Well13,POLR2A,Vehicle,2.0585450336531577,72,34.97615977447264
6902,251031,Well13,POLR2A,Vehicle,1.4734782335695298,45,30.53998286149543
6903,251031,Well13,POLR2A,Vehicle,1.9076674892741892,50,26.21001840264286
6904,251031,Well13,POLR2A,Vehicle,2.568896881510262,95,36.98085379906305
6905,251031,Well13,POLR2A,Vehicle,2.559802271646453,39,15.235551758033008
6906,251031,Well13,POLR2A,Vehicle,1.6306970126788765,54,33.11467401984743
6907,251031,Well13,POLR2A,Vehicle,1.7636384360444133,69,39.123665366897455
6908,251031,Well13,POLR2A,Vehicle,3.93653643394114,86,21.846616040055146
6909,251031,Well13,POLR2A,Vehicle,2.1214352986720297,58,27.339980642495522
6910,251031,Well13,POLR2A,Vehicle,3.118497032903991,111,35.59406946000367
6911,251031,Well13,POLR2A,Vehicle,2.545922084002653,76,29.851659827905717
6912,251031,Well13,POLR2A,Vehicle,1.3624060216964868,70,51.3796906981041
6913,251031,Well13,POLR2A,Vehicle,1.9939296732141472,70,35.10655412794092
6914,251031,Well13,POLR2A,Vehicle,1.5809339931038546,55,34.78956125930233
6915,251031,Well13,POLR2A,Vehicle,2.1603553151735126,64,29.62475642339405
6916,251031,Well13,POLR2A,Vehicle,1.6106873883918844,51,31.66349992404086
6917,251031,Well13,POLR2A,Vehicle,2.238936641481634,104,46.45062217177222
6918,251031,Well13,POLR2A,Vehicle,3.2062481573968733,220,68.61602383847176
6919,251031,Well13,POLR2A,Vehicle,2.801278565800532,77,27.48744838876651
6920,251031,Well13,POLR2A,Vehicle,1.6245993457487626,77,47.39630124897744
6921,251031,Well13,POLR2A,Vehicle,2.194667664288243,71,32.35113960774838
6922,251031,Well13,POLR2A,Vehicle,1.7214133103923768,80,46.47344104813788
6923,251031,Well13,POLR2A,Vehicle,1.5118655778817376,59,39.024633448341625
6924,251031,Well13,POLR2A,Vehicle,2.758408514973011,93,33.71509313982448
6925,251031,Well13,POLR2A,Vehicle,1.902626694799139,45,23.651512996747197
6926,251031,Well13,POLR2A,Vehicle,1.337052731669767,39,29.16863267710854
6927,251031,Well13,POLR2A,Vehicle,3.2777914332677707,151,46.067604688764966
6928,251031,Well13,POLR2A,Vehicle,1.9520667222912005,44,22.540213148224694
6929,251031,Well13,POLR2A,Vehicle,1.7804922688323188,37,20.780769817251336
6930,251031,Well13,POLR2A,Vehicle,1.2420856463464234,18,14.491754294840081
6931,251031,Well13,POLR2A,Vehicle,1.7659968077452404,66,37.372660987007315
6932,251031,Well13,POLR2A,Vehicle,1.8178693362686449,53,29.155010727441883
6933,251031,Well13,POLR2A,Vehicle,3.60351041660048,45,12.487822927525379
6934,251031,Well13,POLR2A,Vehicle,2.6826959937558383,78,29.075228867359712
6935,251031,Well13,POLR2A,Vehicle,2.1072787145244507,38,18.032735650051613
6936,251031,Well13,POLR2A,Vehicle,1.4815170299687124,60,40.49902821654849
6937,251031,Well13,POLR2A,Vehicle,1.4237692225067409,22,15.451942388012844
7075,251031,Well13,POLR2A,Vehicle,2.464889194835342,46,18.662096493580055
7076,251031,Well13,POLR2A,Vehicle,1.74212080937665,93,53.38320941891305
7077,251031,Well13,POLR2A,Vehicle,2.34777544252529,103,43.87131670872756
7078,251031,Well13,POLR2A,Vehicle,3.678015688720687,149,40.510974560803525
7079,251031,Well13,POLR2A,Vehicle,2.466767843868691,75,30.404158294189415
7080,251031,Well13,POLR2A,Vehicle,1.2627476087419514,83,65.72968297496215
7081,251031,Well13,POLR2A,Vehicle,1.8004309407601031,55,30.548241954106935
7082,251031,Well13,POLR2A,Vehicle,2.4385531616840743,112,45.92887362875959
7083,251031,Well13,POLR2A,Vehicle,2.6700516479507743,114,42.695803314326646
7084,251031,Well13,POLR2A,Vehicle,1.5708216934311112,44,28.01081764021973
7085,251031,Well13,POLR2A,Vehicle,1.8604989962672085,44,23.6495693296685
7086,251031,Well13,POLR2A,Vehicle,1.4216321798070235,49,34.46742462361214
7087,251031,Well13,POLR2A,Vehicle,2.561590906492748,59,23.032561464227324
7088,251031,Well13,POLR2A,Vehicle,1.794404226189197,46,25.635249476474364
7089,251031,Well13,POLR2A,Vehicle,2.6074060097226037,144,55.22730233153058
7090,251031,Well13,POLR2A,Vehicle,2.054347195565111,97,47.216945708788614
7091,251031,Well13,POLR2A,Vehicle,1.6073272117386628,79,49.14991759179195
7092,251031,Well13,POLR2A,Vehicle,1.897397400026492,63,33.20337637182405
7093,251031,Well13,POLR2A,Vehicle,1.6479511438515655,60,36.40884635679729
7094,251031,Well13,POLR2A,Vehicle,2.470153436292375,44,17.812658660606388
7095,251031,Well13,POLR2A,Vehicle,1.7338278552728428,53,30.568201934706885
7096,251031,Well13,POLR2A,Vehicle,1.3268631256952002,40,30.146289564752426
7097,251031,Well13,POLR2A,Vehicle,1.8605466508368256,62,33.323539601715446
7098,251031,Well13,POLR2A,Vehicle,2.469146336387801,68,27.53988250833263
7099,251031,Well13,POLR2A,Vehicle,1.5030431285599632,58,38.58838039835137
7100,251031,Well13,POLR2A,Vehicle,1.6312010921263815,67,41.07402840974128
7101,251031,Well13,POLR2A,Vehicle,1.8862377588126087,83,44.00293632773458
7102,251031,Well13,POLR2A,Vehicle,2.016427925025586,69,34.21892701626044
7103,251031,Well13,POLR2A,Vehicle,2.642242559103121,140,52.985294449091526
7104,251031,Well13,POLR2A,Vehicle,1.6064185979446306,63,39.2176734511209
7105,251031,Well13,POLR2A,Vehicle,1.6637428092322282,59,35.462211871092556
7106,251031,Well13,POLR2A,Vehicle,1.8367627846361612,58,31.577294839131362
7107,251031,Well13,POLR2A,Vehicle,1.7091184314311714,48,28.084654121836394
7108,251031,Well13,POLR2A,Vehicle,1.4435638717352377,55,38.10014996696141
7109,251031,Well13,POLR2A,Vehicle,1.4444290669213964,70,48.46205438747882
7110,251031,Well13,POLR2A,Vehicle,1.4477913615554905,45,31.081826563499117
7111,251031,Well13,POLR2A,Vehicle,2.4101838668958115,90,37.34154942955253
7112,251031,Well13,POLR2A,Vehicle,2.358546434249185,67,28.40732708378016
7113,251031,Well13,POLR2A,Vehicle,2.4366660407272382,91,37.3461108247893
7114,251031,Well13,POLR2A,Vehicle,1.4839251742200286,40,26.95553704116149
7115,251031,Well13,POLR2A,Vehicle,1.3019249599193667,48,36.86848434257903
7116,251031,Well13,POLR2A,Vehicle,2.354720301804152,63,26.75476996216083
7117,251031,Well13,POLR2A,Vehicle,1.9844771245829915,62,31.242486613711097
7118,251031,Well13,POLR2A,Vehicle,2.080926796516644,66,31.716637082323288
7119,251031,Well13,POLR2A,Vehicle,3.023395455795284,110,36.38293488506459
7120,251031,Well13,POLR2A,Vehicle,1.5589588825677674,38,24.375241980346555
7121,251031,Well13,POLR2A,Vehicle,1.8082515851294831,59,32.628203113548054
7122,251031,Well13,POLR2A,Vehicle,1.7086937762663614,46,26.921149148511468
7123,251031,Well13,POLR2A,Vehicle,3.195322553069332,109,34.11236211358313
7124,251031,Well13,POLR2A,Vehicle,1.5553371352768697,44,28.28968652649539
7125,251031,Well13,POLR2A,Vehicle,1.8668847085958964,21,11.248686061494563
338,251031,Well16,POLR2A,Triptolide,2.6682439512766334,22,8.245123160299492
339,251031,Well16,POLR2A,Triptolide,2.6419841654367526,11,4.163537444283495
340,251031,Well16,POLR2A,Triptolide,1.171151289976189,7,5.977024539794786
341,251031,Well16,POLR2A,Triptolide,2.8712524178453736,17,5.920761231002125
342,251031,Well16,POLR2A,Triptolide,3.284041594820659,27,8.221576743297755
343,251031,Well16,POLR2A,Triptolide,2.671474931096671,12,4.491900657691691
344,251031,Well16,POLR2A,Triptolide,2.282518333882103,23,10.076589378750638
345,251031,Well16,POLR2A,Triptolide,2.364043653602123,12,5.076048397716957
346,251031,Well16,POLR2A,Triptolide,1.9274621385026869,8,4.150535484040507
947,251031,Well16,POLR2A,Triptolide,3.5843342177865685,6,1.6739510423515072
948,251031,Well16,POLR2A,Triptolide,1.557437113311329,15,9.631207495824922
949,251031,Well16,POLR2A,Triptolide,1.3783999542504133,6,4.352873040584839
1825,251031,Well16,POLR2A,Triptolide,1.972586779968313,1,0.5069485460183727
1826,251031,Well16,POLR2A,Triptolide,1.8832101051562704,9,4.779073760998735
1827,251031,Well16,POLR2A,Triptolide,1.8928871597598445,10,5.282935091212054
1828,251031,Well16,POLR2A,Triptolide,1.6967441281872708,3,1.7680921655553758
1829,251031,Well16,POLR2A,Triptolide,1.4416238012566047,4,2.774648973271226
1830,251031,Well16,POLR2A,Triptolide,2.182060383148437,5,2.291412299409255
1831,251031,Well16,POLR2A,Triptolide,2.038182765550999,13,6.378230755221601
1832,251031,Well16,POLR2A,Triptolide,1.5351538365583846,9,5.862604636533907
1902,251031,Well16,POLR2A,Triptolide,1.951862337137065,3,1.5369936408529266
1903,251031,Well16,POLR2A,Triptolide,2.633574722384993,14,5.315968398770722
2718,251031,Well16,POLR2A,Triptolide,3.483230282886982,12,3.4450779952608017
2719,251031,Well16,POLR2A,Triptolide,1.3747951508064902,2,1.4547621868077936
2720,251031,Well16,POLR2A,Triptolide,2.289527791577557,12,5.241255443215922
2721,251031,Well16,POLR2A,Triptolide,1.5811150804683995,2,1.2649300640453744
2722,251031,Well16,POLR2A,Triptolide,2.39215137775271,6,2.508202472385614
2723,251031,Well16,POLR2A,Triptolide,2.385473384063704,14,5.8688560910081105
2724,251031,Well16,POLR2A,Triptolide,1.6867419635198646,1,0.5928589088476918
2725,251031,Well16,POLR2A,Triptolide,2.2838738416401,12,5.254230676499423
3104,251031,Well16,POLR2A,Triptolide,3.8746087912285327,25,6.452264305133418
3105,251031,Well16,POLR2A,Triptolide,3.040468499603428,20,6.577933631809908
3106,251031,Well16,POLR2A,Triptolide,1.7468672045105107,7,4.007173517211612
3107,251031,Well16,POLR2A,Triptolide,2.6434063895922137,6,2.2697985537235508
3108,251031,Well16,POLR2A,Triptolide,1.930146679257782,0,0.0
3291,251031,Well16,POLR2A,Triptolide,1.9470068659883029,9,4.622479846999199
3292,251031,Well16,POLR2A,Triptolide,1.3099754052133443,6,4.580238664116623
3948,251031,Well16,POLR2A,Triptolide,1.738175011012356,8,4.602528484942724
3949,251031,Well16,POLR2A,Triptolide,1.3201618342166035,4,3.0299315556063156
3950,251031,Well16,POLR2A,Triptolide,1.1503982544031706,6,5.215585104579992
4387,251031,Well16,POLR2A,Triptolide,1.6349107356234618,7,4.281579322635372
4388,251031,Well16,POLR2A,Triptolide,1.1412242202566656,0,0.0
4389,251031,Well16,POLR2A,Triptolide,1.595283313510774,8,5.014783225177871
4390,251031,Well16,POLR2A,Triptolide,1.6853779838383804,14,8.306741950025694
4391,251031,Well16,POLR2A,Triptolide,2.987811259166996,12,4.016317952876852
4392,251031,Well16,POLR2A,Triptolide,2.872410953382287,6,2.088837599276995
4393,251031,Well16,POLR2A,Triptolide,2.6455095445979806,16,6.047984227715726
4394,251031,Well16,POLR2A,Triptolide,2.5753164815329006,6,2.329810740941879
4395,251031,Well16,POLR2A,Triptolide,1.7287298753142517,4,2.3138374925538163
4396,251031,Well16,POLR2A,Triptolide,2.687593824522038,3,1.1162401002069278
4880,251031,Well16,POLR2A,Triptolide,2.5073472983832845,10,3.9882787703354508
4881,251031,Well16,POLR2A,Triptolide,3.281105014341811,19,5.79073206037308
4882,251031,Well16,POLR2A,Triptolide,1.5446942813957227,9,5.826395623001832
5585,251031,Well16,POLR2A,Triptolide,1.8003335136399972,3,1.6663579149479153
5586,251031,Well16,POLR2A,Triptolide,1.6073176808247394,6,3.7329272685666646
5587,251031,Well16,POLR2A,Triptolide,1.0874613938051174,0,0.0
5588,251031,Well16,POLR2A,Triptolide,1.962455418467723,11,5.605222873592081
5589,251031,Well16,POLR2A,Triptolide,2.431736440247961,11,4.523516536552926
5590,251031,Well16,POLR2A,Triptolide,1.8594558906878125,11,5.915709028156135
5591,251031,Well16,POLR2A,Triptolide,2.4563918555774,17,6.920719901183672
5592,251031,Well16,POLR2A,Triptolide,1.856349871739215,11,5.925607110740442
5593,251031,Well16,POLR2A,Triptolide,1.876035444952811,6,3.1982338159665855
5594,251031,Well16,POLR2A,Triptolide,2.0290542679932395,10,4.928404408764349
5615,251031,Well16,POLR2A,Triptolide,2.0748534863665564,9,4.337655675033049
7007,251031,Well16,POLR2A,Triptolide,1.887352875741648,7,3.708898367640605
7008,251031,Well16,POLR2A,Triptolide,2.065804413091492,9,4.356656391556174
7009,251031,Well16,POLR2A,Triptolide,2.238253592650456,17,7.595207288316797
7010,251031,Well16,POLR2A,Triptolide,2.462095578065346,14,5.686213047423957
7011,251031,Well16,POLR2A,Triptolide,2.2196397177580263,3,1.351570696811186
7012,251031,Well16,POLR2A,Triptolide,2.1636667782666814,13,6.00831890131175
7013,251031,Well16,POLR2A,Triptolide,2.0892885849987866,6,2.871790925906717
7024,251031,Well16,POLR2A,Triptolide,2.370433601892556,10,4.218637464477382
7025,251031,Well16,POLR2A,Triptolide,1.3629281039814027,3,2.2011432527044987
381,251031,Well17,POLR2A,AZD4573,3.0154329067074888,14,4.642782788785844
382,251031,Well17,POLR2A,AZD4573,2.7621213354414,15,5.430608643990989
383,251031,Well17,POLR2A,AZD4573,3.793490123835912,7,1.8452664357859776
557,251031,Well17,POLR2A,AZD4573,4.388614156089614,24,5.468696756286435
558,251031,Well17,POLR2A,AZD4573,2.4299986369425914,3,1.2345685937398634
559,251031,Well17,POLR2A,AZD4573,3.809365449461013,4,1.0500436498068098
560,251031,Well17,POLR2A,AZD4573,4.186997202953692,15,3.582519708735019
561,251031,Well17,POLR2A,AZD4573,3.394803522495973,14,4.123950003948014
562,251031,Well17,POLR2A,AZD4573,3.4198084046692703,2,0.5848280848919137
563,251031,Well17,POLR2A,AZD4573,3.221136503935684,2,0.6208988652161553
564,251031,Well17,POLR2A,AZD4573,4.369239926064183,19,4.348582435736191
565,251031,Well17,POLR2A,AZD4573,4.166507855999222,15,3.6001372176466626
566,251031,Well17,POLR2A,AZD4573,3.600246608076928,3,0.8332762520405373
567,251031,Well17,POLR2A,AZD4573,3.734847469455575,6,1.6064913089675958
568,251031,Well17,POLR2A,AZD4573,4.327148233207074,4,0.924396342446395
569,251031,Well17,POLR2A,AZD4573,2.049674929761766,4,1.9515289677982846
570,251031,Well17,POLR2A,AZD4573,5.144569183829638,11,2.138177096456414
571,251031,Well17,POLR2A,AZD4573,3.451243476769565,11,3.1872570202714954
1024,251031,Well17,POLR2A,AZD4573,5.016740566288795,14,2.790656565754346
1025,251031,Well17,POLR2A,AZD4573,2.969266218652902,8,2.6942683514681427
1026,251031,Well17,POLR2A,AZD4573,3.8660383816305113,11,2.8452899102777978
1027,251031,Well17,POLR2A,AZD4573,3.85012387335928,5,1.2986595144632163
1028,251031,Well17,POLR2A,AZD4573,3.9458004822747,7,1.7740380010204155
1029,251031,Well17,POLR2A,AZD4573,3.4280812379547947,2,0.5834167457458526
1030,251031,Well17,POLR2A,AZD4573,2.0809956308949795,3,1.4416176350691239
1031,251031,Well17,POLR2A,AZD4573,2.372298484050237,10,4.215321160989384
1032,251031,Well17,POLR2A,AZD4573,2.408964968904051,2,0.8302320813365303
1033,251031,Well17,POLR2A,AZD4573,2.8103625857599828,7,2.490781807112284
1034,251031,Well17,POLR2A,AZD4573,2.077787948864533,1,0.48128106650463476
1890,251031,Well17,POLR2A,AZD4573,3.474523263522725,12,3.453711225934785
1891,251031,Well17,POLR2A,AZD4573,4.384488329351211,9,2.0526910608362283
1892,251031,Well17,POLR2A,AZD4573,2.8971235541952662,10,3.451699526421371
1893,251031,Well17,POLR2A,AZD4573,4.800263859355833,11,2.2915406990723497
1894,251031,Well17,POLR2A,AZD4573,3.435402038838413,10,2.9108674579995375
1895,251031,Well17,POLR2A,AZD4573,3.630465959156769,9,2.479020627448711
1896,251031,Well17,POLR2A,AZD4573,2.273088024050102,1,0.4399301696281158
1897,251031,Well17,POLR2A,AZD4573,2.869194799428352,7,2.4397088693296998
1898,251031,Well17,POLR2A,AZD4573,3.007091239043629,3,0.9976418277731127
1899,251031,Well17,POLR2A,AZD4573,2.971873453106174,6,2.018928495669577
2012,251031,Well17,POLR2A,AZD4573,3.0935652210707736,12,3.879019559137159
2327,251031,Well17,POLR2A,AZD4573,2.194650720441268,2,0.9113067429690449
2328,251031,Well17,POLR2A,AZD4573,3.157322799256676,2,0.6334480593719645
2329,251031,Well17,POLR2A,AZD4573,2.531897873659565,4,1.5798425527402744
2330,251031,Well17,POLR2A,AZD4573,3.0895124646724503,7,2.265729651536505
2331,251031,Well17,POLR2A,AZD4573,3.6929665156952174,6,1.6247101008091522
2332,251031,Well17,POLR2A,AZD4573,2.773027877941094,4,1.4424665658139373
2333,251031,Well17,POLR2A,AZD4573,2.110249182697248,5,2.3693884309952304
2334,251031,Well17,POLR2A,AZD4573,5.424477299894234,8,1.4747964748891074
2335,251031,Well17,POLR2A,AZD4573,3.052273065992796,3,0.982874053250608
2336,251031,Well17,POLR2A,AZD4573,4.073711701069545,10,2.454763796214278
2337,251031,Well17,POLR2A,AZD4573,3.2905152033555294,6,1.8234226645971585
2338,251031,Well17,POLR2A,AZD4573,3.380919098890429,28,8.28177166652382
2339,251031,Well17,POLR2A,AZD4573,3.964744762183141,4,1.0088921834649063
2340,251031,Well17,POLR2A,AZD4573,2.993142217021493,6,2.004582330194341
2341,251031,Well17,POLR2A,AZD4573,2.946922579445109,3,1.0180111350481713
2342,251031,Well17,POLR2A,AZD4573,4.0975569887154935,12,2.928574278050925
2343,251031,Well17,POLR2A,AZD4573,4.971830899881664,12,2.4135977754765583
2344,251031,Well17,POLR2A,AZD4573,3.279616073788887,40,12.196549565568098
2345,251031,Well17,POLR2A,AZD4573,3.6780379275198416,3,0.8156522741523078
2346,251031,Well17,POLR2A,AZD4573,6.51858491767528,16,2.454520452225093
2347,251031,Well17,POLR2A,AZD4573,5.388299009631387,24,4.454095802237567
2776,251031,Well17,POLR2A,AZD4573,3.1071075907655104,4,1.2873709336259271
2777,251031,Well17,POLR2A,AZD4573,2.649043395682696,8,3.019958077333907
2778,251031,Well17,POLR2A,AZD4573,2.3048090235680987,5,2.169377136618221
2779,251031,Well17,POLR2A,AZD4573,3.773705005521338,5,1.3249578312784014
2780,251031,Well17,POLR2A,AZD4573,1.5892671888442271,3,1.8876624528954813
2781,251031,Well17,POLR2A,AZD4573,3.9862422680326217,12,3.0103539105570984
2782,251031,Well17,POLR2A,AZD4573,4.2754620870003945,13,3.040607011702125
2783,251031,Well17,POLR2A,AZD4573,3.5973259124546195,27,7.505575156957816
2784,251031,Well17,POLR2A,AZD4573,2.1219955046126397,2,0.94250906547754
2785,251031,Well17,POLR2A,AZD4573,1.87589248124396,4,2.1323183711187337
2786,251031,Well17,POLR2A,AZD4573,1.39285411471049,1,0.7179502788113985
2787,251031,Well17,POLR2A,AZD4573,2.534569706529429,11,4.339987166919245
3353,251031,Well17,POLR2A,AZD4573,2.4012766983391627,5,2.0822256774732533
3354,251031,Well17,POLR2A,AZD4573,4.254410416124443,12,2.820602345866623
3355,251031,Well17,POLR2A,AZD4573,2.0621837247910304,7,3.3944599192825744
3356,251031,Well17,POLR2A,AZD4573,4.126978919997075,5,1.2115399901300061
3357,251031,Well17,POLR2A,AZD4573,2.2660287938041592,1,0.4413006589917254
3358,251031,Well17,POLR2A,AZD4573,2.455064940561173,0,0.0
3359,251031,Well17,POLR2A,AZD4573,4.12609995793525,13,3.150675003643236
3360,251031,Well17,POLR2A,AZD4573,2.115971967013041,0,0.0
3361,251031,Well17,POLR2A,AZD4573,2.0229566010631257,6,2.9659558671930064
3362,251031,Well17,POLR2A,AZD4573,2.086575451501921,1,0.47925417663674613
3363,251031,Well17,POLR2A,AZD4573,2.1572482372344792,3,1.3906605406922945
3364,251031,Well17,POLR2A,AZD4573,2.4338110025119577,10,4.108782477225599
3365,251031,Well17,POLR2A,AZD4573,3.7942430660358615,8,2.108457434267177
4193,251031,Well17,POLR2A,AZD4573,3.851655173529642,10,2.59628641440299
4194,251031,Well17,POLR2A,AZD4573,2.610706882911413,3,1.1491140654804015
4195,251031,Well17,POLR2A,AZD4573,3.2812596269454577,8,2.4380880849246434
4196,251031,Well17,POLR2A,AZD4573,2.799178587766073,3,1.0717429795696585
4197,251031,Well17,POLR2A,AZD4573,2.2961782515152285,5,2.1775312943150396
4198,251031,Well17,POLR2A,AZD4573,2.8739157787917504,3,1.0438719262891056
4199,251031,Well17,POLR2A,AZD4573,3.1036319841547715,5,1.6110157472042153
4200,251031,Well17,POLR2A,AZD4573,3.4685696192918978,26,7.4958852938658485
4201,251031,Well17,POLR2A,AZD4573,3.791863514526316,4,1.0548902893462093
4205,251031,Well17,POLR2A,AZD4573,2.6719377099171746,6,2.2455613309136573
4206,251031,Well17,POLR2A,AZD4573,3.240829490082332,11,3.394192762582073
4207,251031,Well17,POLR2A,AZD4573,3.1626950577381745,6,1.8971161906108476
4208,251031,Well17,POLR2A,AZD4573,3.592474677267601,11,3.0619561689900308
4209,251031,Well17,POLR2A,AZD4573,3.992020119851083,10,2.5049973947458555
4210,251031,Well17,POLR2A,AZD4573,2.337313676008688,6,2.567049541354627
4211,251031,Well17,POLR2A,AZD4573,2.888160259145512,7,2.4236882208437462
4212,251031,Well17,POLR2A,AZD4573,1.767045208276816,11,6.225081253425859
4213,251031,Well17,POLR2A,AZD4573,4.716202257541749,17,3.604595195809308
4214,251031,Well17,POLR2A,AZD4573,2.6463609729084725,3,1.1336321955741593
4215,251031,Well17,POLR2A,AZD4573,2.678608290673129,9,3.3599537608159635
4216,251031,Well17,POLR2A,AZD4573,2.771551645273401,21,7.576983108293637
4217,251031,Well17,POLR2A,AZD4573,3.912872233659737,14,3.5779343571629227
4218,251031,Well17,POLR2A,AZD4573,2.367366765590088,10,4.224102553668911
4219,251031,Well17,POLR2A,AZD4573,1.9868937407577951,7,3.5230872473986565
4220,251031,Well17,POLR2A,AZD4573,2.818007437716997,32,11.355541355818682
4221,251031,Well17,POLR2A,AZD4573,1.2157676160325666,5,4.112628050018784
4222,251031,Well17,POLR2A,AZD4573,2.8818116114820818,19,6.593074968640481
4223,251031,Well17,POLR2A,AZD4573,2.4265442101405714,3,1.2363261248086668
4224,251031,Well17,POLR2A,AZD4573,2.633107707602746,6,2.2786762511369374
4759,251031,Well17,POLR2A,AZD4573,3.2790590448195847,2,0.6099310725007213
4760,251031,Well17,POLR2A,AZD4573,3.133877809995511,0,0.0
4761,251031,Well17,POLR2A,AZD4573,3.743878539893229,6,1.602616093462026
5453,251031,Well17,POLR2A,AZD4573,2.3648484863334343,10,4.228600714925481
5454,251031,Well17,POLR2A,AZD4573,3.9539525906505273,11,2.782026275684357
5455,251031,Well17,POLR2A,AZD4573,1.929568470479761,0,0.0
5456,251031,Well17,POLR2A,AZD4573,3.68233954667061,3,0.8146994490805315
5462,251031,Well17,POLR2A,AZD4573,4.724910335896442,14,2.9630191907850936
5463,251031,Well17,POLR2A,AZD4573,4.28219514819207,5,1.167625441383956
5464,251031,Well17,POLR2A,AZD4573,3.3283709344688983,10,3.004472817749708
5465,251031,Well17,POLR2A,AZD4573,3.1500676557800857,5,1.5872674959299549
6164,251031,Well17,POLR2A,AZD4573,2.23981560354346,2,0.8929306487712363
6165,251031,Well17,POLR2A,AZD4573,4.182064425503108,10,2.391163545692385
6166,251031,Well17,POLR2A,AZD4573,2.4127095590855165,6,2.486830616393863
6167,251031,Well17,POLR2A,AZD4573,4.009398152904777,3,0.748241976872894
6168,251031,Well17,POLR2A,AZD4573,3.040580752589637,16,5.262152628695335
6169,251031,Well17,POLR2A,AZD4573,3.700215305229192,12,3.2430545279463723
6170,251031,Well17,POLR2A,AZD4573,4.462544396403108,27,6.050359974404398
6171,251031,Well17,POLR2A,AZD4573,1.6486246617688205,5,3.032831011174773
6172,251031,Well17,POLR2A,AZD4573,4.392447701467699,4,0.9106539842610839
6173,251031,Well17,POLR2A,AZD4573,3.5086036937319847,14,3.990191318845893
6174,251031,Well17,POLR2A,AZD4573,2.928488732926789,6,2.0488383419537635
6175,251031,Well17,POLR2A,AZD4573,2.380455887378244,7,2.940613198133896
6176,251031,Well17,POLR2A,AZD4573,2.4521357730153768,6,2.4468465678072286
6177,251031,Well17,POLR2A,AZD4573,4.202685087271633,16,3.8070899122225543
6178,251031,Well17,POLR2A,AZD4573,3.932255994599091,3,0.762920828176107
6753,251031,Well17,POLR2A,AZD4573,3.2922328858426164,1,0.30374521933130477
6754,251031,Well17,POLR2A,AZD4573,2.3649819191283616,9,3.8055259227170084
6755,251031,Well17,POLR2A,AZD4573,3.6787675719302007,11,2.9901318267379544
6756,251031,Well17,POLR2A,AZD4573,4.74749224795232,11,2.3170127354593366
6757,251031,Well17,POLR2A,AZD4573,4.146997016207555,6,1.4468300740392197
6758,251031,Well17,POLR2A,AZD4573,3.821792702226711,20,5.2331462112917055
6759,251031,Well17,POLR2A,AZD4573,2.7550377484154307,1,0.3629714331773325
6760,251031,Well17,POLR2A,AZD4573,3.863107096103843,4,1.0354359587996462
6761,251031,Well17,POLR2A,AZD4573,2.5160458458240544,5,1.9872451880392512
6762,251031,Well17,POLR2A,AZD4573,4.246243481882512,21,4.9455477740739315
6763,251031,Well17,POLR2A,AZD4573,3.18440753864615,7,2.198211100510096
6764,251031,Well17,POLR2A,AZD4573,5.036801022116712,12,2.3824645737061516
6765,251031,Well17,POLR2A,AZD4573,2.299370048689137,9,3.9141155226975624
6766,251031,Well17,POLR2A,AZD4573,5.569152337289931,14,2.5138475574206867
6767,251031,Well17,POLR2A,AZD4573,4.100101742733045,10,2.4389638666220517
6768,251031,Well17,POLR2A,AZD4573,9.749999982782148,24,2.4615384658853747
6769,251031,Well17,POLR2A,AZD4573,3.445014495025396,14,4.063843568790788
6770,251031,Well17,POLR2A,AZD4573,4.601128120811307,8,1.7387040286522988
6771,251031,Well17,POLR2A,AZD4573,2.559963238192715,3,1.1718918284615456
6772,251031,Well17,POLR2A,AZD4573,4.542601955378923,8,1.7611052164777834
6773,251031,Well17,POLR2A,AZD4573,3.4015482325824427,5,1.4699188893182382
6774,251031,Well17,POLR2A,AZD4573,4.784838604666004,9,1.8809411860252758
6775,251031,Well17,POLR2A,AZD4573,2.9517769916034355,9,3.049010824869635
6776,251031,Well17,POLR2A,AZD4573,2.557249045705414,0,0.0
7195,251031,Well17,POLR2A,AZD4573,3.5555656836039584,2,0.5624983977156567
7196,251031,Well17,POLR2A,AZD4573,2.262322327278387,0,0.0
170,251114,Well18,POLR2A,Vehicle,2.39600716192995,104,43.40554638251977
171,251114,Well18,POLR2A,Vehicle,2.094270076009425,117,55.866720028268915
172,251114,Well18,POLR2A,Vehicle,2.0403791117151284,73,35.77766483731384
173,251114,Well18,POLR2A,Vehicle,1.6054697425140327,110,68.51577272814193
174,251114,Well18,POLR2A,Vehicle,1.4645880088598553,50,34.13929357439143
175,251114,Well18,POLR2A,Vehicle,1.565566982888002,88,56.209667782892545
176,251114,Well18,POLR2A,Vehicle,2.145330358868467,85,39.62093746943123
177,251114,Well18,POLR2A,Vehicle,1.3828074724447748,69,49.898486502976034
178,251114,Well18,POLR2A,Vehicle,2.0886065951580446,126,60.32730160486044
179,251114,Well18,POLR2A,Vehicle,3.176148472236293,113,35.57768189609784
180,251114,Well18,POLR2A,Vehicle,1.3510398773475962,97,71.7965484412151
181,251114,Well18,POLR2A,Vehicle,2.6513085762251607,114,42.997635591066945
182,251114,Well18,POLR2A,Vehicle,1.7346422189180768,69,39.77765515417719
183,251114,Well18,POLR2A,Vehicle,1.5771258634962324,54,34.23949936391935
184,251114,Well18,POLR2A,Vehicle,1.3963953787282566,72,51.561327899532856
185,251114,Well18,POLR2A,Vehicle,1.4793821052498677,98,66.24387279812865
186,251114,Well18,POLR2A,Vehicle,2.812960289299331,88,31.28376903675365
187,251114,Well18,POLR2A,Vehicle,1.7156831131435324,111,64.69726206992972
188,251114,Well18,POLR2A,Vehicle,1.3707995798917074,71,51.79458838585942
189,251114,Well18,POLR2A,Vehicle,2.135322899248881,135,63.22228832346033
190,251114,Well18,POLR2A,Vehicle,1.653937616785906,110,66.50794980633115
191,251114,Well18,POLR2A,Vehicle,2.4470272031524263,93,38.005298788747055
192,251114,Well18,POLR2A,Vehicle,1.7359447771542769,46,26.498538781520175
604,251114,Well18,POLR2A,Vehicle,2.428423918164356,122,50.238345573626084
605,251114,Well18,POLR2A,Vehicle,1.9461713225343504,104,53.43825530455805
606,251114,Well18,POLR2A,Vehicle,2.524736980331773,98,38.81592449567635
607,251114,Well18,POLR2A,Vehicle,2.331778333000056,142,60.8977268509496
608,251114,Well18,POLR2A,Vehicle,2.549206013344487,91,35.69738951015989
609,251114,Well18,POLR2A,Vehicle,2.1659594925604813,88,40.628645319664365
610,251114,Well18,POLR2A,Vehicle,2.7500361365865094,146,53.09021145490217
611,251114,Well18,POLR2A,Vehicle,2.3592930225065194,74,31.365328212339726
612,251114,Well18,POLR2A,Vehicle,2.5801560678251234,118,45.733667614713355
613,251114,Well18,POLR2A,Vehicle,2.673233914210759,134,50.126552445584224
614,251114,Well18,POLR2A,Vehicle,2.6847419632780647,106,39.4823791075155
615,251114,Well18,POLR2A,Vehicle,2.6827923618855083,114,42.49303882760387
616,251114,Well18,POLR2A,Vehicle,2.848976554025481,89,31.239288324169195
617,251114,Well18,POLR2A,Vehicle,2.7151911152825043,126,46.405573180763085
618,251114,Well18,POLR2A,Vehicle,2.207301420188948,160,72.48670187794461
619,251114,Well18,POLR2A,Vehicle,2.668474811191667,131,49.09171315786152
620,251114,Well18,POLR2A,Vehicle,2.1029580335458355,99,47.07654571359863
621,251114,Well18,POLR2A,Vehicle,2.668410212775075,132,49.46765657245913
622,251114,Well18,POLR2A,Vehicle,1.1785938747599405,71,60.241276932193024
623,251114,Well18,POLR2A,Vehicle,2.4104528504665392,101,41.90084032568885
624,251114,Well18,POLR2A,Vehicle,2.7584709954087314,126,45.677478650207874
625,251114,Well18,POLR2A,Vehicle,2.8170818800759903,110,39.0474983272523
626,251114,Well18,POLR2A,Vehicle,2.4677537639645464,171,69.29378550527731
653,251114,Well18,POLR2A,Vehicle,1.7910811142012328,56,31.26603231756719
654,251114,Well18,POLR2A,Vehicle,1.3859696178864764,47,33.91127727004022
655,251114,Well18,POLR2A,Vehicle,2.382203221597537,116,48.694418237839876
656,251114,Well18,POLR2A,Vehicle,1.6326826197462547,57,34.91186793478497
657,251114,Well18,POLR2A,Vehicle,2.261549264260154,151,66.76838854951866
658,251114,Well18,POLR2A,Vehicle,2.075625490394353,121,58.29568029491241
659,251114,Well18,POLR2A,Vehicle,2.0752453128278527,142,68.42564545128515
660,251114,Well18,POLR2A,Vehicle,3.037295764257367,129,42.47199153867753
661,251114,Well18,POLR2A,Vehicle,2.6562879492549274,306,115.19835418665026
662,251114,Well18,POLR2A,Vehicle,2.1413061952119143,107,49.969500036593665
663,251114,Well18,POLR2A,Vehicle,1.8913664494938416,98,51.814390609617874
664,251114,Well18,POLR2A,Vehicle,2.4428399549687394,228,93.33399002920667
950,251114,Well18,POLR2A,Vehicle,2.486045705764452,83,33.38635319839292
951,251114,Well18,POLR2A,Vehicle,2.3592464269273377,85,36.028453420486166
952,251114,Well18,POLR2A,Vehicle,2.456841926512672,154,62.68209539170191
953,251114,Well18,POLR2A,Vehicle,2.926953196794684,147,50.22287345113006
954,251114,Well18,POLR2A,Vehicle,2.117745775993232,91,42.970219103527945
955,251114,Well18,POLR2A,Vehicle,3.018676594412758,135,44.721584369080915
956,251114,Well18,POLR2A,Vehicle,2.7514032932393016,101,36.70854078287083
957,251114,Well18,POLR2A,Vehicle,2.603264298127661,178,68.37569282843178
958,251114,Well18,POLR2A,Vehicle,2.2674107763230547,99,43.662137021569286
959,251114,Well18,POLR2A,Vehicle,2.6680702768451403,88,32.98263946182692
960,251114,Well18,POLR2A,Vehicle,2.3884099645425523,94,39.356727444404065
961,251114,Well18,POLR2A,Vehicle,2.145615227295733,105,48.93701287361702
962,251114,Well18,POLR2A,Vehicle,2.251099146638348,123,54.63997451364173
963,251114,Well18,POLR2A,Vehicle,2.512223949340765,147,58.51389166104176
964,251114,Well18,POLR2A,Vehicle,1.6411873719372485,109,66.41532945219838
965,251114,Well18,POLR2A,Vehicle,2.931923038910526,132,45.021645605353235
966,251114,Well18,POLR2A,Vehicle,4.034769445768907,161,39.903147419943394
984,251114,Well18,POLR2A,Vehicle,1.834193673838583,56,30.531127000783805
985,251114,Well18,POLR2A,Vehicle,2.016778450859881,126,62.47587579403091
986,251114,Well18,POLR2A,Vehicle,2.4600326646961443,96,39.023872071982275
987,251114,Well18,POLR2A,Vehicle,1.8167891660239912,100,55.042160020608286
988,251114,Well18,POLR2A,Vehicle,1.395666793308333,63,45.13971407936331
989,251114,Well18,POLR2A,Vehicle,2.263446975121349,75,33.135302405738514
990,251114,Well18,POLR2A,Vehicle,2.6694014278231104,92,34.46465527480659
991,251114,Well18,POLR2A,Vehicle,2.315599077119841,118,50.95873511349351
992,251114,Well18,POLR2A,Vehicle,2.270003184910224,100,44.05280162809766
993,251114,Well18,POLR2A,Vehicle,1.461137818019579,91,62.280230432568686
994,251114,Well18,POLR2A,Vehicle,2.547892865203928,107,41.99548633354171
995,251114,Well18,POLR2A,Vehicle,1.447824190259004,69,47.65772009076355
996,251114,Well18,POLR2A,Vehicle,1.366233213131956,73,53.43158056643539
997,251114,Well18,POLR2A,Vehicle,1.8351149955178463,106,57.76204775117547
998,251114,Well18,POLR2A,Vehicle,2.3946537721528247,89,37.16612440385812
999,251114,Well18,POLR2A,Vehicle,3.035241322811653,165,54.36141065948409
1000,251114,Well18,POLR2A,Vehicle,1.6531931465094438,60,36.29339991318265
1204,251114,Well18,POLR2A,Vehicle,2.006887480188248,99,49.33011988829274
1205,251114,Well18,POLR2A,Vehicle,2.534773032693129,147,57.993358026148954
1206,251114,Well18,POLR2A,Vehicle,2.36664453411278,132,55.775169484624286
1207,251114,Well18,POLR2A,Vehicle,1.4045474871040842,97,69.06138873239236
1208,251114,Well18,POLR2A,Vehicle,2.414791534282565,99,40.997327758734635
1209,251114,Well18,POLR2A,Vehicle,2.4518106629515453,142,57.91638079795982
1210,251114,Well18,POLR2A,Vehicle,3.0973320500513943,208,67.1545693644789
1211,251114,Well18,POLR2A,Vehicle,2.254894568360738,93,41.24361347307208
1212,251114,Well18,POLR2A,Vehicle,2.588983812099078,178,68.7528439413773
1213,251114,Well18,POLR2A,Vehicle,2.7145504260687634,118,43.4694448358024
1214,251114,Well18,POLR2A,Vehicle,1.49983438753908,87,58.006404388919975
1215,251114,Well18,POLR2A,Vehicle,2.1750138607877254,71,32.64347013139765
1216,251114,Well18,POLR2A,Vehicle,1.4500215954135696,80,55.17159210113882
1217,251114,Well18,POLR2A,Vehicle,1.8705371666094364,65,34.74937636113372
1218,251114,Well18,POLR2A,Vehicle,1.2299146692662224,54,43.90548494898175
1219,251114,Well18,POLR2A,Vehicle,1.5435601026388366,100,64.78529720290268
1220,251114,Well18,POLR2A,Vehicle,1.870627180796491,109,58.26922709077128
1221,251114,Well18,POLR2A,Vehicle,2.323420780479657,72,30.988790581934975
1222,251114,Well18,POLR2A,Vehicle,1.8432427471136477,104,56.42230257672498
1223,251114,Well18,POLR2A,Vehicle,0.9889699883109824,26,26.289978773172113
1740,251114,Well18,POLR2A,Vehicle,1.7951635223317624,111,61.832807217372924
1741,251114,Well18,POLR2A,Vehicle,1.8246246362594745,117,64.12277773463198
1742,251114,Well18,POLR2A,Vehicle,3.069768646984877,142,46.257557597857485
1743,251114,Well18,POLR2A,Vehicle,2.346213431632286,47,20.032278123692095
1744,251114,Well18,POLR2A,Vehicle,1.9671583949937104,115,58.45995944844476
1745,251114,Well18,POLR2A,Vehicle,1.6093318806338877,96,59.652083672254896
1746,251114,Well18,POLR2A,Vehicle,2.538694474277396,153,60.26719699839001
1747,251114,Well18,POLR2A,Vehicle,1.858487973429368,130,69.94933615853213
1748,251114,Well18,POLR2A,Vehicle,3.227862152194307,133,41.20374220738836
1749,251114,Well18,POLR2A,Vehicle,2.7916608146613706,139,49.79114915035291
1750,251114,Well18,POLR2A,Vehicle,1.9848986027764932,112,56.42605614379165
1751,251114,Well18,POLR2A,Vehicle,1.8155819169270253,121,66.64529915829924
1752,251114,Well18,POLR2A,Vehicle,2.983325375680375,110,36.871606730095095
1753,251114,Well18,POLR2A,Vehicle,1.6488036311524932,97,58.83053516336461
1754,251114,Well18,POLR2A,Vehicle,2.270272168480951,103,45.36900968526508
1755,251114,Well18,POLR2A,Vehicle,1.8423447232239747,137,74.36176209209076
1756,251114,Well18,POLR2A,Vehicle,1.8976346138841411,138,72.7221136199329
1757,251114,Well18,POLR2A,Vehicle,1.988929120375662,104,52.28944507603008
1758,251114,Well18,POLR2A,Vehicle,1.749614225701326,123,70.30121165749891
1759,251114,Well18,POLR2A,Vehicle,1.7251970832199726,92,53.32724063519036
1967,251114,Well18,POLR2A,Vehicle,2.6143953465997742,97,37.10226922112453
1968,251114,Well18,POLR2A,Vehicle,2.202018116904068,97,44.050500427479385
1969,251114,Well18,POLR2A,Vehicle,2.3619743862903064,109,46.14783319949304
1970,251114,Well18,POLR2A,Vehicle,1.626160297651331,79,48.580696573455874
1971,251114,Well18,POLR2A,Vehicle,2.719424959045372,105,38.61110403166236
1972,251114,Well18,POLR2A,Vehicle,3.21021407657945,242,75.3843806759006
1973,251114,Well18,POLR2A,Vehicle,2.1796564748588643,100,45.87878922823155
1974,251114,Well18,POLR2A,Vehicle,2.054520869996604,74,36.01813010549866
1975,251114,Well18,POLR2A,Vehicle,2.214000593686672,98,44.263764101713285
1976,251114,Well18,POLR2A,Vehicle,2.0640909665661487,97,46.994052864525926
1977,251114,Well18,POLR2A,Vehicle,2.474783342478283,130,52.52985090396486
1978,251114,Well18,POLR2A,Vehicle,1.5846319877061397,72,45.43641713570656
1979,251114,Well18,POLR2A,Vehicle,1.4725982125172676,78,52.96760469827433
1980,251114,Well18,POLR2A,Vehicle,1.9544272119729,85,43.49100313344317
1997,251114,Well18,POLR2A,Vehicle,2.839779222089385,133,46.83462677853683
1998,251114,Well18,POLR2A,Vehicle,2.775770663170166,121,43.59149752732372
1999,251114,Well18,POLR2A,Vehicle,2.9651043862396778,130,43.84331310671493
2000,251114,Well18,POLR2A,Vehicle,2.63691266023906,182,69.02010929080224
2001,251114,Well18,POLR2A,Vehicle,1.3887409958573185,52,37.443987147436786
2002,251114,Well18,POLR2A,Vehicle,1.781661394273591,121,67.91413923481988
2003,251114,Well18,POLR2A,Vehicle,2.3800036984621,95,39.91590435821031
2004,251114,Well18,POLR2A,Vehicle,2.531867162936923,114,45.02605889787753
2005,251114,Well18,POLR2A,Vehicle,1.7225421941970835,73,42.37922313074425
2006,251114,Well18,POLR2A,Vehicle,1.389826461054152,120,86.34171485624378
2007,251114,Well18,POLR2A,Vehicle,1.7209282927727183,69,40.094639788174355
2008,251114,Well18,POLR2A,Vehicle,2.925342472341626,227,77.59775210807885
2009,251114,Well18,POLR2A,Vehicle,1.595806454786126,92,57.65110156314669
2010,251114,Well18,POLR2A,Vehicle,2.632135554382557,111,42.17108036673219
2011,251114,Well18,POLR2A,Vehicle,1.3452916772613412,88,65.41332373299504
2012,251114,Well18,POLR2A,Vehicle,2.9234299356143274,129,44.126249932818055
2013,251114,Well18,POLR2A,Vehicle,1.6970078168058187,72,42.42761835683321
2014,251114,Well18,POLR2A,Vehicle,2.614467357949418,108,41.30860523908269
2015,251114,Well18,POLR2A,Vehicle,1.6524719740225722,111,67.17209232287033
2016,251114,Well18,POLR2A,Vehicle,0.9391762580133184,61,64.95053455571379
2017,251114,Well18,POLR2A,Vehicle,1.5057636749898802,87,57.77799095902928
2018,251114,Well18,POLR2A,Vehicle,1.502964763267704,108,71.85797208258523
2019,251114,Well18,POLR2A,Vehicle,1.2301307033151532,90,73.16295720239613
2265,251114,Well18,POLR2A,Vehicle,2.658599725376573,104,39.11833699797328
2266,251114,Well18,POLR2A,Vehicle,2.13847551377666,91,42.553678736909745
2267,251114,Well18,POLR2A,Vehicle,3.2272797074545427,151,46.78863119648791
2268,251114,Well18,POLR2A,Vehicle,2.0449677172740346,69,33.74136394288796
2269,251114,Well18,POLR2A,Vehicle,1.6856882680361094,72,42.712523641089774
2270,251114,Well18,POLR2A,Vehicle,1.876243007078254,99,52.765020110143396
2271,251114,Well18,POLR2A,Vehicle,2.6166255804578533,77,29.4272136506923
2272,251114,Well18,POLR2A,Vehicle,2.226846147674564,125,56.133199920674436
2273,251114,Well18,POLR2A,Vehicle,2.352048468934288,137,58.24709899030041
2274,251114,Well18,POLR2A,Vehicle,1.2270299793187356,67,54.60339285043333
2275,251114,Well18,POLR2A,Vehicle,2.4031627603055625,119,49.518077579093784
2276,251114,Well18,POLR2A,Vehicle,2.831964931662621,167,58.969656768297554
2277,251114,Well18,POLR2A,Vehicle,2.943895984779207,137,46.536970296617
2278,251114,Well18,POLR2A,Vehicle,3.196743718234357,151,47.23556634793394
2279,251114,Well18,POLR2A,Vehicle,1.30043919633775,69,53.05899744818159
2280,251114,Well18,POLR2A,Vehicle,2.3698596290762786,110,46.41625126247485
2281,251114,Well18,POLR2A,Vehicle,2.309699441401247,132,57.15029307879052
2282,251114,Well18,POLR2A,Vehicle,2.629802598452193,114,43.349261297063244
2283,251114,Well18,POLR2A,Vehicle,2.215187721965356,117,52.817194154631466
2284,251114,Well18,POLR2A,Vehicle,3.0740247295469008,202,65.71189816998447
2285,251114,Well18,POLR2A,Vehicle,3.00353726714063,155,51.60581881095157
2303,251114,Well18,POLR2A,Vehicle,2.8026150117306825,193,68.86425684304668
2304,251114,Well18,POLR2A,Vehicle,1.7603068521329617,82,46.58278748426202
2305,251114,Well18,POLR2A,Vehicle,2.66611643949084,132,49.510215699809656
2306,251114,Well18,POLR2A,Vehicle,2.50754638858524,153,61.0158203638748
2307,251114,Well18,POLR2A,Vehicle,1.240107452212097,51,41.12546853018783
2752,251114,Well18,POLR2A,Vehicle,2.084638557994596,95,45.57144912995813
2753,251114,Well18,POLR2A,Vehicle,1.7285043103513975,89,51.48960258126674
2754,251114,Well18,POLR2A,Vehicle,2.890845858891043,137,47.39097367597267
2755,251114,Well18,POLR2A,Vehicle,1.599958756285427,109,68.12675612530276
2756,251114,Well18,POLR2A,Vehicle,1.763790930667188,103,58.39694388327434
2757,251114,Well18,POLR2A,Vehicle,3.5804445459153795,170,47.4801376812101
2758,251114,Well18,POLR2A,Vehicle,2.0027457685933063,114,56.92185288204184
2759,251114,Well18,POLR2A,Vehicle,1.8001672521415553,103,57.216905749988975
2760,251114,Well18,POLR2A,Vehicle,1.4457295071767249,80,55.33538577090193
2761,251114,Well18,POLR2A,Vehicle,1.7505196625240502,86,49.128268502850055
2762,251114,Well18,POLR2A,Vehicle,1.7443775179956271,104,59.62012174950578
2763,251114,Well18,POLR2A,Vehicle,2.767678917249187,144,52.02915667078987
2764,251114,Well18,POLR2A,Vehicle,2.598053006192425,112,43.10920513671179
2765,251114,Well18,POLR2A,Vehicle,1.67541076585536,110,65.65554086304374
2766,251114,Well18,POLR2A,Vehicle,1.403724651535363,107,76.22577539189453
2767,251114,Well18,POLR2A,Vehicle,1.5046030214720951,124,82.41376511305893
2768,251114,Well18,POLR2A,Vehicle,2.8055801849513005,132,47.04909191618463
2769,251114,Well18,POLR2A,Vehicle,2.7790863622250788,180,64.76948771605744
2770,251114,Well18,POLR2A,Vehicle,2.100428105394387,88,41.89622095324071
2771,251114,Well18,POLR2A,Vehicle,2.684976000164406,119,44.320694111497986
2772,251114,Well18,POLR2A,Vehicle,1.7145775271284165,100,58.32340528076355
2773,251114,Well18,POLR2A,Vehicle,2.768199940543666,142,51.29687271509428
2774,251114,Well18,POLR2A,Vehicle,2.0287990512981797,83,40.91090241139964
2775,251114,Well18,POLR2A,Vehicle,2.237643614159357,134,59.88442446870228
2776,251114,Well18,POLR2A,Vehicle,2.175255310607118,122,56.08537048736111
2777,251114,Well18,POLR2A,Vehicle,2.800260875991599,115,41.06760230304521
2778,251114,Well18,POLR2A,Vehicle,1.7892130550722436,108,60.361732602962284
2779,251114,Well18,POLR2A,Vehicle,2.132134279046281,121,56.75064708125427
2780,251114,Well18,POLR2A,Vehicle,1.785487526718624,110,61.6078232717528
2781,251114,Well18,POLR2A,Vehicle,1.0843945575026497,64,59.01910845752619
2782,251114,Well18,POLR2A,Vehicle,1.8834579089182797,91,48.31538818526809
2783,251114,Well18,POLR2A,Vehicle,1.7146707182867786,87,50.73860483657554
2784,251114,Well18,POLR2A,Vehicle,1.6953187270605024,117,69.01357139071143
2785,251114,Well18,POLR2A,Vehicle,1.9727890471415768,83,42.0724152540591
2786,251114,Well18,POLR2A,Vehicle,3.168473968547072,125,39.45116836712397
2787,251114,Well18,POLR2A,Vehicle,1.66214796963571,97,58.35822187434932
2788,251114,Well18,POLR2A,Vehicle,1.6848527245821567,77,45.70132384662641
2789,251114,Well18,POLR2A,Vehicle,1.9021077894855307,82,43.110070025095055
2790,251114,Well18,POLR2A,Vehicle,2.623374526506067,141,53.74756771302129
2791,251114,Well18,POLR2A,Vehicle,1.817301717394984,70,38.51864515945194
2792,251114,Well18,POLR2A,Vehicle,2.737683013151328,113,41.27577935691191
2793,251114,Well18,POLR2A,Vehicle,1.886024901734986,84,44.53811819914307
2794,251114,Well18,POLR2A,Vehicle,3.369736159886956,120,35.61109662782193
2795,251114,Well18,POLR2A,Vehicle,2.9517081572251,93,31.507179926429203
2796,251114,Well18,POLR2A,Vehicle,1.879572473008834,60,31.922152969154492
2797,251114,Well18,POLR2A,Vehicle,1.4744959233784631,80,54.25582989520831
2798,251114,Well18,POLR2A,Vehicle,1.3765096563222692,88,63.92980942474216
2799,251114,Well18,POLR2A,Vehicle,2.871110513126958,139,48.413322776842044
2800,251114,Well18,POLR2A,Vehicle,1.4583145495173764,92,63.08652686105823
2884,251114,Well18,POLR2A,Vehicle,1.6749162173217784,64,38.21086651267677
2885,251114,Well18,POLR2A,Vehicle,2.192838787805383,101,46.05901745339059
2886,251114,Well18,POLR2A,Vehicle,1.5546636173596151,101,64.96582210596449
2887,251114,Well18,POLR2A,Vehicle,1.3558169832040992,73,53.84207522425678
2888,251114,Well18,POLR2A,Vehicle,1.7583350119412506,78,44.360147224666726
2889,251114,Well18,POLR2A,Vehicle,1.5394395708526134,127,82.49755456764144
2890,251114,Well18,POLR2A,Vehicle,2.731925282151149,155,56.73654437501718
2891,251114,Well18,POLR2A,Vehicle,2.6609358582782456,159,59.75341326073177
2892,251114,Well18,POLR2A,Vehicle,2.1747374642839463,90,41.384305681988785
2893,251114,Well18,POLR2A,Vehicle,2.1149341563858246,91,43.02734424390231
2894,251114,Well18,POLR2A,Vehicle,2.95124961436634,185,62.68531102873899
2895,251114,Well18,POLR2A,Vehicle,2.107744670316262,74,35.10861682733919
2896,251114,Well18,POLR2A,Vehicle,1.8284602996184307,54,29.53304483081689
2897,251114,Well18,POLR2A,Vehicle,1.6052378236085632,71,44.23020623847032
2898,251114,Well18,POLR2A,Vehicle,1.8318660128603976,140,76.42480346114107
2899,251114,Well18,POLR2A,Vehicle,1.9678562696909916,76,38.6207067917283
2900,251114,Well18,POLR2A,Vehicle,1.902019893279348,87,45.740846511336876
2901,251114,Well18,POLR2A,Vehicle,1.8574300419838687,114,61.37512445865246
2902,251114,Well18,POLR2A,Vehicle,1.8816438583015227,75,39.85876480775656
2903,251114,Well18,POLR2A,Vehicle,1.494523550502866,93,62.22718937330099
2904,251114,Well18,POLR2A,Vehicle,2.129348075209336,74,34.75242064063438
2905,251114,Well18,POLR2A,Vehicle,2.049149670505542,150,73.20109514645348
2906,251114,Well18,POLR2A,Vehicle,2.1116078674265526,104,49.25156872366948
2907,251114,Well18,POLR2A,Vehicle,1.851970946286624,78,42.11729139509307
2908,251114,Well18,POLR2A,Vehicle,1.839804205168167,92,50.00532107795175
2909,251114,Well18,POLR2A,Vehicle,1.5410322924682596,84,54.50891614052931
2910,251114,Well18,POLR2A,Vehicle,2.177203853009239,83,38.1222915278608
2911,251114,Well18,POLR2A,Vehicle,2.4152034815621435,106,43.888641602752095
2912,251114,Well18,POLR2A,Vehicle,2.4940961510584296,120,48.113622223054676
2913,251114,Well18,POLR2A,Vehicle,1.5237283887450817,72,47.252515954827125
2914,251114,Well18,POLR2A,Vehicle,1.5397615039451376,46,29.874756501016538
2915,251114,Well18,POLR2A,Vehicle,1.652001782269017,75,45.39946675904177
2916,251114,Well18,POLR2A,Vehicle,1.2779769502011324,35,27.387035419137707
2917,251114,Well18,POLR2A,Vehicle,2.214532206885512,86,38.83438666306381
2918,251114,Well18,POLR2A,Vehicle,1.7948574740957772,90,50.143257221769474
2919,251114,Well18,POLR2A,Vehicle,2.0480652642991446,110,53.709225930181674
2920,251114,Well18,POLR2A,Vehicle,1.9055463314310117,109,57.20144307283469
2921,251114,Well18,POLR2A,Vehicle,2.152743291920012,86,39.94902704971265
2922,251114,Well18,POLR2A,Vehicle,1.5439296903009778,66,42.74806062388358
2923,251114,Well18,POLR2A,Vehicle,2.514639506525133,106,42.15315941905193
2924,251114,Well18,POLR2A,Vehicle,2.5975870504006138,147,56.59098122518314
2925,251114,Well18,POLR2A,Vehicle,2.275890112743586,111,48.77212628960784
2926,251114,Well18,POLR2A,Vehicle,1.5694142951417536,41,26.124395659526456
2927,251114,Well18,POLR2A,Vehicle,1.5888255898324424,67,42.169512140766706
2928,251114,Well18,POLR2A,Vehicle,2.027150203189428,109,53.770065892751425
2929,251114,Well18,POLR2A,Vehicle,2.4040152476064907,103,42.84498615495466
2930,251114,Well18,POLR2A,Vehicle,2.09633193038819,107,51.041535192466476
2931,251114,Well18,POLR2A,Vehicle,2.3591246430272053,102,43.23637595897206
2932,251114,Well18,POLR2A,Vehicle,2.5790642486856745,121,46.91624105978097
2933,251114,Well18,POLR2A,Vehicle,2.1883465503761466,109,49.809295507269816
2934,251114,Well18,POLR2A,Vehicle,1.712185267733639,93,54.31655192495664
2935,251114,Well18,POLR2A,Vehicle,1.6642013520909882,92,55.28177217522776
2936,251114,Well18,POLR2A,Vehicle,2.061679645343525,56,27.162318901717178
2937,251114,Well18,POLR2A,Vehicle,2.369876572923254,103,43.462179075828
2938,251114,Well18,POLR2A,Vehicle,2.472196228843294,111,44.89934848413524
2939,251114,Well18,POLR2A,Vehicle,2.423752711351447,85,35.06958428634632
3416,251114,Well18,POLR2A,Vehicle,2.1152942131340424,150,70.9121213818093
3417,251114,Well18,POLR2A,Vehicle,1.6256117406055166,80,49.21224299856568
3418,251114,Well18,POLR2A,Vehicle,1.7594480108894184,141,80.13877030030748
3419,251114,Well18,POLR2A,Vehicle,1.900683447349198,98,51.56040062151139
3420,251114,Well18,POLR2A,Vehicle,2.7508388513369484,133,48.34888817109735
3421,251114,Well18,POLR2A,Vehicle,1.6907269445302882,132,78.07292622089949
3422,251114,Well18,POLR2A,Vehicle,2.799098104492942,273,97.53141540905514
3423,251114,Well18,POLR2A,Vehicle,1.310131076807427,49,37.400837876012304
3424,251114,Well18,POLR2A,Vehicle,2.1446240122476983,90,41.965397890735375
3689,251114,Well18,POLR2A,Vehicle,2.310383549222861,164,70.98388492904755
3690,251114,Well18,POLR2A,Vehicle,2.377476947281959,156,65.61577817961448
3691,251114,Well18,POLR2A,Vehicle,1.5962236970178842,91,57.009553341432714
3692,251114,Well18,POLR2A,Vehicle,1.9692784938464525,131,66.52182533315893
3693,251114,Well18,POLR2A,Vehicle,1.6862738897471816,96,56.93025349185299
3694,251114,Well18,POLR2A,Vehicle,2.369091861010226,216,91.17417671929931
3695,251114,Well18,POLR2A,Vehicle,1.8474829448191312,66,35.72428107392429
3696,251114,Well18,POLR2A,Vehicle,2.3024061742689623,71,30.83730437899092
3697,251114,Well18,POLR2A,Vehicle,2.706605879818379,103,38.05504183967545
3698,251114,Well18,POLR2A,Vehicle,2.5646725686613183,106,41.33081208699043
3699,251114,Well18,POLR2A,Vehicle,1.1029883115767964,53,48.051279822025414
3700,251114,Well18,POLR2A,Vehicle,1.8938169533625957,92,48.57914057461994
3701,251114,Well18,POLR2A,Vehicle,1.5074908883908902,66,43.781359150003894
3702,251114,Well18,POLR2A,Vehicle,1.2494932844457889,27,21.60875959567547
3703,251114,Well18,POLR2A,Vehicle,2.656824857405946,120,45.16669575169695
3704,251114,Well18,POLR2A,Vehicle,1.4824860062175929,50,33.72713117715677
3705,251114,Well18,POLR2A,Vehicle,1.7517565633532224,79,45.097590414491016
3706,251114,Well18,POLR2A,Vehicle,1.8342752161021496,88,47.97535245937671
3707,251114,Well18,POLR2A,Vehicle,1.3173216218674255,64,48.58342787183138
3812,251114,Well18,POLR2A,Vehicle,1.685924422903323,109,64.65295746311781
3813,251114,Well18,POLR2A,Vehicle,1.8272149268657716,91,49.80257038294484
3814,251114,Well18,POLR2A,Vehicle,2.2197371448781325,136,61.2685156500666
3815,251114,Well18,POLR2A,Vehicle,1.4001971543932634,95,67.84758824993158
3816,251114,Well18,POLR2A,Vehicle,2.6129625325399544,157,60.085055964191994
3817,251114,Well18,POLR2A,Vehicle,2.488626465456825,87,34.95904315396318
3818,251114,Well18,POLR2A,Vehicle,2.542881722461084,113,44.43777270561956
3819,251114,Well18,POLR2A,Vehicle,1.9154362431122087,110,57.42817094307015
3820,251114,Well18,POLR2A,Vehicle,1.4644185703901058,77,52.58059516377753
3821,251114,Well18,POLR2A,Vehicle,1.8380346321497192,83,45.15692933539847
3822,251114,Well18,POLR2A,Vehicle,2.0450249027575755,115,56.234034042778845
3823,251114,Well18,POLR2A,Vehicle,2.262405987522825,106,46.85277557811917
3824,251114,Well18,POLR2A,Vehicle,2.086348827548631,119,57.03744188349357
3825,251114,Well18,POLR2A,Vehicle,1.4505034360619198,98,67.56274929349188
3826,251114,Well18,POLR2A,Vehicle,1.7307716088747345,73,42.17771982489425
3827,251114,Well18,POLR2A,Vehicle,2.292846667603777,186,81.12186594421775
3828,251114,Well18,POLR2A,Vehicle,2.595810064449115,127,48.924997148029796
3829,251114,Well18,POLR2A,Vehicle,1.3900594389500576,87,62.587251711849824
3830,251114,Well18,POLR2A,Vehicle,1.8506895678591424,80,43.22713078917018
3831,251114,Well18,POLR2A,Vehicle,1.94721866407549,71,36.46226348888748
3832,251114,Well18,POLR2A,Vehicle,2.727393862075783,164,60.13066256414532
3833,251114,Well18,POLR2A,Vehicle,2.4619483783947507,140,56.865530255871306
3834,251114,Well18,POLR2A,Vehicle,2.749865639126324,152,55.27542794719702
3835,251114,Well18,POLR2A,Vehicle,2.50657741233636,137,54.65620145052829
3836,251114,Well18,POLR2A,Vehicle,4.038062906024665,237,58.69150766482694
3837,251114,Well18,POLR2A,Vehicle,1.5389831459747254,84,54.581494423578
3838,251114,Well18,POLR2A,Vehicle,1.1344795101701957,52,45.83599750708491
3839,251114,Well18,POLR2A,Vehicle,2.637595709070238,159,60.282172682199295
3840,251114,Well18,POLR2A,Vehicle,2.923230845412372,170,58.154832440548695
3841,251114,Well18,POLR2A,Vehicle,1.977250573848171,128,64.73635749205192
3842,251114,Well18,POLR2A,Vehicle,2.402858830050449,146,60.76095614694712
3843,251114,Well18,POLR2A,Vehicle,3.043651824853849,188,61.76790606101191
3844,251114,Well18,POLR2A,Vehicle,2.0180513573638748,110,54.508028053205734
3845,251114,Well18,POLR2A,Vehicle,1.9332791729672776,101,52.24284284042691
3846,251114,Well18,POLR2A,Vehicle,1.393589054073029,108,77.49773843612611
3847,251114,Well18,POLR2A,Vehicle,3.3447249237710426,100,29.897824867240214
3848,251114,Well18,POLR2A,Vehicle,2.401963983132084,118,49.126465187929995
3849,251114,Well18,POLR2A,Vehicle,1.8616321160336589,103,55.32779495631441
3850,251114,Well18,POLR2A,Vehicle,1.659347998923098,113,68.0990365332263
3851,251114,Well18,POLR2A,Vehicle,1.9480552665198787,76,39.013266875005506
3852,251114,Well18,POLR2A,Vehicle,2.6801777144991847,134,49.99668465083074
3853,251114,Well18,POLR2A,Vehicle,1.5377060035089878,33,21.46053922186376
3854,251114,Well18,POLR2A,Vehicle,1.826603889384237,63,34.490236425171425
3855,251114,Well18,POLR2A,Vehicle,2.340765984829836,108,46.138742915751635
3856,251114,Well18,POLR2A,Vehicle,2.205381470528597,85,38.54208495713296
3857,251114,Well18,POLR2A,Vehicle,1.9862001020222575,69,34.739702172881465
3858,251114,Well18,POLR2A,Vehicle,1.6451829428520317,98,59.56784345825433
3859,251114,Well18,POLR2A,Vehicle,2.6216939086842386,130,49.58626160337829
3860,251114,Well18,POLR2A,Vehicle,2.375652306760843,174,73.24304129220226
3861,251114,Well18,POLR2A,Vehicle,2.326877325262549,90,38.67844644102371
3862,251114,Well18,POLR2A,Vehicle,2.357177159615521,98,41.5751525506826
4348,251114,Well18,POLR2A,Vehicle,1.3124439119195093,147,112.00478638740894
4349,251114,Well18,POLR2A,Vehicle,2.0755428891403502,94,45.289355614777485
4350,251114,Well18,POLR2A,Vehicle,2.760794420425173,134,48.53675413447245
4351,251114,Well18,POLR2A,Vehicle,2.8326109158285413,162,57.19105264148671
4352,251114,Well18,POLR2A,Vehicle,2.7111341229224366,201,74.13871497561114
4353,251114,Well18,POLR2A,Vehicle,1.703434829761508,92,54.0085234801032
4354,251114,Well18,POLR2A,Vehicle,2.3982606935776194,135,56.29079455854024
4355,251114,Well18,POLR2A,Vehicle,1.6994254919710583,70,41.19039071187013
4356,251114,Well18,POLR2A,Vehicle,2.7970616658846392,191,68.28594532955768
4357,251114,Well18,POLR2A,Vehicle,2.442055243055712,198,81.07924690198458
4358,251114,Well18,POLR2A,Vehicle,1.547903022416606,93,60.08128329306265
4359,251114,Well18,POLR2A,Vehicle,4.643606345177532,431,92.81579185703396
4360,251114,Well18,POLR2A,Vehicle,1.8366272338603613,86,46.824961763873404
4361,251114,Well18,POLR2A,Vehicle,1.504807406626231,70,46.51758071615262
4362,251114,Well18,POLR2A,Vehicle,1.8592271487536505,115,61.85365789064089
4363,251114,Well18,POLR2A,Vehicle,1.7687861885534932,104,58.79738358034716
4364,251114,Well18,POLR2A,Vehicle,2.357481089870634,201,85.260493016735
4365,251114,Well18,POLR2A,Vehicle,2.223925452052256,97,43.61656993065466
4366,251114,Well18,POLR2A,Vehicle,1.805203810654862,123,68.13635074001982
4367,251114,Well18,POLR2A,Vehicle,1.764279125258154,115,65.18242966977967
4430,251114,Well18,POLR2A,Vehicle,2.180476133456278,135,61.91308307787399
4431,251114,Well18,POLR2A,Vehicle,2.48672875459563,118,47.45189831497651
4432,251114,Well18,POLR2A,Vehicle,2.0441184069444147,126,61.64026485547238
4433,251114,Well18,POLR2A,Vehicle,1.9165344161942728,105,54.78638896999411
4434,251114,Well18,POLR2A,Vehicle,3.210263849129939,163,50.77464272731883
4435,251114,Well18,POLR2A,Vehicle,2.7367860482520907,153,55.904991220529226
4436,251114,Well18,POLR2A,Vehicle,2.918163576176423,145,49.68878413251559
4437,251114,Well18,POLR2A,Vehicle,2.632145085296481,104,39.51149979572102
4438,251114,Well18,POLR2A,Vehicle,1.7593336399223374,86,48.88214381201528
4439,251114,Well18,POLR2A,Vehicle,1.551326738495984,43,27.718209796144322
4440,251114,Well18,POLR2A,Vehicle,1.998931285043068,54,27.014435365564125
4441,251114,Well18,POLR2A,Vehicle,2.099464424097686,84,40.01020404815946
4442,251114,Well18,POLR2A,Vehicle,1.9795411701610983,88,44.45474604240659
4443,251114,Well18,POLR2A,Vehicle,2.5568985198711194,158,61.79361393191467
4444,251114,Well18,POLR2A,Vehicle,3.4607998064634424,136,39.29727450458253
4445,251114,Well18,POLR2A,Vehicle,3.871480533480781,422,109.00222701638826
4446,251114,Well18,POLR2A,Vehicle,1.3830679840920146,52,37.59757336450677
4447,251114,Well18,POLR2A,Vehicle,1.923982295930204,81,42.10017949299177
4448,251114,Well18,POLR2A,Vehicle,3.035209553098575,142,46.78424916494991
4449,251114,Well18,POLR2A,Vehicle,1.836602877080335,86,46.82558275021054
4450,251114,Well18,POLR2A,Vehicle,2.744054958604349,162,59.036718449106665
4451,251114,Well18,POLR2A,Vehicle,2.064908507182691,78,37.77407072937156
4452,251114,Well18,POLR2A,Vehicle,3.1232646078465707,121,38.74151415029389
4453,251114,Well18,POLR2A,Vehicle,1.980104553073016,83,41.91697851064907
4454,251114,Well18,POLR2A,Vehicle,1.7734838701273008,74,41.72578124135308
4455,251114,Well18,POLR2A,Vehicle,2.3589520275861484,113,47.902627386462726
4456,251114,Well18,POLR2A,Vehicle,1.2122708296131093,154,127.03431959106729
4457,251114,Well18,POLR2A,Vehicle,1.4345253883645326,94,65.52689883527758
4458,251114,Well18,POLR2A,Vehicle,1.67990723924634,99,58.93182533365031
4459,251114,Well18,POLR2A,Vehicle,1.4365798298102463,126,87.70831762036013
4460,251114,Well18,POLR2A,Vehicle,1.4667822370431127,82,55.904685732562356
4461,251114,Well18,POLR2A,Vehicle,1.97730034639866,88,44.505125465778676
4462,251114,Well18,POLR2A,Vehicle,1.3629270449909667,63,46.2240442227174
4463,251114,Well18,POLR2A,Vehicle,1.3323275163446249,83,62.29699453158401
4464,251114,Well18,POLR2A,Vehicle,1.5907063568466628,47,29.54662235283353
4465,251114,Well18,POLR2A,Vehicle,2.1376367933513998,79,36.9566992136879
4466,251114,Well18,POLR2A,Vehicle,1.644946787984818,97,58.96847284575825
4467,251114,Well18,POLR2A,Vehicle,2.2930362268918096,120,52.33236116930387
4468,251114,Well18,POLR2A,Vehicle,2.673889429290603,116,43.38249694594717
4469,251114,Well18,POLR2A,Vehicle,1.309529570239816,92,70.25423639968047
4470,251114,Well18,POLR2A,Vehicle,2.5340010286653323,131,51.69690087655496
4471,251114,Well18,POLR2A,Vehicle,1.188275165325258,44,37.02846048116827
4472,251114,Well18,POLR2A,Vehicle,1.5334223871956305,45,29.3461217051209
4473,251114,Well18,POLR2A,Vehicle,1.2938946354436716,33,25.504395099902727
4784,251114,Well18,POLR2A,Vehicle,1.7206370704028364,47,27.315464026935288
4785,251114,Well18,POLR2A,Vehicle,1.767062152123791,81,45.8387951451781
4786,251114,Well18,POLR2A,Vehicle,1.8733212524655092,108,57.65161733891579
4787,251114,Well18,POLR2A,Vehicle,1.9980120813446764,80,40.03979793063084
4788,251114,Well18,POLR2A,Vehicle,2.6355688013758587,155,58.81083427573001
4789,251114,Well18,POLR2A,Vehicle,2.7043957667785827,125,46.2210455790268
4790,251114,Well18,POLR2A,Vehicle,3.01866812248927,156,51.67842030655508
4791,251114,Well18,POLR2A,Vehicle,1.834195791819455,63,34.347478214147635
4792,251114,Well18,POLR2A,Vehicle,3.39117542126246,159,46.88639785576406
4793,251114,Well18,POLR2A,Vehicle,2.685382652491805,95,35.37670875763204
4794,251114,Well18,POLR2A,Vehicle,3.306959206844728,172,52.01152758219553
4795,251114,Well18,POLR2A,Vehicle,2.519222817131859,107,42.473416512565464
4796,251114,Well18,POLR2A,Vehicle,1.699577986593833,116,68.25223727007581
4797,251114,Well18,POLR2A,Vehicle,2.0407688201955527,63,30.87071861180393
4798,251114,Well18,POLR2A,Vehicle,1.8920410264015324,127,67.1232802184744
4799,251114,Well18,POLR2A,Vehicle,1.78343838022509,87,48.782173224857715
4800,251114,Well18,POLR2A,Vehicle,2.257804674078688,84,37.204281204828646
4801,251114,Well18,POLR2A,Vehicle,1.5545884290386636,47,30.233082352905562
4802,251114,Well18,POLR2A,Vehicle,1.563134481856659,37,23.670388203612628
4803,251114,Well18,POLR2A,Vehicle,2.0665467653870824,129,62.42297641681347
4804,251114,Well18,POLR2A,Vehicle,2.1245815592571926,109,51.30422012987308
4805,251114,Well18,POLR2A,Vehicle,1.7322732573128905,103,59.45944126608179
4806,251114,Well18,POLR2A,Vehicle,1.3935244556564368,85,60.99641786333754
4807,251114,Well18,POLR2A,Vehicle,1.5991083869653713,107,66.91228741727379
4808,251114,Well18,POLR2A,Vehicle,2.665063802997521,115,43.150936900893015
4809,251114,Well18,POLR2A,Vehicle,1.3602541531306669,93,68.36957621923641
4810,251114,Well18,POLR2A,Vehicle,1.809416474609012,89,49.18712814264144
4811,251114,Well18,POLR2A,Vehicle,1.609915384364088,98,60.87276446439433
4812,251114,Well18,POLR2A,Vehicle,1.76590573456775,90,50.965347831564614
4813,251114,Well18,POLR2A,Vehicle,1.8150439497855704,105,57.84983884957977
4814,251114,Well18,POLR2A,Vehicle,1.82563385414492,71,38.890602208543385
4815,251114,Well18,POLR2A,Vehicle,1.8302457574934168,103,56.27659541255376
4816,251114,Well18,POLR2A,Vehicle,1.2279989555676158,45,36.644982307171205
4817,251114,Well18,POLR2A,Vehicle,2.314831309053788,88,38.015729118495
4818,251114,Well18,POLR2A,Vehicle,2.481899758207766,117,47.14130762657725
4819,251114,Well18,POLR2A,Vehicle,1.8283978191827104,114,62.349669641893215
4820,251114,Well18,POLR2A,Vehicle,4.887646455177011,348,71.1999125123703
5447,251114,Well18,POLR2A,Vehicle,2.5531645195940125,101,39.55875119871255
5448,251114,Well18,POLR2A,Vehicle,2.0198357562484253,82,40.597360328101146
5449,251114,Well18,POLR2A,Vehicle,2.317798600255278,124,53.499039988350525
5450,251114,Well18,POLR2A,Vehicle,1.8974439956056728,78,41.107932661328455
5451,251114,Well18,POLR2A,Vehicle,1.6295416541132712,89,54.6165848386552
5452,251114,Well18,POLR2A,Vehicle,3.3644242638603057,210,62.41781164633743
5453,251114,Well18,POLR2A,Vehicle,3.095745682378364,179,57.82128713573136
5454,251114,Well18,POLR2A,Vehicle,3.437580382165132,178,51.7806073491402
5455,251114,Well18,POLR2A,Vehicle,2.629347232564741,117,44.49773637766163
5456,251114,Well18,POLR2A,Vehicle,1.295504300906293,66,50.94541172408963
5457,251114,Well18,POLR2A,Vehicle,2.8070754794468407,189,67.32986034178323
5458,251114,Well18,POLR2A,Vehicle,2.253626956808924,108,47.922749447816834
5459,251114,Well18,POLR2A,Vehicle,2.8660601877379843,122,42.56714514299421
5460,251114,Well18,POLR2A,Vehicle,2.5206937548473736,120,47.60594172506526
5461,251114,Well18,POLR2A,Vehicle,2.3452444553834053,106,45.19784696929212
5462,251114,Well18,POLR2A,Vehicle,2.3842555450623792,79,33.13403219868914
5463,251114,Well18,POLR2A,Vehicle,3.502234925250271,141,40.260006255840786
5464,251114,Well18,POLR2A,Vehicle,1.81041722057097,64,35.35096732001679
5465,251114,Well18,POLR2A,Vehicle,2.971689188770321,168,56.53350311158148
5466,251114,Well18,POLR2A,Vehicle,2.1425558039263173,62,28.93740265078864
5467,251114,Well18,POLR2A,Vehicle,1.4224084197965643,131,92.09731760357259
5468,251114,Well18,POLR2A,Vehicle,2.2583098125166288,68,30.111014716896506
5469,251114,Well18,POLR2A,Vehicle,2.018209146938829,64,31.711282300485887
5470,251114,Well18,POLR2A,Vehicle,1.8039573789117669,36,19.956125583031742
352,251114,Well15,POLR2A,Triptolide,2.067320887395751,24,11.609228226892885
353,251114,Well15,POLR2A,Triptolide,1.0351716230499546,8,7.728187115900048
354,251114,Well15,POLR2A,Triptolide,2.3432419044690525,10,4.267591826916337
355,251114,Well15,POLR2A,Triptolide,2.219686313337208,13,5.856683406969802
356,251114,Well15,POLR2A,Triptolide,1.9615139759701767,12,6.117723425378464
357,251114,Well15,POLR2A,Triptolide,2.5373389665193997,18,7.094046257718392
358,251114,Well15,POLR2A,Triptolide,1.831519722987847,9,4.913951996824726
361,251114,Well15,POLR2A,Triptolide,2.4995732495930856,12,4.8008195006701735
362,251114,Well15,POLR2A,Triptolide,2.286537202586476,8,3.4987403620420396
363,251114,Well15,POLR2A,Triptolide,1.6513536801222246,12,7.266765529666438
364,251114,Well15,POLR2A,Triptolide,1.944708856742324,9,4.627942104956696
365,251114,Well15,POLR2A,Triptolide,3.710470568610787,41,11.0498114031263
366,251114,Well15,POLR2A,Triptolide,1.8300657291193083,32,17.485710753897084
367,251114,Well15,POLR2A,Triptolide,1.661170521463342,1,0.6019851587054951
368,251114,Well15,POLR2A,Triptolide,1.82182784251817,25,13.722482122923568
369,251114,Well15,POLR2A,Triptolide,1.7757882333158954,13,7.320692724562854
370,251114,Well15,POLR2A,Triptolide,1.9026934111966027,22,11.562556463662853
371,251114,Well15,POLR2A,Triptolide,1.7680639570761858,8,4.524723196795126
372,251114,Well15,POLR2A,Triptolide,1.9647523687232655,19,9.670429873229557
373,251114,Well15,POLR2A,Triptolide,0.9156253697085598,2,2.184299459326463
374,251114,Well15,POLR2A,Triptolide,2.056123122526174,15,7.295282970005632
375,251114,Well15,POLR2A,Triptolide,1.5999788771037098,13,8.12510726612383
376,251114,Well15,POLR2A,Triptolide,1.6259040219658345,16,9.840679267559011
377,251114,Well15,POLR2A,Triptolide,1.6477689974965848,14,8.49633657464721
378,251114,Well15,POLR2A,Triptolide,1.433941884634332,13,9.065918318799312
777,251114,Well15,POLR2A,Triptolide,2.646203183333518,7,2.6452995159585013
778,251114,Well15,POLR2A,Triptolide,4.620862407584956,21,4.544606211500555
779,251114,Well15,POLR2A,Triptolide,2.457506972506439,28,11.393660450713792
780,251114,Well15,POLR2A,Triptolide,1.7380987637009686,9,5.178071688421272
781,251114,Well15,POLR2A,Triptolide,2.2184684743358822,6,2.704568520765729
782,251114,Well15,POLR2A,Triptolide,2.269804094708267,19,8.37076646583547
783,251114,Well15,POLR2A,Triptolide,1.7623337598273412,15,8.51144110266013
1391,251114,Well15,POLR2A,Triptolide,1.3688415065756638,3,2.191634302136916
1392,251114,Well15,POLR2A,Triptolide,1.8679098113378816,7,3.7475042732316304
1393,251114,Well15,POLR2A,Triptolide,1.4970238269221086,5,3.33996019975182
1634,251114,Well15,POLR2A,Triptolide,1.553199033586717,5,3.219162445944726
1635,251114,Well15,POLR2A,Triptolide,1.2557656847978316,15,11.944903560901874
1762,251114,Well15,POLR2A,Triptolide,3.126756099313848,31,9.91442856921357
1763,251114,Well15,POLR2A,Triptolide,1.7353962201084625,18,10.372271064918534
1764,251114,Well15,POLR2A,Triptolide,2.5045748614220065,14,5.589771028864878
1765,251114,Well15,POLR2A,Triptolide,2.614268267747462,28,10.710453990295994
1766,251114,Well15,POLR2A,Triptolide,1.4344321972061702,12,8.36567948165991
1767,251114,Well15,POLR2A,Triptolide,2.223813199066046,18,8.094205038246743
1768,251114,Well15,POLR2A,Triptolide,1.8190172819011985,3,1.6492421649037128
1769,251114,Well15,POLR2A,Triptolide,2.593643370017192,13,5.0122542483216685
1770,251114,Well15,POLR2A,Triptolide,1.1289081614867416,12,10.629739786978176
1771,251114,Well15,POLR2A,Triptolide,3.093013487053651,29,9.375969461945306
1772,251114,Well15,POLR2A,Triptolide,2.759498216131589,14,5.073386138885041
1773,251114,Well15,POLR2A,Triptolide,2.2558413058104643,21,9.309165474499215
1774,251114,Well15,POLR2A,Triptolide,1.3488382362312874,4,2.9655149836026102
1775,251114,Well15,POLR2A,Triptolide,1.969541123474564,10,5.077324804652218
2128,251114,Well15,POLR2A,Triptolide,2.186526145816775,7,3.2014252440531217
2129,251114,Well15,POLR2A,Triptolide,2.042546865137487,12,5.875018196555437
2617,251114,Well15,POLR2A,Triptolide,2.033625929705171,17,8.359452813657136
2618,251114,Well15,POLR2A,Triptolide,1.6465056219065144,4,2.4293873927793443
3099,251114,Well15,POLR2A,Triptolide,1.89029369218224,12,6.348219882248383
3100,251114,Well15,POLR2A,Triptolide,1.6108833016225326,5,3.1038871623809383
3274,251114,Well15,POLR2A,Triptolide,4.896230631650699,22,4.493252392521182
3275,251114,Well15,POLR2A,Triptolide,2.9266323226925945,19,6.492103518667967
3472,251114,Well15,POLR2A,Triptolide,2.028229314443646,8,3.94432717396871
3473,251114,Well15,POLR2A,Triptolide,1.9272821101285775,6,3.1131923907080283
3474,251114,Well15,POLR2A,Triptolide,2.298862792270324,8,3.4799815051594765
3475,251114,Well15,POLR2A,Triptolide,1.6194780680005811,13,8.027277588297252
3476,251114,Well15,POLR2A,Triptolide,2.261158496789294,18,7.9605211335511825
4065,251114,Well15,POLR2A,Triptolide,2.041819338708,6,2.938555770461364
4066,251114,Well15,POLR2A,Triptolide,2.303324318976918,15,6.51232649975347
4067,251114,Well15,POLR2A,Triptolide,2.28928210579642,20,8.736363224680947
4068,251114,Well15,POLR2A,Triptolide,2.102064245617907,16,7.611565647127384
4069,251114,Well15,POLR2A,Triptolide,2.3534092716444643,3,1.2747464013786796
4070,251114,Well15,POLR2A,Triptolide,2.180592622404231,18,8.25463675106538
4071,251114,Well15,POLR2A,Triptolide,2.9141563563668447,44,15.098709409970011
4072,251114,Well15,POLR2A,Triptolide,1.824267756482564,20,10.963302908210533
4073,251114,Well15,POLR2A,Triptolide,1.793737062214558,19,10.592410894684024
4074,251114,Well15,POLR2A,Triptolide,1.8355714203957345,14,7.627052722896345
4075,251114,Well15,POLR2A,Triptolide,1.5743608394680062,24,15.244281614696325
4264,251114,Well15,POLR2A,Triptolide,2.735129787210288,11,4.021746994031869
4265,251114,Well15,POLR2A,Triptolide,1.656219741175346,5,3.0189230786802
4266,251114,Well15,POLR2A,Triptolide,2.509547880509157,41,16.3376042029059
4267,251114,Well15,POLR2A,Triptolide,3.0455738924950704,39,12.805468321127961
4268,251114,Well15,POLR2A,Triptolide,1.8051286223339107,12,6.647725736288422
4269,251114,Well15,POLR2A,Triptolide,2.4778459428190067,28,11.300137557440248
4270,251114,Well15,POLR2A,Triptolide,1.9251185926679624,32,16.622352577070167
4656,251114,Well15,POLR2A,Triptolide,2.6334751772840157,16,6.075622104971308
4657,251114,Well15,POLR2A,Triptolide,2.493225660920091,27,10.829344661098995
4658,251114,Well15,POLR2A,Triptolide,1.5158219661503909,24,15.832993937243725
4956,251114,Well15,POLR2A,Triptolide,2.6322509843400743,14,5.318641756918141
4957,251114,Well15,POLR2A,Triptolide,2.492017352832689,8,3.2102505188843726
5368,251114,Well15,POLR2A,Triptolide,2.515985483369206,16,6.35933716858099
5369,251114,Well15,POLR2A,Triptolide,2.088399033032601,27,12.928563733719425
5370,251114,Well15,POLR2A,Triptolide,2.2561272332281668,26,11.524172758110831
301,251114,Well17,POLR2A,AZD4573,3.073338503744415,11,3.57916968358614
302,251114,Well17,POLR2A,AZD4573,2.9761591874004028,8,2.6880282593310443
303,251114,Well17,POLR2A,AZD4573,1.3359662074824976,9,6.7366973427865755
304,251114,Well17,POLR2A,AZD4573,2.6278318172509176,13,4.947044142878151
305,251114,Well17,POLR2A,AZD4573,2.4821645058167503,13,5.237364392865807
306,251114,Well17,POLR2A,AZD4573,2.6771574737758983,12,4.482366135554604
431,251114,Well17,POLR2A,AZD4573,3.188356513981752,18,5.64554180847262
432,251114,Well17,POLR2A,AZD4573,2.284629960811358,15,6.565614676029608
433,251114,Well17,POLR2A,AZD4573,3.218483732893666,23,7.146222230342366
434,251114,Well17,POLR2A,AZD4573,2.897332175311145,7,2.416015691831493
435,251114,Well17,POLR2A,AZD4573,3.7283240883702153,9,2.4139532365423264
436,251114,Well17,POLR2A,AZD4573,4.302624132691691,17,3.951077174237137
437,251114,Well17,POLR2A,AZD4573,1.83398081676096,15,8.17892960652221
438,251114,Well17,POLR2A,AZD4573,4.3628870424390085,10,2.2920602579730427
439,251114,Well17,POLR2A,AZD4573,2.2588393077345965,7,3.098936686656273
440,251114,Well17,POLR2A,AZD4573,1.4417731189080716,14,9.71026565580784
441,251114,Well17,POLR2A,AZD4573,3.05054479360135,6,1.9668617922232319
1558,251114,Well17,POLR2A,AZD4573,2.770342278195564,8,2.8877298169851864
1559,251114,Well17,POLR2A,AZD4573,1.792279891374711,33,18.412302765216207
1560,251114,Well17,POLR2A,AZD4573,3.674001055978057,27,7.348936374437792
1561,251114,Well17,POLR2A,AZD4573,1.274903759956049,10,7.843729318317124
1760,251114,Well17,POLR2A,AZD4573,1.2476951186855711,6,4.80886709432743
1761,251114,Well17,POLR2A,AZD4573,2.41872144779032,10,4.134415729903803
2130,251114,Well17,POLR2A,AZD4573,2.3382773573053885,17,7.270309463882702
2131,251114,Well17,POLR2A,AZD4573,1.637104963806719,18,10.995018888798096
2132,251114,Well17,POLR2A,AZD4573,4.27883179456754,67,15.658479514213216
2133,251114,Well17,POLR2A,AZD4573,1.847316683320689,16,8.661211228406604
2134,251114,Well17,POLR2A,AZD4573,1.9119320437597,16,8.368498269706782
2135,251114,Well17,POLR2A,AZD4573,2.852218123749878,8,2.80483457186725
2136,251114,Well17,POLR2A,AZD4573,3.051685326300852,4,1.3107511333249626
2137,251114,Well17,POLR2A,AZD4573,2.5460290420366825,21,8.248138435687741
2138,251114,Well17,POLR2A,AZD4573,2.4689557181093327,21,8.505620350324184
2139,251114,Well17,POLR2A,AZD4573,3.027727785668694,5,1.6514034133672015
2140,251114,Well17,POLR2A,AZD4573,3.676329775946678,12,3.2641250190646796
2141,251114,Well17,POLR2A,AZD4573,4.469158850665959,19,4.25135929038834
2142,251114,Well17,POLR2A,AZD4573,2.909397253347753,7,2.4059966345074804
2143,251114,Well17,POLR2A,AZD4573,2.043544434128138,13,6.361496125503308
2144,251114,Well17,POLR2A,AZD4573,2.846656305980348,4,1.4051573390144325
2145,251114,Well17,POLR2A,AZD4573,2.2078997497852506,5,2.2645955734567753
2146,251114,Well17,POLR2A,AZD4573,4.807010687423175,26,5.408766838822538
2147,251114,Well17,POLR2A,AZD4573,3.21904817479602,8,2.4852066715363565
2148,251114,Well17,POLR2A,AZD4573,3.38370636171781,10,2.95533918461036
2149,251114,Well17,POLR2A,AZD4573,3.634953960624262,17,4.676813017208186
2150,251114,Well17,POLR2A,AZD4573,2.376000714614266,6,2.525251765748764
2619,251114,Well17,POLR2A,AZD4573,2.8098341495324517,3,1.0676786743798352
2620,251114,Well17,POLR2A,AZD4573,2.0826550689080894,10,4.8015632301718005
2621,251114,Well17,POLR2A,AZD4573,3.182644319570318,13,4.084653732766187
2622,251114,Well17,POLR2A,AZD4573,2.5781090393124613,17,6.593980216032142
2623,251114,Well17,POLR2A,AZD4573,3.214792092233997,21,6.532304235390492
2624,251114,Well17,POLR2A,AZD4573,2.395706408646144,21,8.765681773113204
2625,251114,Well17,POLR2A,AZD4573,3.1530476548668065,21,6.660222837921902
2626,251114,Well17,POLR2A,AZD4573,4.125905103695038,35,8.482987155631632
2627,251114,Well17,POLR2A,AZD4573,2.445494843991628,5,2.044575972950658
2628,251114,Well17,POLR2A,AZD4573,3.74300804975489,22,5.87762561756731
2629,251114,Well17,POLR2A,AZD4573,3.0313410610361045,19,6.26785294608382
2630,251114,Well17,POLR2A,AZD4573,3.1133831680888613,18,5.781492038787257
2631,251114,Well17,POLR2A,AZD4573,2.9103979993097115,7,2.4051693279270605
2632,251114,Well17,POLR2A,AZD4573,1.5803642562493216,18,11.38977924160307
3193,251114,Well17,POLR2A,AZD4573,2.1363215272299683,11,5.149037661134744
3194,251114,Well17,POLR2A,AZD4573,1.8914225759869463,9,4.758323240010917
3195,251114,Well17,POLR2A,AZD4573,2.2021038951293788,7,3.1787782654045635
4047,251114,Well17,POLR2A,AZD4573,1.5245840530173171,6,3.935499645378915
4048,251114,Well17,POLR2A,AZD4573,4.2700262890927405,15,3.5128589344556644
4049,251114,Well17,POLR2A,AZD4573,1.7231458187455664,6,3.482003632384369
4558,251114,Well17,POLR2A,AZD4573,2.695965143918104,10,3.7092467692170477
4559,251114,Well17,POLR2A,AZD4573,2.634511928920796,11,4.175346438649853
4560,251114,Well17,POLR2A,AZD4573,2.559553408894008,7,2.7348520939927266
4561,251114,Well17,POLR2A,AZD4573,1.8962134487191165,7,3.691567531455105
4562,251114,Well17,POLR2A,AZD4573,2.137051171640327,9,4.211410620126569
4563,251114,Well17,POLR2A,AZD4573,2.1633490811359013,7,3.235723749365746
4564,251114,Well17,POLR2A,AZD4573,2.103843349550277,5,2.3766028022327865
4565,251114,Well17,POLR2A,AZD4573,2.356182767596178,6,2.546491758838094
4566,251114,Well17,POLR2A,AZD4573,8.519791973165173,16,1.8779801256175352
4567,251114,Well17,POLR2A,AZD4573,2.0497818877957954,6,2.927140704932278
4568,251114,Well17,POLR2A,AZD4573,3.59953496650398,12,3.3337639755323463
4569,251114,Well17,POLR2A,AZD4573,1.853746873247687,5,2.697239883264218
4570,251114,Well17,POLR2A,AZD4573,3.718130246433905,11,2.9584762423398714
4958,251114,Well17,POLR2A,AZD4573,2.450617180730246,23,9.38539082352567
4959,251114,Well17,POLR2A,AZD4573,1.5841162593638394,4,2.525067195261507
4960,251114,Well17,POLR2A,AZD4573,3.1197678214271134,18,5.769660125466016
4961,251114,Well17,POLR2A,AZD4573,2.335159689461996,11,4.710598615435298
4962,251114,Well17,POLR2A,AZD4573,3.4970532850472416,9,2.5735953290967424
4963,251114,Well17,POLR2A,AZD4573,1.941908886029712,6,3.089743315541014
4964,251114,Well17,POLR2A,AZD4573,2.8970038882760054,11,3.797026315538034
4965,251114,Well17,POLR2A,AZD4573,3.013346695548697,9,2.986712419548259
4966,251114,Well17,POLR2A,AZD4573,1.5381634873773116,3,1.950377852951921
