,EXPERIMENT,WELL,PROBE,TREATMENT,CellVolume,SPOTS_PER_CELL,SPOTS_PER_PL
0,251031,Well13,POLR2B,Vehicle,1.5045161842563488,38,25.25728895284873
1,251031,Well13,POLR2B,Vehicle,1.9557054134290728,64,32.724764967431575
2,251031,Well13,POLR2B,Vehicle,2.1799085145826167,69,31.652704477468088
3,251031,Well13,POLR2B,Vehicle,2.2637477284051557,43,18.995049430836602
4,251031,Well13,POLR2B,Vehicle,2.1188291232091934,75,35.39690821617766
5,251031,Well13,POLR2B,Vehicle,2.0411246409820265,61,29.885485077800865
6,251031,Well13,POLR2B,Vehicle,2.537275427093244,77,30.347513390855173
7,251031,Well13,POLR2B,Vehicle,1.2010878906096356,31,25.80993467868979
8,251031,Well13,POLR2B,Vehicle,1.810667142313851,60,33.13695742185172
9,251031,Well13,POLR2B,Vehicle,1.83528337499716,55,29.96812413237553
10,251031,Well13,POLR2B,Vehicle,2.0688606594896006,63,30.451543322179294
11,251031,Well13,POLR2B,Vehicle,2.9141044658354835,93,31.913749520759403
12,251031,Well13,POLR2B,Vehicle,1.6473178675708764,35,21.246658394843223
13,251031,Well13,POLR2B,Vehicle,1.077400984663735,33,30.629264748908273
14,251031,Well13,POLR2B,Vehicle,2.0428836240961146,60,29.370248648670497
15,251031,Well13,POLR2B,Vehicle,3.6001407090333344,106,29.443293628504264
16,251031,Well13,POLR2B,Vehicle,2.048279180367204,60,29.292881837154418
17,251031,Well13,POLR2B,Vehicle,1.935877935497062,42,21.69558277919829
18,251031,Well13,POLR2B,Vehicle,2.9148447001502023,94,32.2487163707748
19,251031,Well13,POLR2B,Vehicle,1.7209558265240528,61,35.4454187956738
20,251031,Well13,POLR2B,Vehicle,2.5038007394133377,79,31.552031580001206
21,251031,Well13,POLR2B,Vehicle,1.484893091478473,38,25.591067948308854
22,251031,Well13,POLR2B,Vehicle,2.384029980099525,74,31.039878112988642
23,251031,Well13,POLR2B,Vehicle,1.7658856137494672,62,35.109861883045035
24,251031,Well13,POLR2B,Vehicle,2.0990980134068526,44,20.96138423216725
25,251031,Well13,POLR2B,Vehicle,1.3856879264305175,46,33.19650775805946
26,251031,Well13,POLR2B,Vehicle,1.3314686751010816,53,39.8056679748597
27,251031,Well13,POLR2B,Vehicle,2.7417378875305225,87,31.731698495205432
28,251031,Well13,POLR2B,Vehicle,1.2675787231106868,37,29.189508568904174
29,251031,Well13,POLR2B,Vehicle,2.1527591767765517,50,23.22600713511663
30,251031,Well13,POLR2B,Vehicle,1.3542835650528653,52,38.396685407586816
31,251031,Well13,POLR2B,Vehicle,2.723751993966603,83,30.472671588255366
32,251031,Well13,POLR2B,Vehicle,1.4725367910719835,55,37.350509904720866
33,251031,Well13,POLR2B,Vehicle,2.866956093646785,87,30.34577341201465
34,251031,Well13,POLR2B,Vehicle,2.143037644574668,69,32.19728788931029
35,251031,Well13,POLR2B,Vehicle,1.261579542291115,32,25.365027671490143
36,251031,Well13,POLR2B,Vehicle,1.6891458718094372,26,15.39239472085879
37,251031,Well13,POLR2B,Vehicle,2.1389541774537024,45,21.03831885429627
38,251031,Well13,POLR2B,Vehicle,1.7837889060593846,48,26.909013637739275
39,251031,Well13,POLR2B,Vehicle,1.7995085600904035,38,21.116876486595295
40,251031,Well13,POLR2B,Vehicle,2.6120073231667407,74,28.33070158099098
41,251031,Well13,POLR2B,Vehicle,2.089240930429169,51,24.410779655519985
42,251031,Well13,POLR2B,Vehicle,2.7611311793838005,83,30.060143690283866
43,251031,Well13,POLR2B,Vehicle,1.701694908475267,66,38.784860712274536
44,251031,Well13,POLR2B,Vehicle,2.0342930936798096,46,22.612277524273125
45,251031,Well13,POLR2B,Vehicle,1.4715519299665638,56,38.05506204682319
46,251031,Well13,POLR2B,Vehicle,2.8224382537009496,90,31.887322913791515
47,251031,Well13,POLR2B,Vehicle,1.7036942824183123,43,25.239270005040787
48,251031,Well13,POLR2B,Vehicle,1.7008265363178,49,28.80952228443144
49,251031,Well13,POLR2B,Vehicle,1.453937742045657,47,32.32600588101667
50,251031,Well13,POLR2B,Vehicle,2.86238549092529,50,17.467947681581173
51,251031,Well13,POLR2B,Vehicle,2.037144954923783,56,27.489452758208447
52,251031,Well13,POLR2B,Vehicle,1.440790375783524,46,31.926920649358507
53,251031,Well13,POLR2B,Vehicle,2.230666985167417,54,24.2080061071721
54,251031,Well13,POLR2B,Vehicle,1.9398057310239447,49,25.260261487182476
55,251031,Well13,POLR2B,Vehicle,1.852486674628924,53,28.610192303065585
56,251031,Well13,POLR2B,Vehicle,1.863438753717364,46,24.685544350859317
57,251031,Well13,POLR2B,Vehicle,2.628282947176626,62,23.58954543558642
58,251031,Well13,POLR2B,Vehicle,1.02179021990148,18,17.61614042629567
59,251031,Well13,POLR2B,Vehicle,2.140083061258409,52,24.298122321207018
60,251031,Well13,POLR2B,Vehicle,2.2688234695645915,35,15.4264976845981
61,251031,Well13,POLR2B,Vehicle,1.6422453033827475,45,27.401509328300474
62,251031,Well13,POLR2B,Vehicle,2.4107271289894467,64,26.548006711497113
63,251031,Well13,POLR2B,Vehicle,1.5390784551139596,51,33.13671231673746
64,251031,Well13,POLR2B,Vehicle,2.57950055274528,69,26.749364300994433
65,251031,Well13,POLR2B,Vehicle,2.488071554468396,78,31.349580706357767
66,251031,Well13,POLR2B,Vehicle,2.115375755397609,49,23.163733381632657
67,251031,Well13,POLR2B,Vehicle,1.8519783592196757,46,24.838303196686343
68,251031,Well13,POLR2B,Vehicle,2.4458030102084853,51,20.85204727736951
69,251031,Well13,POLR2B,Vehicle,2.5485272004750525,56,21.97347549971664
70,251031,Well13,POLR2B,Vehicle,1.7563663487208476,50,28.46786493968911
71,251031,Well13,POLR2B,Vehicle,2.344821918199467,62,26.441240385371493
72,251031,Well13,POLR2B,Vehicle,2.7828288344256724,70,25.154259986833427
73,251031,Well13,POLR2B,Vehicle,1.877043603847821,38,20.24460162891389
74,251031,Well13,POLR2B,Vehicle,2.0278470188962734,60,29.588030773966914
75,251031,Well13,POLR2B,Vehicle,1.5120318393801797,51,33.729448462478274
76,251031,Well13,POLR2B,Vehicle,1.5434552625856788,50,32.39484889003995
77,251031,Well13,POLR2B,Vehicle,2.227348109141197,50,22.448219833620257
78,251031,Well13,POLR2B,Vehicle,1.90775856245168,54,28.30546855499579
79,251031,Well13,POLR2B,Vehicle,1.4678401684886118,48,32.701108084147926
80,251031,Well13,POLR2B,Vehicle,1.5706734347700804,46,29.28680079620345
81,251031,Well13,POLR2B,Vehicle,2.9599979343575997,70,23.64866515192076
82,251031,Well13,POLR2B,Vehicle,2.3211916056120137,49,21.109847149856673
83,251031,Well13,POLR2B,Vehicle,1.7152785787970053,58,33.81374939147072
84,251031,Well13,POLR2B,Vehicle,2.2256219547306237,52,23.36425550146668
85,251031,Well13,POLR2B,Vehicle,1.5900741395564095,25,15.722537319533018
86,251031,Well13,POLR2B,Vehicle,1.3157945576588077,30,22.799911905228562
87,251031,Well13,POLR2B,Vehicle,1.6762568992136724,38,22.669556210522206
88,251031,Well13,POLR2B,Vehicle,2.256093345534217,59,26.15140021435127
89,251031,Well13,POLR2B,Vehicle,1.7469498057645134,56,32.05587236405619
90,251031,Well13,POLR2B,Vehicle,1.5069963398573083,51,33.84215253291789
91,251031,Well13,POLR2B,Vehicle,1.6788609566956365,73,43.48186174016452
92,251031,Well13,POLR2B,Vehicle,2.039212104254728,47,23.048117408648434
93,251031,Well13,POLR2B,Vehicle,1.9815543109798104,43,21.70013698930007
94,251031,Well13,POLR2B,Vehicle,1.7298852338798567,43,24.857140322284767
95,251031,Well13,POLR2B,Vehicle,1.6830185531471171,28,16.636774412048
96,251031,Well13,POLR2B,Vehicle,1.0470121951141438,24,22.922369110880847
572,251031,Well13,POLR2B,Vehicle,2.0515408709098835,61,29.733748357129123
573,251031,Well13,POLR2B,Vehicle,2.151491565224737,62,28.817217321288318
574,251031,Well13,POLR2B,Vehicle,2.43285685212918,49,20.14093018136942
575,251031,Well13,POLR2B,Vehicle,1.683245177100407,48,28.516344887252725
576,251031,Well13,POLR2B,Vehicle,2.0944088037565325,78,37.242013049266774
577,251031,Well13,POLR2B,Vehicle,1.8885272961351005,64,33.88884033128722
578,251031,Well13,POLR2B,Vehicle,1.6462768799723522,33,20.045230788003416
579,251031,Well13,POLR2B,Vehicle,1.862458128573688,75,40.269361683549185
580,251031,Well13,POLR2B,Vehicle,2.037942374722042,69,33.85767961638808
581,251031,Well13,POLR2B,Vehicle,1.6048163454150608,75,46.734319608766455
582,251031,Well13,POLR2B,Vehicle,1.8618174393599476,62,33.30079452973341
583,251031,Well13,POLR2B,Vehicle,2.0824655096200573,65,31.21300194395976
584,251031,Well13,POLR2B,Vehicle,1.6776293508186442,37,22.054931252809126
585,251031,Well13,POLR2B,Vehicle,2.021883843751524,59,29.180706983902635
586,251031,Well13,POLR2B,Vehicle,1.7703789101691396,59,33.32619907585954
587,251031,Well13,POLR2B,Vehicle,1.8549911870099105,56,30.18882267050944
588,251031,Well13,POLR2B,Vehicle,1.77607627871447,54,30.404099557641402
589,251031,Well13,POLR2B,Vehicle,1.6496614134056005,57,34.5525448657539
590,251031,Well13,POLR2B,Vehicle,1.936285646814897,64,33.052974443764086
591,251031,Well13,POLR2B,Vehicle,1.920459034749848,49,25.514733255626336
592,251031,Well13,POLR2B,Vehicle,1.9448613513650987,59,30.336352747504538
593,251031,Well13,POLR2B,Vehicle,1.5069306824502806,43,28.53482280291863
594,251031,Well13,POLR2B,Vehicle,1.7771405641025844,46,25.88427777136974
595,251031,Well13,POLR2B,Vehicle,1.3582378353406466,50,36.812404056952204
596,251031,Well13,POLR2B,Vehicle,2.2717854658139016,50,22.009120470399147
597,251031,Well13,POLR2B,Vehicle,1.5494565613861224,53,34.20554103987719
598,251031,Well13,POLR2B,Vehicle,2.0806874646781224,78,37.487609900156926
599,251031,Well13,POLR2B,Vehicle,1.616007756342022,58,35.89091684268161
600,251031,Well13,POLR2B,Vehicle,1.8786606822434937,59,31.40535199232588
601,251031,Well13,POLR2B,Vehicle,1.4599919903678975,40,27.39741057752006
602,251031,Well13,POLR2B,Vehicle,1.7580745002940108,40,22.752164366931332
603,251031,Well13,POLR2B,Vehicle,1.3264299986069028,30,22.617100059187305
604,251031,Well13,POLR2B,Vehicle,1.970717661848888,64,32.47547897853439
605,251031,Well13,POLR2B,Vehicle,1.7831852815109015,61,34.20844745214272
606,251031,Well13,POLR2B,Vehicle,1.548098935647254,58,37.46530577889095
607,251031,Well13,POLR2B,Vehicle,1.5399277654435797,42,27.27400657517322
608,251031,Well13,POLR2B,Vehicle,1.5445841463903855,50,32.37117260127747
609,251031,Well13,POLR2B,Vehicle,1.185685933709397,28,23.61502249790761
610,251031,Well13,POLR2B,Vehicle,2.1345911368576505,50,23.423689500372152
611,251031,Well13,POLR2B,Vehicle,1.7707887394678463,42,23.718244341570497
612,251031,Well13,POLR2B,Vehicle,1.7664405247378971,54,30.5699508382896
613,251031,Well13,POLR2B,Vehicle,2.6521621225165246,77,29.03291595422453
614,251031,Well13,POLR2B,Vehicle,1.2890010406392158,28,21.722247785086967
615,251031,Well13,POLR2B,Vehicle,1.5093780093477265,51,33.78875250874995
616,251031,Well13,POLR2B,Vehicle,1.7537749991241147,56,31.93112002849168
617,251031,Well13,POLR2B,Vehicle,1.6089728828761058,33,20.50997897553819
618,251031,Well13,POLR2B,Vehicle,2.2206139889590863,60,27.019554185608378
619,251031,Well13,POLR2B,Vehicle,2.239143144616641,57,25.456166184390522
620,251031,Well13,POLR2B,Vehicle,1.4464072610557233,30,20.741046320593824
621,251031,Well13,POLR2B,Vehicle,1.4139777969360856,32,22.63118987394288
622,251031,Well13,POLR2B,Vehicle,1.3916193318621897,34,24.431968729913404
623,251031,Well13,POLR2B,Vehicle,1.5719632851210492,18,11.450649115264742
624,251031,Well13,POLR2B,Vehicle,1.0965973042959287,14,12.766764923782766
645,251031,Well13,POLR2B,Vehicle,1.3421094110013565,41,30.54892519486145
646,251031,Well13,POLR2B,Vehicle,1.9604052129837528,78,39.78769260732752
647,251031,Well13,POLR2B,Vehicle,1.8850559254861048,44,23.341482555035387
648,251031,Well13,POLR2B,Vehicle,1.505380320452072,56,37.19990173857392
649,251031,Well13,POLR2B,Vehicle,1.392935656974057,46,33.0237795045954
650,251031,Well13,POLR2B,Vehicle,1.615112909423657,49,30.33843622579015
651,251031,Well13,POLR2B,Vehicle,2.6213560907351754,67,25.559289803015446
652,251031,Well13,POLR2B,Vehicle,1.4178695867881468,64,45.1381428844786
653,251031,Well13,POLR2B,Vehicle,3.2097385898737154,76,23.677940702015288
654,251031,Well13,POLR2B,Vehicle,2.086967277963217,58,27.79152342848677
655,251031,Well13,POLR2B,Vehicle,1.8228105856427173,56,30.721787793576247
656,251031,Well13,POLR2B,Vehicle,1.942368487878908,50,25.741768522305804
657,251031,Well13,POLR2B,Vehicle,1.9062484420900367,47,24.65575785518731
658,251031,Well13,POLR2B,Vehicle,1.7203617328894931,47,27.319835765620944
659,251031,Well13,POLR2B,Vehicle,2.918442090661073,73,25.01334538505931
660,251031,Well13,POLR2B,Vehicle,1.9365090937968796,51,26.336049834914633
661,251031,Well13,POLR2B,Vehicle,1.9889894828305104,43,21.619018286012828
662,251031,Well13,POLR2B,Vehicle,2.038540704318345,61,29.923366195622474
663,251031,Well13,POLR2B,Vehicle,1.532211961127357,32,20.88483892036408
664,251031,Well13,POLR2B,Vehicle,1.7379070864320645,41,23.59159492477431
665,251031,Well13,POLR2B,Vehicle,1.6365765275791877,34,20.775074936637736
666,251031,Well13,POLR2B,Vehicle,1.683413556579721,59,35.047834662727425
667,251031,Well13,POLR2B,Vehicle,2.772716534752929,76,27.409942216387513
668,251031,Well13,POLR2B,Vehicle,3.063855244390617,81,26.437280334407717
669,251031,Well13,POLR2B,Vehicle,2.298909387849505,60,26.099332282133346
670,251031,Well13,POLR2B,Vehicle,2.646818456776796,55,20.779664679751818
671,251031,Well13,POLR2B,Vehicle,1.5577886981360591,37,23.751616662947683
672,251031,Well13,POLR2B,Vehicle,3.0244163225755254,90,29.757807920887693
673,251031,Well13,POLR2B,Vehicle,1.5902234572078764,52,32.699806913489944
674,251031,Well13,POLR2B,Vehicle,1.5266850900422122,46,30.130640758879828
675,251031,Well13,POLR2B,Vehicle,2.661554308692832,87,32.6876666449569
676,251031,Well13,POLR2B,Vehicle,3.137619223205669,67,21.35377024224975
677,251031,Well13,POLR2B,Vehicle,1.416001527659157,35,24.717487457700525
678,251031,Well13,POLR2B,Vehicle,2.40972320605618,78,32.36886286523213
679,251031,Well13,POLR2B,Vehicle,1.6657262983187344,55,33.01862980461621
680,251031,Well13,POLR2B,Vehicle,1.336871644305222,40,29.920598712966324
681,251031,Well13,POLR2B,Vehicle,2.331855639301879,72,30.876696990365865
682,251031,Well13,POLR2B,Vehicle,1.4854596513616984,48,32.31323042399645
683,251031,Well13,POLR2B,Vehicle,3.0435882854276928,128,42.05562250743553
684,251031,Well13,POLR2B,Vehicle,1.6161358941847703,54,33.413031784211
685,251031,Well13,POLR2B,Vehicle,1.5349769851555832,46,29.96787602997025
686,251031,Well13,POLR2B,Vehicle,2.209302912112865,67,30.326307738364683
687,251031,Well13,POLR2B,Vehicle,1.650843246732104,51,30.893302620316074
688,251031,Well13,POLR2B,Vehicle,2.029355021277045,54,26.609439666214023
689,251031,Well13,POLR2B,Vehicle,2.6425433123869264,71,26.868055356817568
690,251031,Well13,POLR2B,Vehicle,1.7033712903353522,50,29.353553323160813
691,251031,Well13,POLR2B,Vehicle,1.5497477837560047,50,32.26331440772823
692,251031,Well13,POLR2B,Vehicle,2.0084865557465097,43,21.409155006276784
693,251031,Well13,POLR2B,Vehicle,1.8955229869548869,32,16.88188442990462
694,251031,Well13,POLR2B,Vehicle,1.458831336850113,44,30.161128904047366
695,251031,Well13,POLR2B,Vehicle,1.6611292208363406,36,21.672004530673913
696,251031,Well13,POLR2B,Vehicle,1.0877494392036915,19,17.467257913650894
697,251031,Well13,POLR2B,Vehicle,1.7475311915138418,55,31.472971851423665
1100,251031,Well13,POLR2B,Vehicle,2.119294020010569,75,35.389143409004646
1101,251031,Well13,POLR2B,Vehicle,1.351973906912091,45,33.284666050086734
1102,251031,Well13,POLR2B,Vehicle,1.6430670799610332,60,36.517072693966306
1103,251031,Well13,POLR2B,Vehicle,1.56259757370564,34,21.758641234396844
1104,251031,Well13,POLR2B,Vehicle,1.406683470813365,36,25.59211133630814
1105,251031,Well13,POLR2B,Vehicle,2.8004472583083238,75,26.78143635002986
1106,251031,Well13,POLR2B,Vehicle,2.1097662830584616,70,33.179030569453985
1107,251031,Well13,POLR2B,Vehicle,1.6564590730138673,66,39.84402698215501
1108,251031,Well13,POLR2B,Vehicle,2.1493153398788905,72,33.49903974726066
1109,251031,Well13,POLR2B,Vehicle,2.0338631435628205,62,30.48386033063733
1110,251031,Well13,POLR2B,Vehicle,1.8286233841455648,50,27.34297309851082
1111,251031,Well13,POLR2B,Vehicle,1.7149460558001215,31,18.0763703296409
1112,251031,Well13,POLR2B,Vehicle,1.6608528243325615,56,33.71761734668117
1113,251031,Well13,POLR2B,Vehicle,3.763163814722041,115,30.55939248514863
1114,251031,Well13,POLR2B,Vehicle,1.3405505770796602,34,25.362713336834886
1115,251031,Well13,POLR2B,Vehicle,2.462662137948571,61,24.769942681140083
1116,251031,Well13,POLR2B,Vehicle,2.2347112696422533,64,28.63904651550154
1117,251031,Well13,POLR2B,Vehicle,1.9177501372147268,67,34.936772366659014
1118,251031,Well13,POLR2B,Vehicle,1.4295851979808956,41,28.679647815259422
1119,251031,Well13,POLR2B,Vehicle,1.8629050225376529,42,22.545432800856116
1120,251031,Well13,POLR2B,Vehicle,1.6034237729918064,41,25.570283221820183
1121,251031,Well13,POLR2B,Vehicle,1.623596481805932,41,25.252579972577642
1122,251031,Well13,POLR2B,Vehicle,1.7895932326387445,65,36.321102926924844
1123,251031,Well13,POLR2B,Vehicle,1.64269537431802,44,26.785246180088016
1124,251031,Well13,POLR2B,Vehicle,1.7718922075020906,44,24.832210341975944
1125,251031,Well13,POLR2B,Vehicle,2.639235026265066,74,28.038427522963605
1126,251031,Well13,POLR2B,Vehicle,1.70953567366293,51,29.832662041339592
1127,251031,Well13,POLR2B,Vehicle,1.8165710139941884,60,33.02926202046729
1128,251031,Well13,POLR2B,Vehicle,1.9713816488522191,49,24.85566406105528
1129,251031,Well13,POLR2B,Vehicle,2.2069286555554988,62,28.09334132479882
1130,251031,Well13,POLR2B,Vehicle,1.298076588675179,44,33.89630502843175
1131,251031,Well13,POLR2B,Vehicle,1.30193978578547,41,31.49147176208644
1132,251031,Well13,POLR2B,Vehicle,2.975472961597917,95,31.92769728580635
1133,251031,Well13,POLR2B,Vehicle,1.6001006610038424,41,25.623387952529285
1134,251031,Well13,POLR2B,Vehicle,2.7289495190261714,50,18.32206849243681
1135,251031,Well13,POLR2B,Vehicle,1.564437040092859,59,37.713246674661946
1136,251031,Well13,POLR2B,Vehicle,2.019916239521556,42,20.79294139936627
1137,251031,Well13,POLR2B,Vehicle,2.253288079869425,49,21.745998852858392
1138,251031,Well13,POLR2B,Vehicle,1.4107955306761009,55,38.985096567212786
1139,251031,Well13,POLR2B,Vehicle,1.751879406243791,70,39.95708822794325
1140,251031,Well13,POLR2B,Vehicle,1.304643388368412,37,28.36024030005029
1141,251031,Well13,POLR2B,Vehicle,1.956223259752245,48,24.537076614700503
1142,251031,Well13,POLR2B,Vehicle,2.576578798132535,57,22.12235854820847
1143,251031,Well13,POLR2B,Vehicle,1.3846543517650451,59,42.60991194285533
1144,251031,Well13,POLR2B,Vehicle,1.9605418227499884,65,33.1541001807483
1145,251031,Well13,POLR2B,Vehicle,2.0419358276559527,43,21.058448271296555
1146,251031,Well13,POLR2B,Vehicle,1.6770871477154454,46,27.42850904478156
1496,251031,Well13,POLR2B,Vehicle,1.859249387552805,39,20.97620699035586
1497,251031,Well13,POLR2B,Vehicle,2.259758511432988,76,33.63191226650403
1498,251031,Well13,POLR2B,Vehicle,1.849102141195676,59,31.907377470153765
1499,251031,Well13,POLR2B,Vehicle,1.9592000818676585,67,34.197630257411234
1500,251031,Well13,POLR2B,Vehicle,2.119327907704519,66,31.141948237489004
1501,251031,Well13,POLR2B,Vehicle,1.3804999322848723,20,14.487505237974116
1502,251031,Well13,POLR2B,Vehicle,1.985508581267592,56,28.204360599765515
1503,251031,Well13,POLR2B,Vehicle,1.8604322798697444,51,27.41298382737731
1504,251031,Well13,POLR2B,Vehicle,1.3899545988969,51,36.691845935453415
1505,251031,Well13,POLR2B,Vehicle,3.173263782288806,83,26.156035455752093
1506,251031,Well13,POLR2B,Vehicle,1.656056656648212,53,32.00373597559744
1507,251031,Well13,POLR2B,Vehicle,1.955966984066749,50,25.56280367066447
1508,251031,Well13,POLR2B,Vehicle,1.8424146165927464,58,31.480427628859026
1509,251031,Well13,POLR2B,Vehicle,1.826140051573297,54,29.570568781664207
1510,251031,Well13,POLR2B,Vehicle,1.5024850406002257,44,29.284817359926926
1511,251031,Well13,POLR2B,Vehicle,1.8547486782000813,60,32.349396284905986
1512,251031,Well13,POLR2B,Vehicle,3.1091726221155835,120,38.59547686302089
1513,251031,Well13,POLR2B,Vehicle,1.9055325645553447,45,23.61544527605632
1514,251031,Well13,POLR2B,Vehicle,3.1011348847068367,68,21.927456408084723
1515,251031,Well13,POLR2B,Vehicle,2.6371001015462205,66,25.027491357382292
1516,251031,Well13,POLR2B,Vehicle,1.25227525232099,35,27.94912694723493
1517,251031,Well13,POLR2B,Vehicle,1.612338354481507,36,22.327819653944047
1518,251031,Well13,POLR2B,Vehicle,1.85991761051788,31,16.667404956377762
1519,251031,Well13,POLR2B,Vehicle,2.570577499332092,68,26.45319972561353
1520,251031,Well13,POLR2B,Vehicle,1.7443701050625755,48,27.517096206070388
1521,251031,Well13,POLR2B,Vehicle,1.589351908079102,57,35.86367481629066
1522,251031,Well13,POLR2B,Vehicle,1.861749663972048,40,21.485165687990452
1523,251031,Well13,POLR2B,Vehicle,1.422572563314134,43,30.226929092336707
1524,251031,Well13,POLR2B,Vehicle,1.8143079514325955,54,29.763414726458684
1525,251031,Well13,POLR2B,Vehicle,1.6002287988465904,48,29.99571063500253
1526,251031,Well13,POLR2B,Vehicle,1.4548897744475626,45,30.930178210295683
1527,251031,Well13,POLR2B,Vehicle,1.572360406534525,56,35.615244295945956
1528,251031,Well13,POLR2B,Vehicle,1.451818702183351,49,33.750770620539754
1529,251031,Well13,POLR2B,Vehicle,1.375158384526016,43,31.269125421375417
1530,251031,Well13,POLR2B,Vehicle,1.6020544983581424,61,38.07610793672472
1531,251031,Well13,POLR2B,Vehicle,1.764343723674746,43,24.371668299666865
1532,251031,Well13,POLR2B,Vehicle,1.5244823899354674,52,34.10993812936154
1533,251031,Well13,POLR2B,Vehicle,2.4582895664385958,49,19.932558258784745
1534,251031,Well13,POLR2B,Vehicle,1.2873977291192105,33,25.63310409330718
1535,251031,Well13,POLR2B,Vehicle,1.99287385974952,44,22.07866784179219
1536,251031,Well13,POLR2B,Vehicle,1.9897254811834848,55,27.64200414586142
1537,251031,Well13,POLR2B,Vehicle,1.860865406958042,57,30.630909568671033
1538,251031,Well13,POLR2B,Vehicle,2.0636112438986705,68,32.95194295972687
1539,251031,Well13,POLR2B,Vehicle,2.263993414186292,43,18.99298811143174
1540,251031,Well13,POLR2B,Vehicle,1.7537749991241147,41,23.37814144943141
1541,251031,Well13,POLR2B,Vehicle,2.12045043756661,26,12.261545726028439
1542,251031,Well13,POLR2B,Vehicle,2.0313660441148853,26,12.79926878532068
1543,251031,Well13,POLR2B,Vehicle,1.8306471148686367,26,14.202628015430326
1544,251031,Well13,POLR2B,Vehicle,1.246213591065698,33,26.480211928823607
1545,251031,Well13,POLR2B,Vehicle,1.0564329740322216,15,14.198723789118016
1546,251031,Well13,POLR2B,Vehicle,2.113458982708567,52,24.604215376518844
1547,251031,Well13,POLR2B,Vehicle,2.3665841716579314,53,22.39514682584494
1548,251031,Well13,POLR2B,Vehicle,2.745173252504696,73,26.59212854175772
1549,251031,Well13,POLR2B,Vehicle,2.582511262554643,73,28.267059686619817
1550,251031,Well13,POLR2B,Vehicle,2.102133079996242,63,29.96955834980373
1551,251031,Well13,POLR2B,Vehicle,1.3902850039129115,42,30.209633191606308
1552,251031,Well13,POLR2B,Vehicle,1.4393152021062663,39,27.096219051204454
1553,251031,Well13,POLR2B,Vehicle,1.61809502649125,35,21.630373635036488
1554,251031,Well13,POLR2B,Vehicle,1.4989808412477164,51,34.02311663806777
1555,251031,Well13,POLR2B,Vehicle,1.917130627809705,43,22.429353209555106
1556,251031,Well13,POLR2B,Vehicle,3.4297893895279574,76,22.15879500707765
1557,251031,Well13,POLR2B,Vehicle,1.3323275163446249,34,25.51925077197417
1558,251031,Well13,POLR2B,Vehicle,1.5494872721087647,47,30.33261443705546
1559,251031,Well13,POLR2B,Vehicle,1.5714242589891585,57,36.272826815506896
1560,251031,Well13,POLR2B,Vehicle,1.9540269135881163,50,25.588183894656098
1561,251031,Well13,POLR2B,Vehicle,1.483120341488718,49,33.038451856721935
1562,251031,Well13,POLR2B,Vehicle,1.8845910286847296,54,28.653431528689282
1563,251031,Well13,POLR2B,Vehicle,1.2861460024239353,56,43.54093539493929
1564,251031,Well13,POLR2B,Vehicle,2.5953621114947145,76,29.28300434972069
1565,251031,Well13,POLR2B,Vehicle,1.493222051257102,31,20.760475626449505
1566,251031,Well13,POLR2B,Vehicle,1.4161444913680086,41,28.951847957543954
1567,251031,Well13,POLR2B,Vehicle,1.395037752989388,50,35.8413239303785
1568,251031,Well13,POLR2B,Vehicle,2.487428747273783,64,25.729380216476102
1569,251031,Well13,POLR2B,Vehicle,1.7218644403180852,43,24.972929920114083
1570,251031,Well13,POLR2B,Vehicle,2.096899549261852,63,30.04435764325343
1571,251031,Well13,POLR2B,Vehicle,1.682107821372213,59,35.07504052378139
1572,251031,Well13,POLR2B,Vehicle,1.9252965030611997,50,25.970025874196814
1573,251031,Well13,POLR2B,Vehicle,1.3540399972526005,44,32.495347323031595
1574,251031,Well13,POLR2B,Vehicle,1.121276017414958,21,18.7286624112539
1575,251031,Well13,POLR2B,Vehicle,2.3370754031606027,77,32.947161180964514
1576,251031,Well13,POLR2B,Vehicle,1.6276450022425115,47,28.876075517231993
1577,251031,Well13,POLR2B,Vehicle,1.544953734052527,54,34.952502984250565
1578,251031,Well13,POLR2B,Vehicle,2.1308370157622605,53,24.872854942892197
1579,251031,Well13,POLR2B,Vehicle,1.2748645773099194,23,18.0411319047958
1580,251031,Well13,POLR2B,Vehicle,1.7268099256539016,62,35.90435697578127
1581,251031,Well13,POLR2B,Vehicle,1.6265055285334455,29,17.829635061952807
1582,251031,Well13,POLR2B,Vehicle,2.592664862854388,78,30.08487564957628
1583,251031,Well13,POLR2B,Vehicle,2.630284439100543,68,25.852717291386707
1584,251031,Well13,POLR2B,Vehicle,1.901532757678818,51,26.820468800261526
1585,251031,Well13,POLR2B,Vehicle,1.7784367683961688,43,24.17853744599438
1586,251031,Well13,POLR2B,Vehicle,1.8167012698178084,37,20.36658454238358
1587,251031,Well13,POLR2B,Vehicle,1.9539877309419864,55,28.14756670630955
1588,251031,Well13,POLR2B,Vehicle,1.7224871266944148,33,19.158343472400595
1589,251031,Well13,POLR2B,Vehicle,1.3973103464649046,46,32.92038888595988
1590,251031,Well13,POLR2B,Vehicle,2.214012242581468,45,20.325090861977994
1591,251031,Well13,POLR2B,Vehicle,1.8672394703919344,38,20.350897998114714
1592,251031,Well13,POLR2B,Vehicle,1.4056064775400194,35,24.90028365638597
1910,251031,Well13,POLR2B,Vehicle,1.5655722778401815,33,21.078554128159354
1911,251031,Well13,POLR2B,Vehicle,2.492946087445004,66,26.474700087735453
1912,251031,Well13,POLR2B,Vehicle,2.251537568678825,44,19.542201121617826
1913,251031,Well13,POLR2B,Vehicle,1.8025415086989212,43,23.855206547247562
1914,251031,Well13,POLR2B,Vehicle,3.2932929352689877,85,25.81003320102693
1915,251031,Well13,POLR2B,Vehicle,1.382004757694336,32,23.15476833335011
1916,251031,Well13,POLR2B,Vehicle,1.4297525184697732,37,25.878604529125177
1917,251031,Well13,POLR2B,Vehicle,1.403283052523578,35,24.941511220461297
1918,251031,Well13,POLR2B,Vehicle,1.880921626824215,61,32.430910001813096
1919,251031,Well13,POLR2B,Vehicle,1.905654348455477,54,28.336723311741565
1920,251031,Well13,POLR2B,Vehicle,2.81982784227637,71,25.178842103595812
1921,251031,Well13,POLR2B,Vehicle,1.813956366607865,44,24.256371768346824
1922,251031,Well13,POLR2B,Vehicle,2.506414327809225,50,19.948816700111735
1923,251031,Well13,POLR2B,Vehicle,2.331623720396409,75,32.16642520142527
1924,251031,Well13,POLR2B,Vehicle,1.911279705651164,43,22.498015268440316
1925,251031,Well13,POLR2B,Vehicle,1.741936545040797,42,24.11109642287018
1926,251031,Well13,POLR2B,Vehicle,2.460380013559131,80,32.515302335054244
1927,251031,Well13,POLR2B,Vehicle,1.3540887108126534,22,16.247089148831872
1928,251031,Well13,POLR2B,Vehicle,2.8876095841188256,72,24.934118655092117
1929,251031,Well13,POLR2B,Vehicle,2.436128073585784,70,28.73412147702302
1930,251031,Well13,POLR2B,Vehicle,3.368419834775088,80,23.750008586842817
1931,251031,Well13,POLR2B,Vehicle,3.0832961908135115,63,20.432678569027708
1932,251031,Well13,POLR2B,Vehicle,3.0964753267887226,77,24.866983222454667
1933,251031,Well13,POLR2B,Vehicle,1.325235457395168,34,25.65581822480746
1934,251031,Well13,POLR2B,Vehicle,2.431787271788886,48,19.738568647367725
1935,251031,Well13,POLR2B,Vehicle,1.5775282798618877,35,22.18660701478153
1936,251031,Well13,POLR2B,Vehicle,1.5326938017757077,39,25.44539552180378
1937,251031,Well13,POLR2B,Vehicle,2.452754223429963,69,28.131640480271813
1938,251031,Well13,POLR2B,Vehicle,1.6134619433340345,38,23.551841527465687
1939,251031,Well13,POLR2B,Vehicle,1.7179737094564598,46,26.775729888528787
1940,251031,Well13,POLR2B,Vehicle,2.2510186633652167,70,31.097032263318397
1941,251031,Well13,POLR2B,Vehicle,1.8194811197121377,46,25.28193313007706
1942,251031,Well13,POLR2B,Vehicle,2.109139360720388,49,23.232224912470354
1943,251031,Well13,POLR2B,Vehicle,1.878427704347588,54,28.747446534683206
1944,251031,Well13,POLR2B,Vehicle,1.0515647949982283,19,18.068311235193082
1945,251031,Well13,POLR2B,Vehicle,2.203212658115803,61,27.686841656114787
1946,251031,Well13,POLR2B,Vehicle,2.416192578629307,76,31.454446417973188
1947,251031,Well13,POLR2B,Vehicle,1.7376328079091572,42,24.170814345141984
1948,251031,Well13,POLR2B,Vehicle,1.7570165688485118,51,29.026476417023
1949,251031,Well13,POLR2B,Vehicle,1.5753308747073225,38,24.12191661453975
1950,251031,Well13,POLR2B,Vehicle,2.3753780282379355,52,21.891252416178066
1951,251031,Well13,POLR2B,Vehicle,1.3731706594777662,36,26.216697648995243
1952,251031,Well13,POLR2B,Vehicle,1.8298359281947103,35,19.127397959952887
1953,251031,Well13,POLR2B,Vehicle,1.254685514553178,45,35.86556111315713
1954,251031,Well13,POLR2B,Vehicle,2.1960475288262664,48,21.85745042852275
1955,251031,Well13,POLR2B,Vehicle,1.3486910365606926,27,20.019410871783435
1956,251031,Well13,POLR2B,Vehicle,2.539903841355234,61,24.016657247721554
1957,251031,Well13,POLR2B,Vehicle,2.162168306799834,40,18.499947425093335
1958,251031,Well13,POLR2B,Vehicle,1.4470881919060294,29,20.040243685357357
1959,251031,Well13,POLR2B,Vehicle,1.6941877252749236,53,31.28342816401851
1960,251031,Well13,POLR2B,Vehicle,1.7565262562766737,34,19.356385865856705
1961,251031,Well13,POLR2B,Vehicle,2.203507057456992,47,21.329634430234787
1962,251031,Well13,POLR2B,Vehicle,1.5484028659023672,20,12.916535121720111
1963,251031,Well13,POLR2B,Vehicle,1.793769890918072,52,28.989225576412036
1964,251031,Well13,POLR2B,Vehicle,1.8429483477724573,51,27.67304903669324
1965,251031,Well13,POLR2B,Vehicle,3.013087242891893,79,26.218955387490734
1966,251031,Well13,POLR2B,Vehicle,2.127925851053875,53,24.90688290372113
1967,251031,Well13,POLR2B,Vehicle,1.7203278451955435,46,26.739089370939844
1968,251031,Well13,POLR2B,Vehicle,2.204519452313746,71,32.206565437870005
1969,251031,Well13,POLR2B,Vehicle,2.7061960505196723,80,29.5617902422988
1970,251031,Well13,POLR2B,Vehicle,1.9186238043243729,51,26.581552821898413
1971,251031,Well13,POLR2B,Vehicle,1.5873387672603896,38,23.939439257559833
1972,251031,Well13,POLR2B,Vehicle,2.098568518188885,58,27.637887206111046
1973,251031,Well13,POLR2B,Vehicle,1.640966042936138,49,29.86045945979819
1974,251031,Well13,POLR2B,Vehicle,1.9793569058252456,57,28.79723198592889
1975,251031,Well13,POLR2B,Vehicle,1.9938957855201973,62,31.094904984627625
1976,251031,Well13,POLR2B,Vehicle,1.9627169891053988,37,18.85141882674817
1977,251031,Well13,POLR2B,Vehicle,1.4341452107980317,35,24.40478114522602
1978,251031,Well13,POLR2B,Vehicle,1.9914590485271109,47,23.600786586478563
1979,251031,Well13,POLR2B,Vehicle,1.6920803343074131,56,33.09535538271084
1980,251031,Well13,POLR2B,Vehicle,2.295960099485426,64,27.8750488801368
1981,251031,Well13,POLR2B,Vehicle,2.141035093660314,66,30.826211207573614
1982,251031,Well13,POLR2B,Vehicle,1.896845666009369,42,22.142022807981338
1983,251031,Well13,POLR2B,Vehicle,2.695000403630967,64,23.7476773338412
1984,251031,Well13,POLR2B,Vehicle,1.2715054596471336,50,39.32346465415566
1985,251031,Well13,POLR2B,Vehicle,1.3205271859170011,37,28.019112665451445
1986,251031,Well13,POLR2B,Vehicle,1.7602507256398572,75,42.607566585571064
1987,251031,Well13,POLR2B,Vehicle,1.6482264813649086,51,30.9423495961347
1988,251031,Well13,POLR2B,Vehicle,1.5185128608481018,43,28.317178674393414
1989,251031,Well13,POLR2B,Vehicle,1.7839837602995965,68,38.11693890564357
1990,251031,Well13,POLR2B,Vehicle,2.45664177732028,54,21.981226770027305
1991,251031,Well13,POLR2B,Vehicle,2.0550418932910843,49,23.843796158105594
1992,251031,Well13,POLR2B,Vehicle,1.467121113982612,54,36.8067772219656
1993,251031,Well13,POLR2B,Vehicle,2.908670785908701,111,38.161761220193355
1994,251031,Well13,POLR2B,Vehicle,2.697174510995941,67,24.840810161467832
1995,251031,Well13,POLR2B,Vehicle,1.6225194885325864,36,22.187715004001927
1996,251031,Well13,POLR2B,Vehicle,2.4711044097038446,44,17.805803683249987
1997,251031,Well13,POLR2B,Vehicle,1.3434776266445845,52,38.70551989010275
1998,251031,Well13,POLR2B,Vehicle,1.995092444712804,59,29.57256449762814
1999,251031,Well13,POLR2B,Vehicle,2.171364579745493,59,27.171853382132365
2000,251031,Well13,POLR2B,Vehicle,2.3181141794051863,77,33.216655453855914
2001,251031,Well13,POLR2B,Vehicle,1.705506215054197,57,33.42116229004107
2002,251031,Well13,POLR2B,Vehicle,1.8507742870940171,44,23.773833636454047
2003,251031,Well13,POLR2B,Vehicle,2.1801351385359067,50,22.934358112120535
2004,251031,Well13,POLR2B,Vehicle,1.889475092575262,44,23.286890720549355
2005,251031,Well13,POLR2B,Vehicle,1.6189125671077915,56,34.5911206928517
2006,251031,Well13,POLR2B,Vehicle,2.144672725807751,44,20.51595074182156
2007,251031,Well13,POLR2B,Vehicle,1.8113734889346196,47,25.947161249248268
2008,251031,Well13,POLR2B,Vehicle,1.81801124098706,24,13.201238506627487
2009,251031,Well13,POLR2B,Vehicle,1.175191338489281,35,29.782384241354958
2010,251031,Well13,POLR2B,Vehicle,1.3210069085844796,51,38.606913914363155
2011,251031,Well13,POLR2B,Vehicle,1.1569502282303006,25,21.608535432194532
2661,251031,Well13,POLR2B,Vehicle,2.6167717211380124,58,22.164715221997387
2662,251031,Well13,POLR2B,Vehicle,2.3820094263477607,41,17.212358417432316
2663,251031,Well13,POLR2B,Vehicle,3.234369648423128,96,29.681208530633924
2664,251031,Well13,POLR2B,Vehicle,2.0239234593311344,64,31.621749184700246
2665,251031,Well13,POLR2B,Vehicle,2.1115009093925234,33,15.62869324526792
2666,251031,Well13,POLR2B,Vehicle,2.9403684876371075,55,18.705138567240677
2667,251031,Well13,POLR2B,Vehicle,2.371898185665453,53,22.344972613202817
2668,251031,Well13,POLR2B,Vehicle,1.9097314616338268,44,23.039888530902044
2669,251031,Well13,POLR2B,Vehicle,2.033041366984534,40,19.67495627466211
2670,251031,Well13,POLR2B,Vehicle,1.8489634134485684,57,30.828084312218618
2671,251031,Well13,POLR2B,Vehicle,1.649992877412048,67,40.60623589181002
2672,251031,Well13,POLR2B,Vehicle,2.935725873565969,60,20.437875531995488
2673,251031,Well13,POLR2B,Vehicle,1.61926203395165,51,31.495828921239827
2674,251031,Well13,POLR2B,Vehicle,2.003847118646678,67,33.43568447739129
2675,251031,Well13,POLR2B,Vehicle,1.9346865712566352,36,18.607665207815522
2676,251031,Well13,POLR2B,Vehicle,1.8997663616316784,50,26.31902586013567
2677,251031,Well13,POLR2B,Vehicle,1.339820932669301,42,31.347472618093946
2678,251031,Well13,POLR2B,Vehicle,1.4618441646403475,44,30.098967498922956
2679,251031,Well13,POLR2B,Vehicle,1.394188442659768,41,29.407789324219404
2680,251031,Well13,POLR2B,Vehicle,1.425228511327459,55,38.590302932385875
2681,251031,Well13,POLR2B,Vehicle,3.868581017667191,111,28.692691065039284
2682,251031,Well13,POLR2B,Vehicle,2.4533345501888557,50,20.380424673899874
2683,251031,Well13,POLR2B,Vehicle,3.4008725966843163,102,29.992302593000687
2684,251031,Well13,POLR2B,Vehicle,2.64098977341741,56,21.204171467705706
2685,251031,Well13,POLR2B,Vehicle,3.244960611772913,94,28.9679941442008
2686,251031,Well13,POLR2B,Vehicle,2.2772329126163515,52,22.83473056792259
2687,251031,Well13,POLR2B,Vehicle,2.8475776276596108,91,31.956986568542394
2688,251031,Well13,POLR2B,Vehicle,2.621500113434462,41,15.639900143389793
3140,251031,Well13,POLR2B,Vehicle,2.4452216244591574,53,21.674926914537952
3141,251031,Well13,POLR2B,Vehicle,2.635336882470389,63,23.905862062289064
3142,251031,Well13,POLR2B,Vehicle,3.003255575684672,74,24.639927616926084
3143,251031,Well13,POLR2B,Vehicle,3.969060148209576,94,23.683188586195385
3144,251031,Well13,POLR2B,Vehicle,2.901593552825348,103,35.49773533915753
3145,251031,Well13,POLR2B,Vehicle,3.1711775711300136,66,20.812457996945795
3146,251031,Well13,POLR2B,Vehicle,3.647566536716248,96,26.31891674453862
3147,251031,Well13,POLR2B,Vehicle,3.2756130899410523,103,31.44449517444491
3148,251031,Well13,POLR2B,Vehicle,3.8053730555175385,67,17.60668376595941
3149,251031,Well13,POLR2B,Vehicle,2.4451644389756164,65,26.583079225228413
3150,251031,Well13,POLR2B,Vehicle,2.2783215547844926,73,32.04113126468011
3151,251031,Well13,POLR2B,Vehicle,2.575787732276892,49,19.023306690216273
3152,251031,Well13,POLR2B,Vehicle,2.627076757070096,86,32.73600581656143
3153,251031,Well13,POLR2B,Vehicle,2.8776285992601385,77,26.75814384795777
3154,251031,Well13,POLR2B,Vehicle,2.4396079161582658,74,30.33274302394064
3155,251031,Well13,POLR2B,Vehicle,1.8182971684047624,66,36.29769717889593
3156,251031,Well13,POLR2B,Vehicle,2.41004619813914,79,32.77945462663661
3157,251031,Well13,POLR2B,Vehicle,1.7821972434341742,53,29.738571415289908
3158,251031,Well13,POLR2B,Vehicle,1.2552838441494814,34,27.085507519645272
3159,251031,Well13,POLR2B,Vehicle,2.383535431565943,66,27.689959681714946
3160,251031,Well13,POLR2B,Vehicle,2.354811374981642,60,25.479747820764523
3161,251031,Well13,POLR2B,Vehicle,1.8028412029922911,77,42.71036177351514
3162,251031,Well13,POLR2B,Vehicle,2.383780058356644,39,16.36056978632762
3163,251031,Well13,POLR2B,Vehicle,1.6912267880160496,47,27.790477500143506
3164,251031,Well13,POLR2B,Vehicle,2.112244320678549,74,35.03382599993349
3165,251031,Well13,POLR2B,Vehicle,1.5109760259155522,44,29.120250252375044
3166,251031,Well13,POLR2B,Vehicle,2.5615379569709504,67,26.156161308352544
3167,251031,Well13,POLR2B,Vehicle,1.7492435790487486,51,29.155459314439312
3168,251031,Well13,POLR2B,Vehicle,2.176607641393807,73,33.53842861327726
3169,251031,Well13,POLR2B,Vehicle,3.1562098003085084,88,27.881543233088724
3170,251031,Well13,POLR2B,Vehicle,1.8146150586590168,54,29.758377537054873
3171,251031,Well13,POLR2B,Vehicle,2.414082010690489,67,27.753820998333147
3172,251031,Well13,POLR2B,Vehicle,2.0256718525408632,59,29.126139026908266
3173,251031,Well13,POLR2B,Vehicle,1.8748229009036652,49,26.135801934349097
3174,251031,Well13,POLR2B,Vehicle,1.6973699915349083,28,16.496108768059454
3175,251031,Well13,POLR2B,Vehicle,2.981324942746894,78,26.16286432975447
3218,251031,Well13,POLR2B,Vehicle,2.728530158813541,81,29.686312881079385
3219,251031,Well13,POLR2B,Vehicle,2.094396095871301,51,24.350694742287143
3220,251031,Well13,POLR2B,Vehicle,4.263843902927752,63,14.775400186845793
3221,251031,Well13,POLR2B,Vehicle,1.6957656210244667,39,22.998461294691683
3222,251031,Well13,POLR2B,Vehicle,3.144147899243209,63,20.03722535290531
3223,251031,Well13,POLR2B,Vehicle,1.672593851295773,38,22.719203451908584
3224,251031,Well13,POLR2B,Vehicle,1.5047205694104842,48,31.899610449802868
3225,251031,Well13,POLR2B,Vehicle,2.714702920691538,99,36.46807878881308
3226,251031,Well13,POLR2B,Vehicle,1.995431321652303,70,35.08013492643635
3227,251031,Well13,POLR2B,Vehicle,3.279312143533773,83,25.310185907023644
3228,251031,Well13,POLR2B,Vehicle,1.5482779050309268,58,37.460975068840405
3229,251031,Well13,POLR2B,Vehicle,3.417283771470001,118,34.53034863102409
3230,251031,Well13,POLR2B,Vehicle,3.289277243535921,102,31.00985184524963
3231,251031,Well13,POLR2B,Vehicle,1.75698056317369,53,30.165387774275892
3232,251031,Well13,POLR2B,Vehicle,1.162677248507837,44,37.84369226839947
3233,251031,Well13,POLR2B,Vehicle,2.3312318939351133,90,38.60619796517979
3234,251031,Well13,POLR2B,Vehicle,2.7300614589839034,56,20.512358729404774
3235,251031,Well13,POLR2B,Vehicle,1.847161011726607,44,23.82033819502916
3236,251031,Well13,POLR2B,Vehicle,2.3686862676732625,58,24.486146937885884
3237,251031,Well13,POLR2B,Vehicle,2.6409855374556663,70,26.505256847198876
3238,251031,Well13,POLR2B,Vehicle,1.8152218601788075,27,14.87421487825206
3239,251031,Well13,POLR2B,Vehicle,2.707070776619754,50,18.470148779203196
3240,251031,Well13,POLR2B,Vehicle,2.1020102371056737,82,39.01027623581342
3241,251031,Well13,POLR2B,Vehicle,3.850742323773866,123,31.941893187871262
3242,251031,Well13,POLR2B,Vehicle,1.3606798672859126,45,33.07170267004795
3243,251031,Well13,POLR2B,Vehicle,2.2461134196659653,54,24.04152859210053
3244,251031,Well13,POLR2B,Vehicle,3.809111291756389,77,20.214688966069865
3245,251031,Well13,POLR2B,Vehicle,1.5406457609591433,54,35.05023761359769
3246,251031,Well13,POLR2B,Vehicle,2.664362751328932,47,17.640240607836645
3247,251031,Well13,POLR2B,Vehicle,1.7192677957691724,67,38.970077939501735
3248,251031,Well13,POLR2B,Vehicle,1.853796645798176,71,38.299778004739046
3249,251031,Well13,POLR2B,Vehicle,1.564632953323507,50,31.956376665717514
3250,251031,Well13,POLR2B,Vehicle,1.788699444710815,42,23.480747491812565
3251,251031,Well13,POLR2B,Vehicle,2.2776247390776474,51,22.39174835300265
3252,251031,Well13,POLR2B,Vehicle,1.6751714340168389,56,33.42941436490439
3253,251031,Well13,POLR2B,Vehicle,2.6562413536757457,49,18.44711887050214
3254,251031,Well13,POLR2B,Vehicle,1.6857984030414466,48,28.47315545761606
3255,251031,Well13,POLR2B,Vehicle,2.0698984701168164,67,32.3687373884666
3256,251031,Well13,POLR2B,Vehicle,1.4206049590841667,64,45.051229471463635
3257,251031,Well13,POLR2B,Vehicle,1.6559316957767716,59,35.62948891579977
3258,251031,Well13,POLR2B,Vehicle,2.1785445349011323,61,28.000345654062258
3259,251031,Well13,POLR2B,Vehicle,1.788652849131634,56,31.308478907568464
3260,251031,Well13,POLR2B,Vehicle,1.8394420304390768,46,25.007583407790104
3261,251031,Well13,POLR2B,Vehicle,2.477324919524527,69,27.852624198057626
3262,251031,Well13,POLR2B,Vehicle,1.5330888052083111,49,31.96161881394864
3263,251031,Well13,POLR2B,Vehicle,1.655424439357959,57,34.432257157026704
3264,251031,Well13,POLR2B,Vehicle,2.4395443767321097,72,29.513707840989372
3265,251031,Well13,POLR2B,Vehicle,2.040749758367706,68,33.321086880534445
3266,251031,Well13,POLR2B,Vehicle,1.923026027566555,43,22.360591787940216
3267,251031,Well13,POLR2B,Vehicle,1.8338293811286213,45,24.538815040854548
3268,251031,Well13,POLR2B,Vehicle,2.7026505505401617,71,26.27050692358643
3269,251031,Well13,POLR2B,Vehicle,2.5712351323928075,66,25.668597620078405
3270,251031,Well13,POLR2B,Vehicle,2.0909098993562028,38,18.173906016562604
3271,251031,Well13,POLR2B,Vehicle,2.24171225541422,60,26.765254931843735
3272,251031,Well13,POLR2B,Vehicle,1.8161813055137648,39,21.473627044612492
3273,251031,Well13,POLR2B,Vehicle,1.234223701350042,32,25.92722856075212
3274,251031,Well13,POLR2B,Vehicle,1.7963527685913174,37,20.597290602900365
3275,251031,Well13,POLR2B,Vehicle,1.9703480741867463,45,22.8386043001938
3276,251031,Well13,POLR2B,Vehicle,2.26598431620585,60,26.4785592604911
3277,251031,Well13,POLR2B,Vehicle,2.3986334582110684,62,25.848051017449073
3278,251031,Well13,POLR2B,Vehicle,1.7105957230893007,51,29.81417485827396
3279,251031,Well13,POLR2B,Vehicle,2.16044215238926,43,19.903333191516264
3280,251031,Well13,POLR2B,Vehicle,2.245747008975132,72,32.060601533588546
3281,251031,Well13,POLR2B,Vehicle,1.5352766794489527,34,22.145845406968213
3282,251031,Well13,POLR2B,Vehicle,1.6409829867831132,55,33.51649617514852
3283,251031,Well13,POLR2B,Vehicle,1.3932289973248109,39,27.99252676687415
3284,251031,Well13,POLR2B,Vehicle,0.9672797462021616,18,18.60888752263608
3285,251031,Well13,POLR2B,Vehicle,1.793961568186976,37,20.624745064852842
3286,251031,Well13,POLR2B,Vehicle,1.6453587352643966,42,25.526348205913237
3287,251031,Well13,POLR2B,Vehicle,1.7979507851591434,46,25.58468250616124
3288,251031,Well13,POLR2B,Vehicle,2.2702732274713866,67,29.511866320435846
3289,251031,Well13,POLR2B,Vehicle,1.7435091458381609,50,28.677796224558026
3290,251031,Well13,POLR2B,Vehicle,1.5068321963397386,39,25.882112218424385
3854,251031,Well13,POLR2B,Vehicle,2.1526871654269075,59,27.407605223631965
3855,251031,Well13,POLR2B,Vehicle,2.3853558361253158,56,23.476581209352958
3856,251031,Well13,POLR2B,Vehicle,2.0822102929249966,61,29.295792172033646
3857,251031,Well13,POLR2B,Vehicle,2.8291098934473404,76,26.86357294781226
3858,251031,Well13,POLR2B,Vehicle,2.608706449977931,57,21.849909559767525
3859,251031,Well13,POLR2B,Vehicle,1.5573470991242744,34,21.83199880047219
3860,251031,Well13,POLR2B,Vehicle,3.7161043977299615,72,19.375128439336173
3861,251031,Well13,POLR2B,Vehicle,2.381992482500786,59,24.76917976586458
3862,251031,Well13,POLR2B,Vehicle,2.264078133421167,53,23.40908611661454
3863,251031,Well13,POLR2B,Vehicle,1.7432168644778423,51,29.256256659309212
3864,251031,Well13,POLR2B,Vehicle,2.7174287620736344,68,25.023655062850697
3865,251031,Well13,POLR2B,Vehicle,2.3287189096306395,40,17.176826208855083
3866,251031,Well13,POLR2B,Vehicle,2.6463355571380096,54,20.405575496404758
3867,251031,Well13,POLR2B,Vehicle,2.1613232324319576,51,23.596655620369162
3868,251031,Well13,POLR2B,Vehicle,3.2151966265805245,82,25.503883439691805
3869,251031,Well13,POLR2B,Vehicle,2.3601942233675,54,22.87947299648644
3870,251031,Well13,POLR2B,Vehicle,2.6763875877289736,68,25.407381319422736
3871,251031,Well13,POLR2B,Vehicle,2.5578992658330777,67,26.193369260059146
3872,251031,Well13,POLR2B,Vehicle,2.273926744475362,39,17.15094828571447
3873,251031,Well13,POLR2B,Vehicle,3.237181268030535,68,21.00592903818773
3874,251031,Well13,POLR2B,Vehicle,3.366132415433469,100,29.707684564489316
3875,251031,Well13,POLR2B,Vehicle,2.311228623590737,51,22.066185698568464
3876,251031,Well13,POLR2B,Vehicle,2.577662145348497,71,27.54433901592673
3877,251031,Well13,POLR2B,Vehicle,2.2510493740878585,56,24.87728640900718
3878,251031,Well13,POLR2B,Vehicle,1.3291844327307696,33,24.827254357924197
3879,251031,Well13,POLR2B,Vehicle,2.124336932466492,47,22.124550621746227
3880,251031,Well13,POLR2B,Vehicle,1.814734724578277,38,20.93969960751743
3881,251031,Well13,POLR2B,Vehicle,1.887340167856417,72,38.148925787859106
3882,251031,Well13,POLR2B,Vehicle,1.7169740224849372,62,36.110039632555896
3883,251031,Well13,POLR2B,Vehicle,2.421461056048084,71,29.32114056621447
3884,251031,Well13,POLR2B,Vehicle,1.8852327768889063,68,36.06981632910954
3885,251031,Well13,POLR2B,Vehicle,2.0111107340467567,59,29.33702207500042
3886,251031,Well13,POLR2B,Vehicle,2.026860039809982,42,20.72170706169603
3887,251031,Well13,POLR2B,Vehicle,2.0766103514997725,51,24.55925347919349
3888,251031,Well13,POLR2B,Vehicle,2.0416837879322003,31,15.183546141293766
3889,251031,Well13,POLR2B,Vehicle,2.104777379114772,49,23.28037182754617
3890,251031,Well13,POLR2B,Vehicle,1.6944535318743434,60,35.40964616104294
3904,251031,Well13,POLR2B,Vehicle,1.9562857401879656,48,24.53629294225087
3905,251031,Well13,POLR2B,Vehicle,2.4307325173146945,79,32.5004908755957
3906,251031,Well13,POLR2B,Vehicle,1.9825984755496424,73,36.82036524302379
3907,251031,Well13,POLR2B,Vehicle,1.8882784333826557,61,32.30455790925113
3908,251031,Well13,POLR2B,Vehicle,1.9269442921795144,49,25.42886174699811
3909,251031,Well13,POLR2B,Vehicle,2.8277882733832933,48,16.974396722626846
3910,251031,Well13,POLR2B,Vehicle,3.2304873894849897,91,28.169124044934716
3911,251031,Well13,POLR2B,Vehicle,1.465311299327599,31,21.155914114785887
3912,251031,Well13,POLR2B,Vehicle,2.431753384094936,59,24.262328731973355
3913,251031,Well13,POLR2B,Vehicle,2.522610527536416,65,25.766958192899903
3914,251031,Well13,POLR2B,Vehicle,1.7680650160666216,24,13.574161460075894
3915,251031,Well13,POLR2B,Vehicle,6.073853412180887,133,21.897136953169372
3916,251031,Well13,POLR2B,Vehicle,3.128527790313168,69,22.055102151767382
3917,251031,Well13,POLR2B,Vehicle,2.667483596143632,78,29.241042049054855
3918,251031,Well13,POLR2B,Vehicle,2.459406801348506,85,34.56117953052502
3919,251031,Well13,POLR2B,Vehicle,1.989320946836958,56,28.150309324918442
3920,251031,Well13,POLR2B,Vehicle,1.964636938765749,47,23.922995171579633
3921,251031,Well13,POLR2B,Vehicle,1.9042797788696333,33,17.329386346573802
3922,251031,Well13,POLR2B,Vehicle,2.6445755150334858,36,13.612770667864316
3923,251031,Well13,POLR2B,Vehicle,2.5491805975740247,82,32.1671991690337
3924,251031,Well13,POLR2B,Vehicle,2.418212073390635,81,33.49582151677371
3925,251031,Well13,POLR2B,Vehicle,1.6638222335149235,35,21.03590112872841
3926,251031,Well13,POLR2B,Vehicle,4.051739767504765,104,25.66798609182338
3927,251031,Well13,POLR2B,Vehicle,1.5955650049667327,42,26.322963883803464
3928,251031,Well13,POLR2B,Vehicle,2.235790380896471,50,22.363456085696107
3929,251031,Well13,POLR2B,Vehicle,3.124047201778726,59,18.88575818137684
3930,251031,Well13,POLR2B,Vehicle,2.63222345058874,74,28.113114782655966
3931,251031,Well13,POLR2B,Vehicle,3.841856335025935,45,11.713087652377355
3932,251031,Well13,POLR2B,Vehicle,3.328361403554975,86,25.838540222268122
3933,251031,Well13,POLR2B,Vehicle,2.4694301458246315,60,24.297103565148163
3934,251031,Well13,POLR2B,Vehicle,2.5536728350032614,52,20.362827722970078
3935,251031,Well13,POLR2B,Vehicle,2.6644601784490374,78,29.274222460101928
4423,251031,Well13,POLR2B,Vehicle,2.627805342490019,47,17.885647479300882
4424,251031,Well13,POLR2B,Vehicle,2.2886583604296544,72,31.45947916249208
4425,251031,Well13,POLR2B,Vehicle,1.8219951630070477,43,23.600501731866384
4426,251031,Well13,POLR2B,Vehicle,3.041953204194609,99,32.54487934380021
4427,251031,Well13,POLR2B,Vehicle,2.288895574287304,77,33.64067844116286
4428,251031,Well13,POLR2B,Vehicle,2.4992015439500723,79,31.610095708863014
4429,251031,Well13,POLR2B,Vehicle,2.485041782831185,60,24.14446324988651
4430,251031,Well13,POLR2B,Vehicle,1.665172446320741,45,27.024228090867787
4431,251031,Well13,POLR2B,Vehicle,1.4142383085833254,30,21.212832248938074
4432,251031,Well13,POLR2B,Vehicle,1.6910848832976342,32,18.922763910939615
4433,251031,Well13,POLR2B,Vehicle,2.0396971218743865,70,34.31882079417422
4434,251031,Well13,POLR2B,Vehicle,2.651580736767196,56,21.11947760952402
4435,251031,Well13,POLR2B,Vehicle,1.6562716317067068,39,23.546862273920862
4436,251031,Well13,POLR2B,Vehicle,3.6242369774126,87,24.005052799309684
4437,251031,Well13,POLR2B,Vehicle,2.278026096452867,47,20.631897094236137
4438,251031,Well13,POLR2B,Vehicle,1.761311834056664,34,19.303793537621896
4439,251031,Well13,POLR2B,Vehicle,2.3485347386678552,69,29.380021024998097
4440,251031,Well13,POLR2B,Vehicle,1.79086825712361,55,30.711360135634905
4441,251031,Well13,POLR2B,Vehicle,3.669164646657142,68,18.53282873581392
4442,251031,Well13,POLR2B,Vehicle,1.740553503531466,70,40.2170917802726
4443,251031,Well13,POLR2B,Vehicle,1.465608875640097,54,36.84475503494463
4444,251031,Well13,POLR2B,Vehicle,1.938003329301984,48,24.76775930890082
4445,251031,Well13,POLR2B,Vehicle,3.374155326976112,121,35.86082686609426
4446,251031,Well13,POLR2B,Vehicle,1.6279764662489595,52,31.941493675159712
4447,251031,Well13,POLR2B,Vehicle,1.7265557679492771,48,27.801013376481997
4448,251031,Well13,POLR2B,Vehicle,2.5828173107906283,74,28.650884323424254
4449,251031,Well13,POLR2B,Vehicle,1.6194102926126812,44,27.170384306383806
4450,251031,Well13,POLR2B,Vehicle,2.491444439006848,69,27.69477774407248
4451,251031,Well13,POLR2B,Vehicle,1.3855915583008478,45,32.47710317691567
4452,251031,Well13,POLR2B,Vehicle,1.8842023791947415,62,32.90517021133216
4453,251031,Well13,POLR2B,Vehicle,2.1799275764104635,61,27.982581008697775
4454,251031,Well13,POLR2B,Vehicle,1.6084253848207275,41,25.49076903842188
4455,251031,Well13,POLR2B,Vehicle,1.8585906955016536,53,28.516230135164175
4456,251031,Well13,POLR2B,Vehicle,1.7963125269547515,57,31.731672047419735
4457,251031,Well13,POLR2B,Vehicle,1.9215455589371175,46,23.939062899681865
4458,251031,Well13,POLR2B,Vehicle,1.7495316244473231,69,39.43912704167156
4459,251031,Well13,POLR2B,Vehicle,3.530671995426434,102,28.889684494093157
4460,251031,Well13,POLR2B,Vehicle,2.5634007211477603,49,19.11523219750843
4461,251031,Well13,POLR2B,Vehicle,1.4813751252502971,33,22.27659924721919
4462,251031,Well13,POLR2B,Vehicle,1.6241175051004122,46,28.323073826580064
4463,251031,Well13,POLR2B,Vehicle,1.6217252457056353,50,30.8313631624106
4464,251031,Well13,POLR2B,Vehicle,1.7600675202944402,59,33.521441262736296
4465,251031,Well13,POLR2B,Vehicle,1.8595035452574296,32,17.208894321075316
4466,251031,Well13,POLR2B,Vehicle,1.3306744322741304,34,25.550953092180333
4467,251031,Well13,POLR2B,Vehicle,1.9986347677210063,72,36.024590967212994
4468,251031,Well13,POLR2B,Vehicle,1.486754796664847,33,22.195993632592973
4469,251031,Well13,POLR2B,Vehicle,1.9945756573800677,24,12.0326345662539
4836,251031,Well13,POLR2B,Vehicle,1.1826752239000335,38,32.13054542115949
4837,251031,Well13,POLR2B,Vehicle,3.0779048705041663,75,24.367224834897144
4838,251031,Well13,POLR2B,Vehicle,2.648954440486077,80,30.2005949129575
4839,251031,Well13,POLR2B,Vehicle,1.8600256275423452,59,31.719993061577753
4840,251031,Well13,POLR2B,Vehicle,3.527728002014535,119,33.732759422507684
4841,251031,Well13,POLR2B,Vehicle,1.7577737470102053,58,32.996282996405036
4842,251031,Well13,POLR2B,Vehicle,3.4200742112686897,93,27.192392402941834
4843,251031,Well13,POLR2B,Vehicle,2.76142557872499,70,25.349225609882456
4844,251031,Well13,POLR2B,Vehicle,3.134705940516412,37,11.803339994916593
4845,251031,Well13,POLR2B,Vehicle,1.6859805493964275,53,31.435712599990392
4846,251031,Well13,POLR2B,Vehicle,1.958714005257565,69,35.22719489154146
4847,251031,Well13,POLR2B,Vehicle,2.525930462553072,60,23.75362302703903
4848,251031,Well13,POLR2B,Vehicle,2.2399998678793125,50,22.321429888001187
4849,251031,Well13,POLR2B,Vehicle,2.5039246412943426,74,29.55360508044184
4850,251031,Well13,POLR2B,Vehicle,2.1918687525660667,76,34.673608951733634
4851,251031,Well13,POLR2B,Vehicle,1.7943735154665548,87,48.484888597666995
4852,251031,Well13,POLR2B,Vehicle,1.7841066031901651,67,37.55380977806884
4853,251031,Well13,POLR2B,Vehicle,1.8749499797559772,67,35.73428663345994
4854,251031,Well13,POLR2B,Vehicle,2.448099960464029,64,26.14272335018094
4855,251031,Well13,POLR2B,Vehicle,2.6587744587985025,79,29.712937755427372
4856,251031,Well13,POLR2B,Vehicle,2.407448494599792,77,31.984069512897424
4857,251031,Well13,POLR2B,Vehicle,2.5267024665808684,68,26.912547440545122
4858,251031,Well13,POLR2B,Vehicle,2.0341543659327024,66,32.445915170129
4859,251031,Well13,POLR2B,Vehicle,2.19016165998334,54,24.655714227236892
4860,251031,Well13,POLR2B,Vehicle,2.510054077937534,65,25.8958564165316
4861,251031,Well13,POLR2B,Vehicle,2.185946878048318,59,26.99059185403309
5278,251031,Well13,POLR2B,Vehicle,1.6615570529724584,36,21.66642423478475
5279,251031,Well13,POLR2B,Vehicle,3.558431311723598,69,19.39056678505295
5280,251031,Well13,POLR2B,Vehicle,2.212268085333483,56,25.313387817353256
5281,251031,Well13,POLR2B,Vehicle,1.7521896904415195,50,28.53572319981002
5282,251031,Well13,POLR2B,Vehicle,1.4746854826664957,27,18.308988809721757
5283,251031,Well13,POLR2B,Vehicle,3.355444024963577,128,38.14696327750228
5284,251031,Well13,POLR2B,Vehicle,2.683556952980253,59,21.985745424361838
5285,251031,Well13,POLR2B,Vehicle,1.4549755526728734,51,35.05213534777961
5286,251031,Well13,POLR2B,Vehicle,2.3735756265159744,82,34.54703489703539
5287,251031,Well13,POLR2B,Vehicle,2.242680172672664,72,32.10444399398939
5288,251031,Well13,POLR2B,Vehicle,1.9509304255534423,77,39.46834750816731
5289,251031,Well13,POLR2B,Vehicle,2.8192708133070683,55,19.508590569021553
5290,251031,Well13,POLR2B,Vehicle,1.7492340481348254,55,31.442333322202046
5291,251031,Well13,POLR2B,Vehicle,2.2485893393051817,58,25.793949560359522
5292,251031,Well13,POLR2B,Vehicle,3.8032349538273857,110,28.922746381814118
5293,251031,Well13,POLR2B,Vehicle,1.4127588989443245,26,18.403706406966073
5294,251031,Well13,POLR2B,Vehicle,1.5164986610389533,35,23.079479658769696
5295,251031,Well13,POLR2B,Vehicle,2.2422481045748026,39,17.393258096831158
5296,251031,Well13,POLR2B,Vehicle,3.0282361010779426,74,24.4366679248222
5297,251031,Well13,POLR2B,Vehicle,1.5558782793896324,49,31.493466197897302
5298,251031,Well13,POLR2B,Vehicle,2.068449771200457,44,21.271969284738258
5299,251031,Well13,POLR2B,Vehicle,1.9367537205875804,41,21.169444294425443
5300,251031,Well13,POLR2B,Vehicle,2.073276649607449,62,29.9043545451298
5301,251031,Well13,POLR2B,Vehicle,4.504034582692606,121,26.864802607191276
5302,251031,Well13,POLR2B,Vehicle,1.7523570109303976,32,18.261119053023275
5303,251031,Well13,POLR2B,Vehicle,2.332145802681325,58,24.869800135701627
5304,251031,Well13,POLR2B,Vehicle,2.437298258017492,48,19.69393767960241
5305,251031,Well13,POLR2B,Vehicle,2.2240662977802343,56,25.179105522120324
5306,251031,Well13,POLR2B,Vehicle,1.9732020534115915,69,34.96854256800596
5307,251031,Well13,POLR2B,Vehicle,1.4922340131803746,31,20.77422155385012
5308,251031,Well13,POLR2B,Vehicle,3.388404043291618,81,23.90505942181372
5309,251031,Well13,POLR2B,Vehicle,2.5558374114543123,39,15.259186607573906
5310,251031,Well13,POLR2B,Vehicle,3.914298693776941,83,21.20430925007222
5311,251031,Well13,POLR2B,Vehicle,2.7958787735677,25,8.94173246578162
5320,251031,Well13,POLR2B,Vehicle,2.4094224527723744,51,21.16689829187797
5321,251031,Well13,POLR2B,Vehicle,1.68681609285038,47,27.863144179861038
5322,251031,Well13,POLR2B,Vehicle,1.7956061803339831,71,39.54096437048016
5323,251031,Well13,POLR2B,Vehicle,1.4403042991734298,42,29.160504501793962
5324,251031,Well13,POLR2B,Vehicle,1.707916477286385,37,21.663822846177627
5325,251031,Well13,POLR2B,Vehicle,2.547247940028443,68,26.695477472538734
5326,251031,Well13,POLR2B,Vehicle,2.480211727452886,82,33.06169352090432
5327,251031,Well13,POLR2B,Vehicle,2.6405894750326264,65,24.61571577656799
5328,251031,Well13,POLR2B,Vehicle,2.94242081110195,90,30.58705935616823
5329,251031,Well13,POLR2B,Vehicle,1.9687034620397397,45,22.857683174578398
5330,251031,Well13,POLR2B,Vehicle,1.467002507053787,56,38.173077231112586
5331,251031,Well13,POLR2B,Vehicle,2.6484694228664187,69,26.052783318646668
5332,251031,Well13,POLR2B,Vehicle,2.1660950433362807,66,30.46957713284129
5333,251031,Well13,POLR2B,Vehicle,1.5967214225227735,38,23.79876631201021
5334,251031,Well13,POLR2B,Vehicle,1.4343792476843735,44,30.675290423388734
5335,251031,Well13,POLR2B,Vehicle,2.450729433716455,59,24.074465009598523
5336,251031,Well13,POLR2B,Vehicle,1.6760609859830242,51,30.428487045826714
5337,251031,Well13,POLR2B,Vehicle,1.767209351794386,47,26.595603940346525
5338,251031,Well13,POLR2B,Vehicle,2.800879326406185,61,21.778874735838496
5339,251031,Well13,POLR2B,Vehicle,1.510166957222498,34,22.514066962856123
5340,251031,Well13,POLR2B,Vehicle,1.354727282045522,48,35.431485462907425
5341,251031,Well13,POLR2B,Vehicle,3.1566694021577044,77,24.392798291568813
5342,251031,Well13,POLR2B,Vehicle,1.5720607122411552,36,22.899878942129288
5343,251031,Well13,POLR2B,Vehicle,2.5225162773876173,69,27.35363914934106
5344,251031,Well13,POLR2B,Vehicle,2.865546577376556,65,22.68328161655928
5345,251031,Well13,POLR2B,Vehicle,1.9130588095835344,42,21.95436951002214
5346,251031,Well13,POLR2B,Vehicle,2.213500750200911,52,23.492198950138217
5347,251031,Well13,POLR2B,Vehicle,2.1393862455515635,61,28.51285041531776
5348,251031,Well13,POLR2B,Vehicle,2.453409738509807,60,24.455760103260946
5349,251031,Well13,POLR2B,Vehicle,2.1713433999367746,66,30.39592908331395
5350,251031,Well13,POLR2B,Vehicle,2.2523191036205445,56,24.86326200847005
5351,251031,Well13,POLR2B,Vehicle,1.89371423129031,78,41.18889677818683
5352,251031,Well13,POLR2B,Vehicle,2.724035803403433,77,28.266882507122542
5353,251031,Well13,POLR2B,Vehicle,1.4806550117538613,42,28.36582435921402
5354,251031,Well13,POLR2B,Vehicle,2.167797899957264,48,22.142285496699795
5355,251031,Well13,POLR2B,Vehicle,1.6715295659076586,57,34.100503612120306
5356,251031,Well13,POLR2B,Vehicle,1.6713728353231398,42,25.12904309102272
5357,251031,Well13,POLR2B,Vehicle,2.0084018365116347,59,29.376591341141314
5358,251031,Well13,POLR2B,Vehicle,2.1895961590905504,52,23.74867154571472
5359,251031,Well13,POLR2B,Vehicle,2.662251124399677,56,21.034830067966517
5360,251031,Well13,POLR2B,Vehicle,2.1262431152511745,44,20.69377658857334
5534,251031,Well13,POLR2B,Vehicle,2.658566896673059,93,34.981252537365364
5535,251031,Well13,POLR2B,Vehicle,2.50627242309081,66,26.33392898231184
5536,251031,Well13,POLR2B,Vehicle,2.126926164082352,52,24.448427443382858
5537,251031,Well13,POLR2B,Vehicle,1.7383349185681822,57,32.78999886106487
5538,251031,Well13,POLR2B,Vehicle,1.889522747144879,69,36.517157628433374
5539,251031,Well13,POLR2B,Vehicle,1.6293912774713686,51,31.30003253678039
5540,251031,Well13,POLR2B,Vehicle,3.3102198383969723,117,35.34508452969068
5541,251031,Well13,POLR2B,Vehicle,3.092524233472249,75,24.252033076484867
5542,251031,Well13,POLR2B,Vehicle,2.839841702525105,85,29.93124578895382
5543,251031,Well13,POLR2B,Vehicle,3.930086123195861,115,29.261445269928206
5544,251031,Well13,POLR2B,Vehicle,2.816615924284179,67,23.787410779844798
5545,251031,Well13,POLR2B,Vehicle,1.8311713151344244,64,34.950307200122246
5546,251031,Well13,POLR2B,Vehicle,1.6033210509195208,62,38.66973490084371
5547,251031,Well13,POLR2B,Vehicle,2.901668741146299,95,32.73978130338559
5548,251031,Well13,POLR2B,Vehicle,3.1011698313912226,89,28.698847479782657
5549,251031,Well13,POLR2B,Vehicle,1.603969153066313,39,24.31468206570156
5550,251031,Well13,POLR2B,Vehicle,3.4381289392109458,101,29.376443346298586
5551,251031,Well13,POLR2B,Vehicle,1.4095798096556476,39,27.667819681332894
5552,251031,Well13,POLR2B,Vehicle,2.7501949851519,77,27.998014837390556
5553,251031,Well13,POLR2B,Vehicle,2.551089957330016,71,27.831241229262247
5554,251031,Well13,POLR2B,Vehicle,1.684214153349288,51,30.281184787919987
5555,251031,Well13,POLR2B,Vehicle,1.6787349368337603,53,31.57139274170501
5556,251031,Well13,POLR2B,Vehicle,2.174276803444314,52,23.915998145970097
5557,251031,Well13,POLR2B,Vehicle,2.426392774508233,57,23.49166243769104
5558,251031,Well13,POLR2B,Vehicle,2.9402477627274117,79,26.868484010585075
5559,251031,Well13,POLR2B,Vehicle,2.4600962041223,75,30.486612626906638
5560,251031,Well13,POLR2B,Vehicle,2.9180989777598305,93,31.870063595784657
5561,251031,Well13,POLR2B,Vehicle,2.674682613127118,100,37.38761358420935
5562,251031,Well13,POLR2B,Vehicle,2.132200995443745,74,34.705921326427024
5563,251031,Well13,POLR2B,Vehicle,1.76616624621499,42,23.7803208446593
5564,251031,Well13,POLR2B,Vehicle,2.0052047443855474,58,28.92472709452564
5565,251031,Well13,POLR2B,Vehicle,1.6164017007841898,56,34.64485342525429
5566,251031,Well13,POLR2B,Vehicle,1.2206209692004568,22,18.023613025762334
5567,251031,Well13,POLR2B,Vehicle,3.2367661437796484,96,29.65923262157535
6348,251031,Well13,POLR2B,Vehicle,1.9332166925315573,27,13.96635985210916
6349,251031,Well13,POLR2B,Vehicle,2.103672852090092,58,27.57082687185626
6350,251031,Well13,POLR2B,Vehicle,2.4875240564130165,54,21.708332774022466
6351,251031,Well13,POLR2B,Vehicle,2.6364583533420443,62,23.516396502682152
6352,251031,Well13,POLR2B,Vehicle,3.030913228899987,67,22.10554870431457
6353,251031,Well13,POLR2B,Vehicle,2.0988110269987144,67,31.92283590000456
6354,251031,Well13,POLR2B,Vehicle,2.9860279192728814,90,30.14037458226969
6355,251031,Well13,POLR2B,Vehicle,2.641093554480132,46,17.41702785271253
6356,251031,Well13,POLR2B,Vehicle,2.104385552653476,64,30.41267790462669
6357,251031,Well13,POLR2B,Vehicle,2.6197623101290928,58,22.13941309703855
6358,251031,Well13,POLR2B,Vehicle,2.576161555900777,62,24.066813611897555
6359,251031,Well13,POLR2B,Vehicle,2.703359015141802,87,32.182185019712044
6360,251031,Well13,POLR2B,Vehicle,1.8963288786766332,47,24.784730395921244
6361,251031,Well13,POLR2B,Vehicle,2.1016364134817884,53,25.218443904002743
6362,251031,Well13,POLR2B,Vehicle,3.368441014583807,104,30.874817029518294
6363,251031,Well13,POLR2B,Vehicle,3.024711780907151,89,29.424291121485872
6364,251031,Well13,POLR2B,Vehicle,1.459788664204198,35,23.976073289403303
6365,251031,Well13,POLR2B,Vehicle,2.0715653210629785,42,20.274523604425188
6366,251031,Well13,POLR2B,Vehicle,1.4624636740453698,25,17.094441690197105
6367,251031,Well13,POLR2B,Vehicle,2.009718161623502,51,25.376692599922016
6368,251031,Well13,POLR2B,Vehicle,3.244318863568737,60,18.493866516560658
6369,251031,Well13,POLR2B,Vehicle,2.36515453456942,76,32.133206895859736
6370,251031,Well13,POLR2B,Vehicle,2.0636461905830563,66,31.982226556652407
6371,251031,Well13,POLR2B,Vehicle,1.6741855139209834,46,27.47604707931493
6372,251031,Well13,POLR2B,Vehicle,2.178864350012785,46,21.111915480066525
6373,251031,Well13,POLR2B,Vehicle,1.846822134787108,54,29.239415633398195
6374,251031,Well13,POLR2B,Vehicle,1.61545072737272,45,27.856002809312244
6375,251031,Well13,POLR2B,Vehicle,3.171995111746556,67,21.122352853535336
6376,251031,Well13,POLR2B,Vehicle,1.972221428267916,42,21.29578322089629
6377,251031,Well13,POLR2B,Vehicle,1.6369577641361244,37,22.60290449187374
6378,251031,Well13,POLR2B,Vehicle,3.232995078837284,93,28.765895936175244
6379,251031,Well13,POLR2B,Vehicle,2.345593922227264,24,10.231950114029434
6380,251031,Well13,POLR2B,Vehicle,1.88807404822852,58,30.719134164477463
6381,251031,Well13,POLR2B,Vehicle,1.7213127063009628,49,28.4666463104773
6382,251031,Well13,POLR2B,Vehicle,2.0685006027413824,64,30.940285883978397
6383,251031,Well13,POLR2B,Vehicle,3.0131603132319724,66,21.903912549945662
6384,251031,Well13,POLR2B,Vehicle,2.190725042895257,58,26.47525310768682
6385,251031,Well13,POLR2B,Vehicle,1.9685837961204788,51,25.906948995773792
6386,251031,Well13,POLR2B,Vehicle,3.714950098154792,91,24.49561840553377
6387,251031,Well13,POLR2B,Vehicle,2.108571741846727,47,22.289969588057037
6388,251031,Well13,POLR2B,Vehicle,1.7971819581026545,51,28.377760955180307
6389,251031,Well13,POLR2B,Vehicle,1.6046786766583894,42,26.17346426479694
6390,251031,Well13,POLR2B,Vehicle,1.6463192395897897,52,31.585611556697074
6391,251031,Well13,POLR2B,Vehicle,2.0134574568527888,62,30.7928035871746
6392,251031,Well13,POLR2B,Vehicle,3.514432377091371,68,19.34878600688241
6393,251031,Well13,POLR2B,Vehicle,2.202849424396277,56,25.42161955320556
6394,251031,Well13,POLR2B,Vehicle,1.691576254859908,43,25.420077798125128
6395,251031,Well13,POLR2B,Vehicle,4.129320347850928,132,31.96651964013844
6396,251031,Well13,POLR2B,Vehicle,2.045245172768249,67,32.75890875679965
6397,251031,Well13,POLR2B,Vehicle,2.7795999725865066,77,27.701827874299855
6398,251031,Well13,POLR2B,Vehicle,2.0297500247096485,47,23.155560747793686
6399,251031,Well13,POLR2B,Vehicle,1.7113772580310207,41,23.957312630864017
6400,251031,Well13,POLR2B,Vehicle,1.4691914402848647,45,30.629092142869315
6401,251031,Well13,POLR2B,Vehicle,1.5374221940721573,53,34.473289252849504
6402,251031,Well13,POLR2B,Vehicle,1.5571151802188044,56,35.96394198156294
6403,251031,Well13,POLR2B,Vehicle,2.241461274680903,47,20.968463979682618
6404,251031,Well13,POLR2B,Vehicle,1.8650230034095228,40,21.447456640949955
6405,251031,Well13,POLR2B,Vehicle,2.9785472108334368,70,23.501390122472856
6406,251031,Well13,POLR2B,Vehicle,1.5858402957935416,45,28.37612344658096
6407,251031,Well13,POLR2B,Vehicle,3.4115175685463357,65,19.05310428393802
6408,251031,Well13,POLR2B,Vehicle,4.036976381837396,129,31.954608548214182
6409,251031,Well13,POLR2B,Vehicle,1.3343353622111576,45,33.724655191202814
6410,251031,Well13,POLR2B,Vehicle,1.6332099969833502,41,25.103936466057508
6411,251031,Well13,POLR2B,Vehicle,2.1825348108637352,53,24.2836905675861
6412,251031,Well13,POLR2B,Vehicle,1.750167018708884,52,29.711450075411047
6413,251031,Well13,POLR2B,Vehicle,2.763046893082407,48,17.372126444966714
6414,251031,Well13,POLR2B,Vehicle,1.6696731556734643,33,19.764347224405974
6846,251031,Well13,POLR2B,Vehicle,1.961834850072265,39,19.87934917078439
6847,251031,Well13,POLR2B,Vehicle,1.90437191103756,63,33.08177338410525
6848,251031,Well13,POLR2B,Vehicle,1.7515786529599855,37,21.12380162744839
6849,251031,Well13,POLR2B,Vehicle,2.408578437394934,62,25.7413248567723
6850,251031,Well13,POLR2B,Vehicle,1.6838901022758916,60,35.6317790091562
6851,251031,Well13,POLR2B,Vehicle,1.789106097038214,49,27.38797888013312
6852,251031,Well13,POLR2B,Vehicle,1.6518514056271143,59,35.71749843782168
6853,251031,Well13,POLR2B,Vehicle,2.016472402623896,65,32.23451008574182
6854,251031,Well13,POLR2B,Vehicle,1.7317744728175648,48,27.717234982627325
6855,251031,Well13,POLR2B,Vehicle,4.65977712913426,56,12.017742146909125
6856,251031,Well13,POLR2B,Vehicle,1.9967910653720435,50,25.040176144159563
6857,251031,Well13,POLR2B,Vehicle,1.7317501160375384,41,23.67547120124533
6858,251031,Well13,POLR2B,Vehicle,2.160908108181071,72,33.31932520749598
6859,251031,Well13,POLR2B,Vehicle,1.6038103045009229,42,26.187635708619325
6860,251031,Well13,POLR2B,Vehicle,1.329574141211194,49,36.85390568393784
6861,251031,Well13,POLR2B,Vehicle,3.174643646826829,55,17.32477913071424
6862,251031,Well13,POLR2B,Vehicle,2.3452126856703277,58,24.73123241844565
6863,251031,Well13,POLR2B,Vehicle,1.6263424440063117,58,35.66284592384094
6864,251031,Well13,POLR2B,Vehicle,4.602576819727666,121,26.28962095349873
6865,251031,Well13,POLR2B,Vehicle,2.05443085580955,68,33.099191344263836
6866,251031,Well13,POLR2B,Vehicle,1.530972942317313,51,33.312149803774666
6867,251031,Well13,POLR2B,Vehicle,1.522174849775565,43,28.24905430958873
6868,251031,Well13,POLR2B,Vehicle,2.5633933082147085,59,23.016366552462806
6869,251031,Well13,POLR2B,Vehicle,1.9276898214464129,42,21.787737597994855
6870,251031,Well13,POLR2B,Vehicle,3.1367116684020733,70,22.316364205594937
6871,251031,Well13,POLR2B,Vehicle,1.561017559975225,29,18.577625738214156
6872,251031,Well13,POLR2B,Vehicle,1.746848142682664,47,26.905601495400344
6873,251031,Well13,POLR2B,Vehicle,1.5225751481603484,64,42.03405006138975
6874,251031,Well13,POLR2B,Vehicle,1.8121931475320328,61,33.66087112903717
6875,251031,Well13,POLR2B,Vehicle,1.7433757130432328,47,26.959191669566685
6876,251031,Well13,POLR2B,Vehicle,1.4913190454437268,50,33.527366362523054
6877,251031,Well13,POLR2B,Vehicle,1.6111289874036694,53,32.896186720226154
6878,251031,Well13,POLR2B,Vehicle,1.625783297056138,43,26.44878937916362
6879,251031,Well13,POLR2B,Vehicle,1.7316315091087136,38,21.944622629071322
6880,251031,Well13,POLR2B,Vehicle,1.620308316502354,32,19.749327750829643
6881,251031,Well13,POLR2B,Vehicle,1.9915469447332932,45,22.595500507283486
6882,251031,Well13,POLR2B,Vehicle,2.0662513070554565,72,34.845712984740814
6883,251031,Well13,POLR2B,Vehicle,1.3813217088631575,48,34.74932717846338
6884,251031,Well13,POLR2B,Vehicle,2.7481881982758027,43,15.646672242817267
6885,251031,Well13,POLR2B,Vehicle,1.5888901882490345,55,34.61535630766925
6886,251031,Well13,POLR2B,Vehicle,2.1241897327958963,75,35.30758050566588
6887,251031,Well13,POLR2B,Vehicle,1.6476493315773242,38,23.063159904068858
6888,251031,Well13,POLR2B,Vehicle,1.5852049015319805,29,18.294164982693214
6889,251031,Well13,POLR2B,Vehicle,2.139791838888527,30,14.02005534126297
6890,251031,Well13,POLR2B,Vehicle,1.6576303164360116,45,27.147186893126
6891,251031,Well13,POLR2B,Vehicle,2.118013700573524,61,28.800569129218655
6892,251031,Well13,POLR2B,Vehicle,2.3921503187622744,53,22.1557983143061
6893,251031,Well13,POLR2B,Vehicle,1.3472878742330785,35,25.97811549363433
6894,251031,Well13,POLR2B,Vehicle,2.910069712274572,76,26.116212845154422
6895,251031,Well13,POLR2B,Vehicle,2.041788627985358,43,21.05996644835283
6896,251031,Well13,POLR2B,Vehicle,2.531877752841283,58,22.90789906223244
6897,251031,Well13,POLR2B,Vehicle,1.3270653928684637,36,27.127525285084616
6898,251031,Well13,POLR2B,Vehicle,2.101704188869689,79,37.58854381999721
6899,251031,Well13,POLR2B,Vehicle,1.464362443897001,44,30.047205992872914
6900,251031,Well13,POLR2B,Vehicle,1.5409560451568722,49,31.798441074295347
6901,251031,Well13,POLR2B,Vehicle,2.0585450336531577,50,24.288999843383777
6902,251031,Well13,POLR2B,Vehicle,1.4734782335695298,38,25.789318860818362
6903,251031,Well13,POLR2B,Vehicle,1.9076674892741892,58,30.40362134706572
6904,251031,Well13,POLR2B,Vehicle,2.568896881510262,74,28.806138748743848
6905,251031,Well13,POLR2B,Vehicle,2.559802271646453,58,22.658000050408063
6906,251031,Well13,POLR2B,Vehicle,1.6306970126788765,55,33.727908723918674
6907,251031,Well13,POLR2B,Vehicle,1.7636384360444133,51,28.917491792924203
6908,251031,Well13,POLR2B,Vehicle,3.93653643394114,73,18.544220592139833
6909,251031,Well13,POLR2B,Vehicle,2.1214352986720297,53,24.98308575952177
6910,251031,Well13,POLR2B,Vehicle,3.118497032903991,92,29.501390903786824
6911,251031,Well13,POLR2B,Vehicle,2.545922084002653,42,16.496969904895266
6912,251031,Well13,POLR2B,Vehicle,1.3624060216964868,50,36.69977907007436
6913,251031,Well13,POLR2B,Vehicle,1.9939296732141472,41,20.562410274936823
6914,251031,Well13,POLR2B,Vehicle,1.5809339931038546,49,30.994336394651167
6915,251031,Well13,POLR2B,Vehicle,2.1603553151735126,75,34.716511433664905
6916,251031,Well13,POLR2B,Vehicle,1.6106873883918844,37,22.971558768421797
6917,251031,Well13,POLR2B,Vehicle,2.238936641481634,38,16.972342716609077
6918,251031,Well13,POLR2B,Vehicle,3.2062481573968733,80,24.95128139580791
6919,251031,Well13,POLR2B,Vehicle,2.801278565800532,59,21.06181110308083
6920,251031,Well13,POLR2B,Vehicle,1.6245993457487626,45,27.69913709355824
6921,251031,Well13,POLR2B,Vehicle,2.194667664288243,54,24.605092096033978
6922,251031,Well13,POLR2B,Vehicle,1.7214133103923768,49,28.464982641984452
6923,251031,Well13,POLR2B,Vehicle,1.5118655778817376,42,27.78024753949743
6924,251031,Well13,POLR2B,Vehicle,2.758408514973011,77,27.914647008241776
6925,251031,Well13,POLR2B,Vehicle,1.902626694799139,60,31.535350662329595
6926,251031,Well13,POLR2B,Vehicle,1.337052731669767,41,30.664459993883337
6927,251031,Well13,POLR2B,Vehicle,3.2777914332677707,105,32.033764849803454
6928,251031,Well13,POLR2B,Vehicle,1.9520667222912005,38,19.466547718921326
6929,251031,Well13,POLR2B,Vehicle,1.7804922688323188,40,22.465697099731173
6930,251031,Well13,POLR2B,Vehicle,1.2420856463464234,36,28.983508589680163
6931,251031,Well13,POLR2B,Vehicle,1.7659968077452404,44,24.915107324671542
6932,251031,Well13,POLR2B,Vehicle,1.8178693362686449,49,26.954632559333064
6933,251031,Well13,POLR2B,Vehicle,3.60351041660048,38,10.545272694354765
6934,251031,Well13,POLR2B,Vehicle,2.6826959937558383,51,19.01072656711981
6935,251031,Well13,POLR2B,Vehicle,2.1072787145244507,64,30.370923200086928
6936,251031,Well13,POLR2B,Vehicle,1.4815170299687124,45,30.374271162411368
6937,251031,Well13,POLR2B,Vehicle,1.4237692225067409,43,30.201523758388742
7075,251031,Well13,POLR2B,Vehicle,2.464889194835342,40,16.227909994417438
7076,251031,Well13,POLR2B,Vehicle,1.74212080937665,50,28.700650225222066
7077,251031,Well13,POLR2B,Vehicle,2.34777544252529,72,30.667328184741596
7078,251031,Well13,POLR2B,Vehicle,3.678015688720687,113,30.7230880897369
7079,251031,Well13,POLR2B,Vehicle,2.466767843868691,74,29.998769516933557
7080,251031,Well13,POLR2B,Vehicle,1.2627476087419514,46,36.42849899817179
7081,251031,Well13,POLR2B,Vehicle,1.8004309407601031,56,31.103664535090697
7082,251031,Well13,POLR2B,Vehicle,2.4385531616840743,70,28.705546017974743
7083,251031,Well13,POLR2B,Vehicle,2.6700516479507743,80,29.961967238123965
7084,251031,Well13,POLR2B,Vehicle,1.5708216934311112,47,29.92064611568926
7085,251031,Well13,POLR2B,Vehicle,1.8604989962672085,39,20.962118269478896
7086,251031,Well13,POLR2B,Vehicle,1.4216321798070235,30,21.10250487159927
7087,251031,Well13,POLR2B,Vehicle,2.561590906492748,76,29.669062225106384
7088,251031,Well13,POLR2B,Vehicle,1.794404226189197,37,20.619657187598946
7089,251031,Well13,POLR2B,Vehicle,2.6074060097226037,58,22.244330105755374
7090,251031,Well13,POLR2B,Vehicle,2.054347195565111,62,30.17990344273087
7091,251031,Well13,POLR2B,Vehicle,1.6073272117386628,37,23.019581656915214
7092,251031,Well13,POLR2B,Vehicle,1.897397400026492,53,27.932999169947212
7093,251031,Well13,POLR2B,Vehicle,1.6479511438515655,63,38.229288674637154
7094,251031,Well13,POLR2B,Vehicle,2.470153436292375,55,22.265823325757985
7095,251031,Well13,POLR2B,Vehicle,1.7338278552728428,61,35.182270151266415
7096,251031,Well13,POLR2B,Vehicle,1.3268631256952002,38,28.638975086514805
7097,251031,Well13,POLR2B,Vehicle,1.8605466508368256,54,29.02372804020378
7098,251031,Well13,POLR2B,Vehicle,2.469146336387801,84,34.01985486323443
7099,251031,Well13,POLR2B,Vehicle,1.5030431285599632,50,33.265845170992556
7100,251031,Well13,POLR2B,Vehicle,1.6312010921263815,43,26.360943606251865
7101,251031,Well13,POLR2B,Vehicle,1.8862377588126087,54,28.628416405995992
7102,251031,Well13,POLR2B,Vehicle,2.016427925025586,56,27.77188279580557
7103,251031,Well13,POLR2B,Vehicle,2.642242559103121,76,28.76344555807826
7104,251031,Well13,POLR2B,Vehicle,1.6064185979446306,54,33.615148672389346
7105,251031,Well13,POLR2B,Vehicle,1.6637428092322282,29,17.43057871629973
7106,251031,Well13,POLR2B,Vehicle,1.8367627846361612,53,28.85511424955107
7107,251031,Well13,POLR2B,Vehicle,1.7091184314311714,49,28.669751082707986
7108,251031,Well13,POLR2B,Vehicle,1.4435638717352377,46,31.865579972367723
7109,251031,Well13,POLR2B,Vehicle,1.4444290669213964,35,24.23102719373941
7110,251031,Well13,POLR2B,Vehicle,1.4477913615554905,42,29.009704792599177
7111,251031,Well13,POLR2B,Vehicle,2.4101838668958115,67,27.798709019777995
7112,251031,Well13,POLR2B,Vehicle,2.358546434249185,57,24.167427519036853
7113,251031,Well13,POLR2B,Vehicle,2.4366660407272382,53,21.75103157927289
7114,251031,Well13,POLR2B,Vehicle,1.4839251742200286,42,28.303313893219567
7115,251031,Well13,POLR2B,Vehicle,1.3019249599193667,30,23.042802714111893
7116,251031,Well13,POLR2B,Vehicle,2.354720301804152,91,38.64577883423231
7117,251031,Well13,POLR2B,Vehicle,1.9844771245829915,32,16.125154381270242
7118,251031,Well13,POLR2B,Vehicle,2.080926796516644,33,15.858318541161644
7119,251031,Well13,POLR2B,Vehicle,3.023395455795284,60,19.845237210035233
7120,251031,Well13,POLR2B,Vehicle,1.5589588825677674,34,21.80942703504692
7121,251031,Well13,POLR2B,Vehicle,1.8082515851294831,47,25.99195841248743
7122,251031,Well13,POLR2B,Vehicle,1.7086937762663614,43,25.165422030130284
7123,251031,Well13,POLR2B,Vehicle,3.195322553069332,100,31.295745058333146
7124,251031,Well13,POLR2B,Vehicle,1.5553371352768697,36,23.146107158041684
7125,251031,Well13,POLR2B,Vehicle,1.8668847085958964,36,19.283461819704968
338,251031,Well16,POLR2B,Triptolide,2.6682439512766334,24,8.99467981123581
339,251031,Well16,POLR2B,Triptolide,2.6419841654367526,13,4.92054425233504
340,251031,Well16,POLR2B,Triptolide,1.171151289976189,4,3.4154425941684488
341,251031,Well16,POLR2B,Triptolide,2.8712524178453736,17,5.920761231002125
342,251031,Well16,POLR2B,Triptolide,3.284041594820659,22,6.699062531575948
343,251031,Well16,POLR2B,Triptolide,2.671474931096671,1,0.3743250548076409
344,251031,Well16,POLR2B,Triptolide,2.282518333882103,7,3.066788071793672
345,251031,Well16,POLR2B,Triptolide,2.364043653602123,5,2.115020165715399
346,251031,Well16,POLR2B,Triptolide,1.9274621385026869,5,2.594084677525317
947,251031,Well16,POLR2B,Triptolide,3.5843342177865685,12,3.3479020847030143
948,251031,Well16,POLR2B,Triptolide,1.557437113311329,5,3.2104024986083073
949,251031,Well16,POLR2B,Triptolide,1.3783999542504133,8,5.803830720779786
1825,251031,Well16,POLR2B,Triptolide,1.972586779968313,1,0.5069485460183727
1826,251031,Well16,POLR2B,Triptolide,1.8832101051562704,1,0.5310081956665261
1827,251031,Well16,POLR2B,Triptolide,1.8928871597598445,15,7.9244026368180815
1828,251031,Well16,POLR2B,Triptolide,1.6967441281872708,4,2.357456220740501
1829,251031,Well16,POLR2B,Triptolide,1.4416238012566047,7,4.855635703224645
1830,251031,Well16,POLR2B,Triptolide,2.182060383148437,5,2.291412299409255
1831,251031,Well16,POLR2B,Triptolide,2.038182765550999,7,3.4344319451193237
1832,251031,Well16,POLR2B,Triptolide,1.5351538365583846,3,1.9542015455113022
1902,251031,Well16,POLR2B,Triptolide,1.951862337137065,5,2.5616560680882112
1903,251031,Well16,POLR2B,Triptolide,2.633574722384993,6,2.278272170901738
2718,251031,Well16,POLR2B,Triptolide,3.483230282886982,20,5.741796658768003
2719,251031,Well16,POLR2B,Triptolide,1.3747951508064902,3,2.1821432802116902
2720,251031,Well16,POLR2B,Triptolide,2.289527791577557,6,2.620627721607961
2721,251031,Well16,POLR2B,Triptolide,1.5811150804683995,5,3.162325160113436
2722,251031,Well16,POLR2B,Triptolide,2.39215137775271,6,2.508202472385614
2723,251031,Well16,POLR2B,Triptolide,2.385473384063704,6,2.515224039003476
2724,251031,Well16,POLR2B,Triptolide,1.6867419635198646,0,0.0
2725,251031,Well16,POLR2B,Triptolide,2.2838738416401,7,3.0649678946246635
3104,251031,Well16,POLR2B,Triptolide,3.8746087912285327,17,4.387539727490724
3105,251031,Well16,POLR2B,Triptolide,3.040468499603428,22,7.235726994990899
3106,251031,Well16,POLR2B,Triptolide,1.7468672045105107,5,2.8622667980082945
3107,251031,Well16,POLR2B,Triptolide,2.6434063895922137,14,5.296196625354952
3108,251031,Well16,POLR2B,Triptolide,1.930146679257782,3,1.5542860199379351
3291,251031,Well16,POLR2B,Triptolide,1.9470068659883029,9,4.622479846999199
3292,251031,Well16,POLR2B,Triptolide,1.3099754052133443,2,1.5267462213722076
3948,251031,Well16,POLR2B,Triptolide,1.738175011012356,15,8.629740909267607
3949,251031,Well16,POLR2B,Triptolide,1.3201618342166035,3,2.2724486667047366
3950,251031,Well16,POLR2B,Triptolide,1.1503982544031706,4,3.477056736386661
4387,251031,Well16,POLR2B,Triptolide,1.6349107356234618,13,7.9515044563228345
4388,251031,Well16,POLR2B,Triptolide,1.1412242202566656,9,7.886267957032901
4389,251031,Well16,POLR2B,Triptolide,1.595283313510774,5,3.1342395157361693
4390,251031,Well16,POLR2B,Triptolide,1.6853779838383804,2,1.186677421432242
4391,251031,Well16,POLR2B,Triptolide,2.987811259166996,8,2.6775453019179016
4392,251031,Well16,POLR2B,Triptolide,2.872410953382287,15,5.222093998192487
4393,251031,Well16,POLR2B,Triptolide,2.6455095445979806,20,7.5599802846446575
4394,251031,Well16,POLR2B,Triptolide,2.5753164815329006,9,3.4947161114128185
4395,251031,Well16,POLR2B,Triptolide,1.7287298753142517,5,2.8922968656922707
4396,251031,Well16,POLR2B,Triptolide,2.687593824522038,9,3.3487203006207835
4880,251031,Well16,POLR2B,Triptolide,2.5073472983832845,6,2.3929672622012705
4881,251031,Well16,POLR2B,Triptolide,3.281105014341811,33,10.057587262753245
4882,251031,Well16,POLR2B,Triptolide,1.5446942813957227,13,8.415904788780425
5585,251031,Well16,POLR2B,Triptolide,1.8003335136399972,8,4.443621106527774
5586,251031,Well16,POLR2B,Triptolide,1.6073176808247394,8,4.977236358088886
5587,251031,Well16,POLR2B,Triptolide,1.0874613938051174,1,0.9195728746755021
5588,251031,Well16,POLR2B,Triptolide,1.962455418467723,6,3.0573942946865897
5589,251031,Well16,POLR2B,Triptolide,2.431736440247961,21,8.635804297055587
5590,251031,Well16,POLR2B,Triptolide,1.8594558906878125,15,8.06687594748564
5591,251031,Well16,POLR2B,Triptolide,2.4563918555774,27,10.991731607762302
5592,251031,Well16,POLR2B,Triptolide,1.856349871739215,12,6.4642986662623
5593,251031,Well16,POLR2B,Triptolide,1.876035444952811,9,4.7973507239498785
5594,251031,Well16,POLR2B,Triptolide,2.0290542679932395,8,3.942723527011479
5615,251031,Well16,POLR2B,Triptolide,2.0748534863665564,10,4.819617416703387
7007,251031,Well16,POLR2B,Triptolide,1.887352875741648,5,2.6492131197432895
7008,251031,Well16,POLR2B,Triptolide,2.065804413091492,8,3.8725834591610435
7009,251031,Well16,POLR2B,Triptolide,2.238253592650456,19,8.488761086942302
7010,251031,Well16,POLR2B,Triptolide,2.462095578065346,9,3.6554226733439723
7011,251031,Well16,POLR2B,Triptolide,2.2196397177580263,2,0.9010471312074574
7012,251031,Well16,POLR2B,Triptolide,2.1636667782666814,6,2.7730702621438845
7013,251031,Well16,POLR2B,Triptolide,2.0892885849987866,3,1.4358954629533585
7024,251031,Well16,POLR2B,Triptolide,2.370433601892556,28,11.81218490053667
7025,251031,Well16,POLR2B,Triptolide,1.3629281039814027,3,2.2011432527044987
381,251031,Well17,POLR2B,AZD4573,3.0154329067074888,9,2.9846460785051856
382,251031,Well17,POLR2B,AZD4573,2.7621213354414,9,3.258365186394593
383,251031,Well17,POLR2B,AZD4573,3.793490123835912,9,2.372485417439114
557,251031,Well17,POLR2B,AZD4573,4.388614156089614,18,4.101522567214826
558,251031,Well17,POLR2B,AZD4573,2.4299986369425914,2,0.8230457291599089
559,251031,Well17,POLR2B,AZD4573,3.809365449461013,9,2.362598212065322
560,251031,Well17,POLR2B,AZD4573,4.186997202953692,8,1.9106771779920102
561,251031,Well17,POLR2B,AZD4573,3.394803522495973,38,11.193578582144609
562,251031,Well17,POLR2B,AZD4573,3.4198084046692703,3,0.8772421273378705
563,251031,Well17,POLR2B,AZD4573,3.221136503935684,3,0.931348297824233
564,251031,Well17,POLR2B,AZD4573,4.369239926064183,20,4.57745519551178
565,251031,Well17,POLR2B,AZD4573,4.166507855999222,14,3.360128069803552
566,251031,Well17,POLR2B,AZD4573,3.600246608076928,7,1.9443112547612538
567,251031,Well17,POLR2B,AZD4573,3.734847469455575,6,1.6064913089675958
568,251031,Well17,POLR2B,AZD4573,4.327148233207074,3,0.6932972568347963
569,251031,Well17,POLR2B,AZD4573,2.049674929761766,6,2.9272934516974267
570,251031,Well17,POLR2B,AZD4573,5.144569183829638,11,2.138177096456414
571,251031,Well17,POLR2B,AZD4573,3.451243476769565,10,2.897506382064996
1024,251031,Well17,POLR2B,AZD4573,5.016740566288795,30,5.979978355187884
1025,251031,Well17,POLR2B,AZD4573,2.969266218652902,4,1.3471341757340713
1026,251031,Well17,POLR2B,AZD4573,3.8660383816305113,7,1.810639033813144
1027,251031,Well17,POLR2B,AZD4573,3.85012387335928,15,3.8959785433896488
1028,251031,Well17,POLR2B,AZD4573,3.9458004822747,19,4.815246002769699
1029,251031,Well17,POLR2B,AZD4573,3.4280812379547947,2,0.5834167457458526
1030,251031,Well17,POLR2B,AZD4573,2.0809956308949795,3,1.4416176350691239
1031,251031,Well17,POLR2B,AZD4573,2.372298484050237,4,1.6861284643957535
1032,251031,Well17,POLR2B,AZD4573,2.408964968904051,6,2.4906962440095906
1033,251031,Well17,POLR2B,AZD4573,2.8103625857599828,3,1.0674779173338358
1034,251031,Well17,POLR2B,AZD4573,2.077787948864533,5,2.406405332523174
1890,251031,Well17,POLR2B,AZD4573,3.474523263522725,10,2.8780926882789872
1891,251031,Well17,POLR2B,AZD4573,4.384488329351211,9,2.0526910608362283
1892,251031,Well17,POLR2B,AZD4573,2.8971235541952662,8,2.761359621137097
1893,251031,Well17,POLR2B,AZD4573,4.800263859355833,13,2.7081844625400495
1894,251031,Well17,POLR2B,AZD4573,3.435402038838413,11,3.2019542037994912
1895,251031,Well17,POLR2B,AZD4573,3.630465959156769,14,3.8562543093646613
1896,251031,Well17,POLR2B,AZD4573,2.273088024050102,2,0.8798603392562316
1897,251031,Well17,POLR2B,AZD4573,2.869194799428352,7,2.4397088693296998
1898,251031,Well17,POLR2B,AZD4573,3.007091239043629,10,3.3254727592437088
1899,251031,Well17,POLR2B,AZD4573,2.971873453106174,19,6.3932735696203284
2012,251031,Well17,POLR2B,AZD4573,3.0935652210707736,13,4.2022711890652555
2327,251031,Well17,POLR2B,AZD4573,2.194650720441268,3,1.3669601144535672
2328,251031,Well17,POLR2B,AZD4573,3.157322799256676,6,1.9003441781158934
2329,251031,Well17,POLR2B,AZD4573,2.531897873659565,2,0.7899212763701372
2330,251031,Well17,POLR2B,AZD4573,3.0895124646724503,7,2.265729651536505
2331,251031,Well17,POLR2B,AZD4573,3.6929665156952174,12,3.2494202016183045
2332,251031,Well17,POLR2B,AZD4573,2.773027877941094,11,3.9667830559883277
2333,251031,Well17,POLR2B,AZD4573,2.110249182697248,2,0.9477553723980922
2334,251031,Well17,POLR2B,AZD4573,5.424477299894234,9,1.6591460342502458
2335,251031,Well17,POLR2B,AZD4573,3.052273065992796,8,2.6209974753349545
2336,251031,Well17,POLR2B,AZD4573,4.073711701069545,23,5.64595673129284
2337,251031,Well17,POLR2B,AZD4573,3.2905152033555294,9,2.7351339968957378
2338,251031,Well17,POLR2B,AZD4573,3.380919098890429,31,9.169104345079942
2339,251031,Well17,POLR2B,AZD4573,3.964744762183141,8,2.0177843669298126
2340,251031,Well17,POLR2B,AZD4573,2.993142217021493,7,2.338679385226731
2341,251031,Well17,POLR2B,AZD4573,2.946922579445109,6,2.0360222700963426
2342,251031,Well17,POLR2B,AZD4573,4.0975569887154935,14,3.416669991059413
2343,251031,Well17,POLR2B,AZD4573,4.971830899881664,13,2.6147309234329383
2344,251031,Well17,POLR2B,AZD4573,3.279616073788887,22,6.708102261062454
2345,251031,Well17,POLR2B,AZD4573,3.6780379275198416,2,0.5437681827682053
2346,251031,Well17,POLR2B,AZD4573,6.51858491767528,14,2.1477053956969563
2347,251031,Well17,POLR2B,AZD4573,5.388299009631387,25,4.639683127330799
2776,251031,Well17,POLR2B,AZD4573,3.1071075907655104,3,0.9655282002194453
2777,251031,Well17,POLR2B,AZD4573,2.649043395682696,6,2.2649685580004304
2778,251031,Well17,POLR2B,AZD4573,2.3048090235680987,6,2.603252563941865
2779,251031,Well17,POLR2B,AZD4573,3.773705005521338,8,2.119932530045442
2780,251031,Well17,POLR2B,AZD4573,1.5892671888442271,4,2.5168832705273085
2781,251031,Well17,POLR2B,AZD4573,3.9862422680326217,20,5.017256517595164
2782,251031,Well17,POLR2B,AZD4573,4.2754620870003945,26,6.08121402340425
2783,251031,Well17,POLR2B,AZD4573,3.5973259124546195,27,7.505575156957816
2784,251031,Well17,POLR2B,AZD4573,2.1219955046126397,1,0.47125453273877
2785,251031,Well17,POLR2B,AZD4573,1.87589248124396,1,0.5330795927796834
2786,251031,Well17,POLR2B,AZD4573,1.39285411471049,2,1.435900557622797
2787,251031,Well17,POLR2B,AZD4573,2.534569706529429,7,2.761810015312247
3353,251031,Well17,POLR2B,AZD4573,2.4012766983391627,1,0.4164451354946507
3354,251031,Well17,POLR2B,AZD4573,4.254410416124443,19,4.465953714288819
3355,251031,Well17,POLR2B,AZD4573,2.0621837247910304,3,1.454768536835389
3356,251031,Well17,POLR2B,AZD4573,4.126978919997075,6,1.4538479881560074
3357,251031,Well17,POLR2B,AZD4573,2.2660287938041592,0,0.0
3358,251031,Well17,POLR2B,AZD4573,2.455064940561173,2,0.8146424019003117
3359,251031,Well17,POLR2B,AZD4573,4.12609995793525,13,3.150675003643236
3360,251031,Well17,POLR2B,AZD4573,2.115971967013041,2,0.9451921061238114
3361,251031,Well17,POLR2B,AZD4573,2.0229566010631257,3,1.4829779335965032
3362,251031,Well17,POLR2B,AZD4573,2.086575451501921,8,3.834033413093969
3363,251031,Well17,POLR2B,AZD4573,2.1572482372344792,5,2.317767567820491
3364,251031,Well17,POLR2B,AZD4573,2.4338110025119577,2,0.8217564954451198
3365,251031,Well17,POLR2B,AZD4573,3.7942430660358615,4,1.0542287171335885
4193,251031,Well17,POLR2B,AZD4573,3.851655173529642,10,2.59628641440299
4194,251031,Well17,POLR2B,AZD4573,2.610706882911413,1,0.38303802182680047
4195,251031,Well17,POLR2B,AZD4573,3.2812596269454577,7,2.133327074309063
4196,251031,Well17,POLR2B,AZD4573,2.799178587766073,10,3.5724765985655282
4197,251031,Well17,POLR2B,AZD4573,2.2961782515152285,5,2.1775312943150396
4198,251031,Well17,POLR2B,AZD4573,2.8739157787917504,7,2.435701161341247
4199,251031,Well17,POLR2B,AZD4573,3.1036319841547715,4,1.2888125977633722
4200,251031,Well17,POLR2B,AZD4573,3.4685696192918978,12,3.4596393663996223
4201,251031,Well17,POLR2B,AZD4573,3.791863514526316,9,2.373503151028971
4205,251031,Well17,POLR2B,AZD4573,2.6719377099171746,2,0.7485204436378857
4206,251031,Well17,POLR2B,AZD4573,3.240829490082332,1,0.30856297841655206
4207,251031,Well17,POLR2B,AZD4573,3.1626950577381745,12,3.794232381221695
4208,251031,Well17,POLR2B,AZD4573,3.592474677267601,16,4.453754427621863
4209,251031,Well17,POLR2B,AZD4573,3.992020119851083,14,3.5069963526441974
4210,251031,Well17,POLR2B,AZD4573,2.337313676008688,4,1.7113663609030847
4211,251031,Well17,POLR2B,AZD4573,2.888160259145512,8,2.7699293952499957
4212,251031,Well17,POLR2B,AZD4573,1.767045208276816,1,0.565916477584169
4213,251031,Well17,POLR2B,AZD4573,4.716202257541749,24,5.08884027643667
4214,251031,Well17,POLR2B,AZD4573,2.6463609729084725,5,1.8893869926235989
4215,251031,Well17,POLR2B,AZD4573,2.678608290673129,10,3.7332819564621817
4216,251031,Well17,POLR2B,AZD4573,2.771551645273401,9,3.2472784749829877
4217,251031,Well17,POLR2B,AZD4573,3.912872233659737,3,0.7667002193920548
4218,251031,Well17,POLR2B,AZD4573,2.367366765590088,3,1.2672307661006732
4219,251031,Well17,POLR2B,AZD4573,1.9868937407577951,0,0.0
4220,251031,Well17,POLR2B,AZD4573,2.818007437716997,24,8.516656016864012
4221,251031,Well17,POLR2B,AZD4573,1.2157676160325666,0,0.0
4222,251031,Well17,POLR2B,AZD4573,2.8818116114820818,7,2.4290276200254404
4223,251031,Well17,POLR2B,AZD4573,2.4265442101405714,7,2.8847609578868894
4224,251031,Well17,POLR2B,AZD4573,2.633107707602746,9,3.418014376705406
4759,251031,Well17,POLR2B,AZD4573,3.2790590448195847,3,0.9148966087510819
4760,251031,Well17,POLR2B,AZD4573,3.133877809995511,7,2.2336544129683302
4761,251031,Well17,POLR2B,AZD4573,3.743878539893229,2,0.534205364487342
5453,251031,Well17,POLR2B,AZD4573,2.3648484863334343,3,1.2685802144776441
5454,251031,Well17,POLR2B,AZD4573,3.9539525906505273,14,3.540760714507363
5455,251031,Well17,POLR2B,AZD4573,1.929568470479761,3,1.5547517726873359
5456,251031,Well17,POLR2B,AZD4573,3.68233954667061,4,1.0862659321073753
5462,251031,Well17,POLR2B,AZD4573,4.724910335896442,6,1.2698653674793259
5463,251031,Well17,POLR2B,AZD4573,4.28219514819207,19,4.436976677259032
5464,251031,Well17,POLR2B,AZD4573,3.3283709344688983,10,3.004472817749708
5465,251031,Well17,POLR2B,AZD4573,3.1500676557800857,23,7.301430481277793
6164,251031,Well17,POLR2B,AZD4573,2.23981560354346,5,2.232326621928091
6165,251031,Well17,POLR2B,AZD4573,4.182064425503108,6,1.4346981274154311
6166,251031,Well17,POLR2B,AZD4573,2.4127095590855165,4,1.6578870775959085
6167,251031,Well17,POLR2B,AZD4573,4.009398152904777,10,2.4941399229096466
6168,251031,Well17,POLR2B,AZD4573,3.040580752589637,17,5.591037167988794
6169,251031,Well17,POLR2B,AZD4573,3.700215305229192,11,2.9727999839508414
6170,251031,Well17,POLR2B,AZD4573,4.462544396403108,23,5.15401034856671
6171,251031,Well17,POLR2B,AZD4573,1.6486246617688205,2,1.2131324044699092
6172,251031,Well17,POLR2B,AZD4573,4.392447701467699,4,0.9106539842610839
6173,251031,Well17,POLR2B,AZD4573,3.5086036937319847,12,3.4201639875821943
6174,251031,Well17,POLR2B,AZD4573,2.928488732926789,5,1.7073652849614698
6175,251031,Well17,POLR2B,AZD4573,2.380455887378244,3,1.260262799200241
6176,251031,Well17,POLR2B,AZD4573,2.4521357730153768,4,1.631231045204819
6177,251031,Well17,POLR2B,AZD4573,4.202685087271633,19,4.520919270764283
6178,251031,Well17,POLR2B,AZD4573,3.932255994599091,2,0.508613885450738
6753,251031,Well17,POLR2B,AZD4573,3.2922328858426164,7,2.1262165353191333
6754,251031,Well17,POLR2B,AZD4573,2.3649819191283616,3,1.2685086409056694
6755,251031,Well17,POLR2B,AZD4573,3.6787675719302007,4,1.087320664268347
6756,251031,Well17,POLR2B,AZD4573,4.74749224795232,7,1.4744626498377595
6757,251031,Well17,POLR2B,AZD4573,4.146997016207555,19,4.581628567790863
6758,251031,Well17,POLR2B,AZD4573,3.821792702226711,11,2.878230416210438
6759,251031,Well17,POLR2B,AZD4573,2.7550377484154307,8,2.90377146541866
6760,251031,Well17,POLR2B,AZD4573,3.863107096103843,17,4.400602824898497
6761,251031,Well17,POLR2B,AZD4573,2.5160458458240544,5,1.9872451880392512
6762,251031,Well17,POLR2B,AZD4573,4.246243481882512,15,3.5325341243385227
6763,251031,Well17,POLR2B,AZD4573,3.18440753864615,9,2.826271414941552
6764,251031,Well17,POLR2B,AZD4573,5.036801022116712,15,2.9780807171326895
6765,251031,Well17,POLR2B,AZD4573,2.299370048689137,2,0.8698034494883472
6766,251031,Well17,POLR2B,AZD4573,5.569152337289931,18,3.2320897166837397
6767,251031,Well17,POLR2B,AZD4573,4.100101742733045,14,3.4145494132708722
6768,251031,Well17,POLR2B,AZD4573,9.749999982782148,19,1.948717952159255
6769,251031,Well17,POLR2B,AZD4573,3.445014495025396,12,3.4832944875349616
6770,251031,Well17,POLR2B,AZD4573,4.601128120811307,11,2.3907180393969107
6771,251031,Well17,POLR2B,AZD4573,2.559963238192715,5,1.9531530474359093
6772,251031,Well17,POLR2B,AZD4573,4.542601955378923,17,3.7423485850152898
6773,251031,Well17,POLR2B,AZD4573,3.4015482325824427,5,1.4699188893182382
6774,251031,Well17,POLR2B,AZD4573,4.784838604666004,33,6.896784348759345
6775,251031,Well17,POLR2B,AZD4573,2.9517769916034355,4,1.3551159221642821
6776,251031,Well17,POLR2B,AZD4573,2.557249045705414,4,1.5641808554851198
7195,251031,Well17,POLR2B,AZD4573,3.5555656836039584,4,1.1249967954313134
7196,251031,Well17,POLR2B,AZD4573,2.262322327278387,4,1.7680946484810012
170,251114,Well18,POLR2B,Vehicle,2.39600716192995,70,29.215271603619076
171,251114,Well18,POLR2B,Vehicle,2.094270076009425,54,25.78464001304719
172,251114,Well18,POLR2B,Vehicle,2.0403791117151284,70,34.307349843999575
173,251114,Well18,POLR2B,Vehicle,1.6054697425140327,54,33.63501570290604
174,251114,Well18,POLR2B,Vehicle,1.4645880088598553,34,23.214719630586174
175,251114,Well18,POLR2B,Vehicle,1.565566982888002,86,54.93217533328135
176,251114,Well18,POLR2B,Vehicle,2.145330358868467,57,26.569334538324476
177,251114,Well18,POLR2B,Vehicle,1.3828074724447748,68,49.17532003191841
178,251114,Well18,POLR2B,Vehicle,2.0886065951580446,57,27.29092215457972
179,251114,Well18,POLR2B,Vehicle,3.176148472236293,122,38.41130257808794
180,251114,Well18,POLR2B,Vehicle,1.3510398773475962,42,31.08716530444365
181,251114,Well18,POLR2B,Vehicle,2.6513085762251607,81,30.550951604179147
182,251114,Well18,POLR2B,Vehicle,1.7346422189180768,59,34.01277759560079
183,251114,Well18,POLR2B,Vehicle,1.5771258634962324,50,31.703240151777173
184,251114,Well18,POLR2B,Vehicle,1.3963953787282566,47,33.65808904552839
185,251114,Well18,POLR2B,Vehicle,1.4793821052498677,66,44.613220455882555
186,251114,Well18,POLR2B,Vehicle,2.812960289299331,91,32.350261163006614
187,251114,Well18,POLR2B,Vehicle,1.7156831131435324,76,44.29722448031224
188,251114,Well18,POLR2B,Vehicle,1.3707995798917074,56,40.85206971279053
189,251114,Well18,POLR2B,Vehicle,2.135322899248881,69,32.31361403199084
190,251114,Well18,POLR2B,Vehicle,1.653937616785906,73,44.1370939623834
191,251114,Well18,POLR2B,Vehicle,2.4470272031524263,104,42.500549183114984
192,251114,Well18,POLR2B,Vehicle,1.7359447771542769,32,18.4337661088836
604,251114,Well18,POLR2B,Vehicle,2.428423918164356,84,34.59033629659501
605,251114,Well18,POLR2B,Vehicle,1.9461713225343504,78,40.078691478418534
606,251114,Well18,POLR2B,Vehicle,2.524736980331773,61,24.160932594247523
607,251114,Well18,POLR2B,Vehicle,2.331778333000056,115,49.31858160464228
608,251114,Well18,POLR2B,Vehicle,2.549206013344487,84,32.95143647091682
609,251114,Well18,POLR2B,Vehicle,2.1659594925604813,59,27.239659930229518
610,251114,Well18,POLR2B,Vehicle,2.7500361365865094,54,19.63610560660765
611,251114,Well18,POLR2B,Vehicle,2.3592930225065194,60,25.431347199194374
612,251114,Well18,POLR2B,Vehicle,2.5801560678251234,50,19.37867271809888
613,251114,Well18,POLR2B,Vehicle,2.673233914210759,100,37.407874959391215
614,251114,Well18,POLR2B,Vehicle,2.6847419632780647,84,31.287923066333036
615,251114,Well18,POLR2B,Vehicle,2.6827923618855083,73,27.210454687851602
616,251114,Well18,POLR2B,Vehicle,2.848976554025481,91,31.94129480336401
617,251114,Well18,POLR2B,Vehicle,2.7151911152825043,92,33.883434385954
618,251114,Well18,POLR2B,Vehicle,2.207301420188948,83,37.60247659918377
619,251114,Well18,POLR2B,Vehicle,2.668474811191667,111,41.596795118493354
620,251114,Well18,POLR2B,Vehicle,2.1029580335458355,102,48.5031077049198
621,251114,Well18,POLR2B,Vehicle,2.668410212775075,103,38.59976232547947
622,251114,Well18,POLR2B,Vehicle,1.1785938747599405,52,44.120371837662496
623,251114,Well18,POLR2B,Vehicle,2.4104528504665392,96,39.82654129966465
624,251114,Well18,POLR2B,Vehicle,2.7584709954087314,114,41.32724258828332
625,251114,Well18,POLR2B,Vehicle,2.8170818800759903,73,25.91333979899471
626,251114,Well18,POLR2B,Vehicle,2.4677537639645464,41,16.61429944863374
653,251114,Well18,POLR2B,Vehicle,1.7910811142012328,44,24.56616824951708
654,251114,Well18,POLR2B,Vehicle,1.3859696178864764,36,25.974595355775488
655,251114,Well18,POLR2B,Vehicle,2.382203221597537,67,28.125224327028203
656,251114,Well18,POLR2B,Vehicle,1.6326826197462547,48,29.399467734555767
657,251114,Well18,POLR2B,Vehicle,2.261549264260154,88,38.91137875733538
658,251114,Well18,POLR2B,Vehicle,2.075625490394353,98,47.21468321406129
659,251114,Well18,POLR2B,Vehicle,2.0752453128278527,107,51.56016945977121
660,251114,Well18,POLR2B,Vehicle,3.037295764257367,76,25.022258580926298
661,251114,Well18,POLR2B,Vehicle,2.6562879492549274,121,45.55229038099569
662,251114,Well18,POLR2B,Vehicle,2.1413061952119143,74,34.55834581970029
663,251114,Well18,POLR2B,Vehicle,1.8913664494938416,52,27.493350119389074
664,251114,Well18,POLR2B,Vehicle,2.4428399549687394,91,37.25172409060442
950,251114,Well18,POLR2B,Vehicle,2.486045705764452,66,26.54818447101124
951,251114,Well18,POLR2B,Vehicle,2.3592464269273377,67,28.39889857850086
952,251114,Well18,POLR2B,Vehicle,2.456841926512672,81,32.96915406966139
953,251114,Well18,POLR2B,Vehicle,2.926953196794684,118,40.31495964104318
954,251114,Well18,POLR2B,Vehicle,2.117745775993232,50,23.610010496443927
955,251114,Well18,POLR2B,Vehicle,3.018676594412758,92,30.47693157004033
956,251114,Well18,POLR2B,Vehicle,2.7514032932393016,93,33.80093359214838
957,251114,Well18,POLR2B,Vehicle,2.603264298127661,81,31.114781567994235
958,251114,Well18,POLR2B,Vehicle,2.2674107763230547,73,32.195313157318765
959,251114,Well18,POLR2B,Vehicle,2.6680702768451403,95,35.60625850992679
960,251114,Well18,POLR2B,Vehicle,2.3884099645425523,84,35.1698415460632
961,251114,Well18,POLR2B,Vehicle,2.145615227295733,72,33.5568088276231
962,251114,Well18,POLR2B,Vehicle,2.251099146638348,57,25.32096379900471
963,251114,Well18,POLR2B,Vehicle,2.512223949340765,100,39.805368476899154
964,251114,Well18,POLR2B,Vehicle,1.6411873719372485,36,21.935338167698546
965,251114,Well18,POLR2B,Vehicle,2.931923038910526,61,20.805457438837482
966,251114,Well18,POLR2B,Vehicle,4.034769445768907,105,26.023791795615256
984,251114,Well18,POLR2B,Vehicle,1.834193673838583,50,27.259934822128397
985,251114,Well18,POLR2B,Vehicle,2.016778450859881,65,32.229618465174674
986,251114,Well18,POLR2B,Vehicle,2.4600326646961443,98,39.83686940681524
987,251114,Well18,POLR2B,Vehicle,1.8167891660239912,69,37.97909041421972
988,251114,Well18,POLR2B,Vehicle,1.395666793308333,46,32.95915631191606
989,251114,Well18,POLR2B,Vehicle,2.263446975121349,62,27.39184998874384
990,251114,Well18,POLR2B,Vehicle,2.6694014278231104,71,26.59772309251378
991,251114,Well18,POLR2B,Vehicle,2.315599077119841,83,35.84385605440645
992,251114,Well18,POLR2B,Vehicle,2.270003184910224,83,36.563825351321064
993,251114,Well18,POLR2B,Vehicle,1.461137818019579,64,43.80148074378457
994,251114,Well18,POLR2B,Vehicle,2.547892865203928,70,27.4736826481114
995,251114,Well18,POLR2B,Vehicle,1.447824190259004,58,40.06011254006211
996,251114,Well18,POLR2B,Vehicle,1.366233213131956,52,38.06085191033754
997,251114,Well18,POLR2B,Vehicle,1.8351149955178463,64,34.875198642219154
998,251114,Well18,POLR2B,Vehicle,2.3946537721528247,67,27.978992528747124
999,251114,Well18,POLR2B,Vehicle,3.035241322811653,107,35.25255115493817
1000,251114,Well18,POLR2B,Vehicle,1.6531931465094438,42,25.405379939227856
1204,251114,Well18,POLR2B,Vehicle,2.006887480188248,71,35.37816678857358
1205,251114,Well18,POLR2B,Vehicle,2.534773032693129,101,39.8457766030003
1206,251114,Well18,POLR2B,Vehicle,2.36664453411278,80,33.80313302098442
1207,251114,Well18,POLR2B,Vehicle,1.4045474871040842,51,36.310627065484645
1208,251114,Well18,POLR2B,Vehicle,2.414791534282565,69,28.573895104572625
1209,251114,Well18,POLR2B,Vehicle,2.4518106629515453,64,26.10315754274245
1210,251114,Well18,POLR2B,Vehicle,3.0973320500513943,108,34.86871870847943
1211,251114,Well18,POLR2B,Vehicle,2.254894568360738,47,20.84354659391815
1212,251114,Well18,POLR2B,Vehicle,2.588983812099078,86,33.21766617392387
1213,251114,Well18,POLR2B,Vehicle,2.7145504260687634,95,34.9965869440782
1214,251114,Well18,POLR2B,Vehicle,1.49983438753908,59,39.337676539612396
1215,251114,Well18,POLR2B,Vehicle,2.1750138607877254,43,19.769988952818295
1216,251114,Well18,POLR2B,Vehicle,1.4500215954135696,62,42.75798387838258
1217,251114,Well18,POLR2B,Vehicle,1.8705371666094364,28,14.968962124796064
1218,251114,Well18,POLR2B,Vehicle,1.2299146692662224,42,34.1487105158747
1219,251114,Well18,POLR2B,Vehicle,1.5435601026388366,52,33.6883545455094
1220,251114,Well18,POLR2B,Vehicle,1.870627180796491,56,29.93648364296506
1221,251114,Well18,POLR2B,Vehicle,2.323420780479657,57,24.532792544031853
1222,251114,Well18,POLR2B,Vehicle,1.8432427471136477,44,23.870974167075953
1223,251114,Well18,POLR2B,Vehicle,0.9889699883109824,13,13.144989386586056
1740,251114,Well18,POLR2B,Vehicle,1.7951635223317624,57,31.751982084596907
1741,251114,Well18,POLR2B,Vehicle,1.8246246362594745,63,34.52764954941722
1742,251114,Well18,POLR2B,Vehicle,3.069768646984877,76,24.757566038289923
1743,251114,Well18,POLR2B,Vehicle,2.346213431632286,47,20.032278123692095
1744,251114,Well18,POLR2B,Vehicle,1.9671583949937104,59,29.99250093441949
1745,251114,Well18,POLR2B,Vehicle,1.6093318806338877,62,38.52530403833129
1746,251114,Well18,POLR2B,Vehicle,2.538694474277396,95,37.420808593771575
1747,251114,Well18,POLR2B,Vehicle,1.858487973429368,83,44.65996077813975
1748,251114,Well18,POLR2B,Vehicle,3.227862152194307,87,26.95282384994577
1749,251114,Well18,POLR2B,Vehicle,2.7916608146613706,73,26.149308546588216
1750,251114,Well18,POLR2B,Vehicle,1.9848986027764932,66,33.251068799020075
1751,251114,Well18,POLR2B,Vehicle,1.8155819169270253,85,46.816945689714345
1752,251114,Well18,POLR2B,Vehicle,2.983325375680375,70,23.463749737333245
1753,251114,Well18,POLR2B,Vehicle,1.6488036311524932,55,33.35751993799024
1754,251114,Well18,POLR2B,Vehicle,2.270272168480951,62,27.309500975596453
1755,251114,Well18,POLR2B,Vehicle,1.8423447232239747,79,42.880140184490294
1756,251114,Well18,POLR2B,Vehicle,1.8976346138841411,80,42.15774702604806
1757,251114,Well18,POLR2B,Vehicle,1.988929120375662,52,26.14472253801504
1758,251114,Well18,POLR2B,Vehicle,1.749614225701326,75,42.866592474084705
1759,251114,Well18,POLR2B,Vehicle,1.7251970832199726,58,33.619347356967836
1967,251114,Well18,POLR2B,Vehicle,2.6143953465997742,73,27.92232632105248
1968,251114,Well18,POLR2B,Vehicle,2.202018116904068,80,36.33030963091083
1969,251114,Well18,POLR2B,Vehicle,2.3619743862903064,91,38.527090102329055
1970,251114,Well18,POLR2B,Vehicle,1.626160297651331,47,28.902439733575015
1971,251114,Well18,POLR2B,Vehicle,2.719424959045372,82,30.15343362472679
1972,251114,Well18,POLR2B,Vehicle,3.21021407657945,133,41.4302588012181
1973,251114,Well18,POLR2B,Vehicle,2.1796564748588643,84,38.5381829517145
1974,251114,Well18,POLR2B,Vehicle,2.054520869996604,54,26.28350034725578
1975,251114,Well18,POLR2B,Vehicle,2.214000593686672,62,28.003605860267587
1976,251114,Well18,POLR2B,Vehicle,2.0640909665661487,86,41.66483037473432
1977,251114,Well18,POLR2B,Vehicle,2.474783342478283,58,23.43639501869201
1978,251114,Well18,POLR2B,Vehicle,1.5846319877061397,29,18.300779124104032
1979,251114,Well18,POLR2B,Vehicle,1.4725982125172676,51,34.63266461041014
1980,251114,Well18,POLR2B,Vehicle,1.9544272119729,42,21.489672136524863
1997,251114,Well18,POLR2B,Vehicle,2.839779222089385,93,32.74902473987913
1998,251114,Well18,POLR2B,Vehicle,2.775770663170166,69,24.857961399878814
1999,251114,Well18,POLR2B,Vehicle,2.9651043862396778,75,25.294219100027846
2000,251114,Well18,POLR2B,Vehicle,2.63691266023906,112,42.47391340972445
2001,251114,Well18,POLR2B,Vehicle,1.3887409958573185,22,15.841686870069411
2002,251114,Well18,POLR2B,Vehicle,1.781661394273591,68,38.16662370221283
2003,251114,Well18,POLR2B,Vehicle,2.3800036984621,76,31.93272348656825
2004,251114,Well18,POLR2B,Vehicle,2.531867162936923,73,28.83247631179877
2005,251114,Well18,POLR2B,Vehicle,1.7225421941970835,63,36.57385009913545
2006,251114,Well18,POLR2B,Vehicle,1.389826461054152,49,35.256200232966215
2007,251114,Well18,POLR2B,Vehicle,1.7209282927727183,43,24.98651465060141
2008,251114,Well18,POLR2B,Vehicle,2.925342472341626,114,38.96979621286779
2009,251114,Well18,POLR2B,Vehicle,1.595806454786126,59,36.97190208940929
2010,251114,Well18,POLR2B,Vehicle,2.632135554382557,74,28.11405357782146
2011,251114,Well18,POLR2B,Vehicle,1.3452916772613412,40,29.7333289695432
2012,251114,Well18,POLR2B,Vehicle,2.9234299356143274,76,25.996860425536216
2013,251114,Well18,POLR2B,Vehicle,1.6970078168058187,50,29.46362385891195
2014,251114,Well18,POLR2B,Vehicle,2.614467357949418,64,24.47917347501196
2015,251114,Well18,POLR2B,Vehicle,1.6524719740225722,71,42.96593292724138
2016,251114,Well18,POLR2B,Vehicle,0.9391762580133184,31,33.00764870864143
2017,251114,Well18,POLR2B,Vehicle,1.5057636749898802,66,43.831579348229106
2018,251114,Well18,POLR2B,Vehicle,1.502964763267704,60,39.92109560143624
2019,251114,Well18,POLR2B,Vehicle,1.2301307033151532,30,24.38765240079871
2265,251114,Well18,POLR2B,Vehicle,2.658599725376573,78,29.33875274847996
2266,251114,Well18,POLR2B,Vehicle,2.13847551377666,50,23.381142163137223
2267,251114,Well18,POLR2B,Vehicle,3.2272797074545427,76,23.54924484061643
2268,251114,Well18,POLR2B,Vehicle,2.0449677172740346,45,22.00523735405736
2269,251114,Well18,POLR2B,Vehicle,1.6856882680361094,56,33.220851720847605
2270,251114,Well18,POLR2B,Vehicle,1.876243007078254,49,26.11602005451542
2271,251114,Well18,POLR2B,Vehicle,2.6166255804578533,62,23.694639562895098
2272,251114,Well18,POLR2B,Vehicle,2.226846147674564,70,31.434591955577684
2273,251114,Well18,POLR2B,Vehicle,2.352048468934288,85,36.138711052376166
2274,251114,Well18,POLR2B,Vehicle,1.2270299793187356,64,52.158464812354225
2275,251114,Well18,POLR2B,Vehicle,2.4031627603055625,75,31.208872423798603
2276,251114,Well18,POLR2B,Vehicle,2.831964931662621,101,35.66428343471888
2277,251114,Well18,POLR2B,Vehicle,2.943895984779207,94,31.93047596994159
2278,251114,Well18,POLR2B,Vehicle,3.196743718234357,96,30.030558737759325
2279,251114,Well18,POLR2B,Vehicle,1.30043919633775,55,42.2934037630433
2280,251114,Well18,POLR2B,Vehicle,2.3698596290762786,90,37.97693285111579
2281,251114,Well18,POLR2B,Vehicle,2.309699441401247,75,32.471757431130975
2282,251114,Well18,POLR2B,Vehicle,2.629802598452193,84,31.94156095573081
2283,251114,Well18,POLR2B,Vehicle,2.215187721965356,64,28.89145663159328
2284,251114,Well18,POLR2B,Vehicle,3.0740247295469008,92,29.9281912457355
2285,251114,Well18,POLR2B,Vehicle,3.00353726714063,68,22.639972123514237
2303,251114,Well18,POLR2B,Vehicle,2.8026150117306825,72,25.690292708286844
2304,251114,Well18,POLR2B,Vehicle,1.7603068521329617,65,36.925380322890625
2305,251114,Well18,POLR2B,Vehicle,2.66611643949084,92,34.50712003320067
2306,251114,Well18,POLR2B,Vehicle,2.50754638858524,100,39.87962115285934
2307,251114,Well18,POLR2B,Vehicle,1.240107452212097,27,21.772306868922968
2752,251114,Well18,POLR2B,Vehicle,2.084638557994596,65,31.18046519418188
2753,251114,Well18,POLR2B,Vehicle,1.7285043103513975,46,26.612603581328877
2754,251114,Well18,POLR2B,Vehicle,2.890845858891043,108,37.35930771536531
2755,251114,Well18,POLR2B,Vehicle,1.599958756285427,62,38.75099889696121
2756,251114,Well18,POLR2B,Vehicle,1.763790930667188,47,26.64714915062033
2757,251114,Well18,POLR2B,Vehicle,3.5804445459153795,105,29.32596739133565
2758,251114,Well18,POLR2B,Vehicle,2.0027457685933063,59,29.45955543895148
2759,251114,Well18,POLR2B,Vehicle,1.8001672521415553,56,31.108220601935752
2760,251114,Well18,POLR2B,Vehicle,1.4457295071767249,61,42.19323165031272
2761,251114,Well18,POLR2B,Vehicle,1.7505196625240502,64,36.56057190909771
2762,251114,Well18,POLR2B,Vehicle,1.7443775179956271,69,39.555657699191336
2763,251114,Well18,POLR2B,Vehicle,2.767678917249187,85,30.711654979285683
2764,251114,Well18,POLR2B,Vehicle,2.598053006192425,98,37.72055449462282
2765,251114,Well18,POLR2B,Vehicle,1.67541076585536,61,36.408981751324255
2766,251114,Well18,POLR2B,Vehicle,1.403724651535363,50,35.61952121116567
2767,251114,Well18,POLR2B,Vehicle,1.5046030214720951,48,31.902102624409906
2768,251114,Well18,POLR2B,Vehicle,2.8055801849513005,115,40.98973916940327
2769,251114,Well18,POLR2B,Vehicle,2.7790863622250788,91,32.74457434534015
2770,251114,Well18,POLR2B,Vehicle,2.100428105394387,53,25.232951255929063
2771,251114,Well18,POLR2B,Vehicle,2.684976000164406,91,33.89229549702787
2772,251114,Well18,POLR2B,Vehicle,1.7145775271284165,88,51.32459664707193
2773,251114,Well18,POLR2B,Vehicle,2.768199940543666,88,31.78961126005843
2774,251114,Well18,POLR2B,Vehicle,2.0287990512981797,52,25.63092681196122
2775,251114,Well18,POLR2B,Vehicle,2.237643614159357,87,38.880186035649984
2776,251114,Well18,POLR2B,Vehicle,2.175255310607118,84,38.61615672900273
2777,251114,Well18,POLR2B,Vehicle,2.800260875991599,72,25.711890137558743
2778,251114,Well18,POLR2B,Vehicle,1.7892130550722436,60,33.5342958905346
2779,251114,Well18,POLR2B,Vehicle,2.132134279046281,68,31.892925632440416
2780,251114,Well18,POLR2B,Vehicle,1.785487526718624,57,31.924053877180995
2781,251114,Well18,POLR2B,Vehicle,1.0843945575026497,37,34.120422077007326
2782,251114,Well18,POLR2B,Vehicle,1.8834579089182797,69,36.634744887730754
2783,251114,Well18,POLR2B,Vehicle,1.7146707182867786,49,28.576915367726453
2784,251114,Well18,POLR2B,Vehicle,1.6953187270605024,71,41.880030502055654
2785,251114,Well18,POLR2B,Vehicle,1.9727890471415768,83,42.0724152540591
2786,251114,Well18,POLR2B,Vehicle,3.168473968547072,64,20.198998203967474
2787,251114,Well18,POLR2B,Vehicle,1.66214796963571,62,37.30113150731606
2788,251114,Well18,POLR2B,Vehicle,1.6848527245821567,62,36.79846855182906
2789,251114,Well18,POLR2B,Vehicle,1.9021077894855307,54,28.38955830920894
2790,251114,Well18,POLR2B,Vehicle,2.623374526506067,74,28.207943338748763
2791,251114,Well18,POLR2B,Vehicle,1.817301717394984,88,48.4234396290253
2792,251114,Well18,POLR2B,Vehicle,2.737683013151328,85,31.04815261360631
2793,251114,Well18,POLR2B,Vehicle,1.886024901734986,68,36.05466711359201
2794,251114,Well18,POLR2B,Vehicle,3.369736159886956,83,24.631008500910166
2795,251114,Well18,POLR2B,Vehicle,2.9517081572251,70,23.71508166505424
2796,251114,Well18,POLR2B,Vehicle,1.879572473008834,51,27.133830023781318
2797,251114,Well18,POLR2B,Vehicle,1.4744959233784631,66,44.76105966354685
2798,251114,Well18,POLR2B,Vehicle,1.3765096563222692,76,55.21210813955005
2799,251114,Well18,POLR2B,Vehicle,2.871110513126958,61,21.246134456024205
2800,251114,Well18,POLR2B,Vehicle,1.4583145495173764,63,43.20055643746379
2884,251114,Well18,POLR2B,Vehicle,1.6749162173217784,46,27.464060305986433
2885,251114,Well18,POLR2B,Vehicle,2.192838787805383,68,31.01003155277782
2886,251114,Well18,POLR2B,Vehicle,1.5546636173596151,53,34.09097595659523
2887,251114,Well18,POLR2B,Vehicle,1.3558169832040992,39,28.764944297890608
2888,251114,Well18,POLR2B,Vehicle,1.7583350119412506,73,41.51654804359834
2889,251114,Well18,POLR2B,Vehicle,1.5394395708526134,62,40.274396718061176
2890,251114,Well18,POLR2B,Vehicle,2.731925282151149,77,28.185251076621437
2891,251114,Well18,POLR2B,Vehicle,2.6609358582782456,77,28.937187553939285
2892,251114,Well18,POLR2B,Vehicle,2.1747374642839463,52,23.91093217181574
2893,251114,Well18,POLR2B,Vehicle,2.1149341563858246,106,50.119763624765326
2894,251114,Well18,POLR2B,Vehicle,2.95124961436634,98,33.206272869277946
2895,251114,Well18,POLR2B,Vehicle,2.107744670316262,66,31.313090683843058
2896,251114,Well18,POLR2B,Vehicle,1.8284602996184307,68,37.189760157324976
2897,251114,Well18,POLR2B,Vehicle,1.6052378236085632,47,29.279150608564866
2898,251114,Well18,POLR2B,Vehicle,1.8318660128603976,84,45.85488207668464
2899,251114,Well18,POLR2B,Vehicle,1.9678562696909916,74,37.60437240247229
2900,251114,Well18,POLR2B,Vehicle,1.902019893279348,63,33.12268195648532
2901,251114,Well18,POLR2B,Vehicle,1.8574300419838687,65,34.9945885071264
2902,251114,Well18,POLR2B,Vehicle,1.8816438583015227,57,30.292661253894984
2903,251114,Well18,POLR2B,Vehicle,1.494523550502866,55,36.80102597345757
2904,251114,Well18,POLR2B,Vehicle,2.129348075209336,77,36.16130255849793
2905,251114,Well18,POLR2B,Vehicle,2.049149670505542,76,37.0885548742031
2906,251114,Well18,POLR2B,Vehicle,2.1116078674265526,61,28.887939347536904
2907,251114,Well18,POLR2B,Vehicle,1.851970946286624,57,30.778020634875705
2908,251114,Well18,POLR2B,Vehicle,1.839804205168167,59,32.06862982172993
2909,251114,Well18,POLR2B,Vehicle,1.5410322924682596,40,25.956626733585388
2910,251114,Well18,POLR2B,Vehicle,2.177203853009239,46,21.12801699134454
2911,251114,Well18,POLR2B,Vehicle,2.4152034815621435,61,25.256671111017717
2912,251114,Well18,POLR2B,Vehicle,2.4940961510584296,83,33.278588704279485
2913,251114,Well18,POLR2B,Vehicle,1.5237283887450817,55,36.09567190993739
2914,251114,Well18,POLR2B,Vehicle,1.5397615039451376,50,32.47256141414841
2915,251114,Well18,POLR2B,Vehicle,1.652001782269017,58,35.10892096032564
2916,251114,Well18,POLR2B,Vehicle,1.2779769502011324,38,29.73449559792094
2917,251114,Well18,POLR2B,Vehicle,2.214532206885512,50,22.578131780851056
2918,251114,Well18,POLR2B,Vehicle,1.7948574740957772,78,43.45748959220021
2919,251114,Well18,POLR2B,Vehicle,2.0480652642991446,53,25.87808158454208
2920,251114,Well18,POLR2B,Vehicle,1.9055463314310117,43,22.565706900292582
2921,251114,Well18,POLR2B,Vehicle,2.152743291920012,50,23.226178517274796
2922,251114,Well18,POLR2B,Vehicle,1.5439296903009778,61,39.509571182680276
2923,251114,Well18,POLR2B,Vehicle,2.514639506525133,99,39.369460212133404
2924,251114,Well18,POLR2B,Vehicle,2.5975870504006138,110,42.34699275353841
2925,251114,Well18,POLR2B,Vehicle,2.275890112743586,72,31.635973809475356
2926,251114,Well18,POLR2B,Vehicle,1.5694142951417536,27,17.20387031237108
2927,251114,Well18,POLR2B,Vehicle,1.5888255898324424,24,15.10549688624479
2928,251114,Well18,POLR2B,Vehicle,2.027150203189428,63,31.078111479296698
2929,251114,Well18,POLR2B,Vehicle,2.4040152476064907,51,21.214507707793086
2930,251114,Well18,POLR2B,Vehicle,2.09633193038819,60,28.62142160325223
2931,251114,Well18,POLR2B,Vehicle,2.3591246430272053,69,29.24813667812816
2932,251114,Well18,POLR2B,Vehicle,2.5790642486856745,84,32.569952471252904
2933,251114,Well18,POLR2B,Vehicle,2.1883465503761466,73,33.35851900945593
2934,251114,Well18,POLR2B,Vehicle,1.712185267733639,75,43.8036709072231
2935,251114,Well18,POLR2B,Vehicle,1.6642013520909882,57,34.25066319552155
2936,251114,Well18,POLR2B,Vehicle,2.061679645343525,55,26.67727749275794
2937,251114,Well18,POLR2B,Vehicle,2.369876572923254,57,24.051885507982483
2938,251114,Well18,POLR2B,Vehicle,2.472196228843294,59,23.865419464540352
2939,251114,Well18,POLR2B,Vehicle,2.423752711351447,63,25.992750706350805
3416,251114,Well18,POLR2B,Vehicle,2.1152942131340424,53,25.055616221572617
3417,251114,Well18,POLR2B,Vehicle,1.6256117406055166,69,42.445559586262895
3418,251114,Well18,POLR2B,Vehicle,1.7594480108894184,64,36.37504467531687
3419,251114,Well18,POLR2B,Vehicle,1.900683447349198,52,27.35857992161829
3420,251114,Well18,POLR2B,Vehicle,2.7508388513369484,74,26.9008851478286
3421,251114,Well18,POLR2B,Vehicle,1.6907269445302882,74,43.76815560868607
3422,251114,Well18,POLR2B,Vehicle,2.799098104492942,113,40.370146304847005
3423,251114,Well18,POLR2B,Vehicle,1.310131076807427,50,38.164120281645204
3424,251114,Well18,POLR2B,Vehicle,2.1446240122476983,67,31.240907318658557
3689,251114,Well18,POLR2B,Vehicle,2.310383549222861,49,21.208599765386158
3690,251114,Well18,POLR2B,Vehicle,2.377476947281959,67,28.18113550021904
3691,251114,Well18,POLR2B,Vehicle,1.5962236970178842,76,47.61237421921853
3692,251114,Well18,POLR2B,Vehicle,1.9692784938464525,82,41.63961585739719
3693,251114,Well18,POLR2B,Vehicle,1.6862738897471816,77,45.66280748825708
3694,251114,Well18,POLR2B,Vehicle,2.369091861010226,107,45.164985689652895
3695,251114,Well18,POLR2B,Vehicle,1.8474829448191312,55,29.77023422827024
3696,251114,Well18,POLR2B,Vehicle,2.3024061742689623,70,30.402976148300905
3697,251114,Well18,POLR2B,Vehicle,2.706605879818379,87,32.143579029628775
3698,251114,Well18,POLR2B,Vehicle,2.5646725686613183,78,30.41323908287975
3699,251114,Well18,POLR2B,Vehicle,1.1029883115767964,17,15.412674659894945
3700,251114,Well18,POLR2B,Vehicle,1.8938169533625957,64,33.7941847475617
3701,251114,Well18,POLR2B,Vehicle,1.5074908883908902,54,35.82111203182137
3702,251114,Well18,POLR2B,Vehicle,1.2494932844457889,31,24.81005731355332
3703,251114,Well18,POLR2B,Vehicle,2.656824857405946,89,33.49863268250857
3704,251114,Well18,POLR2B,Vehicle,1.4824860062175929,29,19.561736082750926
3705,251114,Well18,POLR2B,Vehicle,1.7517565633532224,50,28.54277874334874
3706,251114,Well18,POLR2B,Vehicle,1.8342752161021496,66,35.98151434453253
3707,251114,Well18,POLR2B,Vehicle,1.3173216218674255,59,44.78784756934456
3812,251114,Well18,POLR2B,Vehicle,1.685924422903323,54,32.02990553218681
3813,251114,Well18,POLR2B,Vehicle,1.8272149268657716,57,31.19501661349292
3814,251114,Well18,POLR2B,Vehicle,2.2197371448781325,67,30.18375403348869
3815,251114,Well18,POLR2B,Vehicle,1.4001971543932634,50,35.709256973648195
3816,251114,Well18,POLR2B,Vehicle,2.6129625325399544,94,35.974492105949345
3817,251114,Well18,POLR2B,Vehicle,2.488626465456825,85,34.15538698950425
3818,251114,Well18,POLR2B,Vehicle,2.542881722461084,70,27.52782379994132
3819,251114,Well18,POLR2B,Vehicle,1.9154362431122087,87,45.42046247315548
3820,251114,Well18,POLR2B,Vehicle,1.4644185703901058,39,26.63173001801719
3821,251114,Well18,POLR2B,Vehicle,1.8380346321497192,70,38.08415727081799
3822,251114,Well18,POLR2B,Vehicle,2.0450249027575755,83,40.58630283087517
3823,251114,Well18,POLR2B,Vehicle,2.262405987522825,76,33.5925560748779
3824,251114,Well18,POLR2B,Vehicle,2.086348827548631,73,34.98935510500026
3825,251114,Well18,POLR2B,Vehicle,1.4505034360619198,68,46.88027501997395
3826,251114,Well18,POLR2B,Vehicle,1.7307716088747345,50,28.888849195133044
3827,251114,Well18,POLR2B,Vehicle,2.292846667603777,73,31.838151687784386
3828,251114,Well18,POLR2B,Vehicle,2.595810064449115,77,29.663187247230663
3829,251114,Well18,POLR2B,Vehicle,1.3900594389500576,46,33.0921101005183
3830,251114,Well18,POLR2B,Vehicle,1.8506895678591424,46,24.855600203772855
3831,251114,Well18,POLR2B,Vehicle,1.94721866407549,47,24.136991323629744
3832,251114,Well18,POLR2B,Vehicle,2.727393862075783,93,34.09848547844826
3833,251114,Well18,POLR2B,Vehicle,2.4619483783947507,50,20.30911794852547
3834,251114,Well18,POLR2B,Vehicle,2.749865639126324,146,53.09350315980766
3835,251114,Well18,POLR2B,Vehicle,2.50657741233636,84,33.51183154630932
3836,251114,Well18,POLR2B,Vehicle,4.038062906024665,137,33.927158439161566
3837,251114,Well18,POLR2B,Vehicle,1.5389831459747254,60,38.986781731127145
3838,251114,Well18,POLR2B,Vehicle,1.1344795101701957,31,27.325306206146774
3839,251114,Well18,POLR2B,Vehicle,2.637595709070238,93,35.25938402166374
3840,251114,Well18,POLR2B,Vehicle,2.923230845412372,45,15.39392623426289
3841,251114,Well18,POLR2B,Vehicle,1.977250573848171,67,33.88543712474593
3842,251114,Well18,POLR2B,Vehicle,2.402858830050449,71,29.548136208446888
3843,251114,Well18,POLR2B,Vehicle,3.043651824853849,81,26.612768036925342
3844,251114,Well18,POLR2B,Vehicle,2.0180513573638748,66,32.704816831923445
3845,251114,Well18,POLR2B,Vehicle,1.9332791729672776,60,31.03535218243183
3846,251114,Well18,POLR2B,Vehicle,1.393589054073029,47,33.72586765275859
3847,251114,Well18,POLR2B,Vehicle,3.3447249237710426,48,14.350955936275302
3848,251114,Well18,POLR2B,Vehicle,2.401963983132084,58,24.146906617796102
3849,251114,Well18,POLR2B,Vehicle,1.8616321160336589,61,32.76694652752601
3850,251114,Well18,POLR2B,Vehicle,1.659347998923098,49,29.52967070909813
3851,251114,Well18,POLR2B,Vehicle,1.9480552665198787,56,28.746617697372475
3852,251114,Well18,POLR2B,Vehicle,2.6801777144991847,96,35.818520346863814
3853,251114,Well18,POLR2B,Vehicle,1.5377060035089878,27,17.55862299970671
3854,251114,Well18,POLR2B,Vehicle,1.826603889384237,73,39.964877127579584
3855,251114,Well18,POLR2B,Vehicle,2.340765984829836,50,21.360529127662794
3856,251114,Well18,POLR2B,Vehicle,2.205381470528597,80,36.27490348906631
3857,251114,Well18,POLR2B,Vehicle,1.9862001020222575,51,25.677171171260213
3858,251114,Well18,POLR2B,Vehicle,1.6451829428520317,74,44.97980016235531
3859,251114,Well18,POLR2B,Vehicle,2.6216939086842386,71,27.081727491075835
3860,251114,Well18,POLR2B,Vehicle,2.375652306760843,52,21.88872498387654
3861,251114,Well18,POLR2B,Vehicle,2.326877325262549,59,25.355870444671098
3862,251114,Well18,POLR2B,Vehicle,2.357177159615521,69,29.27230128568469
4348,251114,Well18,POLR2B,Vehicle,1.3124439119195093,49,37.33492879580298
4349,251114,Well18,POLR2B,Vehicle,2.0755428891403502,68,32.762512572392225
4350,251114,Well18,POLR2B,Vehicle,2.760794420425173,92,33.32374164456318
4351,251114,Well18,POLR2B,Vehicle,2.8326109158285413,94,33.184931779628094
4352,251114,Well18,POLR2B,Vehicle,2.7111341229224366,49,18.073617083606695
4353,251114,Well18,POLR2B,Vehicle,1.703434829761508,32,18.78557338438372
4354,251114,Well18,POLR2B,Vehicle,2.3982606935776194,91,37.94416522094194
4355,251114,Well18,POLR2B,Vehicle,1.6994254919710583,34,20.006761202908347
4356,251114,Well18,POLR2B,Vehicle,2.7970616658846392,117,41.82961048983376
4357,251114,Well18,POLR2B,Vehicle,2.442055243055712,75,30.71183594772143
4358,251114,Well18,POLR2B,Vehicle,1.547903022416606,59,38.11608294936232
4359,251114,Well18,POLR2B,Vehicle,4.643606345177532,180,38.76297571755479
4360,251114,Well18,POLR2B,Vehicle,1.8366272338603613,73,39.7467698693344
4361,251114,Well18,POLR2B,Vehicle,1.504807406626231,43,28.575085297065183
4362,251114,Well18,POLR2B,Vehicle,1.8592271487536505,35,18.825026314542882
4363,251114,Well18,POLR2B,Vehicle,1.7687861885534932,53,29.964051247676917
4364,251114,Well18,POLR2B,Vehicle,2.357481089870634,68,28.844345896208853
4365,251114,Well18,POLR2B,Vehicle,2.223925452052256,56,25.180700166151144
4366,251114,Well18,POLR2B,Vehicle,1.805203810654862,51,28.251657623910656
4367,251114,Well18,POLR2B,Vehicle,1.764279125258154,36,20.404934505322327
4430,251114,Well18,POLR2B,Vehicle,2.180476133456278,80,36.68923441651792
4431,251114,Well18,POLR2B,Vehicle,2.48672875459563,99,39.81133841680233
4432,251114,Well18,POLR2B,Vehicle,2.0441184069444147,75,36.690633842543086
4433,251114,Well18,POLR2B,Vehicle,1.9165344161942728,60,31.306507982853773
4434,251114,Well18,POLR2B,Vehicle,3.210263849129939,107,33.330593692166346
4435,251114,Well18,POLR2B,Vehicle,2.7367860482520907,113,41.2893072413059
4436,251114,Well18,POLR2B,Vehicle,2.918163576176423,110,37.69493968673597
4437,251114,Well18,POLR2B,Vehicle,2.632145085296481,83,31.533216183123507
4438,251114,Well18,POLR2B,Vehicle,1.7593336399223374,60,34.103821264196704
4439,251114,Well18,POLR2B,Vehicle,1.551326738495984,42,27.073600266001428
4440,251114,Well18,POLR2B,Vehicle,1.998931285043068,64,32.01710858140933
4441,251114,Well18,POLR2B,Vehicle,2.099464424097686,67,31.912900847936708
4442,251114,Well18,POLR2B,Vehicle,1.9795411701610983,61,30.81522168848639
4443,251114,Well18,POLR2B,Vehicle,2.5568985198711194,87,34.025597544788454
4444,251114,Well18,POLR2B,Vehicle,3.4607998064634424,96,27.739252591470024
4445,251114,Well18,POLR2B,Vehicle,3.871480533480781,183,47.268738255921924
4446,251114,Well18,POLR2B,Vehicle,1.3830679840920146,46,33.25939182244829
4447,251114,Well18,POLR2B,Vehicle,1.923982295930204,51,26.507520421513338
4448,251114,Well18,POLR2B,Vehicle,3.035209553098575,81,26.686790016626357
4449,251114,Well18,POLR2B,Vehicle,1.836602877080335,54,29.402110098969413
4450,251114,Well18,POLR2B,Vehicle,2.744054958604349,109,39.72223648736189
4451,251114,Well18,POLR2B,Vehicle,2.064908507182691,72,34.86837298095836
4452,251114,Well18,POLR2B,Vehicle,3.1232646078465707,93,29.776535669234143
4453,251114,Well18,POLR2B,Vehicle,1.980104553073016,42,21.211001174063387
4454,251114,Well18,POLR2B,Vehicle,1.7734838701273008,54,30.448543068014413
4455,251114,Well18,POLR2B,Vehicle,2.3589520275861484,91,38.5764521430806
4456,251114,Well18,POLR2B,Vehicle,1.2122708296131093,54,44.54450167478983
4457,251114,Well18,POLR2B,Vehicle,1.4345253883645326,58,40.431490770703185
4458,251114,Well18,POLR2B,Vehicle,1.67990723924634,72,42.85950933356386
4459,251114,Well18,POLR2B,Vehicle,1.4365798298102463,49,34.10879018569561
4460,251114,Well18,POLR2B,Vehicle,1.4667822370431127,58,39.54233868888557
4461,251114,Well18,POLR2B,Vehicle,1.97730034639866,61,30.8501437887784
4462,251114,Well18,POLR2B,Vehicle,1.3629270449909667,48,35.21831940778469
4463,251114,Well18,POLR2B,Vehicle,1.3323275163446249,49,36.777743759609834
4464,251114,Well18,POLR2B,Vehicle,1.5907063568466628,43,27.03201619514557
4465,251114,Well18,POLR2B,Vehicle,2.1376367933513998,81,37.892311852009115
4466,251114,Well18,POLR2B,Vehicle,1.644946787984818,71,43.162490433493154
4467,251114,Well18,POLR2B,Vehicle,2.2930362268918096,89,38.8131678672337
4468,251114,Well18,POLR2B,Vehicle,2.673889429290603,83,31.040924538910474
4469,251114,Well18,POLR2B,Vehicle,1.309529570239816,55,41.99981523893941
4470,251114,Well18,POLR2B,Vehicle,2.5340010286653323,111,43.80424425418016
4471,251114,Well18,POLR2B,Vehicle,1.188275165325258,34,28.61290128090275
4472,251114,Well18,POLR2B,Vehicle,1.5334223871956305,36,23.476897364096722
4473,251114,Well18,POLR2B,Vehicle,1.2938946354436716,19,14.684348693883388
4784,251114,Well18,POLR2B,Vehicle,1.7206370704028364,51,29.640184369653184
4785,251114,Well18,POLR2B,Vehicle,1.767062152123791,30,16.97733153525115
4786,251114,Well18,POLR2B,Vehicle,1.8733212524655092,42,22.420073409578364
4787,251114,Well18,POLR2B,Vehicle,1.9980120813446764,69,34.5343257151691
4788,251114,Well18,POLR2B,Vehicle,2.6355688013758587,77,29.215704769233618
4789,251114,Well18,POLR2B,Vehicle,2.7043957667785827,79,29.211700805944936
4790,251114,Well18,POLR2B,Vehicle,3.01866812248927,90,29.814473253781777
4791,251114,Well18,POLR2B,Vehicle,1.834195791819455,48,26.16950721077915
4792,251114,Well18,POLR2B,Vehicle,3.39117542126246,103,30.372949554362883
4793,251114,Well18,POLR2B,Vehicle,2.685382652491805,52,19.364093214703853
4794,251114,Well18,POLR2B,Vehicle,3.306959206844728,101,30.541652824428766
4795,251114,Well18,POLR2B,Vehicle,2.519222817131859,106,42.07646869469102
4796,251114,Well18,POLR2B,Vehicle,1.699577986593833,53,31.184211856155322
4797,251114,Well18,POLR2B,Vehicle,2.0407688201955527,37,18.1304220418531
4798,251114,Well18,POLR2B,Vehicle,1.8920410264015324,64,33.8259049919871
4799,251114,Well18,POLR2B,Vehicle,1.78343838022509,40,22.42858539073918
4800,251114,Well18,POLR2B,Vehicle,2.257804674078688,100,44.29081095812934
4801,251114,Well18,POLR2B,Vehicle,1.5545884290386636,24,15.438169712121988
4802,251114,Well18,POLR2B,Vehicle,1.563134481856659,27,17.272985986420025
4803,251114,Well18,POLR2B,Vehicle,2.0665467653870824,53,25.646649225512512
4804,251114,Well18,POLR2B,Vehicle,2.1245815592571926,68,32.00630246634284
4805,251114,Well18,POLR2B,Vehicle,1.7322732573128905,58,33.482015470220816
4806,251114,Well18,POLR2B,Vehicle,1.3935244556564368,43,30.857011389688402
4807,251114,Well18,POLR2B,Vehicle,1.5991083869653713,58,36.2702118710456
4808,251114,Well18,POLR2B,Vehicle,2.665063802997521,126,47.278417821848
4809,251114,Well18,POLR2B,Vehicle,1.3602541531306669,56,41.16877707824988
4810,251114,Well18,POLR2B,Vehicle,1.809416474609012,79,43.66048453110869
4811,251114,Well18,POLR2B,Vehicle,1.609915384364088,61,37.89019012579647
4812,251114,Well18,POLR2B,Vehicle,1.76590573456775,65,36.80830676724111
4813,251114,Well18,POLR2B,Vehicle,1.8150439497855704,53,29.20039484788312
4814,251114,Well18,POLR2B,Vehicle,1.82563385414492,52,28.483257955552904
4815,251114,Well18,POLR2B,Vehicle,1.8302457574934168,68,37.153480466540344
4816,251114,Well18,POLR2B,Vehicle,1.2279989555676158,31,25.244321144940162
4817,251114,Well18,POLR2B,Vehicle,2.314831309053788,83,35.855744509489604
4818,251114,Well18,POLR2B,Vehicle,2.481899758207766,107,43.1121360345621
4819,251114,Well18,POLR2B,Vehicle,1.8283978191827104,60,32.81561560099643
4820,251114,Well18,POLR2B,Vehicle,4.887646455177011,156,31.91720216071772
5447,251114,Well18,POLR2B,Vehicle,2.5531645195940125,75,29.37531029607368
5448,251114,Well18,POLR2B,Vehicle,2.0198357562484253,76,37.62682176750838
5449,251114,Well18,POLR2B,Vehicle,2.317798600255278,72,31.063958702913208
5450,251114,Well18,POLR2B,Vehicle,1.8974439956056728,66,34.78363532881639
5451,251114,Well18,POLR2B,Vehicle,1.6295416541132712,92,56.457593316362676
5452,251114,Well18,POLR2B,Vehicle,3.3644242638603057,115,34.1811825682324
5453,251114,Well18,POLR2B,Vehicle,3.095745682378364,127,41.02404171082616
5454,251114,Well18,POLR2B,Vehicle,3.437580382165132,121,35.1991769058762
5455,251114,Well18,POLR2B,Vehicle,2.629347232564741,98,37.271608247955896
5456,251114,Well18,POLR2B,Vehicle,1.295504300906293,21,16.209903730392156
5457,251114,Well18,POLR2B,Vehicle,2.8070754794468407,88,31.349352963369974
5458,251114,Well18,POLR2B,Vehicle,2.253626956808924,55,24.405103885462275
5459,251114,Well18,POLR2B,Vehicle,2.8660601877379843,77,26.866148983693066
5460,251114,Well18,POLR2B,Vehicle,2.5206937548473736,82,32.53072684546126
5461,251114,Well18,POLR2B,Vehicle,2.3452444553834053,73,31.12681913922948
5462,251114,Well18,POLR2B,Vehicle,2.3842555450623792,94,39.425304135149105
5463,251114,Well18,POLR2B,Vehicle,3.502234925250271,85,24.270216537208984
5464,251114,Well18,POLR2B,Vehicle,1.81041722057097,39,21.541995710635234
5465,251114,Well18,POLR2B,Vehicle,2.971689188770321,83,27.930242608697995
5466,251114,Well18,POLR2B,Vehicle,2.1425558039263173,71,33.13799335816118
5467,251114,Well18,POLR2B,Vehicle,1.4224084197965643,48,33.74558202268309
5468,251114,Well18,POLR2B,Vehicle,2.2583098125166288,52,23.02607007762674
5469,251114,Well18,POLR2B,Vehicle,2.018209146938829,41,20.31504022374877
5470,251114,Well18,POLR2B,Vehicle,1.8039573789117669,23,12.749746900270281
352,251114,Well15,POLR2B,Triptolide,2.067320887395751,4,1.9348713711488141
353,251114,Well15,POLR2B,Triptolide,1.0351716230499546,1,0.966023389487506
354,251114,Well15,POLR2B,Triptolide,2.3432419044690525,2,0.8535183653832674
355,251114,Well15,POLR2B,Triptolide,2.219686313337208,6,2.703084649370678
356,251114,Well15,POLR2B,Triptolide,1.9615139759701767,7,3.5686719981374373
357,251114,Well15,POLR2B,Triptolide,2.5373389665193997,12,4.729364171812262
358,251114,Well15,POLR2B,Triptolide,1.831519722987847,7,3.821962664197009
361,251114,Well15,POLR2B,Triptolide,2.4995732495930856,6,2.4004097503350867
362,251114,Well15,POLR2B,Triptolide,2.286537202586476,3,1.312027635765765
363,251114,Well15,POLR2B,Triptolide,1.6513536801222246,7,4.238946558972089
364,251114,Well15,POLR2B,Triptolide,1.944708856742324,4,2.0568631577585315
365,251114,Well15,POLR2B,Triptolide,3.710470568610787,20,5.390151903964049
366,251114,Well15,POLR2B,Triptolide,1.8300657291193083,4,2.1857138442371356
367,251114,Well15,POLR2B,Triptolide,1.661170521463342,0,0.0
368,251114,Well15,POLR2B,Triptolide,1.82182784251817,10,5.488992849169427
369,251114,Well15,POLR2B,Triptolide,1.7757882333158954,1,0.563130209581758
370,251114,Well15,POLR2B,Triptolide,1.9026934111966027,9,4.730136735134804
371,251114,Well15,POLR2B,Triptolide,1.7680639570761858,0,0.0
372,251114,Well15,POLR2B,Triptolide,1.9647523687232655,11,5.598669926606585
373,251114,Well15,POLR2B,Triptolide,0.9156253697085598,1,1.0921497296632314
374,251114,Well15,POLR2B,Triptolide,2.056123122526174,5,2.431760990001877
375,251114,Well15,POLR2B,Triptolide,1.5999788771037098,3,1.875024753720884
376,251114,Well15,POLR2B,Triptolide,1.6259040219658345,2,1.2300849084448764
377,251114,Well15,POLR2B,Triptolide,1.6477689974965848,4,2.4275247356134884
378,251114,Well15,POLR2B,Triptolide,1.433941884634332,2,1.3947566644306635
777,251114,Well15,POLR2B,Triptolide,2.646203183333518,2,0.7557998617024289
778,251114,Well15,POLR2B,Triptolide,4.620862407584956,13,2.8133276547384387
779,251114,Well15,POLR2B,Triptolide,2.457506972506439,7,2.848415112678448
780,251114,Well15,POLR2B,Triptolide,1.7380987637009686,0,0.0
781,251114,Well15,POLR2B,Triptolide,2.2184684743358822,3,1.3522842603828644
782,251114,Well15,POLR2B,Triptolide,2.269804094708267,9,3.965099904869433
783,251114,Well15,POLR2B,Triptolide,1.7623337598273412,5,2.837147034220044
1391,251114,Well15,POLR2B,Triptolide,1.3688415065756638,0,0.0
1392,251114,Well15,POLR2B,Triptolide,1.8679098113378816,1,0.5353577533188043
1393,251114,Well15,POLR2B,Triptolide,1.4970238269221086,1,0.667992039950364
1634,251114,Well15,POLR2B,Triptolide,1.553199033586717,2,1.2876649783778904
1635,251114,Well15,POLR2B,Triptolide,1.2557656847978316,2,1.59265380812025
1762,251114,Well15,POLR2B,Triptolide,3.126756099313848,20,6.396405528524884
1763,251114,Well15,POLR2B,Triptolide,1.7353962201084625,10,5.76237281384363
1764,251114,Well15,POLR2B,Triptolide,2.5045748614220065,3,1.1978080776139026
1765,251114,Well15,POLR2B,Triptolide,2.614268267747462,16,6.120259423026282
1766,251114,Well15,POLR2B,Triptolide,1.4344321972061702,7,4.879979697634948
1767,251114,Well15,POLR2B,Triptolide,2.223813199066046,5,2.248390288401873
1768,251114,Well15,POLR2B,Triptolide,1.8190172819011985,2,1.0994947766024752
1769,251114,Well15,POLR2B,Triptolide,2.593643370017192,2,0.7711160382033336
1770,251114,Well15,POLR2B,Triptolide,1.1289081614867416,7,6.200681542403935
1771,251114,Well15,POLR2B,Triptolide,3.093013487053651,14,4.526330085077045
1772,251114,Well15,POLR2B,Triptolide,2.759498216131589,3,1.087154172618223
1773,251114,Well15,POLR2B,Triptolide,2.2558413058104643,1,0.44329359402377216
1774,251114,Well15,POLR2B,Triptolide,1.3488382362312874,2,1.4827574918013051
1775,251114,Well15,POLR2B,Triptolide,1.969541123474564,0,0.0
2128,251114,Well15,POLR2B,Triptolide,2.186526145816775,0,0.0
2129,251114,Well15,POLR2B,Triptolide,2.042546865137487,0,0.0
2617,251114,Well15,POLR2B,Triptolide,2.033625929705171,2,0.9834650369008395
2618,251114,Well15,POLR2B,Triptolide,1.6465056219065144,3,1.8220405445845083
3099,251114,Well15,POLR2B,Triptolide,1.89029369218224,4,2.116073294082794
3100,251114,Well15,POLR2B,Triptolide,1.6108833016225326,10,6.207774324761877
3274,251114,Well15,POLR2B,Triptolide,4.896230631650699,5,1.021193725572996
3275,251114,Well15,POLR2B,Triptolide,2.9266323226925945,15,5.125344883158922
3472,251114,Well15,POLR2B,Triptolide,2.028229314443646,2,0.9860817934921775
3473,251114,Well15,POLR2B,Triptolide,1.9272821101285775,6,3.1131923907080283
3474,251114,Well15,POLR2B,Triptolide,2.298862792270324,1,0.43499768814493456
3475,251114,Well15,POLR2B,Triptolide,1.6194780680005811,0,0.0
3476,251114,Well15,POLR2B,Triptolide,2.261158496789294,6,2.653507044517061
4065,251114,Well15,POLR2B,Triptolide,2.041819338708,4,1.959037180307576
4066,251114,Well15,POLR2B,Triptolide,2.303324318976918,4,1.7366203999342589
4067,251114,Well15,POLR2B,Triptolide,2.28928210579642,7,3.0577271286383314
4068,251114,Well15,POLR2B,Triptolide,2.102064245617907,11,5.232951382400077
4069,251114,Well15,POLR2B,Triptolide,2.3534092716444643,2,0.8498309342524529
4070,251114,Well15,POLR2B,Triptolide,2.180592622404231,9,4.12731837553269
4071,251114,Well15,POLR2B,Triptolide,2.9141563563668447,9,3.0883723793120477
4072,251114,Well15,POLR2B,Triptolide,1.824267756482564,8,4.385321163284214
4073,251114,Well15,POLR2B,Triptolide,1.793737062214558,12,6.689943722958331
4074,251114,Well15,POLR2B,Triptolide,1.8355714203957345,7,3.8135263614481727
4075,251114,Well15,POLR2B,Triptolide,1.5743608394680062,13,8.25731920796051
4264,251114,Well15,POLR2B,Triptolide,2.735129787210288,3,1.0968400892814185
4265,251114,Well15,POLR2B,Triptolide,1.656219741175346,0,0.0
4266,251114,Well15,POLR2B,Triptolide,2.509547880509157,5,1.9923907564519392
4267,251114,Well15,POLR2B,Triptolide,3.0455738924950704,14,4.596834781943371
4268,251114,Well15,POLR2B,Triptolide,1.8051286223339107,3,1.6619314340721054
4269,251114,Well15,POLR2B,Triptolide,2.4778459428190067,11,4.439339754708669
4270,251114,Well15,POLR2B,Triptolide,1.9251185926679624,7,3.6361396262340993
4656,251114,Well15,POLR2B,Triptolide,2.6334751772840157,10,3.7972638156070677
4657,251114,Well15,POLR2B,Triptolide,2.493225660920091,10,4.010868392999628
4658,251114,Well15,POLR2B,Triptolide,1.5158219661503909,5,3.2985404035924426
4956,251114,Well15,POLR2B,Triptolide,2.6322509843400743,2,0.7598059652740202
4957,251114,Well15,POLR2B,Triptolide,2.492017352832689,2,0.8025626297210932
5368,251114,Well15,POLR2B,Triptolide,2.515985483369206,2,0.7949171460726238
5369,251114,Well15,POLR2B,Triptolide,2.088399033032601,15,7.182535407621903
5370,251114,Well15,POLR2B,Triptolide,2.2561272332281668,7,3.1026618964144546
301,251114,Well17,POLR2B,AZD4573,3.073338503744415,10,3.2537906214419454
302,251114,Well17,POLR2B,AZD4573,2.9761591874004028,1,0.33600353241638053
303,251114,Well17,POLR2B,AZD4573,1.3359662074824976,1,0.7485219269762862
304,251114,Well17,POLR2B,AZD4573,2.6278318172509176,4,1.5221674285778926
305,251114,Well17,POLR2B,AZD4573,2.4821645058167503,1,0.4028741840666005
306,251114,Well17,POLR2B,AZD4573,2.6771574737758983,1,0.373530511296217
431,251114,Well17,POLR2B,AZD4573,3.188356513981752,2,0.6272824231636245
432,251114,Well17,POLR2B,AZD4573,2.284629960811358,0,0.0
433,251114,Well17,POLR2B,AZD4573,3.218483732893666,2,0.6214106287254232
434,251114,Well17,POLR2B,AZD4573,2.897332175311145,3,1.035435296499211
435,251114,Well17,POLR2B,AZD4573,3.7283240883702153,4,1.072868105129923
436,251114,Well17,POLR2B,AZD4573,4.302624132691691,3,0.6972489131006713
437,251114,Well17,POLR2B,AZD4573,1.83398081676096,3,1.6357859213044421
438,251114,Well17,POLR2B,AZD4573,4.3628870424390085,0,0.0
439,251114,Well17,POLR2B,AZD4573,2.2588393077345965,1,0.44270524095089614
440,251114,Well17,POLR2B,AZD4573,1.4417731189080716,6,4.161542423917646
441,251114,Well17,POLR2B,AZD4573,3.05054479360135,0,0.0
1558,251114,Well17,POLR2B,AZD4573,2.770342278195564,2,0.7219324542462966
1559,251114,Well17,POLR2B,AZD4573,1.792279891374711,5,2.789742843214577
1560,251114,Well17,POLR2B,AZD4573,3.674001055978057,3,0.8165484860486435
1561,251114,Well17,POLR2B,AZD4573,1.274903759956049,3,2.3531187954951376
1760,251114,Well17,POLR2B,AZD4573,1.2476951186855711,0,0.0
1761,251114,Well17,POLR2B,AZD4573,2.41872144779032,2,0.8268831459807606
2130,251114,Well17,POLR2B,AZD4573,2.3382773573053885,4,1.7106610503253417
2131,251114,Well17,POLR2B,AZD4573,1.637104963806719,0,0.0
2132,251114,Well17,POLR2B,AZD4573,4.27883179456754,0,0.0
2133,251114,Well17,POLR2B,AZD4573,1.847316683320689,1,0.5413257017754127
2134,251114,Well17,POLR2B,AZD4573,1.9119320437597,0,0.0
2135,251114,Well17,POLR2B,AZD4573,2.852218123749878,0,0.0
2136,251114,Well17,POLR2B,AZD4573,3.051685326300852,3,0.9830633499937219
2137,251114,Well17,POLR2B,AZD4573,2.5460290420366825,4,1.571073987750046
2138,251114,Well17,POLR2B,AZD4573,2.4689557181093327,8,3.2402363239330225
2139,251114,Well17,POLR2B,AZD4573,3.027727785668694,0,0.0
2140,251114,Well17,POLR2B,AZD4573,3.676329775946678,3,0.8160312547661699
2141,251114,Well17,POLR2B,AZD4573,4.469158850665959,1,0.2237557521257021
2142,251114,Well17,POLR2B,AZD4573,2.909397253347753,3,1.0311414147889202
2143,251114,Well17,POLR2B,AZD4573,2.043544434128138,0,0.0
2144,251114,Well17,POLR2B,AZD4573,2.846656305980348,0,0.0
2145,251114,Well17,POLR2B,AZD4573,2.2078997497852506,1,0.45291911469135504
2146,251114,Well17,POLR2B,AZD4573,4.807010687423175,1,0.20802949380086683
2147,251114,Well17,POLR2B,AZD4573,3.21904817479602,2,0.6213016678840891
2148,251114,Well17,POLR2B,AZD4573,3.38370636171781,1,0.295533918461036
2149,251114,Well17,POLR2B,AZD4573,3.634953960624262,4,1.100426592284279
2150,251114,Well17,POLR2B,AZD4573,2.376000714614266,1,0.42087529429146064
2619,251114,Well17,POLR2B,AZD4573,2.8098341495324517,3,1.0676786743798352
2620,251114,Well17,POLR2B,AZD4573,2.0826550689080894,0,0.0
2621,251114,Well17,POLR2B,AZD4573,3.182644319570318,1,0.3142041332897067
2622,251114,Well17,POLR2B,AZD4573,2.5781090393124613,3,1.1636435675350838
2623,251114,Well17,POLR2B,AZD4573,3.214792092233997,1,0.3110621064471663
2624,251114,Well17,POLR2B,AZD4573,2.395706408646144,2,0.8348268355345909
2625,251114,Well17,POLR2B,AZD4573,3.1530476548668065,0,0.0
2626,251114,Well17,POLR2B,AZD4573,4.125905103695038,5,1.211855307947376
2627,251114,Well17,POLR2B,AZD4573,2.445494843991628,0,0.0
2628,251114,Well17,POLR2B,AZD4573,3.74300804975489,8,2.137318406388113
2629,251114,Well17,POLR2B,AZD4573,3.0313410610361045,2,0.6597739943246126
2630,251114,Well17,POLR2B,AZD4573,3.1133831680888613,0,0.0
2631,251114,Well17,POLR2B,AZD4573,2.9103979993097115,1,0.34359561827529433
2632,251114,Well17,POLR2B,AZD4573,1.5803642562493216,1,0.6327655134223928
3193,251114,Well17,POLR2B,AZD4573,2.1363215272299683,2,0.9361886656608626
3194,251114,Well17,POLR2B,AZD4573,1.8914225759869463,2,1.0574051644468703
3195,251114,Well17,POLR2B,AZD4573,2.2021038951293788,1,0.4541111807720805
4047,251114,Well17,POLR2B,AZD4573,1.5245840530173171,2,1.3118332151263048
4048,251114,Well17,POLR2B,AZD4573,4.2700262890927405,2,0.4683811912607553
4049,251114,Well17,POLR2B,AZD4573,1.7231458187455664,3,1.7410018161921845
4558,251114,Well17,POLR2B,AZD4573,2.695965143918104,7,2.5964727384519333
4559,251114,Well17,POLR2B,AZD4573,2.634511928920796,3,1.1387308469045052
4560,251114,Well17,POLR2B,AZD4573,2.559553408894008,0,0.0
4561,251114,Well17,POLR2B,AZD4573,1.8962134487191165,1,0.5273667902078721
4562,251114,Well17,POLR2B,AZD4573,2.137051171640327,0,0.0
4563,251114,Well17,POLR2B,AZD4573,2.1633490811359013,1,0.4622462499093923
4564,251114,Well17,POLR2B,AZD4573,2.103843349550277,1,0.4753205604465573
4565,251114,Well17,POLR2B,AZD4573,2.356182767596178,1,0.42441529313968235
4566,251114,Well17,POLR2B,AZD4573,8.519791973165173,3,0.3521212735532879
4567,251114,Well17,POLR2B,AZD4573,2.0497818877957954,0,0.0
4568,251114,Well17,POLR2B,AZD4573,3.59953496650398,2,0.555627329255391
4569,251114,Well17,POLR2B,AZD4573,1.853746873247687,3,1.6183439299585307
4570,251114,Well17,POLR2B,AZD4573,3.718130246433905,5,1.3447619283363053
4958,251114,Well17,POLR2B,AZD4573,2.450617180730246,3,1.2241814117642178
4959,251114,Well17,POLR2B,AZD4573,1.5841162593638394,0,0.0
4960,251114,Well17,POLR2B,AZD4573,3.1197678214271134,8,2.564293389096007
4961,251114,Well17,POLR2B,AZD4573,2.335159689461996,2,0.8564724755336907
4962,251114,Well17,POLR2B,AZD4573,3.4970532850472416,2,0.5719100731326094
4963,251114,Well17,POLR2B,AZD4573,1.941908886029712,1,0.5149572192568357
4964,251114,Well17,POLR2B,AZD4573,2.8970038882760054,3,1.035552631510373
4965,251114,Well17,POLR2B,AZD4573,3.013346695548697,3,0.9955708065160863
4966,251114,Well17,POLR2B,AZD4573,1.5381634873773116,3,1.950377852951921
