,WELL,GFP_Intensity,DAPI_Intensity,NucleusArea,CELL,DRUG,DRUG_CONCENTRATION,TIME_MINUTES,EU,PRIMARY,SECONDARY,CLICK,TotalNumberCells,EU_647_Intensity,IF_568_Intensity,DAPI_Intensity_2,NucleusArea_2,EXPERIMENT,GFP_Intensity_BGS,GFP_Intensity_FC,EU_647_Intensity_BGS,EU_647_Intensity_FC,DRUG_CONCENTRATION_LOG
0,C03,133.71515041225604,3985.0530148751645,1718.8929663608562,HCT116 OsTIRF74G,Vehicle,0,240,"EU 1 mM, 30 mins",Nucleolin (D4C7O) ,Goat anti-rabbit Alexa568,AF647 azide click,3270,653.0256371198706,2647.498115689315,5914.743553549869,1707.3578921688218,260508_mACPOLR2A_CRC_EU,0.6687922863558811,0.006250516860992672,470.7557035000933,2.0456906264829686,-12.0
1,C04,133.79522291207718,3985.92729740285,1700.848167539267,HCT116 OsTIRF74G,Vehicle,0,240,"EU 1 mM, 30 mins",Nucleolin (D4C7O) ,Goat anti-rabbit Alexa568,AF647 azide click,4202,687.6745710819544,2779.767987998007,6165.423978033057,1658.8914595126753,260508_mACPOLR2A_CRC_EU,0.7488647861770232,0.006998872546972514,505.4046374621771,2.1962591674413856,-12.0
2,C05,133.0693229125692,4208.952783414008,1716.7659954116748,HCT116 OsTIRF74G,Vehicle,0,240,"EU 1 mM, 30 mins",Nucleolin (D4C7O) ,Goat anti-rabbit Alexa568,AF647 azide click,3923,673.1370230277896,3076.6896371293897,6348.999394697015,1674.234864864865,260508_mACPOLR2A_CRC_EU,0.022964786669035675,0.00021462835204939112,490.86708940801236,2.133085581725191,-12.0
3,C06,132.80173557544674,4407.065937782568,1713.5464464759657,HCT116 OsTIRF74G,Vehicle,0,240,"EU 1 mM, 30 mins",Nucleolin (D4C7O) ,Goat anti-rabbit Alexa568,AF647 azide click,3391,688.9659044099049,3043.767939331891,6154.888009141637,1658.1574415744158,260508_mACPOLR2A_CRC_EU,-0.24462255045341408,-0.0022862365601125775,506.6959707901276,2.2018707159898416,-12.0
4,C07,132.9785570143808,4593.965624994796,1670.785906945381,HCT116 OsTIRF74G,Vehicle,0,240,"EU 1 mM, 30 mins",Nucleolin (D4C7O) ,Goat anti-rabbit Alexa568,AF647 azide click,2966,640.6040360470778,3072.4680227979593,6131.371103622226,1624.382225192115,260508_mACPOLR2A_CRC_EU,-0.0678011115193442,-0.0006336675816864837,458.33410242730054,1.9917119859872876,-12.0
5,C08,132.61241357164283,4668.21776476339,1771.960979777841,HCT116 OsTIRF74G,Vehicle,0,240,"EU 1 mM, 30 mins",Nucleolin (D4C7O) ,Goat anti-rabbit Alexa568,AF647 azide click,3511,642.8125940906855,2829.821503484851,5896.927625869119,1724.3681017047097,260508_mACPOLR2A_CRC_EU,-0.43394455425732303,-0.004055635521606514,460.54266047090823,2.001309376851084,-12.0
6,C09,133.41004418699058,5166.274258358154,1757.2597853535353,HCT116 OsTIRF74G,Vehicle,0,240,"EU 1 mM, 30 mins",Nucleolin (D4C7O) ,Goat anti-rabbit Alexa568,AF647 azide click,3168,675.529910607971,2788.352545221902,6109.05244850481,1676.7140983606557,260508_mACPOLR2A_CRC_EU,0.36368606109041934,0.0033990013092705393,493.2599769881938,2.1434839850936673,-12.0
7,C10,132.79495214519747,5274.258999225221,1753.8911739502998,HCT116 OsTIRF74G,Vehicle,0,240,"EU 1 mM, 30 mins",Nucleolin (D4C7O) ,Goat anti-rabbit Alexa568,AF647 azide click,3501,662.0213004721405,2807.932886354565,6135.146877036933,1680.2567016317016,260508_mACPOLR2A_CRC_EU,-0.2514059807026854,-0.002349634338486289,479.7513668523633,2.0847816965686046,-12.0
8,C11,132.9566220563184,5510.839742800694,1725.4524185899463,HCT116 OsTIRF74G,Vehicle,0,240,"EU 1 mM, 30 mins",Nucleolin (D4C7O) ,Goat anti-rabbit Alexa568,AF647 azide click,3163,671.059428026048,2907.991170670756,6181.924168013299,1655.6623762376237,260508_mACPOLR2A_CRC_EU,-0.08973606958176106,-0.0008386711799805986,488.7894944062707,2.124057296801417,-12.0
9,C12,132.60873952117421,5024.800487905613,1729.2755259107234,HCT116 OsTIRF74G,Vehicle,0,240,"EU 1 mM, 30 mins",Nucleolin (D4C7O) ,Goat anti-rabbit Alexa568,AF647 azide click,3898,673.0880482001503,2586.27671199659,6010.169617430353,1648.7443255935298,260508_mACPOLR2A_CRC_EU,-0.43761860472594094,-0.0040899731102281844,490.81811458037305,2.1328727593523755,-12.0
10,C13,132.81094268354846,5549.979795386743,1708.701410177805,HCT116 OsTIRF74G,Vehicle,0,240,"EU 1 mM, 30 mins",Nucleolin (D4C7O) ,Goat anti-rabbit Alexa568,AF647 azide click,3262,679.4647946938883,2748.030931449476,6333.319292483798,1635.170151174011,260508_mACPOLR2A_CRC_EU,-0.23541544235169454,-0.00220018714595986,497.19486107411103,2.1605832054132703,-12.0
11,C14,132.5271851740285,5640.155367318573,1686.65483555845,HCT116 OsTIRF74G,Vehicle,0,240,"EU 1 mM, 30 mins",Nucleolin (D4C7O) ,Goat anti-rabbit Alexa568,AF647 azide click,3071,637.3075334421525,2661.958497690991,6069.407992675422,1616.7329407689642,260508_mACPOLR2A_CRC_EU,-0.519172951871667,-0.004852178106190647,455.0375998223752,1.977386881843178,-12.0
12,C15,132.42570065094424,5606.6638885736875,1669.8697686508967,HCT116 OsTIRF74G,Vehicle,0,240,"EU 1 mM, 30 mins",Nucleolin (D4C7O) ,Goat anti-rabbit Alexa568,AF647 azide click,3847,680.9072484641661,2512.237539834887,5654.255784137273,1591.0884658454647,260508_mACPOLR2A_CRC_EU,-0.6206574749559195,-0.005800650054221425,498.6373148443888,2.166851454815355,-12.0
20,D03,132.49598488887787,4230.599608474576,1675.4335664335665,HCT116 OsTIRF74G,Vehicle,0,240,"EU 1 mM, 30 mins",Nucleolin (D4C7O) ,Goat anti-rabbit Alexa568,AF647 azide click,3432,650.6216095932871,2450.9240459002317,5803.276228869085,1617.0234123500147,260508_mACPOLR2A_CRC_EU,-0.5503732370222849,-0.005143775231905614,468.3516759735098,2.035243813963494,-12.0
21,D04,132.5862246016291,3933.7730827404016,1765.3839285714287,HCT116 OsTIRF74G,5PhIAA,1000,240,"EU 1 mM, 30 mins",Nucleolin (D4C7O) ,Goat anti-rabbit Alexa568,AF647 azide click,3472,672.9641283221591,2523.557432090515,5771.729983566546,1710.2663244938694,260508_mACPOLR2A_CRC_EU,-0.46013352427104337,-0.004300397014797069,490.6941947023819,2.1323342598058876,-6.0
22,D05,150.84916138491013,3616.9001727960203,2002.6456140350876,HCT116 OsTIRF74G mAC-POLR2A Clone 5,5PhIAA,1000,240,"EU 1 mM, 30 mins",Nucleolin (D4C7O) ,Goat anti-rabbit Alexa568,AF647 azide click,3705,371.40746986412984,2290.470174734374,4920.411999220973,1962.807423345885,260508_mACPOLR2A_CRC_EU,17.802803259009977,0.16638457741446502,189.13753624435256,0.8219058890511733,-6.0
23,D06,226.32244068127898,3811.855156887834,2030.1971179989125,HCT116 OsTIRF74G mAC-POLR2A Clone 5,Vehicle,0,240,"EU 1 mM, 30 mins",Nucleolin (D4C7O) ,Goat anti-rabbit Alexa568,AF647 azide click,3678,454.78752086514254,2448.036978881811,5128.208871964241,1994.6737910766765,260508_mACPOLR2A_CRC_EU,93.27608255537882,0.8717560573500669,272.51758724536523,1.1842377471683416,-12.0
24,D07,232.49343593302459,3920.84072897535,1969.747057350363,HCT116 OsTIRF74G mAC-POLR2A Clone 5,Vehicle,0,240,"EU 1 mM, 30 mins",Nucleolin (D4C7O) ,Goat anti-rabbit Alexa568,AF647 azide click,3993,438.6313079691274,2332.113715225967,5220.8054386012445,1916.042601462062,260508_mACPOLR2A_CRC_EU,99.44707780712443,0.9294300327487852,256.36137434935017,1.1140301787095672,-12.0
25,D08,233.00379062352303,3919.0820847898317,1937.4259681093395,HCT116 OsTIRF74G mAC-POLR2A Clone 5,Vehicle,0,240,"EU 1 mM, 30 mins",Nucleolin (D4C7O) ,Goat anti-rabbit Alexa568,AF647 azide click,3951,448.052918074714,2175.5183345391447,5017.459612715042,1912.2175410704822,260508_mACPOLR2A_CRC_EU,99.95743249762288,0.9341997955931338,265.7829844549367,1.154972220061535,-12.0
26,D09,231.0854498681212,4317.060055432488,1953.4143254872183,HCT116 OsTIRF74G mAC-POLR2A Clone 5,Vehicle,0,240,"EU 1 mM, 30 mins",Nucleolin (D4C7O) ,Goat anti-rabbit Alexa568,AF647 azide click,3951,430.19718533860083,2251.4636735409836,5204.423141646216,1961.0798071772897,260508_mACPOLR2A_CRC_EU,98.03909174222105,0.9162710283489672,247.92725171882356,1.0773793097352888,-12.0
27,D10,151.27833934882113,4197.937255809263,1957.4866208856263,HCT116 OsTIRF74G mAC-POLR2A Clone 5,5PhIAA,1000,240,"EU 1 mM, 30 mins",Nucleolin (D4C7O) ,Goat anti-rabbit Alexa568,AF647 azide click,4223,370.61165143209325,2374.8622554909807,5152.627755389889,1928.6139271653544,260508_mACPOLR2A_CRC_EU,18.23198122292098,0.170395664495641,188.34171781231598,0.8184476233420267,-6.0
28,D11,228.58995506395576,4493.997169040105,1940.1968111609367,HCT116 OsTIRF74G mAC-POLR2A Clone 5,Vehicle,0,240,"EU 1 mM, 30 mins",Nucleolin (D4C7O) ,Goat anti-rabbit Alexa568,AF647 azide click,4014,449.24109748505975,2308.17855858212,5397.956932254469,1902.5983229645658,260508_mACPOLR2A_CRC_EU,95.5435969380556,0.8929481930409422,266.9711638652825,1.1601355085023388,-12.0
29,D12,228.65759104245768,4459.470759457904,1865.9015911872705,HCT116 OsTIRF74G mAC-POLR2A Clone 5,Vehicle,0,240,"EU 1 mM, 30 mins",Nucleolin (D4C7O) ,Goat anti-rabbit Alexa568,AF647 azide click,4085,421.59880138598174,2277.2765044823877,5323.80130659737,1860.2449560269013,260508_mACPOLR2A_CRC_EU,95.61123291655753,0.8935803172933608,239.32886776620447,1.0400146356081468,-12.0
30,D13,231.77449445423116,4682.871556502545,1978.3731667571972,HCT116 OsTIRF74G mAC-POLR2A Clone 5,Vehicle,0,240,"EU 1 mM, 30 mins",Nucleolin (D4C7O) ,Goat anti-rabbit Alexa568,AF647 azide click,3682,437.4472681684119,2329.5572766728355,5555.043944528842,1957.14484007242,260508_mACPOLR2A_CRC_EU,98.728136328331,0.9227108227235755,255.1773345486346,1.1088848791333803,-12.0
31,D14,229.75448284244658,4578.946514142402,1985.3579117330462,HCT116 OsTIRF74G mAC-POLR2A Clone 5,Vehicle,0,240,"EU 1 mM, 30 mins",Nucleolin (D4C7O) ,Goat anti-rabbit Alexa568,AF647 azide click,3716,437.2660713910945,2266.3182697389566,4978.469460981803,1971.7145720011451,260508_mACPOLR2A_CRC_EU,96.70812471654642,0.9038318420647857,254.99613777131722,1.1080974801785697,-12.0
32,D15,132.70420586465974,5303.264545570704,1735.3214568487729,HCT116 OsTIRF74G,Vehicle,0,240,"EU 1 mM, 30 mins",Nucleolin (D4C7O) ,Goat anti-rabbit Alexa568,AF647 azide click,3789,604.7082246991325,2604.871133047629,5797.725433824592,1659.3302364864865,260508_mACPOLR2A_CRC_EU,-0.34215226124041465,-0.0031977469261240308,422.4382910793553,1.8357250818276059,-12.0
40,E03,132.26828715768113,4191.011810651987,1732.1517063378262,HCT116 OsTIRF74G,Vehicle,0,240,"EU 1 mM, 30 mins",Nucleolin (D4C7O) ,Goat anti-rabbit Alexa568,AF647 azide click,3487,656.3570408222254,2495.586181886929,5672.8832016629585,1684.830150462963,260508_mACPOLR2A_CRC_EU,-0.7780709682190263,-0.007271832832285404,474.0871072024481,2.060167394956017,-12.0
41,E04,131.91762904336892,3710.1274860172757,1704.144625773776,HCT116 OsTIRF74G,Vehicle,0,240,"EU 1 mM, 30 mins",Nucleolin (D4C7O) ,Goat anti-rabbit Alexa568,AF647 azide click,3554,646.2122838637612,2454.7067815132214,5450.255583487123,1652.5095382914017,260508_mACPOLR2A_CRC_EU,-1.1287290825312368,-0.010549075259668993,463.9423502439839,2.016082885594626,-12.0
42,E05,155.52535179657744,3661.7876510164383,1972.3206367254122,HCT116 OsTIRF74G mAC-POLR2A Clone 5,5PhIAA,300,240,"EU 1 mM, 30 mins",Nucleolin (D4C7O) ,Goat anti-rabbit Alexa568,AF647 azide click,3518,379.07358404512553,2205.6738034962023,5063.9104494523235,1955.6191595650896,260508_mACPOLR2A_CRC_EU,22.478993670677283,0.21008814219778477,196.80365042534825,0.8552193418782148,-6.5
43,E06,153.10512498394402,3730.7981298963914,1957.7073855658523,HCT116 OsTIRF74G mAC-POLR2A Clone 5,5PhIAA,1000,240,"EU 1 mM, 30 mins",Nucleolin (D4C7O) ,Goat anti-rabbit Alexa568,AF647 azide click,3561,374.94593818388716,2143.8786607491033,5282.838979112156,1947.0307913669064,260508_mACPOLR2A_CRC_EU,20.058766858043867,0.1874687597551142,192.6760045641099,0.8372824663714588,-6.0
44,E07,227.88090564709609,3874.2586125421035,1937.6649807321774,HCT116 OsTIRF74G mAC-POLR2A Clone 5,Vehicle,0,240,"EU 1 mM, 30 mins",Nucleolin (D4C7O) ,Goat anti-rabbit Alexa568,AF647 azide click,4152,433.51486978218605,2182.068606447791,5242.6034708311745,1913.390897908979,260508_mACPOLR2A_CRC_EU,94.83454752119593,0.8863214339921692,251.24493616240878,1.0917964605364565,-12.0
45,E08,227.2019602854727,3989.898553222156,1944.767637031209,HCT116 OsTIRF74G mAC-POLR2A Clone 5,Vehicle,0,240,"EU 1 mM, 30 mins",Nucleolin (D4C7O) ,Goat anti-rabbit Alexa568,AF647 azide click,3813,447.9825855787724,2337.9725283011453,5289.300381469337,1902.005418585749,260508_mACPOLR2A_CRC_EU,94.15560215957254,0.8799760267303075,265.71265195899514,1.1546665869558392,-12.0
46,E09,230.5772254430067,4412.7191864527285,2008.1752,HCT116 OsTIRF74G mAC-POLR2A Clone 5,Vehicle,0,240,"EU 1 mM, 30 mins",Nucleolin (D4C7O) ,Goat anti-rabbit Alexa568,AF647 azide click,3750,441.59133376520856,2268.032244966287,5180.625726166222,1981.5323480200782,260508_mACPOLR2A_CRC_EU,97.53086731710655,0.9115211749144196,259.3214001454313,1.1268931073584811,-12.0
47,E10,156.04922856057408,4350.2119922221855,1893.3804077573348,HCT116 OsTIRF74G mAC-POLR2A Clone 5,5PhIAA,300,240,"EU 1 mM, 30 mins",Nucleolin (D4C7O) ,Goat anti-rabbit Alexa568,AF647 azide click,4022,369.6167156729313,2398.6489868089575,5330.119649239899,1878.7005388760585,260508_mACPOLR2A_CRC_EU,23.002870434673923,0.21498428202063677,187.34678205315404,0.8141240841021673,-6.5
48,E11,152.54636719644395,4641.845402691043,1917.0487386725447,HCT116 OsTIRF74G mAC-POLR2A Clone 5,5PhIAA,1000,240,"EU 1 mM, 30 mins",Nucleolin (D4C7O) ,Goat anti-rabbit Alexa568,AF647 azide click,4083,355.2850762301492,2346.4788298220346,5404.494920697168,1914.5330419130883,260508_mACPOLR2A_CRC_EU,19.500009070543797,0.18224662271311834,173.0151426103719,0.7518452837557212,-6.0
49,E12,224.45346096918993,4509.767967493258,1939.6857358870968,HCT116 OsTIRF74G mAC-POLR2A Clone 5,Vehicle,0,240,"EU 1 mM, 30 mins",Nucleolin (D4C7O) ,Goat anti-rabbit Alexa568,AF647 azide click,3968,433.73713752659177,2293.75599404425,5423.183199488671,1910.6840731070497,260508_mACPOLR2A_CRC_EU,91.40710284328978,0.8542886172470728,251.4672039068145,1.0927623352734372,-12.0
50,E13,224.3312993363856,4881.436909234368,2002.967570754717,HCT116 OsTIRF74G mAC-POLR2A Clone 5,Vehicle,0,240,"EU 1 mM, 30 mins",Nucleolin (D4C7O) ,Goat anti-rabbit Alexa568,AF647 azide click,3392,424.42964265133526,2451.1185976318798,5378.616799470555,1957.5896762904638,260508_mACPOLR2A_CRC_EU,91.28494121048544,0.8531468975215502,242.15970903155798,1.0523161869192372,-12.0
51,E14,232.28789139298132,4773.956800201732,1964.9371865927685,HCT116 OsTIRF74G mAC-POLR2A Clone 5,Vehicle,0,240,"EU 1 mM, 30 mins",Nucleolin (D4C7O) ,Goat anti-rabbit Alexa568,AF647 azide click,3789,414.4913831187285,2202.7432575298644,5299.973351847682,1912.811403508772,260508_mACPOLR2A_CRC_EU,99.24153326708117,0.9275090183479975,232.22144949895122,1.0091290216480584,-12.0
52,E15,132.50923643362862,5439.945450873608,1721.355179704017,HCT116 OsTIRF74G,5PhIAA,1000,240,"EU 1 mM, 30 mins",Nucleolin (D4C7O) ,Goat anti-rabbit Alexa568,AF647 azide click,3784,599.1842815817018,2470.639724036118,5755.950599091849,1666.912462006079,260508_mACPOLR2A_CRC_EU,-0.5371216922715405,-0.005019926608665586,416.9143479619246,1.811720532180018,-6.0
60,F03,132.73389357604742,4328.723327039816,1686.1836794384324,HCT116 OsTIRF74G,Vehicle,0,240,"EU 1 mM, 30 mins",Nucleolin (D4C7O) ,Goat anti-rabbit Alexa568,AF647 azide click,3419,643.9257234096015,2395.9839174537715,5936.724466597612,1642.378475336323,260508_mACPOLR2A_CRC_EU,-0.3124645498527343,-0.002920286278956463,461.6557897898242,2.006146531657365,-12.0
61,F04,132.74858687983397,4150.598468521012,1743.11751538892,HCT116 OsTIRF74G,5PhIAA,1000,240,"EU 1 mM, 30 mins",Nucleolin (D4C7O) ,Goat anti-rabbit Alexa568,AF647 azide click,3574,583.0731383365513,2560.9982515749957,5599.255866070547,1701.9550561797753,260508_mACPOLR2A_CRC_EU,-0.29777124606619054,-0.0027829630099308863,400.8032047167741,1.7417088159682308,-6.0
62,F05,166.92103386940846,4101.555176049808,1928.2353600448305,HCT116 OsTIRF74G mAC-POLR2A Clone 5,5PhIAA,100,240,"EU 1 mM, 30 mins",Nucleolin (D4C7O) ,Goat anti-rabbit Alexa568,AF647 azide click,3569,388.76172307684595,2000.8515810991107,5511.577402689764,1899.5663865546219,260508_mACPOLR2A_CRC_EU,33.874675743508305,0.3165919168254119,206.49178945706868,0.897319596974222,-7.0
63,F06,158.08247412300736,4019.178136938567,1935.6473784297746,HCT116 OsTIRF74G mAC-POLR2A Clone 5,5PhIAA,300,240,"EU 1 mM, 30 mins",Nucleolin (D4C7O) ,Goat anti-rabbit Alexa568,AF647 azide click,3681,367.5603888735823,2170.5853628748337,5428.068190106693,1942.0502838605028,260508_mACPOLR2A_CRC_EU,25.036115997107203,0.2339869468686058,185.29045525380505,0.8051882211330357,-6.5
64,F07,155.5018338760512,4209.259025750256,1928.7241851547521,HCT116 OsTIRF74G mAC-POLR2A Clone 5,5PhIAA,1000,240,"EU 1 mM, 30 mins",Nucleolin (D4C7O) ,Goat anti-rabbit Alexa568,AF647 azide click,3651,350.30696076728555,2262.141912107246,5436.6402762515545,1912.3331471655963,260508_mACPOLR2A_CRC_EU,22.455475750151038,0.2098683442698126,168.03702714750827,0.7302126533612007,-6.0
65,F08,239.00171712274516,4008.0230474478103,1913.6813131313131,HCT116 OsTIRF74G mAC-POLR2A Clone 5,Vehicle,0,240,"EU 1 mM, 30 mins",Nucleolin (D4C7O) ,Goat anti-rabbit Alexa568,AF647 azide click,3960,422.1891656687633,2100.8264823593972,5190.769629704035,1896.176867219917,260508_mACPOLR2A_CRC_EU,105.955358996845,0.9902562745316981,239.919232048986,1.0425800908336857,-12.0
66,F09,236.91758884017787,4608.714397160857,2019.1750498007968,HCT116 OsTIRF74G mAC-POLR2A Clone 5,Vehicle,0,240,"EU 1 mM, 30 mins",Nucleolin (D4C7O) ,Goat anti-rabbit Alexa568,AF647 azide click,4016,411.5937638930046,2102.864792313425,5309.504362270673,1939.0380856928089,260508_mACPOLR2A_CRC_EU,103.87123071427771,0.9707780609870421,229.32383027322734,0.9965372836295746,-12.0
67,F10,163.99794646777195,4788.654528693373,1935.7159059474411,HCT116 OsTIRF74G mAC-POLR2A Clone 5,5PhIAA,100,240,"EU 1 mM, 30 mins",Nucleolin (D4C7O) ,Goat anti-rabbit Alexa568,AF647 azide click,3615,373.53754319396677,2309.1237417928296,5333.149105974491,1927.4231613611416,260508_mACPOLR2A_CRC_EU,30.951588341871798,0.2892728112333927,191.2676095741895,0.8311622209706185,-7.0
68,F11,156.30359371501189,4677.094700809173,1939.0425,HCT116 OsTIRF74G mAC-POLR2A Clone 5,5PhIAA,300,240,"EU 1 mM, 30 mins",Nucleolin (D4C7O) ,Goat anti-rabbit Alexa568,AF647 azide click,4000,351.57884926860476,2413.714486628909,5332.115070437184,1905.1245524296676,260508_mACPOLR2A_CRC_EU,23.25723558911173,0.21736157272673276,169.30891564882748,0.7357397035185009,-6.5
69,F12,153.55733684476152,4685.611595726243,2020.7410316836867,HCT116 OsTIRF74G mAC-POLR2A Clone 5,5PhIAA,1000,240,"EU 1 mM, 30 mins",Nucleolin (D4C7O) ,Goat anti-rabbit Alexa568,AF647 azide click,3819,340.73811105824245,2420.4169515117464,5384.380173348343,1994.1807423345886,260508_mACPOLR2A_CRC_EU,20.510978718861367,0.1916951210909813,158.46817743846518,0.6886307755199482,-6.0
70,F13,231.7400689156636,4872.411635935173,1918.1266304347826,HCT116 OsTIRF74G mAC-POLR2A Clone 5,Vehicle,0,240,"EU 1 mM, 30 mins",Nucleolin (D4C7O) ,Goat anti-rabbit Alexa568,AF647 azide click,3680,394.7106392321345,2382.5765113636153,5388.814951612176,1934.0256556442416,260508_mACPOLR2A_CRC_EU,98.69371078976346,0.9223890824558496,212.44070561235722,0.9231708865626963,-12.0
71,F14,235.27438079233457,4970.920806230928,1929.2902548725638,HCT116 OsTIRF74G mAC-POLR2A Clone 5,Vehicle,0,240,"EU 1 mM, 30 mins",Nucleolin (D4C7O) ,Goat anti-rabbit Alexa568,AF647 azide click,3335,406.7768740012635,2183.4066332428815,5264.425168450044,1896.8298891883799,260508_mACPOLR2A_CRC_EU,102.22802266643441,0.9554206775083427,224.5069403814862,0.975605266392032,-12.0
72,F15,132.43211192175787,5398.437074105919,1723.2734045194934,HCT116 OsTIRF74G,Vehicle,0,240,"EU 1 mM, 30 mins",Nucleolin (D4C7O) ,Goat anti-rabbit Alexa568,AF647 azide click,4027,597.9696459711905,2252.936710188558,5640.092697373617,1641.2431842966193,260508_mACPOLR2A_CRC_EU,-0.6142462041422903,-0.005740730469114764,415.69971235141327,1.8064422771009165,-12.0
80,G03,132.98878672277834,4368.179564296452,1719.293307716939,HCT116 OsTIRF74G,Vehicle,0,240,"EU 1 mM, 30 mins",Nucleolin (D4C7O) ,Goat anti-rabbit Alexa568,AF647 azide click,3123,633.6200148122879,2474.6608630885203,5551.2836683567875,1664.0611395646606,260508_mACPOLR2A_CRC_EU,-0.057571403121812637,-0.0005380609694000124,451.35008119251063,1.961362599524326,-12.0
81,G04,132.33644355872482,4281.631721751687,1672.567244611059,HCT116 OsTIRF74G,Vehicle,0,240,"EU 1 mM, 30 mins",Nucleolin (D4C7O) ,Goat anti-rabbit Alexa568,AF647 azide click,4268,630.5038559437803,2461.8169374741005,5561.502658524311,1618.2556619192155,260508_mACPOLR2A_CRC_EU,-0.709914567175332,-0.006634844723123066,448.23392232400306,1.947821187406445,-12.0
82,G05,184.68731547788266,4313.817394570083,1936.3662222222222,HCT116 OsTIRF74G mAC-POLR2A Clone 5,5PhIAA,30,240,"EU 1 mM, 30 mins",Nucleolin (D4C7O) ,Goat anti-rabbit Alexa568,AF647 azide click,3375,417.5860883789756,1977.8182659900297,5347.536883646968,1918.9291109819872,260508_mACPOLR2A_CRC_EU,51.64095735198251,0.48263516375936405,235.31615475919833,1.0225772061215446,-7.5
83,G06,171.466691776208,4277.3503109305175,1916.2791214901306,HCT116 OsTIRF74G mAC-POLR2A Clone 5,5PhIAA,100,240,"EU 1 mM, 30 mins",Nucleolin (D4C7O) ,Goat anti-rabbit Alexa568,AF647 azide click,3597,398.2339627448905,1969.3678650301003,5490.914311089112,1895.0806542583193,260508_mACPOLR2A_CRC_EU,38.42033365030784,0.35907552791125513,215.96402912511323,0.9384816514254966,-7.0
84,G07,159.6861883576718,4464.36995221515,1851.5136950904393,HCT116 OsTIRF74G mAC-POLR2A Clone 5,5PhIAA,300,240,"EU 1 mM, 30 mins",Nucleolin (D4C7O) ,Goat anti-rabbit Alexa568,AF647 azide click,3870,372.62284282469705,2222.7730086356187,5488.7774631500515,1822.7193161520795,260508_mACPOLR2A_CRC_EU,26.63983023177164,0.24897522210515657,190.35290920491977,0.8271873483189583,-6.5
85,G08,157.0215630611166,4300.4958015958255,1897.4738518715158,HCT116 OsTIRF74G mAC-POLR2A Clone 5,5PhIAA,1000,240,"EU 1 mM, 30 mins",Nucleolin (D4C7O) ,Goat anti-rabbit Alexa568,AF647 azide click,3767,370.7501629975234,2204.360588616791,5385.17926001238,1896.217683557394,260508_mACPOLR2A_CRC_EU,23.975204935216453,0.22407169722286885,188.4802293777461,0.8190495317394251,-6.0
86,G09,239.67977645177203,4598.421479651866,1906.6864179468423,HCT116 OsTIRF74G mAC-POLR2A Clone 5,Vehicle,0,240,"EU 1 mM, 30 mins",Nucleolin (D4C7O) ,Goat anti-rabbit Alexa568,AF647 azide click,4101,422.0018706472589,2008.7749238227352,5226.951463061238,1884.3424789410349,260508_mACPOLR2A_CRC_EU,106.63341832587187,0.9965934009539076,239.73193702748162,1.0417661916774361,-12.0
87,G10,179.92354042172983,4735.860348875815,1915.6615632554392,HCT116 OsTIRF74G mAC-POLR2A Clone 5,5PhIAA,30,240,"EU 1 mM, 30 mins",Nucleolin (D4C7O) ,Goat anti-rabbit Alexa568,AF647 azide click,3723,397.3700296248075,2333.715969142332,5215.570874026231,1904.4854447439352,260508_mACPOLR2A_CRC_EU,46.87718229582967,0.43811303496403425,215.10009600503022,0.9347273901971742,-7.5
88,G11,164.84445281151537,4651.821675982164,1942.9510122469383,HCT116 OsTIRF74G mAC-POLR2A Clone 5,5PhIAA,100,240,"EU 1 mM, 30 mins",Nucleolin (D4C7O) ,Goat anti-rabbit Alexa568,AF647 azide click,4001,365.8860038188596,2209.5462680811515,5254.6408500198595,1959.5359939378632,260508_mACPOLR2A_CRC_EU,31.79809468561521,0.2971842394637266,183.61607019908232,0.7979121036349313,-7.0
89,G12,159.0492036990614,4737.782172367355,1906.863543266769,HCT116 OsTIRF74G mAC-POLR2A Clone 5,5PhIAA,300,240,"EU 1 mM, 30 mins",Nucleolin (D4C7O) ,Goat anti-rabbit Alexa568,AF647 azide click,3906,355.80149003573484,2111.01501117227,5369.395929327423,1902.2087490406755,260508_mACPOLR2A_CRC_EU,26.00284557316124,0.24302197857937924,173.53155641595757,0.7540893837711188,-6.5
90,G13,156.61569091089984,4883.261167787795,1913.9311323188033,HCT116 OsTIRF74G mAC-POLR2A Clone 5,5PhIAA,1000,240,"EU 1 mM, 30 mins",Nucleolin (D4C7O) ,Goat anti-rabbit Alexa568,AF647 azide click,3877,355.38548581955854,2213.077789037529,5575.171693805337,1879.6254748037477,260508_mACPOLR2A_CRC_EU,23.569332784999688,0.220278425724239,173.11555219978126,0.7522816182585994,-6.0
91,G14,237.32372581335693,4927.498416275109,1946.281016855485,HCT116 OsTIRF74G mAC-POLR2A Clone 5,Vehicle,0,240,"EU 1 mM, 30 mins",Nucleolin (D4C7O) ,Goat anti-rabbit Alexa568,AF647 azide click,3619,411.4160562869571,1995.8569400499493,5502.671139698214,1911.830048557555,260508_mACPOLR2A_CRC_EU,104.27736768745677,0.9745738075148024,229.1461226671798,0.9957650470294798,-12.0
92,G15,132.63154083534363,5561.083395786263,1670.9734171097148,HCT116 OsTIRF74G,5PhIAA,1000,240,"EU 1 mM, 30 mins",Nucleolin (D4C7O) ,Goat anti-rabbit Alexa568,AF647 azide click,4138,581.3241246288256,2207.834758523288,5560.0300387519355,1621.6093402520385,260508_mACPOLR2A_CRC_EU,-0.4148172905565275,-0.0038768725682867193,399.0541910090484,1.7341083962157298,-6.0
100,H03,132.47577249833776,4389.7853828314055,1703.814465408805,HCT116 OsTIRF74G,Vehicle,0,240,"EU 1 mM, 30 mins",Nucleolin (D4C7O) ,Goat anti-rabbit Alexa568,AF647 azide click,3180,619.0976669219092,2339.536991193369,5504.758617019144,1659.7383403997578,260508_mACPOLR2A_CRC_EU,-0.5705856275623944,-0.005332679754953142,436.82773330213195,1.8982550668210785,-12.0
101,H04,132.55974992607088,4864.9593366191375,1707.3966732449958,HCT116 OsTIRF74G,5PhIAA,1000,240,"EU 1 mM, 30 mins",Nucleolin (D4C7O) ,Goat anti-rabbit Alexa568,AF647 azide click,3547,577.9650213238688,2530.8639340560344,5453.61807666011,1676.279469825155,260508_mACPOLR2A_CRC_EU,-0.48660819982927705,-0.004547828705236743,395.6950877040915,1.7195112578417349,-6.0
102,H05,205.53065875210348,3950.628213535229,1911.6112021857923,HCT116 OsTIRF74G mAC-POLR2A Clone 5,5PhIAA,10,240,"EU 1 mM, 30 mins",Nucleolin (D4C7O) ,Goat anti-rabbit Alexa568,AF647 azide click,3660,423.07781315570253,1895.5249504069382,5143.292530147969,1888.6162133046055,260508_mACPOLR2A_CRC_EU,72.48430062620332,0.6774365561092294,240.80787953592525,1.046441749483306,-8.0
103,H06,188.08911307627565,4025.815162477028,1886.9979751961528,HCT116 OsTIRF74G mAC-POLR2A Clone 5,5PhIAA,30,240,"EU 1 mM, 30 mins",Nucleolin (D4C7O) ,Goat anti-rabbit Alexa568,AF647 azide click,3951,414.0496265513253,2062.940193076092,5258.793716877921,1863.2300457549568,260508_mACPOLR2A_CRC_EU,55.042754950375496,0.5144282835070478,231.779692931548,1.0072093481052737,-7.5
104,H07,169.8757288917404,4276.784443354614,1876.038156590684,HCT116 OsTIRF74G mAC-POLR2A Clone 5,5PhIAA,100,240,"EU 1 mM, 30 mins",Nucleolin (D4C7O) ,Goat anti-rabbit Alexa568,AF647 azide click,4036,374.66415605714616,2132.188947539151,5333.145402354249,1862.0955993930197,260508_mACPOLR2A_CRC_EU,36.82937076584025,0.34420642649149596,192.39422243736888,0.8360579691405199,-7.0
105,H08,162.36079008861142,4478.246184807558,1818.1068765534383,HCT116 OsTIRF74G mAC-POLR2A Clone 5,5PhIAA,300,240,"EU 1 mM, 30 mins",Nucleolin (D4C7O) ,Goat anti-rabbit Alexa568,AF647 azide click,3621,371.9430004524939,2026.9594953073085,5464.920863157389,1826.7821320909839,260508_mACPOLR2A_CRC_EU,29.314431962711268,0.2739719865068059,189.67306683271661,0.8242330619280306,-6.5
106,H09,156.3372921578387,4624.28568944222,1903.857912787849,HCT116 OsTIRF74G mAC-POLR2A Clone 5,5PhIAA,1000,240,"EU 1 mM, 30 mins",Nucleolin (D4C7O) ,Goat anti-rabbit Alexa568,AF647 azide click,4082,336.95909350377445,2131.663011092244,5086.542862799296,1927.498172959805,260508_mACPOLR2A_CRC_EU,23.290934031938548,0.21767651757489467,154.68915988399718,0.6722088804031995,-6.0
107,H10,210.77684057959857,4758.601392998191,1823.5139062891506,HCT116 OsTIRF74G mAC-POLR2A Clone 5,5PhIAA,10,240,"EU 1 mM, 30 mins",Nucleolin (D4C7O) ,Goat anti-rabbit Alexa568,AF647 azide click,3991,415.43927055254784,2094.1552068133756,5416.384909547121,1842.251410350748,260508_mACPOLR2A_CRC_EU,77.73048245369841,0.7264672471587106,233.16933693277056,1.013248110219706,-8.0
108,H11,188.77690599606248,4809.73815748906,1909.9357976653696,HCT116 OsTIRF74G mAC-POLR2A Clone 5,5PhIAA,30,240,"EU 1 mM, 30 mins",Nucleolin (D4C7O) ,Goat anti-rabbit Alexa568,AF647 azide click,4112,394.40078125846145,2195.3829684752013,5384.704564703526,1900.0896517658682,260508_mACPOLR2A_CRC_EU,55.730547870162326,0.5208563798378589,212.13084763868417,0.9218243844437181,-7.5
109,H12,170.85875035349733,4991.570077531163,1916.6104118993135,HCT116 OsTIRF74G mAC-POLR2A Clone 5,5PhIAA,100,240,"EU 1 mM, 30 mins",Nucleolin (D4C7O) ,Goat anti-rabbit Alexa568,AF647 azide click,3496,366.28001232323885,2048.42461548304,5571.322863260807,1892.202350965575,260508_mACPOLR2A_CRC_EU,37.81239222759717,0.3533937217800061,184.01007870346157,0.7996242857671294,-7.0
110,H13,163.5701952633182,5164.576786858273,1832.5369734789392,HCT116 OsTIRF74G mAC-POLR2A Clone 5,5PhIAA,300,240,"EU 1 mM, 30 mins",Nucleolin (D4C7O) ,Goat anti-rabbit Alexa568,AF647 azide click,3205,356.94428922033546,2050.6717821808265,5752.384312837596,1841.821138211382,260508_mACPOLR2A_CRC_EU,30.52383713741804,0.2852750586122965,174.6743556005582,0.7590554703474641,-6.5
111,H14,156.4389573991664,4961.07702882617,1841.14704271632,HCT116 OsTIRF74G mAC-POLR2A Clone 5,5PhIAA,1000,240,"EU 1 mM, 30 mins",Nucleolin (D4C7O) ,Goat anti-rabbit Alexa568,AF647 azide click,3652,339.8004311907803,2137.843581716385,5467.773362164991,1818.9408853450645,260508_mACPOLR2A_CRC_EU,23.392599273266256,0.21862667851134662,157.530497571003,0.6845560443988015,-6.0
112,H15,132.46177688256932,5362.946661932013,1654.7297491039426,HCT116 OsTIRF74G,Vehicle,0,240,"EU 1 mM, 30 mins",Nucleolin (D4C7O) ,Goat anti-rabbit Alexa568,AF647 azide click,4185,620.6599090973805,2033.9785304276418,5603.397724039691,1573.591304347826,260508_mACPOLR2A_CRC_EU,-0.5845812433308311,-0.005463482448293475,438.38997547760323,1.9050438622640153,-12.0
120,I03,132.71226107986652,4420.347520870105,1731.7672518159807,HCT116 OsTIRF74G,Vehicle,0,240,"EU 1 mM, 30 mins",Nucleolin (D4C7O) ,Goat anti-rabbit Alexa568,AF647 azide click,3304,625.0098517458513,2424.576164998121,5565.131373256623,1682.7553597650515,260508_mACPOLR2A_CRC_EU,-0.33409704603363366,-0.0031224630756728658,442.73991812607403,1.9239467387146953,-12.0
121,I04,132.67537789757975,4237.213016426395,1729.8315849163596,HCT116 OsTIRF74G,Vehicle,0,240,"EU 1 mM, 30 mins",Nucleolin (D4C7O) ,Goat anti-rabbit Alexa568,AF647 azide click,3527,559.3237377000276,2718.475616738272,5289.090446686459,1674.5716422375112,260508_mACPOLR2A_CRC_EU,-0.37098022832040556,-0.003467172423363904,377.0538040802503,1.638504699893797,-12.0
122,I05,219.50218207386806,3805.1088023172815,1951.3125820856317,HCT116 OsTIRF74G mAC-POLR2A Clone 5,5PhIAA,3,240,"EU 1 mM, 30 mins",Nucleolin (D4C7O) ,Goat anti-rabbit Alexa568,AF647 azide click,3807,415.9187613952101,2012.3756606026614,5040.129697015342,1940.73043699187,260508_mACPOLR2A_CRC_EU,86.4558239479679,0.8080140820138445,233.6488277754328,1.015331759796388,-8.5
123,I06,206.87263900141642,3791.7854874068776,1909.5875064532784,HCT116 OsTIRF74G mAC-POLR2A Clone 5,5PhIAA,10,240,"EU 1 mM, 30 mins",Nucleolin (D4C7O) ,Goat anti-rabbit Alexa568,AF647 azide click,3874,426.802113526344,2075.901606754591,5075.011613318728,1884.2193661093088,260508_mACPOLR2A_CRC_EU,73.82628087551626,0.689978671720572,244.5321799065667,1.062625868553521,-8.0
124,I07,189.61027651684782,4167.406433910282,1843.3189655172414,HCT116 OsTIRF74G mAC-POLR2A Clone 5,5PhIAA,30,240,"EU 1 mM, 30 mins",Nucleolin (D4C7O) ,Goat anti-rabbit Alexa568,AF647 azide click,3596,398.45093114650837,2032.5054293712515,5366.710566908991,1835.2614742698192,260508_mACPOLR2A_CRC_EU,56.56391839094766,0.528645040978085,216.1809975267311,0.939424497623923,-7.5
125,I08,171.04912853551716,4087.1052568954897,1855.9792065663476,HCT116 OsTIRF74G mAC-POLR2A Clone 5,5PhIAA,100,240,"EU 1 mM, 30 mins",Nucleolin (D4C7O) ,Goat anti-rabbit Alexa568,AF647 azide click,3655,385.9667482157852,2029.4955766344367,5202.460779507882,1832.3318729463308,260508_mACPOLR2A_CRC_EU,38.002770409617,0.3551729917580795,203.6968145960079,0.8851739047775762,-7.0
126,I09,161.9078799902627,4538.872880199939,1929.2719416689172,HCT116 OsTIRF74G mAC-POLR2A Clone 5,5PhIAA,300,240,"EU 1 mM, 30 mins",Nucleolin (D4C7O) ,Goat anti-rabbit Alexa568,AF647 azide click,3703,359.38510627866106,2004.1553780584113,5320.040914879519,1877.235446313066,260508_mACPOLR2A_CRC_EU,28.861521864362544,0.26973909945951696,177.11517265888378,0.7696621534743004,-6.5
127,I10,228.28451222645617,4521.407540339834,1922.7639170040486,HCT116 OsTIRF74G mAC-POLR2A Clone 5,5PhIAA,3,240,"EU 1 mM, 30 mins",Nucleolin (D4C7O) ,Goat anti-rabbit Alexa568,AF647 azide click,3952,410.732941323206,1991.650295194859,5230.8065185664755,1901.7043347531946,260508_mACPOLR2A_CRC_EU,95.23815410055602,0.8900935315192562,228.4630077034287,0.992796539441009,-8.5
128,I11,209.43330302510248,4776.3069428650715,1879.2599396074484,HCT116 OsTIRF74G mAC-POLR2A Clone 5,5PhIAA,10,240,"EU 1 mM, 30 mins",Nucleolin (D4C7O) ,Goat anti-rabbit Alexa568,AF647 azide click,3974,410.21192679060346,2102.4825563137147,5369.984281413513,1888.7320130358487,260508_mACPOLR2A_CRC_EU,76.38694489920232,0.713910577010027,227.94199317082618,0.9905324467541189,-8.0
129,I12,188.8125325207376,4594.353210327492,1848.1712403951701,HCT116 OsTIRF74G mAC-POLR2A Clone 5,5PhIAA,30,240,"EU 1 mM, 30 mins",Nucleolin (D4C7O) ,Goat anti-rabbit Alexa568,AF647 azide click,3644,388.61164221383575,2028.4669144298869,5300.749388697401,1851.2262773722628,260508_mACPOLR2A_CRC_EU,55.766174394837435,0.5211893444932884,206.34170859405847,0.896667413660474,-7.5
130,I13,169.8664083646583,4890.7781459655425,1911.8484216018785,HCT116 OsTIRF74G mAC-POLR2A Clone 5,5PhIAA,100,240,"EU 1 mM, 30 mins",Nucleolin (D4C7O) ,Goat anti-rabbit Alexa568,AF647 azide click,3833,360.0740253096647,2261.711804404039,5350.949385711382,1902.855987477172,260508_mACPOLR2A_CRC_EU,36.82005023875814,0.34411931706624005,177.80409168988743,0.7726558829047706,-7.0
131,I14,160.52080428109252,4796.590897278273,1900.2781710914455,HCT116 OsTIRF74G mAC-POLR2A Clone 5,5PhIAA,300,240,"EU 1 mM, 30 mins",Nucleolin (D4C7O) ,Goat anti-rabbit Alexa568,AF647 azide click,3390,329.207928210921,2204.5634498508966,5063.767172163762,1932.1245100994875,260508_mACPOLR2A_CRC_EU,27.474446155192368,0.2567755227489027,146.93799459114373,0.6385258340459985,-6.5
132,I15,132.73873796370134,5025.043590651861,1705.5634715025906,HCT116 OsTIRF74G,5PhIAA,1000,240,"EU 1 mM, 30 mins",Nucleolin (D4C7O) ,Goat anti-rabbit Alexa568,AF647 azide click,4632,590.0891949970725,2143.081518726081,5289.778658816031,1628.983681462141,260508_mACPOLR2A_CRC_EU,-0.30762016219881616,-0.002875010746732565,407.8192613772952,1.7721974138515673,-6.0
140,J03,132.92414952845888,4508.731420872427,1684.2612129760225,HCT116 OsTIRF74G,Vehicle,0,240,"EU 1 mM, 30 mins",Nucleolin (D4C7O) ,Goat anti-rabbit Alexa568,AF647 azide click,3545,597.1370727287674,2306.6128231464063,5564.025237571754,1631.341463414634,260508_mACPOLR2A_CRC_EU,-0.1222085974412721,-0.0011421586559066032,414.86713910899016,1.8028242916676607,-12.0
141,J04,133.21889408435229,3902.0869071197917,1706.4636126413452,HCT116 OsTIRF74G,5PhIAA,1000,240,"EU 1 mM, 30 mins",Nucleolin (D4C7O) ,Goat anti-rabbit Alexa568,AF647 azide click,3449,553.9863686502929,2573.669846394293,4939.3097841818335,1650.8521167048054,260508_mACPOLR2A_CRC_EU,0.17253595845213,0.001612516979387985,371.71643503051564,1.615310916464426,-6.0
142,J05,245.29119288730635,3930.0786925405723,1955.7317131857556,HCT116 OsTIRF74G mAC-POLR2A Clone 5,Vehicle,0,240,"EU 1 mM, 30 mins",Nucleolin (D4C7O) ,Goat anti-rabbit Alexa568,AF647 azide click,4156,421.69761787418855,2016.6192502212907,5084.974543797663,1938.300023736055,260508_mACPOLR2A_CRC_EU,112.2448347614062,1.0490375659957496,239.42768425441128,1.0404440472162562,-12.0
143,J06,229.68208979583756,3967.68301874973,1894.0882424242425,HCT116 OsTIRF74G mAC-POLR2A Clone 5,5PhIAA,3,240,"EU 1 mM, 30 mins",Nucleolin (D4C7O) ,Goat anti-rabbit Alexa568,AF647 azide click,4125,404.6865208514627,2026.8127885917042,5070.780367733633,1892.8915286777058,260508_mACPOLR2A_CRC_EU,96.6357316699374,0.9031552583665587,222.41658723168544,0.9665215403473072,-8.5
144,J07,209.87945042957097,3887.9369683503423,1941.9865364308341,HCT116 OsTIRF74G mAC-POLR2A Clone 5,5PhIAA,10,240,"EU 1 mM, 30 mins",Nucleolin (D4C7O) ,Goat anti-rabbit Alexa568,AF647 azide click,3788,385.86193318749133,2046.4652431729066,5002.815977718328,1889.1954170957777,260508_mACPOLR2A_CRC_EU,76.83309230367081,0.7180802600805559,203.59199956771405,0.8847184262367938,-8.0
145,J08,185.87333117328254,4114.866451817659,1902.9228486646884,HCT116 OsTIRF74G mAC-POLR2A Clone 5,5PhIAA,30,240,"EU 1 mM, 30 mins",Nucleolin (D4C7O) ,Goat anti-rabbit Alexa568,AF647 azide click,4044,383.664964747467,2039.1927213389934,4970.249880028913,1880.6035189202216,260508_mACPOLR2A_CRC_EU,52.82697304738238,0.4937196383454751,201.39503112768975,0.8751713985300211,-7.5
146,J09,170.58004087602328,4511.555581841889,1921.0419057121476,HCT116 OsTIRF74G mAC-POLR2A Clone 5,5PhIAA,100,240,"EU 1 mM, 30 mins",Nucleolin (D4C7O) ,Goat anti-rabbit Alexa568,AF647 azide click,4009,351.5392994301148,2062.9510390885466,4992.78960250092,1918.0818249442102,260508_mACPOLR2A_CRC_EU,37.53368275012312,0.3507889096076614,169.26936581033752,0.7355678378708279,-7.0
147,J10,246.82161455248743,4495.291909317687,1849.1160451422963,HCT116 OsTIRF74G mAC-POLR2A Clone 5,Vehicle,0,240,"EU 1 mM, 30 mins",Nucleolin (D4C7O) ,Goat anti-rabbit Alexa568,AF647 azide click,4076,408.021544000512,2083.5291001382584,5055.118082306401,1832.2918536009445,260508_mACPOLR2A_CRC_EU,113.77525642658728,1.0633408506146045,225.75161038073472,0.9810140372929389,-12.0
148,J11,231.34429224791063,4678.720545151013,1894.0928948029123,HCT116 OsTIRF74G mAC-POLR2A Clone 5,5PhIAA,3,240,"EU 1 mM, 30 mins",Nucleolin (D4C7O) ,Goat anti-rabbit Alexa568,AF647 azide click,3983,396.2586291606835,2024.1051618416586,5273.684693727209,1898.518373346399,260508_mACPOLR2A_CRC_EU,98.29793412201047,0.9186901630971099,213.9886955409062,0.9298977482091471,-8.5
149,J12,210.42580137284813,4890.694738494862,1885.060162991371,HCT116 OsTIRF74G mAC-POLR2A Clone 5,5PhIAA,10,240,"EU 1 mM, 30 mins",Nucleolin (D4C7O) ,Goat anti-rabbit Alexa568,AF647 azide click,4172,394.214010262403,2105.450948014932,5240.532184519005,1881.8158335326477,260508_mACPOLR2A_CRC_EU,77.37944324694797,0.7231864430504295,211.94407664262573,0.9210127624642181,-8.0
150,J13,187.2064621194022,4726.689255489408,1935.7344097995547,HCT116 OsTIRF74G mAC-POLR2A Clone 5,5PhIAA,30,240,"EU 1 mM, 30 mins",Nucleolin (D4C7O) ,Goat anti-rabbit Alexa568,AF647 azide click,3592,363.2481841659001,2139.6192757797567,5192.16026138432,1958.155477031802,260508_mACPOLR2A_CRC_EU,54.16010399350205,0.5061790485788611,180.97825054612284,0.7864493366449808,-7.5
151,J14,168.0585803497125,4796.428116260028,2042.226681428176,HCT116 OsTIRF74G mAC-POLR2A Clone 5,5PhIAA,100,240,"EU 1 mM, 30 mins",Nucleolin (D4C7O) ,Goat anti-rabbit Alexa568,AF647 azide click,3613,347.5126112152616,2128.0627010185603,4902.216315395497,2071.978476352308,260508_mACPOLR2A_CRC_EU,35.01222222381236,0.327223399275734,165.2426775954843,0.7180696784738212,-7.0
152,J15,132.85877936852827,5411.943032924833,1655.3098976109216,HCT116 OsTIRF74G,Vehicle,0,240,"EU 1 mM, 30 mins",Nucleolin (D4C7O) ,Goat anti-rabbit Alexa568,AF647 azide click,4395,543.0280714586064,2292.4181775304273,5416.698347789937,1615.357467144564,260508_mACPOLR2A_CRC_EU,-0.187578757371881,-0.001753106621647096,360.75813783882916,1.5676911304892927,-12.0
160,K03,133.4783283899911,4349.394564681123,1736.0760145366444,HCT116 OsTIRF74G,Vehicle,0,240,"EU 1 mM, 30 mins",Nucleolin (D4C7O) ,Goat anti-rabbit Alexa568,AF647 azide click,3302,567.0116766371503,2365.896348559266,5148.896247328607,1696.4159804818541,260508_mACPOLR2A_CRC_EU,0.43197026409094974,0.004037183852493151,384.7417430173731,1.6719129932054095,-12.0
161,K04,134.29852771960938,3883.3444413882066,1701.216606498195,HCT116 OsTIRF74G,Vehicle,0,240,"EU 1 mM, 30 mins",Nucleolin (D4C7O) ,Goat anti-rabbit Alexa568,AF647 azide click,3878,584.9906906876371,2544.9713509445196,5150.798373822693,1642.107171000788,260508_mACPOLR2A_CRC_EU,1.252169593709226,0.011702747352168287,402.72075706785984,1.7500416281704854,-12.0
162,K05,238.15333909853928,3576.0196920643716,1880.7868007850834,HCT116 OsTIRF74G mAC-POLR2A Clone 5,Vehicle,0,240,"EU 1 mM, 30 mins",Nucleolin (D4C7O) ,Goat anti-rabbit Alexa568,AF647 azide click,4076,418.80658198124917,2028.9056255212276,4869.298624035024,1889.4537104181775,260508_mACPOLR2A_CRC_EU,105.10698097263912,0.982327353620112,236.5366483614719,1.0278809173740902,-12.0
163,K06,248.77547726827066,3730.5661367836487,1906.6482465462275,HCT116 OsTIRF74G mAC-POLR2A Clone 5,Vehicle,0,240,"EU 1 mM, 30 mins",Nucleolin (D4C7O) ,Goat anti-rabbit Alexa568,AF647 azide click,3764,402.26512631532125,1951.5651107242427,4928.951253078827,1921.1489528795812,260508_mACPOLR2A_CRC_EU,115.72911914237051,1.0816016052587891,219.99519269554398,0.9559992586866227,-12.0
164,K07,226.15207222132062,3925.900542356342,1918.1517519536173,HCT116 OsTIRF74G mAC-POLR2A Clone 5,5PhIAA,3,240,"EU 1 mM, 30 mins",Nucleolin (D4C7O) ,Goat anti-rabbit Alexa568,AF647 azide click,3967,400.94375840734267,2097.538028682066,4867.447355119539,1924.6347099311702,260508_mACPOLR2A_CRC_EU,93.10571409542047,0.870163797760242,218.6738247875654,0.950257193485098,-8.5
165,K08,209.55474340852834,3953.03691658099,1883.5878618588115,HCT116 OsTIRF74G mAC-POLR2A Clone 5,5PhIAA,10,240,"EU 1 mM, 30 mins",Nucleolin (D4C7O) ,Goat anti-rabbit Alexa568,AF647 azide click,3938,407.02009394423004,2118.987799240291,4995.28720377077,1864.9139334155363,260508_mACPOLR2A_CRC_EU,76.50838528262818,0.7150455559559488,224.75016032445276,0.9766621898744267,-8.0
166,K09,189.61349487845507,4590.58499226816,1891.9786495863357,HCT116 OsTIRF74G mAC-POLR2A Clone 5,5PhIAA,30,240,"EU 1 mM, 30 mins",Nucleolin (D4C7O) ,Goat anti-rabbit Alexa568,AF647 azide click,3747,390.7654961886082,1996.0248999716846,5223.359454546415,1882.2693756727665,260508_mACPOLR2A_CRC_EU,56.567136752554916,0.5286751197094061,208.49556256883093,0.9060270854695364,-7.5
167,K10,249.15522803038172,4389.276886427834,1894.8250883392227,HCT116 OsTIRF74G mAC-POLR2A Clone 5,Vehicle,0,240,"EU 1 mM, 30 mins",Nucleolin (D4C7O) ,Goat anti-rabbit Alexa568,AF647 azide click,3962,397.382112609067,2112.0408907131555,5101.031879470862,1905.4799898682877,260508_mACPOLR2A_CRC_EU,116.10886990448157,1.0851507468831392,215.11217898928973,0.9347798973626866,-12.0
168,K11,248.7901737636518,4596.319873418707,1938.1798449612404,HCT116 OsTIRF74G mAC-POLR2A Clone 5,Vehicle,0,240,"EU 1 mM, 30 mins",Nucleolin (D4C7O) ,Goat anti-rabbit Alexa568,AF647 azide click,3870,383.25107042413526,2020.7482374074714,4966.098301385545,1914.1272289156627,260508_mACPOLR2A_CRC_EU,115.74381563775165,1.0817389583563821,200.981136804358,0.8733728016541914,-12.0
169,K12,229.4683984265975,4649.02804192514,1914.2351183063513,HCT116 OsTIRF74G mAC-POLR2A Clone 5,5PhIAA,3,240,"EU 1 mM, 30 mins",Nucleolin (D4C7O) ,Goat anti-rabbit Alexa568,AF647 azide click,4015,386.8246422734899,2004.840122850467,4941.474167984128,1902.0113464447807,260508_mACPOLR2A_CRC_EU,96.42204030069735,0.90115810389314,204.55470865371265,0.8889019229817395,-8.5
170,K13,208.3255618518191,4728.130937535637,1924.347487437186,HCT116 OsTIRF74G mAC-POLR2A Clone 5,5PhIAA,10,240,"EU 1 mM, 30 mins",Nucleolin (D4C7O) ,Goat anti-rabbit Alexa568,AF647 azide click,3980,388.7775348231354,2217.103073235001,5056.760332146155,1930.9714432724465,260508_mACPOLR2A_CRC_EU,75.27920372591893,0.703557654252872,206.50760120335812,0.8973883076471509,-8.0
171,K14,190.55908488008183,4862.881029204591,1871.3067639629526,HCT116 OsTIRF74G mAC-POLR2A Clone 5,5PhIAA,30,240,"EU 1 mM, 30 mins",Nucleolin (D4C7O) ,Goat anti-rabbit Alexa568,AF647 azide click,3563,374.7289386910245,2059.6550964895077,5054.669762374278,1870.883132175449,260508_mACPOLR2A_CRC_EU,57.51272675418167,0.5375125814584925,192.45900507124722,0.8363394850645937,-7.5
172,K15,133.0724290040716,5182.142547402384,1664.4888840453357,HCT116 OsTIRF74G,5PhIAA,1000,240,"EU 1 mM, 30 mins",Nucleolin (D4C7O) ,Goat anti-rabbit Alexa568,AF647 azide click,4588,575.0801471168655,1992.6190433821555,5616.116767101749,1591.1086717892426,260508_mACPOLR2A_CRC_EU,0.026070878171452705,0.00024365780963095282,392.8102134970883,1.7069749038900555,-6.0
180,L03,133.87023202844938,4275.634408104845,1711.094492928077,HCT116 OsTIRF74G,Vehicle,0,240,"EU 1 mM, 30 mins",Nucleolin (D4C7O) ,Goat anti-rabbit Alexa568,AF647 azide click,3323,555.7802513124989,2327.442983205055,5214.002774003643,1659.9438924605495,260508_mACPOLR2A_CRC_EU,0.8238739025492237,0.007699905971217356,373.5103176927216,1.6231063163285178,-12.0
181,L04,134.4047660934352,3544.340372170886,1727.50245155265,HCT116 OsTIRF74G,5PhIAA,1000,240,"EU 1 mM, 30 mins",Nucleolin (D4C7O) ,Goat anti-rabbit Alexa568,AF647 azide click,4283,581.6992463306252,2248.7579986893775,4888.800152165489,1672.4233414688263,260508_mACPOLR2A_CRC_EU,1.3584079675350438,0.012695648676585418,399.42931271084797,1.735738504876031,-6.0
182,L05,246.01589214246022,3677.251877688625,1898.598212185368,HCT116 OsTIRF74G mAC-POLR2A Clone 5,Vehicle,0,240,"EU 1 mM, 30 mins",Nucleolin (D4C7O) ,Goat anti-rabbit Alexa568,AF647 azide click,4251,396.01894791568424,1976.1496630446002,4871.967089532061,1887.897258696153,260508_mACPOLR2A_CRC_EU,112.96953401656006,1.0558105880623911,213.74901429590696,0.9288562023020168,-12.0
183,L06,250.871283514897,3814.763120204286,1986.4757389849415,HCT116 OsTIRF74G mAC-POLR2A Clone 5,Vehicle,0,240,"EU 1 mM, 30 mins",Nucleolin (D4C7O) ,Goat anti-rabbit Alexa568,AF647 azide click,3586,418.39186137011836,1994.5461951143413,4826.504196220556,1962.6357199055863,260508_mACPOLR2A_CRC_EU,117.82492538899683,1.101188960778827,236.1219277503411,1.0260787298265113,-12.0
184,L07,246.90486431710423,4057.928870811909,1901.318372703412,HCT116 OsTIRF74G mAC-POLR2A Clone 5,Vehicle,0,240,"EU 1 mM, 30 mins",Nucleolin (D4C7O) ,Goat anti-rabbit Alexa568,AF647 azide click,3810,389.3307358019265,2153.189958536098,4753.665301059912,1895.746981891348,260508_mACPOLR2A_CRC_EU,113.85850619120407,1.064118900942078,207.06080218214922,0.8997922680207802,-12.0
185,L08,227.92729116977623,4186.244980378822,1929.034448574969,HCT116 OsTIRF74G mAC-POLR2A Clone 5,5PhIAA,3,240,"EU 1 mM, 30 mins",Nucleolin (D4C7O) ,Goat anti-rabbit Alexa568,AF647 azide click,4035,395.84619222784613,2025.2224916365717,4741.589669837063,1916.9149092692496,260508_mACPOLR2A_CRC_EU,94.88093304387607,0.8867549519880151,213.57625860806885,0.9281054844909432,-8.5
186,L09,210.89998667477383,4526.692293828561,1894.6757093081135,HCT116 OsTIRF74G mAC-POLR2A Clone 5,5PhIAA,10,240,"EU 1 mM, 30 mins",Nucleolin (D4C7O) ,Goat anti-rabbit Alexa568,AF647 azide click,4018,388.34139064905474,2102.540670403461,5071.882168023846,1904.2295250320924,260508_mACPOLR2A_CRC_EU,77.85362854887367,0.7276181676462247,206.07145702927747,0.8954930230184608,-8.0
187,L10,249.05703555264492,4552.918774632091,1905.1874843554442,HCT116 OsTIRF74G mAC-POLR2A Clone 5,Vehicle,0,240,"EU 1 mM, 30 mins",Nucleolin (D4C7O) ,Goat anti-rabbit Alexa568,AF647 azide click,3995,400.131067377497,2102.0283887189134,4967.183934332786,1922.898106626806,260508_mACPOLR2A_CRC_EU,116.01067742674476,1.0842330423129194,217.86113375771973,0.9467256071238044,-12.0
188,L11,246.1937094383732,4654.38294734744,1965.6761197985688,HCT116 OsTIRF74G mAC-POLR2A Clone 5,Vehicle,0,240,"EU 1 mM, 30 mins",Nucleolin (D4C7O) ,Goat anti-rabbit Alexa568,AF647 azide click,3773,387.9088048681554,2166.9573677056787,4833.772901646133,1953.385909568875,260508_mACPOLR2A_CRC_EU,113.14735131247303,1.057472464296545,205.63887124837814,0.893613201551496,-12.0
189,L12,249.48141876181455,4759.277294157474,1950.886346300534,HCT116 OsTIRF74G mAC-POLR2A Clone 5,Vehicle,0,240,"EU 1 mM, 30 mins",Nucleolin (D4C7O) ,Goat anti-rabbit Alexa568,AF647 azide click,3933,388.3802298243828,2120.3430206631083,5002.985785248943,1947.5126137841353,260508_mACPOLR2A_CRC_EU,116.4350606359144,1.088199317729896,206.11029620460553,0.8956618004465795,-12.0
190,L13,232.69483469800684,4926.126225919594,1906.7197106690778,HCT116 OsTIRF74G mAC-POLR2A Clone 5,5PhIAA,3,240,"EU 1 mM, 30 mins",Nucleolin (D4C7O) ,Goat anti-rabbit Alexa568,AF647 azide click,3871,380.0842747973877,2085.6902825025318,5138.359523719646,1898.9088899803537,260508_mACPOLR2A_CRC_EU,99.64847657210669,0.9313123008340884,197.81434117761043,0.8596113451674013,-8.5
191,L14,210.51088884790659,4897.164522609709,1969.4802668148973,HCT116 OsTIRF74G mAC-POLR2A Clone 5,5PhIAA,10,240,"EU 1 mM, 30 mins",Nucleolin (D4C7O) ,Goat anti-rabbit Alexa568,AF647 azide click,3598,363.42325216817346,1965.3580578381745,4743.11189744033,1941.4720394736842,260508_mACPOLR2A_CRC_EU,77.46453072200643,0.7239816685761454,181.1533185483962,0.7872101027251047,-8.0
192,L15,133.20445687996448,5423.295382632149,1676.639097744361,HCT116 OsTIRF74G,Vehicle,0,240,"EU 1 mM, 30 mins",Nucleolin (D4C7O) ,Goat anti-rabbit Alexa568,AF647 azide click,4256,566.498884633341,2147.9319242347665,5441.739837290171,1617.8859969885998,260508_mACPOLR2A_CRC_EU,0.15809875406432639,0.0014775872092746604,384.2289510135638,1.6696846318967125,-12.0
200,M03,133.79498586556824,4050.970580431291,1695.5212639581848,HCT116 OsTIRF74G,Vehicle,0,240,"EU 1 mM, 30 mins",Nucleolin (D4C7O) ,Goat anti-rabbit Alexa568,AF647 azide click,4209,572.3898794985604,2268.9750005342457,5232.314112966278,1642.7402127178095,260508_mACPOLR2A_CRC_EU,0.7486277396680805,0.006996657115916843,390.11994587878314,1.6952842218471635,-12.0
201,M04,134.2883530987458,4014.8697284272625,1731.9356435643565,HCT116 OsTIRF74G,Vehicle,0,240,"EU 1 mM, 30 mins",Nucleolin (D4C7O) ,Goat anti-rabbit Alexa568,AF647 azide click,3636,565.4940416092946,2513.8147986880504,5109.033288010754,1685.3600867678958,260508_mACPOLR2A_CRC_EU,1.2419949728456459,0.011607655586668805,383.2241079895174,1.6653180401802552,-12.0
202,M05,246.8226383592405,3909.236221406897,1949.1934200053065,HCT116 OsTIRF74G mAC-POLR2A Clone 5,Vehicle,0,240,"EU 1 mM, 30 mins",Nucleolin (D4C7O) ,Goat anti-rabbit Alexa568,AF647 azide click,3769,397.2864452575432,2034.2742582308683,4825.460346202817,1936.9655086228443,260508_mACPOLR2A_CRC_EU,113.77628023334034,1.0633504190882592,215.01651163776594,0.9343641704733096,-12.0
203,M06,247.25548107977082,3871.4259909183234,1906.7556924725423,HCT116 OsTIRF74G mAC-POLR2A Clone 5,Vehicle,0,240,"EU 1 mM, 30 mins",Nucleolin (D4C7O) ,Goat anti-rabbit Alexa568,AF647 azide click,3733,398.7244893568247,2099.917602158347,4758.113466307832,1909.812836970475,260508_mACPOLR2A_CRC_EU,114.20912295387066,1.0673957568979615,216.4545557370474,0.9406132574466523,-12.0
204,M07,244.76184165128592,4308.112266826624,1944.654054054054,HCT116 OsTIRF74G mAC-POLR2A Clone 5,Vehicle,0,240,"EU 1 mM, 30 mins",Nucleolin (D4C7O) ,Goat anti-rabbit Alexa568,AF647 azide click,3885,392.9076029651257,2145.8362735196897,4676.428858638884,1978.4101501812531,260508_mACPOLR2A_CRC_EU,111.71548352538576,1.0440902618870829,210.63766934534843,0.9153357092866593,-12.0
205,M08,246.13292093093602,4187.097717137211,1979.7853121801434,HCT116 OsTIRF74G mAC-POLR2A Clone 5,Vehicle,0,240,"EU 1 mM, 30 mins",Nucleolin (D4C7O) ,Goat anti-rabbit Alexa568,AF647 azide click,3908,399.4720749934602,2096.407899005181,4666.94422120181,1985.8545832251364,260508_mACPOLR2A_CRC_EU,113.08656280503587,1.056904336346444,217.2021413736829,0.943861925318306,-12.0
206,M09,224.48818204256315,4531.954656114167,2046.2920212765957,HCT116 OsTIRF74G mAC-POLR2A Clone 5,5PhIAA,3,240,"EU 1 mM, 30 mins",Nucleolin (D4C7O) ,Goat anti-rabbit Alexa568,AF647 azide click,3760,379.85407214633534,2075.869591792701,4538.146959405147,2018.5053333333333,260508_mACPOLR2A_CRC_EU,91.441823916663,0.8546131195760898,197.58413852655806,0.8586109889275343,-8.5
207,M10,246.97693751065654,4752.450576765753,1977.2814651611127,HCT116 OsTIRF74G mAC-POLR2A Clone 5,Vehicle,0,240,"EU 1 mM, 30 mins",Nucleolin (D4C7O) ,Goat anti-rabbit Alexa568,AF647 azide click,3631,393.25972812696,2079.4003959453325,4891.271477504508,1971.086164043082,260508_mACPOLR2A_CRC_EU,113.93057938475638,1.064792495301216,210.98979450718272,0.9168658854216641,-12.0
208,M11,244.27442612871405,4752.999485303593,1940.75,HCT116 OsTIRF74G mAC-POLR2A Clone 5,Vehicle,0,240,"EU 1 mM, 30 mins",Nucleolin (D4C7O) ,Goat anti-rabbit Alexa568,AF647 azide click,3972,372.5597022198183,2093.7157892202954,4582.787036848358,1945.8082632360217,260508_mACPOLR2A_CRC_EU,111.2280680028139,1.0395348879626238,190.28976860004101,0.8269129679076525,-12.0
209,M12,246.959342765314,4653.435248758439,1972.0648834745762,HCT116 OsTIRF74G mAC-POLR2A Clone 5,Vehicle,0,240,"EU 1 mM, 30 mins",Nucleolin (D4C7O) ,Goat anti-rabbit Alexa568,AF647 azide click,3776,370.2666722665386,1985.8121207961021,4701.138635518298,1955.0897709110282,260508_mACPOLR2A_CRC_EU,113.91298463941385,1.0646280552281588,187.99673864676132,0.8169485004635145,-12.0
210,M13,245.05111659834577,5014.6506656454385,1971.520807376028,HCT116 OsTIRF74G mAC-POLR2A Clone 5,Vehicle,0,240,"EU 1 mM, 30 mins",Nucleolin (D4C7O) ,Goat anti-rabbit Alexa568,AF647 azide click,4013,377.90435218953473,2211.3458123424825,4826.223369743296,1982.8874189364462,260508_mACPOLR2A_CRC_EU,112.00475847244562,1.0467938186878236,195.63441856975746,0.8501383909106884,-12.0
211,M14,229.31067755013456,4699.0836511369625,1958.971460548405,HCT116 OsTIRF74G mAC-POLR2A Clone 5,5PhIAA,3,240,"EU 1 mM, 30 mins",Nucleolin (D4C7O) ,Goat anti-rabbit Alexa568,AF647 azide click,3574,370.79594759758714,2170.6624907602327,4806.286061991646,1943.8818181818183,260508_mACPOLR2A_CRC_EU,96.2643194242344,0.899684048318974,188.52601397780987,0.8192484908311394,-8.5
212,M15,133.26007071184947,5442.754966142254,1680.8427604871447,HCT116 OsTIRF74G,5PhIAA,1000,240,"EU 1 mM, 30 mins",Nucleolin (D4C7O) ,Goat anti-rabbit Alexa568,AF647 azide click,3695,515.9644412173631,2178.2753919596253,5140.503487301353,1631.3071698113208,260508_mACPOLR2A_CRC_EU,0.21371258594930964,0.0019973527642806656,333.6945075975858,1.4500848767753607,-6.0
220,N03,134.06454943962495,4009.2340209918716,1724.9333788085494,HCT116 OsTIRF74G,Vehicle,0,240,"EU 1 mM, 30 mins",Nucleolin (D4C7O) ,Goat anti-rabbit Alexa568,AF647 azide click,4398,495.7309375351705,2163.84928311115,4924.052160995413,1676.4137547295793,260508_mACPOLR2A_CRC_EU,1.0181913137247989,0.009515991891638795,313.46100391539323,1.3621592531114899,-12.0
221,N04,133.82261384318156,3894.6676067802778,1743.1266944734098,HCT116 OsTIRF74G,Vehicle,0,240,"EU 1 mM, 30 mins",Nucleolin (D4C7O) ,Goat anti-rabbit Alexa568,AF647 azide click,3836,545.9427966584699,2354.241772599155,4932.841083452031,1694.47133585722,260508_mACPOLR2A_CRC_EU,0.7762557172814013,0.007254867540035427,363.67286303869264,1.5803572033075337,-12.0
222,N05,133.60018135262936,4695.741798521227,1706.6669363538297,HCT116 OsTIRF74G,Vehicle,0,240,"EU 1 mM, 30 mins",Nucleolin (D4C7O) ,Goat anti-rabbit Alexa568,AF647 azide click,3708,530.0550379309921,2445.601118371567,5402.247201596327,1653.1434977578476,260508_mACPOLR2A_CRC_EU,0.5538232267292074,0.005176018753957685,347.7851043112148,1.5113162148224777,-12.0
223,N06,133.82678729419774,4264.0585354737495,1718.3254901960784,HCT116 OsTIRF74G,Vehicle,0,240,"EU 1 mM, 30 mins",No primary,Goat anti-rabbit Alexa568,AF647 azide click,4335,484.31149610744535,121.93682745741694,4985.741045307698,1669.6154936230514,260508_mACPOLR2A_CRC_EU,0.7804291682975872,0.007293872514341181,302.0415624876681,1.312535543585124,-12.0
224,N07,133.81376118600787,4944.60376028147,1718.4259653390088,HCT116 OsTIRF74G,Vehicle,0,240,"EU 1 mM, 30 mins",Nucleolin (D4C7O) ,Goat anti-rabbit Alexa568,AF647 azide click,3289,484.88177211757954,2563.8014581992456,5254.8961907995335,1690.9409349336702,260508_mACPOLR2A_CRC_EU,0.7674030601077106,0.0071721308158572165,302.6118384978023,1.3150137042951608,-12.0
225,N08,133.6225640116628,4897.312703905802,1723.190635451505,HCT116 OsTIRF74G,Vehicle,0,240,"EU 1 mM, 30 mins",No primary,Goat anti-rabbit Alexa568,AF647 azide click,3887,526.0634843024482,123.00402010632399,5179.292792292573,1636.7717791411044,260508_mACPOLR2A_CRC_EU,0.5762058857626471,0.005385206554918533,343.7935506826709,1.4939707343911084,-12.0
226,N09,133.88036623164922,5259.280415109043,1721.9919762258544,HCT116 OsTIRF74G,Vehicle,0,240,"EU 1 mM, 30 mins",Nucleolin (D4C7O) ,Goat anti-rabbit Alexa568,AF647 azide click,3365,498.948588570398,2276.6262696930444,5112.08829371535,1669.4628647214854,260508_mACPOLR2A_CRC_EU,0.8340081057490636,0.007794619994189234,316.67865495062074,1.3761417041218935,-12.0
227,N10,134.08082559646206,5375.3170463764645,1696.1681347150259,HCT116 OsTIRF74G,Vehicle,0,240,"EU 1 mM, 30 mins",Nucleolin (D4C7O) ,Goat anti-rabbit Alexa568,AF647 azide click,3860,534.4555913226886,2375.7279025316875,5211.155479983507,1665.9093257556187,260508_mACPOLR2A_CRC_EU,1.034467470561907,0.009668108467768636,352.1856577029114,1.5304390225926223,-12.0
228,N11,133.84022957168173,5553.521538853033,1689.01531213192,HCT116 OsTIRF74G,Vehicle,0,240,"EU 1 mM, 30 mins",Nucleolin (D4C7O) ,Goat anti-rabbit Alexa568,AF647 azide click,3396,524.0042515153542,2388.219967926199,5340.469453659518,1648.3970714900947,260508_mACPOLR2A_CRC_EU,0.7938714457815763,0.007419503721186629,341.73431789557696,1.485022243318172,-12.0
229,N12,133.61149481544038,5741.432308402838,1723.7347826086957,HCT116 OsTIRF74G,Vehicle,0,240,"EU 1 mM, 30 mins",Nucleolin (D4C7O) ,Goat anti-rabbit Alexa568,AF647 azide click,3220,506.6076791258886,2505.2181583333127,5453.062491225582,1663.945731707317,260508_mACPOLR2A_CRC_EU,0.5651366895402248,0.0052817541093126185,324.33774550611133,1.4094246354602882,-12.0
231,N14,134.13875231241013,5523.511758604639,1686.7564864864864,HCT116 OsTIRF74G,Vehicle,0,240,"EU 1 mM, 30 mins",Nucleolin (D4C7O) ,Goat anti-rabbit Alexa568,AF647 azide click,3700,485.3432738398683,2165.0593699157735,5351.656256014275,1643.2491121258245,260508_mACPOLR2A_CRC_EU,1.0923941865099778,0.010209490182423585,303.07334022009104,1.3170191813193848,-12.0
0,C03,173.11885152123918,2680.7673232718166,1693.4434622467772,HCT116 OsTIRF74G,Vehicle,0,240,"EU 1 mM, 30 mins",Total Pol II (F12),Goat anti-mouse Alexa568,AF647 azide click,3270,384.79697608071683,1025.4952229646603,1837.7497279623158,1677.0739561217267,260515_mACPOLR2A_CRC_EU,15.09345658923209,0.07777492046548307,226.01128171782486,2.293259213941297,-12.0
1,C04,156.58214632160968,2582.5156428958217,1719.649752114319,HCT116 OsTIRF74G,Vehicle,0,240,"EU 1 mM, 30 mins",Total Pol II (F12),Goat anti-mouse Alexa568,AF647 azide click,4202,398.9553396396548,978.8291373690234,1833.5424556023215,1705.955088118249,260515_mACPOLR2A_CRC_EU,-1.4432486103974043,-0.007436901230806,240.16964527676285,2.436919288956502,-12.0
2,C05,156.23415735363594,2696.439550469091,1672.9842260926716,HCT116 OsTIRF74G,Vehicle,0,240,"EU 1 mM, 30 mins",Total Pol II (F12),Goat anti-mouse Alexa568,AF647 azide click,3923,387.72168551612543,1019.1715171449645,1838.8296058298265,1646.0517406579368,260515_mACPOLR2A_CRC_EU,-1.7912375783711525,-0.009230050079581454,228.93599115323346,2.322935240774443,-12.0
3,C06,156.3974679465287,2692.692109670512,1713.6472392638036,HCT116 OsTIRF74G,Vehicle,0,240,"EU 1 mM, 30 mins",Total Pol II (F12),Goat anti-mouse Alexa568,AF647 azide click,3391,400.1613341397563,995.2735048240671,1756.8837504820895,1689.8216541353383,260515_mACPOLR2A_CRC_EU,-1.627926985478382,-0.008388528570024291,241.37563977686435,2.449156102881451,-12.0
4,C07,157.07454161310324,3101.1116909601005,1736.681070745698,HCT116 OsTIRF74G,Vehicle,0,240,"EU 1 mM, 30 mins",Total Pol II (F12),Goat anti-mouse Alexa568,AF647 azide click,2966,378.11655788131617,1009.5776215744397,1789.419582132269,1721.8153169659215,260515_mACPOLR2A_CRC_EU,-0.950853318903853,-0.004899642491756772,219.3308635184242,2.2254752941638603,-12.0
5,C08,155.23201074742227,2864.0122295308347,1734.0009996667777,HCT116 OsTIRF74G,Vehicle,0,240,"EU 1 mM, 30 mins",Total Pol II (F12),Goat anti-mouse Alexa568,AF647 azide click,3511,383.49637387078883,948.8707328765402,1697.4800082076233,1707.8738392571245,260515_mACPOLR2A_CRC_EU,-2.7933841845848235,-0.014394001234986572,224.71067950789686,2.2800624479262557,-12.0
6,C09,155.33836147790583,3290.9148938641742,1728.6091870215093,HCT116 OsTIRF74G,Vehicle,0,240,"EU 1 mM, 30 mins",Total Pol II (F12),Goat anti-mouse Alexa568,AF647 azide click,3168,379.48057324088063,954.0032456654878,1742.803946166277,1695.059633027523,260515_mACPOLR2A_CRC_EU,-2.687033454101254,-0.01384598762684418,220.69487887798866,2.239315491730564,-12.0
7,C10,156.1747966807019,3965.576391414158,1652.0458505272811,HCT116 OsTIRF74G,Vehicle,0,240,"EU 1 mM, 30 mins",Total Pol II (F12),Goat anti-mouse Alexa568,AF647 azide click,3501,382.20679051618464,1047.4100613306045,2001.6745037331643,1627.1760500446828,260515_mACPOLR2A_CRC_EU,-1.8505982513052004,-0.00953592909337322,223.42109615329267,2.2669774864694037,-12.0
8,C11,155.6304035505289,3534.896521870728,1779.0346841913106,HCT116 OsTIRF74G,Vehicle,0,240,"EU 1 mM, 30 mins",Total Pol II (F12),Goat anti-mouse Alexa568,AF647 azide click,3163,362.4146791889288,961.6058069171609,1797.4233374125588,1731.2361984626136,260515_mACPOLR2A_CRC_EU,-2.394991381478178,-0.012341126971728322,203.62898482603683,2.0661536987380957,-12.0
9,C12,155.04156727317965,3615.95852675542,1698.467893353361,HCT116 OsTIRF74G,Vehicle,0,240,"EU 1 mM, 30 mins",Total Pol II (F12),Goat anti-mouse Alexa568,AF647 azide click,3898,366.89489119577485,993.1928875920452,1896.174077106133,1670.9410892923304,260515_mACPOLR2A_CRC_EU,-2.983827658827437,-0.015375335495619516,208.10919683288287,2.1116128784171773,-12.0
10,C13,154.85361945325653,4006.203424000426,1710.9475106136626,HCT116 OsTIRF74G,Vehicle,0,240,"EU 1 mM, 30 mins",Total Pol II (F12),Goat anti-mouse Alexa568,AF647 azide click,3262,346.05840362193425,966.4591568485248,1856.0497830204326,1680.357661444402,260515_mACPOLR2A_CRC_EU,-3.171775478750561,-0.016343809924241146,187.27270925904227,1.9001921619303739,-12.0
11,C14,155.489868323565,3589.437861506364,1671.7467036780015,HCT116 OsTIRF74G,Vehicle,0,240,"EU 1 mM, 30 mins",Total Pol II (F12),Goat anti-mouse Alexa568,AF647 azide click,3071,356.7817843281564,970.5008068924346,1804.295813364323,1632.355473965287,260515_mACPOLR2A_CRC_EU,-2.5355266084420975,-0.013065289527541758,197.99608996526442,2.00899864018329,-12.0
12,C15,155.77926989471356,4004.206926416961,1738.376844494892,HCT116 OsTIRF74G,Vehicle,0,240,"EU 1 mM, 30 mins",Total Pol II (F12),Goat anti-mouse Alexa568,AF647 azide click,3847,347.2668516639209,964.1691373054254,1877.7824642958813,1688.0173035328046,260515_mACPOLR2A_CRC_EU,-2.246125037293524,-0.011574035085883652,188.4811573010289,1.9124538711060914,-12.0
20,D03,155.72549016697928,2917.846632608103,1683.2183361629882,HCT116 OsTIRF74G,Vehicle,0,240,"EU 1 mM, 30 mins",Total Pol II (F12),Goat anti-mouse Alexa568,AF647 azide click,3432,368.33283359262407,913.1816273218366,1790.5680648964903,1661.1220752797558,260515_mACPOLR2A_CRC_EU,-2.2999047650278044,-0.011851156103356417,209.5471392297321,2.1262031883593524,-12.0
21,D04,156.52140381930494,2862.323172693412,1779.9149871747893,HCT116 OsTIRF74G,5PhIAA,1000,240,"EU 1 mM, 30 mins",Total Pol II (F12),Goat anti-mouse Alexa568,AF647 azide click,3472,353.04041659272355,928.032354109779,1810.8107726202327,1737.1864716636198,260515_mACPOLR2A_CRC_EU,-1.5039911127021526,-0.007749900659246837,194.25472222983157,1.9710362607533283,-6.0
22,D05,289.9940625945244,3520.2350802022406,2219.125385405961,HCT116 OsTIRF74G mAC-POLR2A Clone 5,5PhIAA,3,240,"EU 1 mM, 30 mins",Total Pol II (F12),Goat anti-mouse Alexa568,AF647 azide click,3705,273.3756486929514,776.2644064784172,1805.1041667069576,2213.623463114754,260515_mACPOLR2A_CRC_EU,131.9686676625173,0.6800200186556633,114.58995433005944,1.1627050941669705,-8.5
23,D06,342.04509495318734,3499.324558702776,2282.07171671896,HCT116 OsTIRF74G mAC-POLR2A Clone 5,Vehicle,0,240,"EU 1 mM, 30 mins",Total Pol II (F12),Goat anti-mouse Alexa568,AF647 azide click,3678,270.7263052936105,912.8982018280753,1721.9380908674707,2300.6610693769335,260515_mACPOLR2A_CRC_EU,184.01970002118026,0.948233259135607,111.94061093071852,1.1358231123682985,-12.0
24,D07,342.55150130646143,3332.3130872765514,2217.327296819788,HCT116 OsTIRF74G mAC-POLR2A Clone 5,Vehicle,0,240,"EU 1 mM, 30 mins",Total Pol II (F12),Goat anti-mouse Alexa568,AF647 azide click,3993,269.0331874970669,904.264022397406,1620.600250380849,2210.8132815868908,260515_mACPOLR2A_CRC_EU,184.52610637445434,0.9508427153338118,110.2474931341749,1.118643624876788,-12.0
25,D08,345.8060310350431,3410.9938483857645,2142.240809582817,HCT116 OsTIRF74G mAC-POLR2A Clone 5,Vehicle,0,240,"EU 1 mM, 30 mins",Total Pol II (F12),Goat anti-mouse Alexa568,AF647 azide click,3951,278.32963545482477,911.8300790893026,1743.0910691903357,2170.133744855967,260515_mACPOLR2A_CRC_EU,187.780636103036,0.9676129487986609,119.5439410919328,1.212971504326058,-12.0
26,D09,347.0527806861378,4013.364532480608,2225.439229249012,HCT116 OsTIRF74G mAC-POLR2A Clone 5,Vehicle,0,240,"EU 1 mM, 30 mins",Total Pol II (F12),Goat anti-mouse Alexa568,AF647 azide click,3951,278.190912565477,914.1068381990729,1807.659169291359,2253.272371638142,260515_mACPOLR2A_CRC_EU,189.0273857541307,0.9740373125208475,119.40521820258502,1.2115639305900774,-12.0
27,D10,290.31851008248265,3657.0899629037676,2205.589430894309,HCT116 OsTIRF74G mAC-POLR2A Clone 5,5PhIAA,3,240,"EU 1 mM, 30 mins",Total Pol II (F12),Goat anti-mouse Alexa568,AF647 azide click,4223,268.17104847555686,776.6072265538959,1696.9243507939716,2216.9133633020024,260515_mACPOLR2A_CRC_EU,132.29311515047556,0.6816918608491328,109.38535411266488,1.1098957949465784,-8.5
28,D11,347.9478792630472,3685.9918842599723,2268.173751547668,HCT116 OsTIRF74G mAC-POLR2A Clone 5,Vehicle,0,240,"EU 1 mM, 30 mins",Total Pol II (F12),Goat anti-mouse Alexa568,AF647 azide click,4014,278.32274725791046,903.7361090084761,1747.122157922732,2287.1460446247465,260515_mACPOLR2A_CRC_EU,189.9224843310401,0.9786496569640388,119.53705289501849,1.2129016121466893,-12.0
29,D12,344.5458243918724,3641.601878640373,2233.0203572912337,HCT116 OsTIRF74G mAC-POLR2A Clone 5,Vehicle,0,240,"EU 1 mM, 30 mins",Total Pol II (F12),Goat anti-mouse Alexa568,AF647 azide click,4085,269.6183710358904,915.9638931272077,1741.0738308403181,2262.197756543415,260515_mACPOLR2A_CRC_EU,186.52042945986528,0.9611192426775198,110.83267667299842,1.1245812822010326,-12.0
30,D13,336.7509256772833,3842.103004831873,2206.943800178412,HCT116 OsTIRF74G mAC-POLR2A Clone 5,Vehicle,0,240,"EU 1 mM, 30 mins",Total Pol II (F12),Goat anti-mouse Alexa568,AF647 azide click,3682,265.8068880995455,877.0995975905103,1777.0447461450592,2233.114436619718,260515_mACPOLR2A_CRC_EU,178.72553074527622,0.9209529875868093,107.02119373665354,1.0859074677962026,-12.0
31,D14,348.42203099065244,3793.461848379396,2294.1032537960955,HCT116 OsTIRF74G mAC-POLR2A Clone 5,Vehicle,0,240,"EU 1 mM, 30 mins",Total Pol II (F12),Goat anti-mouse Alexa568,AF647 azide click,3716,268.72709080304713,901.5701839132098,1768.1606320370904,2321.667531344574,260515_mACPOLR2A_CRC_EU,190.39663605864536,0.9810929086264433,109.94139644015516,1.1155377663613084,-12.0
32,D15,155.67820894417105,3738.824274263534,1704.5191997418522,HCT116 OsTIRF74G,Vehicle,0,240,"EU 1 mM, 30 mins",Total Pol II (F12),Goat anti-mouse Alexa568,AF647 azide click,3789,347.2151871688358,895.8562656426712,1817.12974686405,1666.6344017772135,260515_mACPOLR2A_CRC_EU,-2.347185987836042,-0.012094791040236606,188.42949280594385,1.9119296491359008,-12.0
40,E03,156.54991614701277,2776.183702122401,1711.2237136465324,HCT116 OsTIRF74G,Vehicle,0,240,"EU 1 mM, 30 mins",Total Pol II (F12),Goat anti-mouse Alexa568,AF647 azide click,3487,366.1151685520178,868.7246613384524,1655.4312313244066,1669.6525984251969,260515_mACPOLR2A_CRC_EU,-1.4754787849943227,-0.007602979772924198,207.32947418912582,2.1037012992981,-12.0
41,E04,157.3257910772582,3041.8268888139723,1717.5248673740052,HCT116 OsTIRF74G,Vehicle,0,240,"EU 1 mM, 30 mins",Total Pol II (F12),Goat anti-mouse Alexa568,AF647 azide click,3554,363.8272696732059,863.6145025851943,1766.750733505716,1705.1215112321306,260515_mACPOLR2A_CRC_EU,-0.6996038547488865,-0.0036049816580290914,205.0415753103139,2.080486771489918,-12.0
42,E05,250.02098961686187,3297.0259562274914,2253.017724649629,HCT116 OsTIRF74G mAC-POLR2A Clone 5,5PhIAA,10,240,"EU 1 mM, 30 mins",Total Pol II (F12),Goat anti-mouse Alexa568,AF647 azide click,3518,264.2721192681305,621.3503740150339,1711.532895165036,2252.593572009764,260515_mACPOLR2A_CRC_EU,91.99559468485478,0.4740431734433749,105.48642490523852,1.0703346931224735,-8.0
43,E06,293.45551191763974,3151.5929681448856,2249.262347888332,HCT116 OsTIRF74G mAC-POLR2A Clone 5,5PhIAA,3,240,"EU 1 mM, 30 mins",Total Pol II (F12),Goat anti-mouse Alexa568,AF647 azide click,3561,270.1614604072949,749.7578909263474,1657.111911827435,2264.2118826055835,260515_mACPOLR2A_CRC_EU,135.43011698563265,0.6978564860154766,111.37576604440292,1.1300918243983107,-8.5
44,E07,342.26959269156544,3126.490220360843,2297.472897196262,HCT116 OsTIRF74G mAC-POLR2A Clone 5,Vehicle,0,240,"EU 1 mM, 30 mins",Total Pol II (F12),Goat anti-mouse Alexa568,AF647 azide click,4152,267.4399541921391,851.8145138122438,1628.8133784826023,2329.451930355791,260515_mACPOLR2A_CRC_EU,184.24419775955835,0.9493900712709725,108.65425982924714,1.1024776311763258,-12.0
45,E08,341.3595529254411,3311.6626554231652,2128.69406779661,HCT116 OsTIRF74G mAC-POLR2A Clone 5,Vehicle,0,240,"EU 1 mM, 30 mins",Total Pol II (F12),Goat anti-mouse Alexa568,AF647 azide click,3813,264.07390295541563,833.4249073978092,1620.4311745664818,2174.527280299875,260515_mACPOLR2A_CRC_EU,183.33415799343402,0.9447007365243353,105.28820859252366,1.0683234599573328,-12.0
46,E09,350.0336084316186,3329.0783188529813,2190.5823823109845,HCT116 OsTIRF74G mAC-POLR2A Clone 5,Vehicle,0,240,"EU 1 mM, 30 mins",Total Pol II (F12),Goat anti-mouse Alexa568,AF647 azide click,3750,264.84681764301615,821.7974238022094,1604.586223306329,2206.533473536628,260515_mACPOLR2A_CRC_EU,192.0082134996115,0.9893971897931926,106.06112328012418,1.0761659610725798,-12.0
47,E10,254.50027682261359,3736.052417963024,2193.517786561265,HCT116 OsTIRF74G mAC-POLR2A Clone 5,5PhIAA,10,240,"EU 1 mM, 30 mins",Total Pol II (F12),Goat anti-mouse Alexa568,AF647 azide click,4022,262.0619589355694,607.4480639622171,1742.1443697099114,2207.1313725490195,260515_mACPOLR2A_CRC_EU,96.4748818906065,0.49712444737885847,103.27626457267743,1.0479089517682818,-8.0
48,E11,293.90963995811444,3618.903339926765,2222.032786885246,HCT116 OsTIRF74G mAC-POLR2A Clone 5,5PhIAA,3,240,"EU 1 mM, 30 mins",Total Pol II (F12),Goat anti-mouse Alexa568,AF647 azide click,4083,263.59382063159313,707.1685502192029,1672.478582602236,2218.4697709350357,260515_mACPOLR2A_CRC_EU,135.88424502610735,0.7001965578221072,104.80812626870116,1.063452228732996,-8.5
49,E12,347.998763186987,3519.8666443645097,2243.6224719101124,HCT116 OsTIRF74G mAC-POLR2A Clone 5,Vehicle,0,240,"EU 1 mM, 30 mins",Total Pol II (F12),Goat anti-mouse Alexa568,AF647 azide click,3968,265.17150230328014,856.1469123411769,1655.3685178583248,2261.6395786305493,260515_mACPOLR2A_CRC_EU,189.9733682549799,0.9789118562233002,106.38580794038816,1.0794604253272686,-12.0
50,E13,346.3537460560791,3764.4722941107184,2226.547412164715,HCT116 OsTIRF74G mAC-POLR2A Clone 5,Vehicle,0,240,"EU 1 mM, 30 mins",Total Pol II (F12),Goat anti-mouse Alexa568,AF647 azide click,3392,264.55921384421663,825.8719878138469,1702.2648209505517,2200.9094955489613,260515_mACPOLR2A_CRC_EU,188.32835112407201,0.9704352640149924,105.77351948132466,1.073247743643129,-12.0
51,E14,346.2236522019411,3421.9244033412942,2250.0689655172414,HCT116 OsTIRF74G mAC-POLR2A Clone 5,Vehicle,0,240,"EU 1 mM, 30 mins",Total Pol II (F12),Goat anti-mouse Alexa568,AF647 azide click,3789,256.65715505628924,833.536897508805,1621.7091829022957,2262.870652173913,260515_mACPOLR2A_CRC_EU,188.198257269934,0.9697649047040675,97.87146069339727,0.9930682544300862,-12.0
52,E15,155.54924478177108,3760.135019301253,1700.855504587156,HCT116 OsTIRF74G,5PhIAA,1000,240,"EU 1 mM, 30 mins",Total Pol II (F12),Goat anti-mouse Alexa568,AF647 azide click,3784,342.92523377458474,800.2338147713389,1695.0931872746683,1679.1084959816303,260515_mACPOLR2A_CRC_EU,-2.476150150236009,-0.012759329173980654,184.13953941169277,1.868400958559172,-6.0
60,F03,156.4217137336612,2739.679003626363,1677.6766020864382,HCT116 OsTIRF74G,Vehicle,0,240,"EU 1 mM, 30 mins",Total Pol II (F12),Goat anti-mouse Alexa568,AF647 azide click,3419,366.8858840789983,838.0731190430819,1733.145164550222,1657.8597829275448,260515_mACPOLR2A_CRC_EU,-1.603681198345896,-0.008263592697667695,208.1001897161063,2.111521486282316,-12.0
61,F04,156.5023322545885,2779.6026901260393,1706.1073690270582,HCT116 OsTIRF74G,5PhIAA,1000,240,"EU 1 mM, 30 mins",Total Pol II (F12),Goat anti-mouse Alexa568,AF647 azide click,3574,341.41477644606294,824.8792722059167,1712.4232461772392,1670.7899356348742,260515_mACPOLR2A_CRC_EU,-1.5230626774185794,-0.00784817433302085,182.62908208317097,1.8530748643944464,-6.0
62,F05,223.0107982633176,3132.1423748163443,2253.56684698609,HCT116 OsTIRF74G mAC-POLR2A Clone 5,5PhIAA,30,240,"EU 1 mM, 30 mins",Total Pol II (F12),Goat anti-mouse Alexa568,AF647 azide click,3569,247.90000027031132,496.81579557626503,1614.9591588307317,2231.0071725179314,260515_mACPOLR2A_CRC_EU,64.98540333131052,0.3348626304140156,89.11430590741935,0.9042123984382295,-7.5
63,F06,256.80565708895955,3206.815118830218,2152.447013487476,HCT116 OsTIRF74G mAC-POLR2A Clone 5,5PhIAA,10,240,"EU 1 mM, 30 mins",Total Pol II (F12),Goat anti-mouse Alexa568,AF647 azide click,3681,255.88585200347762,668.716120457925,1631.2358184124269,2142.8484732824427,260515_mACPOLR2A_CRC_EU,98.78026215695246,0.5090038181378181,97.10015764058565,0.985242106022107,-8.0
64,F07,292.57167078523617,3222.0982408936356,2231.5576995838064,HCT116 OsTIRF74G mAC-POLR2A Clone 5,5PhIAA,3,240,"EU 1 mM, 30 mins",Total Pol II (F12),Goat anti-mouse Alexa568,AF647 azide click,3651,252.54228614775425,678.661667169729,1504.485641597392,2227.557968347442,260515_mACPOLR2A_CRC_EU,134.54627585322908,0.6933021499447152,93.75659178486228,0.9513160862775253,-8.5
65,F08,343.17459452982973,3384.6746774257736,2303.4814963797267,HCT116 OsTIRF74G mAC-POLR2A Clone 5,Vehicle,0,240,"EU 1 mM, 30 mins",Total Pol II (F12),Goat anti-mouse Alexa568,AF647 azide click,3960,259.2786058443779,789.2927061643422,1581.789096037458,2316.888711607499,260515_mACPOLR2A_CRC_EU,185.14919959782264,0.9540534461298724,100.49291148148595,1.019667219437433,-12.0
66,F09,348.1384959850236,3388.935319939104,2282.8128481247677,HCT116 OsTIRF74G mAC-POLR2A Clone 5,Vehicle,0,240,"EU 1 mM, 30 mins",Total Pol II (F12),Goat anti-mouse Alexa568,AF647 azide click,4016,261.06081719631396,795.9016523894658,1646.0719320248081,2288.120753323486,260515_mACPOLR2A_CRC_EU,190.11310105301652,0.9796318839511747,102.27512283342199,1.0377507087789997,-12.0
67,F10,225.30485794236105,3548.912549207916,2136.133216168717,HCT116 OsTIRF74G mAC-POLR2A Clone 5,5PhIAA,30,240,"EU 1 mM, 30 mins",Total Pol II (F12),Goat anti-mouse Alexa568,AF647 azide click,3615,245.95092520258265,488.98033719358193,1597.0034736528294,2187.1871938418476,260515_mACPOLR2A_CRC_EU,67.27946301035396,0.34668366743266404,87.16523083969068,0.8844358000146495,-7.5
68,F11,260.4550510749964,3499.5535414026112,2139.37845813353,HCT116 OsTIRF74G mAC-POLR2A Clone 5,5PhIAA,10,240,"EU 1 mM, 30 mins",Total Pol II (F12),Goat anti-mouse Alexa568,AF647 azide click,4000,252.98819809295463,605.2207942114059,1679.2870858977444,2151.3165020124407,260515_mACPOLR2A_CRC_EU,102.4296561429893,0.5278087436585711,94.20250373006266,0.9558406023510811,-8.0
69,F12,294.3842531005623,3575.8852476268653,2205.9598777225833,HCT116 OsTIRF74G mAC-POLR2A Clone 5,5PhIAA,3,240,"EU 1 mM, 30 mins",Total Pol II (F12),Goat anti-mouse Alexa568,AF647 azide click,3819,254.0098115739335,693.0336174413428,1652.7594485923669,2211.25197740113,260515_mACPOLR2A_CRC_EU,136.35885816855523,0.7026421871044076,95.22411721104152,0.9662065651053937,-8.5
70,F13,338.98061123085756,3597.6327565682955,2224.4294896030246,HCT116 OsTIRF74G mAC-POLR2A Clone 5,Vehicle,0,240,"EU 1 mM, 30 mins",Total Pol II (F12),Goat anti-mouse Alexa568,AF647 azide click,3680,251.29705031738106,788.9673644326169,1626.8823287950156,2226.851960425064,260515_mACPOLR2A_CRC_EU,180.95521629885047,0.9324423118225837,92.51135595448909,0.9386811039889047,-12.0
71,F14,347.8375423558123,3438.420823849016,2285.6131900703963,HCT116 OsTIRF74G mAC-POLR2A Clone 5,Vehicle,0,240,"EU 1 mM, 30 mins",Total Pol II (F12),Goat anti-mouse Alexa568,AF647 azide click,3335,252.95641965366192,809.1600238389492,1587.825814669199,2274.8874633431087,260515_mACPOLR2A_CRC_EU,189.8121474238052,0.9780811030258558,94.17072529076995,0.9555181573909943,-12.0
72,F15,156.7378995262103,3332.1517469300325,1694.240843507214,HCT116 OsTIRF74G,Vehicle,0,240,"EU 1 mM, 30 mins",Total Pol II (F12),Goat anti-mouse Alexa568,AF647 azide click,4027,315.8525982777597,806.7918221456995,1615.6763476196159,1671.1914364640884,260515_mACPOLR2A_CRC_EU,-1.2874954057967898,-0.0066343221112755545,157.0669039148677,1.593704180916537,-12.0
80,G03,156.6805797542546,2730.7790050979993,1621.8460171750073,HCT116 OsTIRF74G,Vehicle,0,240,"EU 1 mM, 30 mins",Total Pol II (F12),Goat anti-mouse Alexa568,AF647 azide click,3123,363.80745747644113,805.3977498408578,1624.4799192936016,1608.6982905982907,260515_mACPOLR2A_CRC_EU,-1.34481517775248,-0.0069296845869680915,205.02176311354916,2.0802857439021185,-12.0
81,G04,157.79170608128118,2806.20801804027,1717.5760225669958,HCT116 OsTIRF74G,Vehicle,0,240,"EU 1 mM, 30 mins",Total Pol II (F12),Goat anti-mouse Alexa568,AF647 azide click,4268,345.4249643977147,834.3556220269411,1706.8625740733983,1690.391034677192,260515_mACPOLR2A_CRC_EU,-0.23368885072591183,-0.0012041729256268814,186.63927003482272,1.8937648706625558,-12.0
82,G05,206.60976249176966,3311.1515617752243,2054.4460132890367,HCT116 OsTIRF74G mAC-POLR2A Clone 5,5PhIAA,100,240,"EU 1 mM, 30 mins",Total Pol II (F12),Goat anti-mouse Alexa568,AF647 azide click,3375,239.11635771893748,444.4985409283881,1753.9754692963686,2056.6408885232413,260515_mACPOLR2A_CRC_EU,48.58436755976257,0.25034989834747823,80.3306633560455,0.815087780145707,-7.0
83,G06,227.35019676421103,2956.1506852888438,2299.909722222222,HCT116 OsTIRF74G mAC-POLR2A Clone 5,5PhIAA,30,240,"EU 1 mM, 30 mins",Total Pol II (F12),Goat anti-mouse Alexa568,AF647 azide click,3597,244.06473080638236,502.06090613705277,1624.679161671324,2314.7258485639686,260515_mACPOLR2A_CRC_EU,69.32480183220395,0.3572230732509333,85.27903644349038,0.8652972302693959,-7.5
84,G07,262.2848191282312,3103.4984211975484,2216.0603817686015,HCT116 OsTIRF74G mAC-POLR2A Clone 5,5PhIAA,10,240,"EU 1 mM, 30 mins",Total Pol II (F12),Goat anti-mouse Alexa568,AF647 azide click,3870,257.85854076131574,622.0985730039671,1602.2182094443453,2213.9494833524686,260515_mACPOLR2A_CRC_EU,104.25942419622413,0.5372373370340705,99.07284639842376,1.0052583044869197,-8.0
85,G08,294.28310159912417,3163.417488357911,2261.09288468279,HCT116 OsTIRF74G mAC-POLR2A Clone 5,5PhIAA,3,240,"EU 1 mM, 30 mins",Total Pol II (F12),Goat anti-mouse Alexa568,AF647 azide click,3767,253.891641203505,661.1896727740511,1528.8530526744323,2290.6869933027847,260515_mACPOLR2A_CRC_EU,136.25770666711708,0.7021209645512564,95.10594684061303,0.9650075307530364,-8.5
86,G09,348.94034202035283,3286.2348035677423,2104.269987309645,HCT116 OsTIRF74G mAC-POLR2A Clone 5,Vehicle,0,240,"EU 1 mM, 30 mins",Total Pol II (F12),Goat anti-mouse Alexa568,AF647 azide click,4101,257.42778496112135,758.0919326359423,1565.4729234915872,2155.154609475032,260515_mACPOLR2A_CRC_EU,190.91494708834574,0.9837637083119235,98.64209059822937,1.000887572635632,-12.0
87,G10,202.23672118911088,3053.0359415050543,2149.049951659684,HCT116 OsTIRF74G mAC-POLR2A Clone 5,5PhIAA,100,240,"EU 1 mM, 30 mins",Total Pol II (F12),Goat anti-mouse Alexa568,AF647 azide click,3723,231.96804940542285,412.33900212528965,1583.267532390134,2171.940716612378,260515_mACPOLR2A_CRC_EU,44.21132625710379,0.2278160978561315,73.18235504253087,0.7425563393279554,-7.0
88,G11,233.85427218082341,3310.335787410986,2138.41433860653,HCT116 OsTIRF74G mAC-POLR2A Clone 5,5PhIAA,30,240,"EU 1 mM, 30 mins",Total Pol II (F12),Goat anti-mouse Alexa568,AF647 azide click,4001,245.0576209246048,510.5591216983295,1615.9643031100575,2135.6348314606744,260515_mACPOLR2A_CRC_EU,75.82887724881633,0.3907378579682667,86.27192656171283,0.8753717468808616,-7.5
89,G12,264.44029256789526,3496.076597524634,2130.53120124805,HCT116 OsTIRF74G mAC-POLR2A Clone 5,5PhIAA,10,240,"EU 1 mM, 30 mins",Total Pol II (F12),Goat anti-mouse Alexa568,AF647 azide click,3906,249.58572236953916,614.257367420702,1690.1507364082067,2163.761958997722,260515_mACPOLR2A_CRC_EU,106.41489763588817,0.5483442544154031,90.80002800664718,0.9213168443172859,-8.0
90,G13,302.6185858313709,3600.036097113507,2125.5600143317806,HCT116 OsTIRF74G mAC-POLR2A Clone 5,5PhIAA,3,240,"EU 1 mM, 30 mins",Total Pol II (F12),Goat anti-mouse Alexa568,AF647 azide click,3877,251.50478437426645,672.3167671854364,1631.0212781729983,2124.9323570432357,260515_mACPOLR2A_CRC_EU,144.59319089936383,0.7450727973121352,92.71909001137448,0.9407889104505157,-8.5
91,G14,356.29671802010574,3514.1766120112247,2112.9733198243835,HCT116 OsTIRF74G mAC-POLR2A Clone 5,Vehicle,0,240,"EU 1 mM, 30 mins",Total Pol II (F12),Goat anti-mouse Alexa568,AF647 azide click,3619,256.1603689274276,795.3183592008933,1609.0265735833045,2133.541278295606,260515_mACPOLR2A_CRC_EU,198.27132308809865,1.0216703041213384,97.37467456453564,0.9880275354061901,-12.0
92,G15,157.2803064844174,3365.9239039747913,1645.4401544401544,HCT116 OsTIRF74G,5PhIAA,1000,240,"EU 1 mM, 30 mins",Total Pol II (F12),Goat anti-mouse Alexa568,AF647 azide click,4138,321.8044743580928,769.983171982729,1578.9808655970003,1629.503861003861,260515_mACPOLR2A_CRC_EU,-0.7450884475896942,-0.003839358758442422,163.01877999520084,1.654095832862929,-6.0
100,H03,157.39456894055647,3054.778109682241,1696.7806637806639,HCT116 OsTIRF74G,Vehicle,0,240,"EU 1 mM, 30 mins",Total Pol II (F12),Goat anti-mouse Alexa568,AF647 azide click,3180,344.3026311283729,791.2986578261333,1652.9744587839084,1676.1731256791018,260515_mACPOLR2A_CRC_EU,-0.6308259914506209,-0.0032505768988419434,185.51693676548095,1.8823769386466476,-12.0
101,H04,158.5088144997806,3201.7794629865634,1722.9916219839142,HCT116 OsTIRF74G,5PhIAA,1000,240,"EU 1 mM, 30 mins",Total Pol II (F12),Goat anti-mouse Alexa568,AF647 azide click,3547,323.04120560023927,804.9679954040992,1700.7671437294744,1705.5937912813738,260515_mACPOLR2A_CRC_EU,0.4834195677735238,0.002491007822679065,164.2555112373473,1.6666445220020947,-6.0
102,H05,196.7488934898615,3039.531206900183,2294.9442453205893,HCT116 OsTIRF74G mAC-POLR2A Clone 5,5PhIAA,300,240,"EU 1 mM, 30 mins",Total Pol II (F12),Goat anti-mouse Alexa568,AF647 azide click,3660,226.70076751149432,369.6903795545261,1552.3362016355181,2319.789264413519,260515_mACPOLR2A_CRC_EU,38.72349855785441,0.19953792576784443,67.91507314860235,0.689111030563419,-6.5
103,H06,205.84949384051205,3162.906061366636,2271.9519469759734,HCT116 OsTIRF74G mAC-POLR2A Clone 5,5PhIAA,100,240,"EU 1 mM, 30 mins",Total Pol II (F12),Goat anti-mouse Alexa568,AF647 azide click,3951,231.22152961110712,408.35729437597934,1551.2711130495957,2261.7174089068826,260515_mACPOLR2A_CRC_EU,47.824098908504965,0.24643231767042217,72.43583524821514,0.7349816581718107,-7.0
104,H07,231.52064975363982,2929.2166322644002,2188.3564423402095,HCT116 OsTIRF74G mAC-POLR2A Clone 5,5PhIAA,30,240,"EU 1 mM, 30 mins",Total Pol II (F12),Goat anti-mouse Alexa568,AF647 azide click,4036,240.4321841853027,485.5088420321414,1464.0172821404446,2209.1202277294037,260515_mACPOLR2A_CRC_EU,73.49525482163273,0.3787129584631292,81.64648982241073,0.8284390214864259,-7.5
105,H08,262.49265601671664,2995.0912803868914,2239.2657342657344,HCT116 OsTIRF74G mAC-POLR2A Clone 5,5PhIAA,10,240,"EU 1 mM, 30 mins",Total Pol II (F12),Goat anti-mouse Alexa568,AF647 azide click,3621,250.71657478459227,555.3231360563334,1531.5566713368928,2293.6294078509645,260515_mACPOLR2A_CRC_EU,104.46726108470955,0.5383082976438012,91.9308804217003,0.9327912171924687,-8.0
106,H09,301.544366449052,3485.3112670090923,2135.832931450224,HCT116 OsTIRF74G mAC-POLR2A Clone 5,5PhIAA,3,240,"EU 1 mM, 30 mins",Total Pol II (F12),Goat anti-mouse Alexa568,AF647 azide click,4082,253.17265430454205,630.534096133413,1573.1520247683654,2190.325726141079,260515_mACPOLR2A_CRC_EU,143.51897151704492,0.7395374630745201,94.38695994165008,0.9577122164739534,-8.5
107,H10,196.1878660253825,3208.1054626054515,2104.933647798742,HCT116 OsTIRF74G mAC-POLR2A Clone 5,5PhIAA,300,240,"EU 1 mM, 30 mins",Total Pol II (F12),Goat anti-mouse Alexa568,AF647 azide click,3991,222.6154893491203,373.25548379397236,1556.1475801031695,2117.643561306223,260515_mACPOLR2A_CRC_EU,38.162471093375416,0.19664701299575385,63.829794986228336,0.6476591095965972,-6.5
108,H11,205.48617442577316,3575.615018782075,2166.0030052592037,HCT116 OsTIRF74G mAC-POLR2A Clone 5,5PhIAA,100,240,"EU 1 mM, 30 mins",Total Pol II (F12),Goat anti-mouse Alexa568,AF647 azide click,4112,227.80560126896395,408.1524375861094,1598.0579426258116,2174.3589081519735,260515_mACPOLR2A_CRC_EU,47.46077949376607,0.2445601727168903,69.01990690607198,0.7003214010145451,-7.0
109,H12,236.37140463467463,3643.425642990895,2100.455501314307,HCT116 OsTIRF74G mAC-POLR2A Clone 5,5PhIAA,30,240,"EU 1 mM, 30 mins",Total Pol II (F12),Goat anti-mouse Alexa568,AF647 azide click,3496,237.354556273437,509.6789743041571,1655.2990692056035,2139.10635155096,260515_mACPOLR2A_CRC_EU,78.34600970266754,0.4037083644418488,78.56886191054502,0.7972113831476433,-7.5
110,H13,263.110793199707,3589.649895166916,2075.8680959302324,HCT116 OsTIRF74G mAC-POLR2A Clone 5,5PhIAA,10,240,"EU 1 mM, 30 mins",Total Pol II (F12),Goat anti-mouse Alexa568,AF647 azide click,3205,244.898728805418,579.4322426034265,1638.328357122695,2094.403150733978,260515_mACPOLR2A_CRC_EU,105.08539826769993,0.5414934905093063,86.11303444252601,0.873759522864528,-8.0
111,H14,303.5581975000304,3398.55762760137,2144.1187673130194,HCT116 OsTIRF74G mAC-POLR2A Clone 5,5PhIAA,3,240,"EU 1 mM, 30 mins",Total Pol II (F12),Goat anti-mouse Alexa568,AF647 azide click,3652,241.571761283538,660.0136007301268,1578.1151100902543,2172.6234177215188,260515_mACPOLR2A_CRC_EU,145.53280256802333,0.7499145128175527,82.78606692064602,0.8400019207393372,-8.5
112,H15,158.37846115188472,3270.490240189795,1675.9443181818183,HCT116 OsTIRF74G,Vehicle,0,240,"EU 1 mM, 30 mins",Total Pol II (F12),Goat anti-mouse Alexa568,AF647 azide click,4185,321.97024404126495,747.1182967170091,1517.00344690226,1655.3431262614936,260515_mACPOLR2A_CRC_EU,0.35306621987763265,0.0018193113689823587,163.18454967837297,1.6557778411699355,-12.0
120,I03,158.08555243481905,3336.203727454818,1737.2692598187311,HCT116 OsTIRF74G,Vehicle,0,240,"EU 1 mM, 30 mins",Total Pol II (F12),Goat anti-mouse Alexa568,AF647 azide click,3304,332.6263066953248,808.9024356881017,1789.512560766389,1700.4197434900893,260515_mACPOLR2A_CRC_EU,0.060157502811961194,0.00030998499044547864,173.8406123324328,1.7639012661601456,-12.0
121,I04,159.11150090804222,2998.758551360522,1694.5135566188198,HCT116 OsTIRF74G,Vehicle,0,240,"EU 1 mM, 30 mins",Total Pol II (F12),Goat anti-mouse Alexa568,AF647 azide click,3527,325.4395007494657,810.8515159536194,1692.0268771409878,1689.099652008858,260515_mACPOLR2A_CRC_EU,1.0861059760351282,0.005596584546675774,166.65380638657373,1.6909792030273583,-12.0
122,I05,197.40242223712914,3269.6292381344074,2165.4988009592325,HCT116 OsTIRF74G mAC-POLR2A Clone 5,5PhIAA,1000,240,"EU 1 mM, 30 mins",Total Pol II (F12),Goat anti-mouse Alexa568,AF647 azide click,3807,225.374714851973,383.0095693031781,1655.7950931850428,2212.191116544417,260515_mACPOLR2A_CRC_EU,39.377027305122056,0.20290548746851605,66.58902048908104,0.6756560275365556,-6.0
123,I06,197.38574432144904,3193.069540326925,2274.3250377073905,HCT116 OsTIRF74G mAC-POLR2A Clone 5,5PhIAA,300,240,"EU 1 mM, 30 mins",Total Pol II (F12),Goat anti-mouse Alexa568,AF647 azide click,3874,226.04566705337058,372.06014136643466,1575.1878942778615,2299.0533484676503,260515_mACPOLR2A_CRC_EU,39.36034938944195,0.20281954800475693,67.2599726904786,0.6824639501600387,-6.5
124,I07,205.3924236288429,3084.754846596059,2300.0562724014335,HCT116 OsTIRF74G mAC-POLR2A Clone 5,5PhIAA,100,240,"EU 1 mM, 30 mins",Total Pol II (F12),Goat anti-mouse Alexa568,AF647 azide click,3596,225.09036106892617,391.94579251931583,1484.4857947355845,2326.1993392070485,260515_mACPOLR2A_CRC_EU,47.3670286968358,0.24407708517947166,66.3046667060342,0.6727707869059336,-7.0
125,I08,232.66085987172937,3051.9572058632443,2264.39464993395,HCT116 OsTIRF74G mAC-POLR2A Clone 5,5PhIAA,30,240,"EU 1 mM, 30 mins",Total Pol II (F12),Goat anti-mouse Alexa568,AF647 azide click,3655,239.11531770424853,468.10546830515756,1494.3311811486471,2277.8660415271265,260515_mACPOLR2A_CRC_EU,74.63546493972228,0.3845883356985611,80.32962334135655,0.8150772274721858,-7.5
126,I09,262.6200924521054,3186.230250492086,2193.9943596549438,HCT116 OsTIRF74G mAC-POLR2A Clone 5,5PhIAA,10,240,"EU 1 mM, 30 mins",Total Pol II (F12),Goat anti-mouse Alexa568,AF647 azide click,3703,245.84188697811587,541.5973700033329,1426.5527473326101,2210.6331557922767,260515_mACPOLR2A_CRC_EU,104.5946975200983,0.5389649635684135,87.05619261522389,0.8833294264255539,-8.0
127,I10,194.71914686116267,3436.3401092913796,2202.0351080246915,HCT116 OsTIRF74G mAC-POLR2A Clone 5,5PhIAA,1000,240,"EU 1 mM, 30 mins",Total Pol II (F12),Goat anti-mouse Alexa568,AF647 azide click,3952,219.36465793349456,356.79092056888226,1520.7870030992483,2223.5229253505117,260515_mACPOLR2A_CRC_EU,36.69375192915558,0.18907886480464822,60.57896357060258,0.6146740345145438,-6.0
128,I11,198.36176617650804,3530.022488420173,2201.4398034398037,HCT116 OsTIRF74G mAC-POLR2A Clone 5,5PhIAA,300,240,"EU 1 mM, 30 mins",Total Pol II (F12),Goat anti-mouse Alexa568,AF647 azide click,3974,219.98531929056992,370.5925295070966,1557.1301129311403,2216.3443686006826,260515_mACPOLR2A_CRC_EU,40.33637124450095,0.20784888119301698,61.199624927677945,0.6209716731325462,-6.5
129,I12,209.93922432885216,3472.2046451236088,2181.878679109835,HCT116 OsTIRF74G mAC-POLR2A Clone 5,5PhIAA,100,240,"EU 1 mM, 30 mins",Total Pol II (F12),Goat anti-mouse Alexa568,AF647 azide click,3644,228.40308386117215,409.8292061521184,1558.0168251053772,2168.358417920896,260515_mACPOLR2A_CRC_EU,51.913829396845074,0.2675062487196449,69.61738949828018,0.7063838526290696,-7.0
130,I13,233.83547627575103,3807.1402456269116,2105.8823096726737,HCT116 OsTIRF74G mAC-POLR2A Clone 5,5PhIAA,30,240,"EU 1 mM, 30 mins",Total Pol II (F12),Goat anti-mouse Alexa568,AF647 azide click,3833,229.3373262830688,490.75449366485117,1605.9953965120424,2137.93700490381,260515_mACPOLR2A_CRC_EU,75.81008134374395,0.3906410047382966,70.55163192017682,0.7158632911145526,-7.5
131,I14,266.2203312340607,3363.8062173409044,2141.218708388815,HCT116 OsTIRF74G mAC-POLR2A Clone 5,5PhIAA,10,240,"EU 1 mM, 30 mins",Total Pol II (F12),Goat anti-mouse Alexa568,AF647 azide click,3390,231.47342728853536,587.0765894039814,1521.3051983284663,2174.4558219178084,260515_mACPOLR2A_CRC_EU,108.19493630205363,0.5575165977330545,72.68773292564339,0.7375375777937965,-8.0
132,I15,158.304441467496,3267.5355253935422,1674.098628192999,HCT116 OsTIRF74G,5PhIAA,1000,240,"EU 1 mM, 30 mins",Total Pol II (F12),Goat anti-mouse Alexa568,AF647 azide click,4632,312.86190358018507,766.9273722242511,1521.5595110766076,1633.6459540922792,260515_mACPOLR2A_CRC_EU,0.27904653548890224,0.0014378960826840093,154.0762092172931,1.5633586241851651,-6.0
140,J03,158.1520031284976,3079.863987991481,1712.556191623983,HCT116 OsTIRF74G,Vehicle,0,240,"EU 1 mM, 30 mins",Total Pol II (F12),Goat anti-mouse Alexa568,AF647 azide click,3545,319.26324555820827,761.8131370738208,1652.5353624980758,1680.9169901463124,260515_mACPOLR2A_CRC_EU,0.12660819649050836,0.0006523981007340959,160.4775511953163,1.6283108529461117,-12.0
141,J04,160.02856223585803,3281.03732994599,1697.2322820037107,HCT116 OsTIRF74G,5PhIAA,1000,240,"EU 1 mM, 30 mins",Total Pol II (F12),Goat anti-mouse Alexa568,AF647 azide click,3449,310.8245485868767,804.0353536355572,1693.5290849004002,1688.0578987730062,260515_mACPOLR2A_CRC_EU,2.003167303850944,0.010322100627844966,152.0388542239847,1.5426862795351004,-6.0
142,J05,324.7231184614926,3184.9817282182407,2263.863544610416,HCT116 OsTIRF74G mAC-POLR2A Clone 5,Vehicle,0,240,"EU 1 mM, 30 mins",Total Pol II (F12),Goat anti-mouse Alexa568,AF647 azide click,4156,247.37155114598076,699.38488831078,1531.2974482612592,2248.875150060024,260515_mACPOLR2A_CRC_EU,166.69772352948553,0.8589750209062242,88.58585678308879,0.8988504058232623,-12.0
143,J06,195.73440475428296,3272.758128391428,2283.068018588931,HCT116 OsTIRF74G mAC-POLR2A Clone 5,5PhIAA,1000,240,"EU 1 mM, 30 mins",Total Pol II (F12),Goat anti-mouse Alexa568,AF647 azide click,4125,216.76104459761197,355.6254174984128,1542.439344821978,2319.9921121822963,260515_mACPOLR2A_CRC_EU,37.709009822275874,0.194310376978322,57.97535023472,0.5882560600370234,-6.0
144,J07,201.01867305827136,3175.182486926836,2109.4499217527386,HCT116 OsTIRF74G mAC-POLR2A Clone 5,5PhIAA,300,240,"EU 1 mM, 30 mins",Total Pol II (F12),Goat anti-mouse Alexa568,AF647 azide click,3788,220.73418616328496,373.47329910132305,1464.7184377810856,2132.211394891945,260515_mACPOLR2A_CRC_EU,42.99327812626427,0.2215396299086397,61.948491800392986,0.6285701692908631,-6.5
145,J08,210.29097925303995,3313.1676419571936,2197.5257657657658,HCT116 OsTIRF74G mAC-POLR2A Clone 5,5PhIAA,100,240,"EU 1 mM, 30 mins",Total Pol II (F12),Goat anti-mouse Alexa568,AF647 azide click,4044,227.9519490928981,398.35925277574614,1557.8933838504872,2211.077536231884,260515_mACPOLR2A_CRC_EU,52.26558432103286,0.26931880312627193,69.16625473000613,0.7018063423552002,-7.0
146,J09,232.4690561191605,3244.1312808889606,2186.2623311341504,HCT116 OsTIRF74G mAC-POLR2A Clone 5,5PhIAA,30,240,"EU 1 mM, 30 mins",Total Pol II (F12),Goat anti-mouse Alexa568,AF647 azide click,4009,234.7793863303435,449.1659930195101,1459.79680252734,2219.8159776188995,260515_mACPOLR2A_CRC_EU,74.44366118715342,0.38359999207343903,75.99369196745153,0.7710820140534185,-7.5
147,J10,338.86963785323314,3403.0867259181405,2157.8604258195337,HCT116 OsTIRF74G mAC-POLR2A Clone 5,Vehicle,0,240,"EU 1 mM, 30 mins",Total Pol II (F12),Goat anti-mouse Alexa568,AF647 azide click,4076,245.39890403659115,716.4753738645506,1529.1921831503566,2154.9476510067116,260515_mACPOLR2A_CRC_EU,180.84424292122605,0.93187047822254,86.61320967369917,0.878834629951019,-12.0
148,J11,196.50134051562154,3550.110710137645,2245.8675595238096,HCT116 OsTIRF74G mAC-POLR2A Clone 5,5PhIAA,1000,240,"EU 1 mM, 30 mins",Total Pol II (F12),Goat anti-mouse Alexa568,AF647 azide click,3983,217.94829452573862,352.05743603672397,1559.1846016739328,2244.8885662431944,260515_mACPOLR2A_CRC_EU,38.47594558361445,0.19826231253977558,59.162600162846644,0.6003026791979502,-6.0
149,J12,200.63597736285269,3663.526311375896,2328.7232255354893,HCT116 OsTIRF74G mAC-POLR2A Clone 5,5PhIAA,300,240,"EU 1 mM, 30 mins",Total Pol II (F12),Goat anti-mouse Alexa568,AF647 azide click,4172,221.83392959653162,383.2380764034676,1597.1153435925487,2364.0181034482757,260515_mACPOLR2A_CRC_EU,42.6105824308456,0.21956764111351476,63.048235233639645,0.639728889962219,-6.5
150,J13,209.38078718147938,3678.607247490775,2328.7582065652523,HCT116 OsTIRF74G mAC-POLR2A Clone 5,5PhIAA,100,240,"EU 1 mM, 30 mins",Total Pol II (F12),Goat anti-mouse Alexa568,AF647 azide click,3592,221.50389870975334,400.00724694646937,1558.3648858893641,2350.5354200988468,260515_mACPOLR2A_CRC_EU,51.35539224947229,0.26462868356648606,62.71820434686137,0.6363801793746899,-7.0
151,J14,233.79627161207227,3800.9166993378576,2205.6476868327404,HCT116 OsTIRF74G mAC-POLR2A Clone 5,5PhIAA,30,240,"EU 1 mM, 30 mins",Total Pol II (F12),Goat anti-mouse Alexa568,AF647 azide click,3613,226.69821211740248,488.6274220785749,1578.2365473272737,2214.513907888737,260515_mACPOLR2A_CRC_EU,75.77087668006519,0.39043898742162264,67.9125177545105,0.6890851018531271,-7.5
152,J15,159.81410283545347,3363.112360354967,1667.5350636386324,HCT116 OsTIRF74G,Vehicle,0,240,"EU 1 mM, 30 mins",Total Pol II (F12),Goat anti-mouse Alexa568,AF647 azide click,4395,297.6076295132425,723.1078253539779,1499.3350637362053,1654.7960852329038,260515_mACPOLR2A_CRC_EU,1.7887079034463795,0.009217014943135763,138.82193515035053,1.4085787198807558,-12.0
160,K03,158.71438930544184,3103.6524475145065,1743.2992371705964,HCT116 OsTIRF74G,Vehicle,0,240,"EU 1 mM, 30 mins",Total Pol II (F12),Goat anti-mouse Alexa568,AF647 azide click,3302,324.08868054089874,746.095421878171,1603.4759660386133,1690.2676630434783,260515_mACPOLR2A_CRC_EU,0.6889943734347526,0.0035503121686044177,165.30298617800676,1.6772728921470814,-12.0
161,K04,159.21928999545386,2924.706708587998,1761.2498521584862,HCT116 OsTIRF74G,Vehicle,0,240,"EU 1 mM, 30 mins",Total Pol II (F12),Goat anti-mouse Alexa568,AF647 azide click,3878,333.08156777296017,780.6655840266352,1679.0226105417457,1738.5111375111376,260515_mACPOLR2A_CRC_EU,1.1938950634467744,0.006152009849748402,174.2958734100682,1.7685206446845314,-12.0
162,K05,333.9594179454288,2966.106346095033,2292.3640535372847,HCT116 OsTIRF74G mAC-POLR2A Clone 5,Vehicle,0,240,"EU 1 mM, 30 mins",Total Pol II (F12),Goat anti-mouse Alexa568,AF647 azide click,4076,259.1602501704959,725.7911897196375,1541.7117014829198,2324.5701994524834,260515_mACPOLR2A_CRC_EU,175.93402301342172,0.9065686555062007,100.37455580760391,1.0184663048742784,-12.0
163,K06,353.23650305066036,3180.6354940845513,2234.603075644223,HCT116 OsTIRF74G mAC-POLR2A Clone 5,Vehicle,0,240,"EU 1 mM, 30 mins",Total Pol II (F12),Goat anti-mouse Alexa568,AF647 azide click,3764,257.0011355004464,760.8755371613258,1517.7702333276318,2255.6631130063965,260515_mACPOLR2A_CRC_EU,195.21110811865327,1.0059013532220664,98.21544113755445,0.9965585064077018,-12.0
164,K07,198.22283310795407,3320.1424413840855,2136.800933786078,HCT116 OsTIRF74G mAC-POLR2A Clone 5,5PhIAA,1000,240,"EU 1 mM, 30 mins",Total Pol II (F12),Goat anti-mouse Alexa568,AF647 azide click,3967,219.66399391795855,358.96992487941174,1538.5600627829099,2153.7533651758577,260515_mACPOLR2A_CRC_EU,40.197438175946985,0.2071329743831402,60.878299555066576,0.6177112944213005,-6.0
165,K08,200.8913645713395,3015.038550519935,2154.6148772444117,HCT116 OsTIRF74G mAC-POLR2A Clone 5,5PhIAA,300,240,"EU 1 mM, 30 mins",Total Pol II (F12),Goat anti-mouse Alexa568,AF647 azide click,3938,222.6799541777216,357.7837252572618,1516.6290371158923,2150.040331292762,260515_mACPOLR2A_CRC_EU,42.865969639332405,0.22088362328834235,63.89425981482964,0.6483132121752007,-6.5
166,K09,209.91864391273793,3293.405092782311,2251.381049069374,HCT116 OsTIRF74G mAC-POLR2A Clone 5,5PhIAA,100,240,"EU 1 mM, 30 mins",Total Pol II (F12),Goat anti-mouse Alexa568,AF647 azide click,3747,224.64579086206388,384.16134763371247,1509.4514855503949,2295.7457627118642,260515_mACPOLR2A_CRC_EU,51.893248980730846,0.2674002001006975,65.8600964991719,0.6682598849926229,-7.0
167,K10,349.2382001776942,3490.1605175343298,2212.2287793047694,HCT116 OsTIRF74G mAC-POLR2A Clone 5,Vehicle,0,240,"EU 1 mM, 30 mins",Total Pol II (F12),Goat anti-mouse Alexa568,AF647 azide click,3962,246.89157860800253,745.9117451395414,1546.52371003006,2254.852038671711,260515_mACPOLR2A_CRC_EU,191.2128052456871,0.9852985386114154,88.10588424511056,0.8939802885583569,-12.0
168,K11,361.2616865019523,3462.6738731220753,2127.7223011363635,HCT116 OsTIRF74G mAC-POLR2A Clone 5,Vehicle,0,240,"EU 1 mM, 30 mins",Total Pol II (F12),Goat anti-mouse Alexa568,AF647 azide click,3870,250.74746120797542,762.6073434925369,1509.6035117327592,2164.1212558643088,260515_mACPOLR2A_CRC_EU,203.2362915699452,1.0472542402135343,91.96176684508345,0.9331046111720557,-12.0
169,K12,197.84461780924602,3415.28877739182,2137.036945812808,HCT116 OsTIRF74G mAC-POLR2A Clone 5,5PhIAA,1000,240,"EU 1 mM, 30 mins",Total Pol II (F12),Goat anti-mouse Alexa568,AF647 azide click,4015,214.94916753503412,352.6332397935645,1540.1531962475422,2153.83487544484,260515_mACPOLR2A_CRC_EU,39.81922287723893,0.20518407257910723,56.16347317214215,0.5698715628707571,-6.0
170,K13,200.82395271730132,3661.1955012492353,2172.99248377178,HCT116 OsTIRF74G mAC-POLR2A Clone 5,5PhIAA,300,240,"EU 1 mM, 30 mins",Total Pol II (F12),Goat anti-mouse Alexa568,AF647 azide click,3980,211.01532527021203,355.2923293528314,1537.3640075994592,2193.2654092286966,260515_mACPOLR2A_CRC_EU,42.798557785294236,0.22053625742451566,52.22963090732006,0.5299562101882389,-6.5
171,K14,214.25940641443682,3636.701164779059,2108.513153019637,HCT116 OsTIRF74G mAC-POLR2A Clone 5,5PhIAA,100,240,"EU 1 mM, 30 mins",Total Pol II (F12),Goat anti-mouse Alexa568,AF647 azide click,3563,222.98775699232388,412.4717635544013,1559.6927216041333,2112.0465465465463,260515_mACPOLR2A_CRC_EU,56.234011482429736,0.28976767148363,64.20206262943191,0.651436382112996,-7.0
172,K15,159.63176080020847,3660.2144849349374,1682.3461640562782,HCT116 OsTIRF74G,5PhIAA,1000,240,"EU 1 mM, 30 mins",Total Pol II (F12),Goat anti-mouse Alexa568,AF647 azide click,4588,301.65452179159166,756.3355394461198,1564.534910436685,1664.3827893175073,260515_mACPOLR2A_CRC_EU,1.6063658682013795,0.008277426505931022,142.8688274286997,1.4496411524045396,-6.0
180,L03,159.26466755879608,2929.98171877498,1726.0915323962975,HCT116 OsTIRF74G,Vehicle,0,240,"EU 1 mM, 30 mins",Total Pol II (F12),Goat anti-mouse Alexa568,AF647 azide click,3323,323.51248193881383,761.5951958755701,1556.2600831910522,1691.5686274509803,260515_mACPOLR2A_CRC_EU,1.2392726267889884,0.006385835438936231,164.72678757592186,1.671426401904435,-12.0
181,L04,159.5292010407025,2896.736106315064,1730.2789386401328,HCT116 OsTIRF74G,5PhIAA,1000,240,"EU 1 mM, 30 mins",Total Pol II (F12),Goat anti-mouse Alexa568,AF647 azide click,4283,324.4880360453669,761.2645541577907,1597.3293666232883,1729.3537368955022,260515_mACPOLR2A_CRC_EU,1.5038061086954144,0.007748947353963532,165.70234168247495,1.6813250159317839,-6.0
182,L05,352.18207500402224,2878.5501661724497,2271.971346704871,HCT116 OsTIRF74G mAC-POLR2A Clone 5,Vehicle,0,240,"EU 1 mM, 30 mins",Total Pol II (F12),Goat anti-mouse Alexa568,AF647 azide click,4251,248.22163178178593,720.6537218016011,1467.0954788719175,2281.7073518915063,260515_mACPOLR2A_CRC_EU,194.15668007201515,1.0004680015587792,89.43593741889396,0.9074758834358674,-12.0
183,L06,356.7364966180642,2992.4877284832846,2356.103238095238,HCT116 OsTIRF74G mAC-POLR2A Clone 5,Vehicle,0,240,"EU 1 mM, 30 mins",Total Pol II (F12),Goat anti-mouse Alexa568,AF647 azide click,3586,248.34942856013194,739.3361761067446,1467.4059741727492,2364.812118902439,260515_mACPOLR2A_CRC_EU,198.71110168605713,1.023936434830128,89.56373419723997,0.9087725936585893,-12.0
184,L07,342.92810371224056,3111.894662160859,2324.4040219378426,HCT116 OsTIRF74G mAC-POLR2A Clone 5,Vehicle,0,240,"EU 1 mM, 30 mins",Total Pol II (F12),Goat anti-mouse Alexa568,AF647 azide click,3810,253.3066812416254,702.9037981230999,1472.2453671972298,2323.2171174509076,260515_mACPOLR2A_CRC_EU,184.90270878023347,0.9527833060781133,94.52098687873342,0.9590721419876119,-12.0
185,L08,200.30877311838543,3275.74637349865,2254.325276526014,HCT116 OsTIRF74G mAC-POLR2A Clone 5,5PhIAA,1000,240,"EU 1 mM, 30 mins",Total Pol II (F12),Goat anti-mouse Alexa568,AF647 azide click,4035,221.27842816434256,348.988412202104,1537.5627053715443,2292.4369918699185,260515_mACPOLR2A_CRC_EU,42.28337818637834,0.21788159365719093,62.49273380145058,0.6340924068272061,-6.0
186,L09,204.22599204773178,3562.446801510536,2236.3529175050303,HCT116 OsTIRF74G mAC-POLR2A Clone 5,5PhIAA,300,240,"EU 1 mM, 30 mins",Total Pol II (F12),Goat anti-mouse Alexa568,AF647 azide click,4018,222.23440471849548,356.76335108345637,1546.9128559506482,2236.7053465346535,260515_mACPOLR2A_CRC_EU,46.20059711572469,0.23806659163128965,63.44871035560351,0.6437923741229101,-6.5
187,L10,358.4870496282853,3416.855496209262,2146.3473606496864,HCT116 OsTIRF74G mAC-POLR2A Clone 5,Vehicle,0,240,"EU 1 mM, 30 mins",Total Pol II (F12),Goat anti-mouse Alexa568,AF647 azide click,3995,250.66796102391115,748.9503511359892,1484.996127118445,2154.4835164835163,260515_mACPOLR2A_CRC_EU,200.46165469627823,1.0329568418081883,91.88226666101917,0.9322979499813854,-12.0
188,L11,362.5124026691983,3595.764876390711,2224.0906332954114,HCT116 OsTIRF74G mAC-POLR2A Clone 5,Vehicle,0,240,"EU 1 mM, 30 mins",Total Pol II (F12),Goat anti-mouse Alexa568,AF647 azide click,3773,252.09685214318716,744.0234031652508,1566.984877408325,2261.872609028309,260515_mACPOLR2A_CRC_EU,204.48700773719122,1.0536990429568536,93.31115778029519,0.9467964197041921,-12.0
189,L12,345.33809264469807,3508.381413178594,2227.604907539118,HCT116 OsTIRF74G mAC-POLR2A Clone 5,Vehicle,0,240,"EU 1 mM, 30 mins",Total Pol II (F12),Goat anti-mouse Alexa568,AF647 azide click,3933,238.68896847503825,720.155687437101,1554.4103404903212,2232.9045454545453,260515_mACPOLR2A_CRC_EU,187.31269771269098,0.9652017137792557,79.90327411214628,0.8107512075902937,-12.0
190,L13,197.53141382293853,3716.407532899777,2260.892526964561,HCT116 OsTIRF74G mAC-POLR2A Clone 5,5PhIAA,1000,240,"EU 1 mM, 30 mins",Total Pol II (F12),Goat anti-mouse Alexa568,AF647 azide click,3871,211.16335403784527,343.7191623070063,1555.3370546114893,2284.206281504459,260515_mACPOLR2A_CRC_EU,39.50601889093144,0.20357016691207033,52.37765967495329,0.5314582074899804,-6.0
191,L14,203.83256416623394,3637.63028885424,2161.24140625,HCT116 OsTIRF74G mAC-POLR2A Clone 5,5PhIAA,300,240,"EU 1 mM, 30 mins",Total Pol II (F12),Goat anti-mouse Alexa568,AF647 azide click,3598,218.43908074146472,369.5210410347028,1548.689145440838,2184.3286042944787,260515_mACPOLR2A_CRC_EU,45.80716923422685,0.23603930106259197,59.65338637857275,0.6052825191543222,-6.5
192,L15,159.32065544915355,3535.2088429816226,1708.6776071995764,HCT116 OsTIRF74G,Vehicle,0,240,"EU 1 mM, 30 mins",Total Pol II (F12),Goat anti-mouse Alexa568,AF647 azide click,4256,301.9574060395068,729.8655512301472,1541.6982989044334,1688.2068694284217,260515_mACPOLR2A_CRC_EU,1.2952605171464597,0.006674334875353536,143.17171167661482,1.452714415327566,-12.0
200,M03,159.71374196777265,2850.258689460007,1733.6640625,HCT116 OsTIRF74G,Vehicle,0,240,"EU 1 mM, 30 mins",Total Pol II (F12),Goat anti-mouse Alexa568,AF647 azide click,4209,327.39173940557765,739.4576906940806,1589.072558816778,1696.9388583019415,260515_mACPOLR2A_CRC_EU,1.6883470357655597,0.008699866438710922,168.60604504268568,1.710787901300795,-12.0
201,M04,160.07249571389892,3073.8794849068936,1791.9886325643597,HCT116 OsTIRF74G,Vehicle,0,240,"EU 1 mM, 30 mins",Total Pol II (F12),Goat anti-mouse Alexa568,AF647 azide click,3636,318.96828177271834,744.2685146237262,1605.3457256620766,1767.3716900948023,260515_mACPOLR2A_CRC_EU,2.047100781891828,0.01054848500442571,160.18258740982637,1.6253179562477145,-12.0
202,M05,361.92115555388955,3137.9356386242566,2321.1004098360654,HCT116 OsTIRF74G mAC-POLR2A Clone 5,Vehicle,0,240,"EU 1 mM, 30 mins",Total Pol II (F12),Goat anti-mouse Alexa568,AF647 azide click,3769,249.29025534597824,752.0208322187314,1566.9373670501586,2315.062995245642,260515_mACPOLR2A_CRC_EU,203.89576062188246,1.0506524116503182,90.50456098308626,0.9183188414342137,-12.0
203,M06,366.1072195548408,3255.6748165946337,2171.08702859511,HCT116 OsTIRF74G mAC-POLR2A Clone 5,Vehicle,0,240,"EU 1 mM, 30 mins",Total Pol II (F12),Goat anti-mouse Alexa568,AF647 azide click,3733,255.1195387954386,771.7232173256923,1535.1207315631784,2238.2822822822823,260515_mACPOLR2A_CRC_EU,208.08182462283372,1.0722227386865832,96.33384443254661,0.9774665878632636,-12.0
204,M07,365.4778314675906,3544.0861796814306,2217.9022966134685,HCT116 OsTIRF74G mAC-POLR2A Clone 5,Vehicle,0,240,"EU 1 mM, 30 mins",Total Pol II (F12),Goat anti-mouse Alexa568,AF647 azide click,3885,252.87329295797684,761.3790127609743,1524.06981717828,2237.7403021641485,260515_mACPOLR2A_CRC_EU,207.4524365355835,1.0689795711498158,94.08759859508487,0.9546746992266257,-12.0
205,M08,367.2571720172209,3459.4059846524115,2163.7371541501975,HCT116 OsTIRF74G mAC-POLR2A Clone 5,Vehicle,0,240,"EU 1 mM, 30 mins",Total Pol II (F12),Goat anti-mouse Alexa568,AF647 azide click,3908,249.09565281512496,718.5325107570666,1500.0491495923059,2206.610294117647,260515_mACPOLR2A_CRC_EU,209.23177708521382,1.0781483171498032,90.30995845223299,0.9163442760782562,-12.0
206,M09,198.86026285537667,3824.6312149642663,2347.1015724606887,HCT116 OsTIRF74G mAC-POLR2A Clone 5,5PhIAA,1000,240,"EU 1 mM, 30 mins",Total Pol II (F12),Goat anti-mouse Alexa568,AF647 azide click,3760,217.0060249534182,336.80768898781747,1559.7326085293178,2339.764730818143,260515_mACPOLR2A_CRC_EU,40.834867923369586,0.21041757970962946,58.22033059052623,0.5907417919611876,-6.0
207,M10,356.49354661273804,3897.9973554598796,2247.4567375886527,HCT116 OsTIRF74G mAC-POLR2A Clone 5,Vehicle,0,240,"EU 1 mM, 30 mins",Total Pol II (F12),Goat anti-mouse Alexa568,AF647 azide click,3631,246.96709065860162,749.6030203394254,1587.6626920221759,2260.3669681104234,260515_mACPOLR2A_CRC_EU,198.46815168073095,1.0226845401942226,88.18139629570965,0.894746483522094,-12.0
208,M11,371.9923770761553,3860.61380060245,2251.264255319149,HCT116 OsTIRF74G mAC-POLR2A Clone 5,Vehicle,0,240,"EU 1 mM, 30 mins",Total Pol II (F12),Goat anti-mouse Alexa568,AF647 azide click,3972,250.39187330749556,759.4182758754602,1559.2498055305612,2311.5194805194806,260515_mACPOLR2A_CRC_EU,213.96698214414823,1.1025483076138243,91.60617894460358,0.929496582303127,-12.0
209,M12,368.48294588817174,3901.89278445749,2353.51433612704,HCT116 OsTIRF74G mAC-POLR2A Clone 5,Vehicle,0,240,"EU 1 mM, 30 mins",Total Pol II (F12),Goat anti-mouse Alexa568,AF647 azide click,3776,250.39963419276603,771.6059160793379,1601.1763091017594,2390.6400176678444,260515_mACPOLR2A_CRC_EU,210.45755095616465,1.0844645949857155,91.61393982987406,0.9295753293529184,-12.0
210,M13,372.33492817368557,4120.797635027907,2238.479407681629,HCT116 OsTIRF74G mAC-POLR2A Clone 5,Vehicle,0,240,"EU 1 mM, 30 mins",Total Pol II (F12),Goat anti-mouse Alexa568,AF647 azide click,4013,241.8879503554827,772.5622192820841,1578.5241455165365,2288.9617158671585,260515_mACPOLR2A_CRC_EU,214.30953324167848,1.1043134357147515,83.10225599259073,0.8432101831635557,-12.0
211,M14,198.71809251300567,3967.56278106039,2188.7043256997454,HCT116 OsTIRF74G mAC-POLR2A Clone 5,5PhIAA,1000,240,"EU 1 mM, 30 mins",Total Pol II (F12),Goat anti-mouse Alexa568,AF647 azide click,3574,214.48617935928456,340.1547998042552,1562.7765565397292,2230.4469854469853,260515_mACPOLR2A_CRC_EU,40.69269758099858,0.2096849915841007,55.70048499639259,0.565173780123305,-6.0
212,M15,159.9675148836614,3956.8041256387596,1683.8109830097087,HCT116 OsTIRF74G,5PhIAA,1000,240,"EU 1 mM, 30 mins",Total Pol II (F12),Goat anti-mouse Alexa568,AF647 azide click,3695,294.6616960178062,767.3590963752773,1624.9818276433684,1691.0975994946305,260515_mACPOLR2A_CRC_EU,1.9421199516543197,0.010007530341466163,135.87600165491423,1.3786873397659252,-6.0
220,N03,159.8180729403453,3004.600366356713,1667.291218969989,HCT116 OsTIRF74G,Vehicle,0,240,"EU 1 mM, 30 mins",Total Pol II (F12),Goat anti-mouse Alexa568,AF647 azide click,4398,306.14429114407034,731.1600154450268,1603.8171132744385,1653.2820869565217,260515_mACPOLR2A_CRC_EU,1.7926780083382141,0.0092374724566534,147.35859678117836,1.49519730720259,-12.0
221,N04,160.0157776538137,3140.501717866731,1649.2000717102903,HCT116 OsTIRF74G,Vehicle,0,240,"EU 1 mM, 30 mins",Total Pol II (F12),Goat anti-mouse Alexa568,AF647 azide click,3836,306.3980602960931,747.2834239740148,1626.9174504733135,1620.3526830914614,260515_mACPOLR2A_CRC_EU,1.9903827218066112,0.010256223083771214,147.61236593320112,1.497772216037525,-12.0
222,N05,160.87499640870723,3084.7292544575125,1734.6988171064604,HCT116 OsTIRF74G,Vehicle,0,240,"EU 1 mM, 30 mins",Total Pol II (F12),Goat anti-mouse Alexa568,AF647 azide click,3708,306.80478545673634,730.0190478442746,1529.8427583570717,1696.7192161450716,260515_mACPOLR2A_CRC_EU,2.849601476700144,0.014683682753411791,148.01909109384437,1.5018991172041287,-12.0
223,N06,160.10033861008395,3440.188204272685,1692.9262992125985,HCT116 OsTIRF74G,Vehicle,0,240,"EU 1 mM, 30 mins",Total Pol II (F12),Goat anti-mouse Alexa568,AF647 azide click,4335,303.0978468475315,758.4257816311429,1611.229322372189,1669.8213292117466,260515_mACPOLR2A_CRC_EU,2.0749436780768633,0.010691956383795807,144.31215248463954,1.4642860783484526,-12.0
224,N07,161.0272689991656,3300.554677155623,1712.5002842524161,HCT116 OsTIRF74G,Vehicle,0,240,"EU 1 mM, 30 mins",Total Pol II (F12),Goat anti-mouse Alexa568,AF647 azide click,3289,296.218007358936,766.2258966155372,1546.9959726070135,1707.7975122938965,260515_mACPOLR2A_CRC_EU,3.001874067158525,0.015468326651378981,137.43231299604403,1.3944786989214524,-12.0
225,N08,162.47584660952194,3859.182394094857,1668.4727805695143,HCT116 OsTIRF74G,Vehicle,0,240,"EU 1 mM, 30 mins",Total Pol II (F12),Goat anti-mouse Alexa568,AF647 azide click,3887,297.6681284337884,763.2100396867887,1625.1173271258717,1627.7521440823327,260515_mACPOLR2A_CRC_EU,4.450451677514849,0.02293268763240954,138.88243407089644,1.4091925817460613,-12.0
226,N09,161.27118799711212,3900.182846401216,1675.7299806576402,HCT116 OsTIRF74G,Vehicle,0,240,"EU 1 mM, 30 mins",Total Pol II (F12),Goat anti-mouse Alexa568,AF647 azide click,3365,288.75915664367835,767.3082435411712,1627.7121365979585,1658.5948566610455,260515_mACPOLR2A_CRC_EU,3.2457930651050333,0.016725214399599894,129.97346228078638,1.3187962905117123,-12.0
227,N10,161.51179887917968,4011.666167856056,1670.3667377398722,HCT116 OsTIRF74G,Vehicle,0,240,"EU 1 mM, 30 mins",Total Pol II (F12),Goat anti-mouse Alexa568,AF647 azide click,3860,292.0469221012944,775.4502517670965,1659.8243527640473,1666.430790960452,260515_mACPOLR2A_CRC_EU,3.4864039471725903,0.017965055790821336,133.26122773840243,1.3521561226919894,-12.0
228,N11,161.46494282840916,4280.9334532993,1642.2073535699017,HCT116 OsTIRF74G,Vehicle,0,240,"EU 1 mM, 30 mins",Total Pol II (F12),Goat anti-mouse Alexa568,AF647 azide click,3396,292.0305433447364,784.0334393483174,1690.744426329362,1639.1931914893617,260515_mACPOLR2A_CRC_EU,3.4395478964020754,0.017723611718652787,133.2448489818444,1.3519899330482505,-12.0
229,N12,161.45847072435743,4086.5245884607116,1678.6246953696182,HCT116 OsTIRF74G,Vehicle,0,240,"EU 1 mM, 30 mins",Total Pol II (F12),Goat anti-mouse Alexa568,AF647 azide click,3220,291.49119779988206,784.0365426020749,1670.673297964504,1662.3995147594014,260515_mACPOLR2A_CRC_EU,3.433075792350337,0.017690261678859558,132.70550343699009,1.3465173781791553,-12.0
231,N14,161.66058835438767,4281.779911021825,1681.1727815699658,HCT116 OsTIRF74G,Vehicle,0,240,"EU 1 mM, 30 mins",No secondary,No secondary,AF647 azide click,3700,274.36338570832726,145.0198240059479,630.0047588541821,1683.2013565069944,260515_mACPOLR2A_CRC_EU,3.6351934223805813,0.018731751579290242,115.57769134543528,1.172727324005433,-12.0
