,EXPERIMENT,WELL,CELL,DRUG,DRUG_CONCENTRATION,DRUG_CONCENTRATION_LOG,TIME_MINUTES,EU,PRIMARY,SECONDARY,CLICK,TotalNumberCells,GFP_Intensity,GFP_Intensity_BGS,GFP_Intensity_FC
0,260508_mACPOLR2A_CRC_EU,C03,HCT116 OsTIRF74G,Vehicle,0,-12.0,240,"EU 1 mM, 30 mins",Nucleolin (D4C7O) ,Goat anti-rabbit Alexa568,AF647 azide click,3270,133.71515041225604,0.6687922863558811,0.006250516860992672
1,260508_mACPOLR2A_CRC_EU,C04,HCT116 OsTIRF74G,Vehicle,0,-12.0,240,"EU 1 mM, 30 mins",Nucleolin (D4C7O) ,Goat anti-rabbit Alexa568,AF647 azide click,4202,133.79522291207718,0.7488647861770232,0.006998872546972514
2,260508_mACPOLR2A_CRC_EU,C05,HCT116 OsTIRF74G,Vehicle,0,-12.0,240,"EU 1 mM, 30 mins",Nucleolin (D4C7O) ,Goat anti-rabbit Alexa568,AF647 azide click,3923,133.0693229125692,0.022964786669035675,0.00021462835204939112
3,260508_mACPOLR2A_CRC_EU,C06,HCT116 OsTIRF74G,Vehicle,0,-12.0,240,"EU 1 mM, 30 mins",Nucleolin (D4C7O) ,Goat anti-rabbit Alexa568,AF647 azide click,3391,132.80173557544674,-0.24462255045341408,-0.0022862365601125775
4,260508_mACPOLR2A_CRC_EU,C07,HCT116 OsTIRF74G,Vehicle,0,-12.0,240,"EU 1 mM, 30 mins",Nucleolin (D4C7O) ,Goat anti-rabbit Alexa568,AF647 azide click,2966,132.9785570143808,-0.0678011115193442,-0.0006336675816864837
5,260508_mACPOLR2A_CRC_EU,C08,HCT116 OsTIRF74G,Vehicle,0,-12.0,240,"EU 1 mM, 30 mins",Nucleolin (D4C7O) ,Goat anti-rabbit Alexa568,AF647 azide click,3511,132.61241357164283,-0.43394455425732303,-0.004055635521606514
6,260508_mACPOLR2A_CRC_EU,C09,HCT116 OsTIRF74G,Vehicle,0,-12.0,240,"EU 1 mM, 30 mins",Nucleolin (D4C7O) ,Goat anti-rabbit Alexa568,AF647 azide click,3168,133.41004418699058,0.36368606109041934,0.0033990013092705393
7,260508_mACPOLR2A_CRC_EU,C10,HCT116 OsTIRF74G,Vehicle,0,-12.0,240,"EU 1 mM, 30 mins",Nucleolin (D4C7O) ,Goat anti-rabbit Alexa568,AF647 azide click,3501,132.79495214519747,-0.2514059807026854,-0.002349634338486289
8,260508_mACPOLR2A_CRC_EU,C11,HCT116 OsTIRF74G,Vehicle,0,-12.0,240,"EU 1 mM, 30 mins",Nucleolin (D4C7O) ,Goat anti-rabbit Alexa568,AF647 azide click,3163,132.9566220563184,-0.08973606958176106,-0.0008386711799805986
9,260508_mACPOLR2A_CRC_EU,C12,HCT116 OsTIRF74G,Vehicle,0,-12.0,240,"EU 1 mM, 30 mins",Nucleolin (D4C7O) ,Goat anti-rabbit Alexa568,AF647 azide click,3898,132.60873952117421,-0.43761860472594094,-0.0040899731102281844
10,260508_mACPOLR2A_CRC_EU,C13,HCT116 OsTIRF74G,Vehicle,0,-12.0,240,"EU 1 mM, 30 mins",Nucleolin (D4C7O) ,Goat anti-rabbit Alexa568,AF647 azide click,3262,132.81094268354846,-0.23541544235169454,-0.00220018714595986
11,260508_mACPOLR2A_CRC_EU,C14,HCT116 OsTIRF74G,Vehicle,0,-12.0,240,"EU 1 mM, 30 mins",Nucleolin (D4C7O) ,Goat anti-rabbit Alexa568,AF647 azide click,3071,132.5271851740285,-0.519172951871667,-0.004852178106190647
12,260508_mACPOLR2A_CRC_EU,C15,HCT116 OsTIRF74G,Vehicle,0,-12.0,240,"EU 1 mM, 30 mins",Nucleolin (D4C7O) ,Goat anti-rabbit Alexa568,AF647 azide click,3847,132.42570065094424,-0.6206574749559195,-0.005800650054221425
13,260508_mACPOLR2A_CRC_EU,C16,HCT116 OsTIRF74G,No addition,0,-12.0,240,No addition,Total Pol II (F12),Goat anti-mouse Alexa568,No click,3324,132.37967980927672,-0.6666783166234325,-0.00623075974996453
14,260508_mACPOLR2A_CRC_EU,C17,HCT116 OsTIRF74G,No addition,0,-12.0,240,No addition,Total Pol II (F12),Goat anti-mouse Alexa568,No click,4113,132.35600882138942,-0.6903493045107325,-0.006451988241866112
15,260508_mACPOLR2A_CRC_EU,C18,HCT116 OsTIRF74G,No addition,0,-12.0,240,No addition,Total Pol II (F12),Goat anti-mouse Alexa568,No click,3301,132.14705214997375,-0.8993059759264099,-0.008404892341608667
16,260508_mACPOLR2A_CRC_EU,C19,HCT116 OsTIRF74G,No addition,0,-12.0,240,No addition,Total Pol II (F12),Goat anti-mouse Alexa568,No click,3982,132.4186737318126,-0.6276843940875665,-0.005866323473920257
17,260508_mACPOLR2A_CRC_EU,C20,HCT116 OsTIRF74G,No addition,0,-12.0,240,No addition,Total Pol II (F12),Goat anti-mouse Alexa568,No click,3337,132.6093003084611,-0.4370578174390687,-0.004084732005533146
18,260508_mACPOLR2A_CRC_EU,C21,HCT116 OsTIRF74G,No addition,0,-12.0,240,No addition,Total Pol II (F12),Goat anti-mouse Alexa568,No click,3958,132.5060164852378,-0.5403416406623478,-0.0050500201700281605
19,260508_mACPOLR2A_CRC_EU,C22,HCT116 OsTIRF74G,No addition,0,-12.0,240,No addition,Total Pol II (F12),Goat anti-mouse Alexa568,No click,4082,132.500302838993,-0.5460552869071478,-0.005103419772445025
20,260508_mACPOLR2A_CRC_EU,D03,HCT116 OsTIRF74G,Vehicle,0,-12.0,240,"EU 1 mM, 30 mins",Nucleolin (D4C7O) ,Goat anti-rabbit Alexa568,AF647 azide click,3432,132.49598488887787,-0.5503732370222849,-0.005143775231905614
21,260508_mACPOLR2A_CRC_EU,D04,HCT116 OsTIRF74G,5PhIAA,1000,-6.0,240,"EU 1 mM, 30 mins",Nucleolin (D4C7O) ,Goat anti-rabbit Alexa568,AF647 azide click,3472,132.5862246016291,-0.46013352427104337,-0.004300397014797069
22,260508_mACPOLR2A_CRC_EU,D05,HCT116 OsTIRF74G mAC-POLR2A Clone 5,5PhIAA,1000,-6.0,240,"EU 1 mM, 30 mins",Nucleolin (D4C7O) ,Goat anti-rabbit Alexa568,AF647 azide click,3705,150.84916138491013,17.802803259009977,0.16638457741446502
23,260508_mACPOLR2A_CRC_EU,D06,HCT116 OsTIRF74G mAC-POLR2A Clone 5,Vehicle,0,-12.0,240,"EU 1 mM, 30 mins",Nucleolin (D4C7O) ,Goat anti-rabbit Alexa568,AF647 azide click,3678,226.32244068127898,93.27608255537882,0.8717560573500669
24,260508_mACPOLR2A_CRC_EU,D07,HCT116 OsTIRF74G mAC-POLR2A Clone 5,Vehicle,0,-12.0,240,"EU 1 mM, 30 mins",Nucleolin (D4C7O) ,Goat anti-rabbit Alexa568,AF647 azide click,3993,232.49343593302459,99.44707780712443,0.9294300327487852
25,260508_mACPOLR2A_CRC_EU,D08,HCT116 OsTIRF74G mAC-POLR2A Clone 5,Vehicle,0,-12.0,240,"EU 1 mM, 30 mins",Nucleolin (D4C7O) ,Goat anti-rabbit Alexa568,AF647 azide click,3951,233.00379062352303,99.95743249762288,0.9341997955931338
26,260508_mACPOLR2A_CRC_EU,D09,HCT116 OsTIRF74G mAC-POLR2A Clone 5,Vehicle,0,-12.0,240,"EU 1 mM, 30 mins",Nucleolin (D4C7O) ,Goat anti-rabbit Alexa568,AF647 azide click,3951,231.0854498681212,98.03909174222105,0.9162710283489672
27,260508_mACPOLR2A_CRC_EU,D10,HCT116 OsTIRF74G mAC-POLR2A Clone 5,5PhIAA,1000,-6.0,240,"EU 1 mM, 30 mins",Nucleolin (D4C7O) ,Goat anti-rabbit Alexa568,AF647 azide click,4223,151.27833934882113,18.23198122292098,0.170395664495641
28,260508_mACPOLR2A_CRC_EU,D11,HCT116 OsTIRF74G mAC-POLR2A Clone 5,Vehicle,0,-12.0,240,"EU 1 mM, 30 mins",Nucleolin (D4C7O) ,Goat anti-rabbit Alexa568,AF647 azide click,4014,228.58995506395576,95.5435969380556,0.8929481930409422
29,260508_mACPOLR2A_CRC_EU,D12,HCT116 OsTIRF74G mAC-POLR2A Clone 5,Vehicle,0,-12.0,240,"EU 1 mM, 30 mins",Nucleolin (D4C7O) ,Goat anti-rabbit Alexa568,AF647 azide click,4085,228.65759104245768,95.61123291655753,0.8935803172933608
30,260508_mACPOLR2A_CRC_EU,D13,HCT116 OsTIRF74G mAC-POLR2A Clone 5,Vehicle,0,-12.0,240,"EU 1 mM, 30 mins",Nucleolin (D4C7O) ,Goat anti-rabbit Alexa568,AF647 azide click,3682,231.77449445423116,98.728136328331,0.9227108227235755
31,260508_mACPOLR2A_CRC_EU,D14,HCT116 OsTIRF74G mAC-POLR2A Clone 5,Vehicle,0,-12.0,240,"EU 1 mM, 30 mins",Nucleolin (D4C7O) ,Goat anti-rabbit Alexa568,AF647 azide click,3716,229.75448284244658,96.70812471654642,0.9038318420647857
32,260508_mACPOLR2A_CRC_EU,D15,HCT116 OsTIRF74G,Vehicle,0,-12.0,240,"EU 1 mM, 30 mins",Nucleolin (D4C7O) ,Goat anti-rabbit Alexa568,AF647 azide click,3789,132.70420586465974,-0.34215226124041465,-0.0031977469261240308
33,260508_mACPOLR2A_CRC_EU,D16,HCT116 OsTIRF74G,No addition,0,-12.0,240,No addition,Total Pol II (F12),Goat anti-mouse Alexa568,No click,3673,132.6755628239705,-0.37079530192966104,-0.0034654441056979073
34,260508_mACPOLR2A_CRC_EU,D17,HCT116 OsTIRF74G mAC-POLR2A Clone 5,5PhIAA,1000,-6.0,240,No addition,Total Pol II (F12),Goat anti-mouse Alexa568,No click,4156,150.49710956047397,17.450751434573817,0.16309430940528752
35,260508_mACPOLR2A_CRC_EU,D18,HCT116 OsTIRF74G mAC-POLR2A Clone 5,Vehicle,0,-12.0,240,No addition,Total Pol II (F12),Goat anti-mouse Alexa568,No click,3706,231.16418966018614,98.11783153428598,0.9170069285798367
36,260508_mACPOLR2A_CRC_EU,D19,HCT116 OsTIRF74G mAC-POLR2A Clone 5,Vehicle,0,-12.0,240,No addition,Total Pol II (F12),Goat anti-mouse Alexa568,No click,3969,234.3311781767981,101.28482005089793,0.946605528213086
37,260508_mACPOLR2A_CRC_EU,D20,HCT116 OsTIRF74G mAC-POLR2A Clone 5,Vehicle,0,-12.0,240,No addition,Total Pol II (F12),Goat anti-mouse Alexa568,No click,3872,232.5820645418169,99.53570641591674,0.9302583536264692
38,260508_mACPOLR2A_CRC_EU,D21,HCT116 OsTIRF74G mAC-POLR2A Clone 5,Vehicle,0,-12.0,240,No addition,Total Pol II (F12),Goat anti-mouse Alexa568,No click,3817,234.8908649954692,101.84450686956905,0.9518363479583927
39,260508_mACPOLR2A_CRC_EU,D22,HCT116 OsTIRF74G,No addition,0,-12.0,240,No addition,Total Pol II (F12),Goat anti-mouse Alexa568,No click,3292,132.6290853843236,-0.4172727415765678,-0.0038998211553371636
40,260508_mACPOLR2A_CRC_EU,E03,HCT116 OsTIRF74G,Vehicle,0,-12.0,240,"EU 1 mM, 30 mins",Nucleolin (D4C7O) ,Goat anti-rabbit Alexa568,AF647 azide click,3487,132.26828715768113,-0.7780709682190263,-0.007271832832285404
41,260508_mACPOLR2A_CRC_EU,E04,HCT116 OsTIRF74G,Vehicle,0,-12.0,240,"EU 1 mM, 30 mins",Nucleolin (D4C7O) ,Goat anti-rabbit Alexa568,AF647 azide click,3554,131.91762904336892,-1.1287290825312368,-0.010549075259668993
42,260508_mACPOLR2A_CRC_EU,E05,HCT116 OsTIRF74G mAC-POLR2A Clone 5,5PhIAA,300,-6.5,240,"EU 1 mM, 30 mins",Nucleolin (D4C7O) ,Goat anti-rabbit Alexa568,AF647 azide click,3518,155.52535179657744,22.478993670677283,0.21008814219778477
43,260508_mACPOLR2A_CRC_EU,E06,HCT116 OsTIRF74G mAC-POLR2A Clone 5,5PhIAA,1000,-6.0,240,"EU 1 mM, 30 mins",Nucleolin (D4C7O) ,Goat anti-rabbit Alexa568,AF647 azide click,3561,153.10512498394402,20.058766858043867,0.1874687597551142
44,260508_mACPOLR2A_CRC_EU,E07,HCT116 OsTIRF74G mAC-POLR2A Clone 5,Vehicle,0,-12.0,240,"EU 1 mM, 30 mins",Nucleolin (D4C7O) ,Goat anti-rabbit Alexa568,AF647 azide click,4152,227.88090564709609,94.83454752119593,0.8863214339921692
45,260508_mACPOLR2A_CRC_EU,E08,HCT116 OsTIRF74G mAC-POLR2A Clone 5,Vehicle,0,-12.0,240,"EU 1 mM, 30 mins",Nucleolin (D4C7O) ,Goat anti-rabbit Alexa568,AF647 azide click,3813,227.2019602854727,94.15560215957254,0.8799760267303075
46,260508_mACPOLR2A_CRC_EU,E09,HCT116 OsTIRF74G mAC-POLR2A Clone 5,Vehicle,0,-12.0,240,"EU 1 mM, 30 mins",Nucleolin (D4C7O) ,Goat anti-rabbit Alexa568,AF647 azide click,3750,230.5772254430067,97.53086731710655,0.9115211749144196
47,260508_mACPOLR2A_CRC_EU,E10,HCT116 OsTIRF74G mAC-POLR2A Clone 5,5PhIAA,300,-6.5,240,"EU 1 mM, 30 mins",Nucleolin (D4C7O) ,Goat anti-rabbit Alexa568,AF647 azide click,4022,156.04922856057408,23.002870434673923,0.21498428202063677
48,260508_mACPOLR2A_CRC_EU,E11,HCT116 OsTIRF74G mAC-POLR2A Clone 5,5PhIAA,1000,-6.0,240,"EU 1 mM, 30 mins",Nucleolin (D4C7O) ,Goat anti-rabbit Alexa568,AF647 azide click,4083,152.54636719644395,19.500009070543797,0.18224662271311834
49,260508_mACPOLR2A_CRC_EU,E12,HCT116 OsTIRF74G mAC-POLR2A Clone 5,Vehicle,0,-12.0,240,"EU 1 mM, 30 mins",Nucleolin (D4C7O) ,Goat anti-rabbit Alexa568,AF647 azide click,3968,224.45346096918993,91.40710284328978,0.8542886172470728
50,260508_mACPOLR2A_CRC_EU,E13,HCT116 OsTIRF74G mAC-POLR2A Clone 5,Vehicle,0,-12.0,240,"EU 1 mM, 30 mins",Nucleolin (D4C7O) ,Goat anti-rabbit Alexa568,AF647 azide click,3392,224.3312993363856,91.28494121048544,0.8531468975215502
51,260508_mACPOLR2A_CRC_EU,E14,HCT116 OsTIRF74G mAC-POLR2A Clone 5,Vehicle,0,-12.0,240,"EU 1 mM, 30 mins",Nucleolin (D4C7O) ,Goat anti-rabbit Alexa568,AF647 azide click,3789,232.28789139298132,99.24153326708117,0.9275090183479975
52,260508_mACPOLR2A_CRC_EU,E15,HCT116 OsTIRF74G,5PhIAA,1000,-6.0,240,"EU 1 mM, 30 mins",Nucleolin (D4C7O) ,Goat anti-rabbit Alexa568,AF647 azide click,3784,132.50923643362862,-0.5371216922715405,-0.005019926608665586
53,260508_mACPOLR2A_CRC_EU,E16,HCT116 OsTIRF74G,No addition,0,-12.0,240,No addition,Total Pol II (F12),Goat anti-mouse Alexa568,No click,4132,132.367187034823,-0.6791710910771656,-0.006347516923988044
54,260508_mACPOLR2A_CRC_EU,E17,HCT116 OsTIRF74G mAC-POLR2A Clone 5,5PhIAA,300,-6.5,240,No addition,Total Pol II (F12),Goat anti-mouse Alexa568,No click,3617,155.41317172736612,22.366813601465964,0.20903970992908547
55,260508_mACPOLR2A_CRC_EU,E18,HCT116 OsTIRF74G mAC-POLR2A Clone 5,5PhIAA,1000,-6.0,240,No addition,Total Pol II (F12),Goat anti-mouse Alexa568,No click,3458,151.6146030561945,18.568244930294355,0.17353837713685524
56,260508_mACPOLR2A_CRC_EU,E19,HCT116 OsTIRF74G mAC-POLR2A Clone 5,Vehicle,0,-12.0,240,No addition,Total Pol II (F12),Goat anti-mouse Alexa568,No click,4095,233.71069871470615,100.664340588806,0.9408065418628733
57,260508_mACPOLR2A_CRC_EU,E20,HCT116 OsTIRF74G mAC-POLR2A Clone 5,Vehicle,0,-12.0,240,No addition,Total Pol II (F12),Goat anti-mouse Alexa568,No click,3686,229.90471751636107,96.85835939046092,0.9052359317673224
58,260508_mACPOLR2A_CRC_EU,E21,HCT116 OsTIRF74G mAC-POLR2A Clone 5,Vehicle,0,-12.0,240,No addition,Total Pol II (F12),Goat anti-mouse Alexa568,No click,3555,232.27696202969895,99.2306039037988,0.9274068727777358
59,260508_mACPOLR2A_CRC_EU,E22,HCT116 OsTIRF74G,No addition,0,-12.0,240,No addition,Total Pol II (F12),Goat anti-mouse Alexa568,No click,3220,132.22331560677893,-0.8230425191212305,-0.007692135881399281
60,260508_mACPOLR2A_CRC_EU,F03,HCT116 OsTIRF74G,Vehicle,0,-12.0,240,"EU 1 mM, 30 mins",Nucleolin (D4C7O) ,Goat anti-rabbit Alexa568,AF647 azide click,3419,132.73389357604742,-0.3124645498527343,-0.002920286278956463
61,260508_mACPOLR2A_CRC_EU,F04,HCT116 OsTIRF74G,5PhIAA,1000,-6.0,240,"EU 1 mM, 30 mins",Nucleolin (D4C7O) ,Goat anti-rabbit Alexa568,AF647 azide click,3574,132.74858687983397,-0.29777124606619054,-0.0027829630099308863
62,260508_mACPOLR2A_CRC_EU,F05,HCT116 OsTIRF74G mAC-POLR2A Clone 5,5PhIAA,100,-7.0,240,"EU 1 mM, 30 mins",Nucleolin (D4C7O) ,Goat anti-rabbit Alexa568,AF647 azide click,3569,166.92103386940846,33.874675743508305,0.3165919168254119
63,260508_mACPOLR2A_CRC_EU,F06,HCT116 OsTIRF74G mAC-POLR2A Clone 5,5PhIAA,300,-6.5,240,"EU 1 mM, 30 mins",Nucleolin (D4C7O) ,Goat anti-rabbit Alexa568,AF647 azide click,3681,158.08247412300736,25.036115997107203,0.2339869468686058
64,260508_mACPOLR2A_CRC_EU,F07,HCT116 OsTIRF74G mAC-POLR2A Clone 5,5PhIAA,1000,-6.0,240,"EU 1 mM, 30 mins",Nucleolin (D4C7O) ,Goat anti-rabbit Alexa568,AF647 azide click,3651,155.5018338760512,22.455475750151038,0.2098683442698126
65,260508_mACPOLR2A_CRC_EU,F08,HCT116 OsTIRF74G mAC-POLR2A Clone 5,Vehicle,0,-12.0,240,"EU 1 mM, 30 mins",Nucleolin (D4C7O) ,Goat anti-rabbit Alexa568,AF647 azide click,3960,239.00171712274516,105.955358996845,0.9902562745316981
66,260508_mACPOLR2A_CRC_EU,F09,HCT116 OsTIRF74G mAC-POLR2A Clone 5,Vehicle,0,-12.0,240,"EU 1 mM, 30 mins",Nucleolin (D4C7O) ,Goat anti-rabbit Alexa568,AF647 azide click,4016,236.91758884017787,103.87123071427771,0.9707780609870421
67,260508_mACPOLR2A_CRC_EU,F10,HCT116 OsTIRF74G mAC-POLR2A Clone 5,5PhIAA,100,-7.0,240,"EU 1 mM, 30 mins",Nucleolin (D4C7O) ,Goat anti-rabbit Alexa568,AF647 azide click,3615,163.99794646777195,30.951588341871798,0.2892728112333927
68,260508_mACPOLR2A_CRC_EU,F11,HCT116 OsTIRF74G mAC-POLR2A Clone 5,5PhIAA,300,-6.5,240,"EU 1 mM, 30 mins",Nucleolin (D4C7O) ,Goat anti-rabbit Alexa568,AF647 azide click,4000,156.30359371501189,23.25723558911173,0.21736157272673276
69,260508_mACPOLR2A_CRC_EU,F12,HCT116 OsTIRF74G mAC-POLR2A Clone 5,5PhIAA,1000,-6.0,240,"EU 1 mM, 30 mins",Nucleolin (D4C7O) ,Goat anti-rabbit Alexa568,AF647 azide click,3819,153.55733684476152,20.510978718861367,0.1916951210909813
70,260508_mACPOLR2A_CRC_EU,F13,HCT116 OsTIRF74G mAC-POLR2A Clone 5,Vehicle,0,-12.0,240,"EU 1 mM, 30 mins",Nucleolin (D4C7O) ,Goat anti-rabbit Alexa568,AF647 azide click,3680,231.7400689156636,98.69371078976346,0.9223890824558496
71,260508_mACPOLR2A_CRC_EU,F14,HCT116 OsTIRF74G mAC-POLR2A Clone 5,Vehicle,0,-12.0,240,"EU 1 mM, 30 mins",Nucleolin (D4C7O) ,Goat anti-rabbit Alexa568,AF647 azide click,3335,235.27438079233457,102.22802266643441,0.9554206775083427
72,260508_mACPOLR2A_CRC_EU,F15,HCT116 OsTIRF74G,Vehicle,0,-12.0,240,"EU 1 mM, 30 mins",Nucleolin (D4C7O) ,Goat anti-rabbit Alexa568,AF647 azide click,4027,132.43211192175787,-0.6142462041422903,-0.005740730469114764
73,260508_mACPOLR2A_CRC_EU,F16,HCT116 OsTIRF74G,No addition,0,-12.0,240,No addition,Total Pol II (F12),Goat anti-mouse Alexa568,No click,4369,132.0859306392385,-0.9604274866616436,-0.008976132532642553
74,260508_mACPOLR2A_CRC_EU,F17,HCT116 OsTIRF74G mAC-POLR2A Clone 5,5PhIAA,100,-7.0,240,No addition,Total Pol II (F12),Goat anti-mouse Alexa568,No click,3750,164.07478816495694,31.028430039056786,0.28999097191449014
75,260508_mACPOLR2A_CRC_EU,F18,HCT116 OsTIRF74G mAC-POLR2A Clone 5,5PhIAA,300,-6.5,240,No addition,Total Pol II (F12),Goat anti-mouse Alexa568,No click,3779,156.10595451246755,23.059596386567392,0.21551444142288997
76,260508_mACPOLR2A_CRC_EU,F19,HCT116 OsTIRF74G mAC-POLR2A Clone 5,5PhIAA,1000,-6.0,240,No addition,Total Pol II (F12),Goat anti-mouse Alexa568,No click,3989,154.07016676057424,21.023808634674083,0.19648801733246565
77,260508_mACPOLR2A_CRC_EU,F20,HCT116 OsTIRF74G mAC-POLR2A Clone 5,Vehicle,0,-12.0,240,No addition,Total Pol II (F12),Goat anti-mouse Alexa568,No click,4061,235.58253803152337,102.53617990562321,0.9583007077638974
78,260508_mACPOLR2A_CRC_EU,F21,HCT116 OsTIRF74G mAC-POLR2A Clone 5,Vehicle,0,-12.0,240,No addition,Total Pol II (F12),Goat anti-mouse Alexa568,No click,3492,242.2201320683285,109.17377394242834,1.020335504351545
79,260508_mACPOLR2A_CRC_EU,F22,HCT116 OsTIRF74G,No addition,0,-12.0,240,No addition,Total Pol II (F12),Goat anti-mouse Alexa568,No click,3265,132.64824041680052,-0.39811770909963684,-0.0037207986756935983
80,260508_mACPOLR2A_CRC_EU,G03,HCT116 OsTIRF74G,Vehicle,0,-12.0,240,"EU 1 mM, 30 mins",Nucleolin (D4C7O) ,Goat anti-rabbit Alexa568,AF647 azide click,3123,132.98878672277834,-0.057571403121812637,-0.0005380609694000124
81,260508_mACPOLR2A_CRC_EU,G04,HCT116 OsTIRF74G,Vehicle,0,-12.0,240,"EU 1 mM, 30 mins",Nucleolin (D4C7O) ,Goat anti-rabbit Alexa568,AF647 azide click,4268,132.33644355872482,-0.709914567175332,-0.006634844723123066
82,260508_mACPOLR2A_CRC_EU,G05,HCT116 OsTIRF74G mAC-POLR2A Clone 5,5PhIAA,30,-7.5,240,"EU 1 mM, 30 mins",Nucleolin (D4C7O) ,Goat anti-rabbit Alexa568,AF647 azide click,3375,184.68731547788266,51.64095735198251,0.48263516375936405
83,260508_mACPOLR2A_CRC_EU,G06,HCT116 OsTIRF74G mAC-POLR2A Clone 5,5PhIAA,100,-7.0,240,"EU 1 mM, 30 mins",Nucleolin (D4C7O) ,Goat anti-rabbit Alexa568,AF647 azide click,3597,171.466691776208,38.42033365030784,0.35907552791125513
84,260508_mACPOLR2A_CRC_EU,G07,HCT116 OsTIRF74G mAC-POLR2A Clone 5,5PhIAA,300,-6.5,240,"EU 1 mM, 30 mins",Nucleolin (D4C7O) ,Goat anti-rabbit Alexa568,AF647 azide click,3870,159.6861883576718,26.63983023177164,0.24897522210515657
85,260508_mACPOLR2A_CRC_EU,G08,HCT116 OsTIRF74G mAC-POLR2A Clone 5,5PhIAA,1000,-6.0,240,"EU 1 mM, 30 mins",Nucleolin (D4C7O) ,Goat anti-rabbit Alexa568,AF647 azide click,3767,157.0215630611166,23.975204935216453,0.22407169722286885
86,260508_mACPOLR2A_CRC_EU,G09,HCT116 OsTIRF74G mAC-POLR2A Clone 5,Vehicle,0,-12.0,240,"EU 1 mM, 30 mins",Nucleolin (D4C7O) ,Goat anti-rabbit Alexa568,AF647 azide click,4101,239.67977645177203,106.63341832587187,0.9965934009539076
87,260508_mACPOLR2A_CRC_EU,G10,HCT116 OsTIRF74G mAC-POLR2A Clone 5,5PhIAA,30,-7.5,240,"EU 1 mM, 30 mins",Nucleolin (D4C7O) ,Goat anti-rabbit Alexa568,AF647 azide click,3723,179.92354042172983,46.87718229582967,0.43811303496403425
88,260508_mACPOLR2A_CRC_EU,G11,HCT116 OsTIRF74G mAC-POLR2A Clone 5,5PhIAA,100,-7.0,240,"EU 1 mM, 30 mins",Nucleolin (D4C7O) ,Goat anti-rabbit Alexa568,AF647 azide click,4001,164.84445281151537,31.79809468561521,0.2971842394637266
89,260508_mACPOLR2A_CRC_EU,G12,HCT116 OsTIRF74G mAC-POLR2A Clone 5,5PhIAA,300,-6.5,240,"EU 1 mM, 30 mins",Nucleolin (D4C7O) ,Goat anti-rabbit Alexa568,AF647 azide click,3906,159.0492036990614,26.00284557316124,0.24302197857937924
90,260508_mACPOLR2A_CRC_EU,G13,HCT116 OsTIRF74G mAC-POLR2A Clone 5,5PhIAA,1000,-6.0,240,"EU 1 mM, 30 mins",Nucleolin (D4C7O) ,Goat anti-rabbit Alexa568,AF647 azide click,3877,156.61569091089984,23.569332784999688,0.220278425724239
91,260508_mACPOLR2A_CRC_EU,G14,HCT116 OsTIRF74G mAC-POLR2A Clone 5,Vehicle,0,-12.0,240,"EU 1 mM, 30 mins",Nucleolin (D4C7O) ,Goat anti-rabbit Alexa568,AF647 azide click,3619,237.32372581335693,104.27736768745677,0.9745738075148024
92,260508_mACPOLR2A_CRC_EU,G15,HCT116 OsTIRF74G,5PhIAA,1000,-6.0,240,"EU 1 mM, 30 mins",Nucleolin (D4C7O) ,Goat anti-rabbit Alexa568,AF647 azide click,4138,132.63154083534363,-0.4148172905565275,-0.0038768725682867193
93,260508_mACPOLR2A_CRC_EU,G16,HCT116 OsTIRF74G,No addition,0,-12.0,240,No addition,Total Pol II (F12),Goat anti-mouse Alexa568,No click,4503,132.1356607908935,-0.9106973350066596,-0.008511355713650064
94,260508_mACPOLR2A_CRC_EU,G17,HCT116 OsTIRF74G mAC-POLR2A Clone 5,5PhIAA,30,-7.5,240,No addition,Total Pol II (F12),Goat anti-mouse Alexa568,No click,3682,185.13855070928275,52.0921925833826,0.48685239753983767
95,260508_mACPOLR2A_CRC_EU,G18,HCT116 OsTIRF74G mAC-POLR2A Clone 5,5PhIAA,100,-7.0,240,No addition,Total Pol II (F12),Goat anti-mouse Alexa568,No click,3815,165.29452307145073,32.24816494555057,0.3013905854484953
96,260508_mACPOLR2A_CRC_EU,G19,HCT116 OsTIRF74G mAC-POLR2A Clone 5,5PhIAA,300,-6.5,240,No addition,Total Pol II (F12),Goat anti-mouse Alexa568,No click,4088,159.09999753547825,26.053639409578096,0.24349669657095177
97,260508_mACPOLR2A_CRC_EU,G20,HCT116 OsTIRF74G mAC-POLR2A Clone 5,5PhIAA,1000,-6.0,240,No addition,Total Pol II (F12),Goat anti-mouse Alexa568,No click,3678,156.38273883103545,23.336380705135298,0.21810126110571518
98,260508_mACPOLR2A_CRC_EU,G21,HCT116 OsTIRF74G mAC-POLR2A Clone 5,Vehicle,0,-12.0,240,No addition,Total Pol II (F12),Goat anti-mouse Alexa568,No click,3572,234.9043724853192,101.85801435941903,0.9519625886384654
99,260508_mACPOLR2A_CRC_EU,G22,HCT116 OsTIRF74G,No addition,0,-12.0,240,No addition,Total Pol II (F12),Goat anti-mouse Alexa568,No click,3365,132.65209825249542,-0.3942598734047351,-0.003684743434701941
100,260508_mACPOLR2A_CRC_EU,H03,HCT116 OsTIRF74G,Vehicle,0,-12.0,240,"EU 1 mM, 30 mins",Nucleolin (D4C7O) ,Goat anti-rabbit Alexa568,AF647 azide click,3180,132.47577249833776,-0.5705856275623944,-0.005332679754953142
101,260508_mACPOLR2A_CRC_EU,H04,HCT116 OsTIRF74G,5PhIAA,1000,-6.0,240,"EU 1 mM, 30 mins",Nucleolin (D4C7O) ,Goat anti-rabbit Alexa568,AF647 azide click,3547,132.55974992607088,-0.48660819982927705,-0.004547828705236743
102,260508_mACPOLR2A_CRC_EU,H05,HCT116 OsTIRF74G mAC-POLR2A Clone 5,5PhIAA,10,-8.0,240,"EU 1 mM, 30 mins",Nucleolin (D4C7O) ,Goat anti-rabbit Alexa568,AF647 azide click,3660,205.53065875210348,72.48430062620332,0.6774365561092294
103,260508_mACPOLR2A_CRC_EU,H06,HCT116 OsTIRF74G mAC-POLR2A Clone 5,5PhIAA,30,-7.5,240,"EU 1 mM, 30 mins",Nucleolin (D4C7O) ,Goat anti-rabbit Alexa568,AF647 azide click,3951,188.08911307627565,55.042754950375496,0.5144282835070478
104,260508_mACPOLR2A_CRC_EU,H07,HCT116 OsTIRF74G mAC-POLR2A Clone 5,5PhIAA,100,-7.0,240,"EU 1 mM, 30 mins",Nucleolin (D4C7O) ,Goat anti-rabbit Alexa568,AF647 azide click,4036,169.8757288917404,36.82937076584025,0.34420642649149596
105,260508_mACPOLR2A_CRC_EU,H08,HCT116 OsTIRF74G mAC-POLR2A Clone 5,5PhIAA,300,-6.5,240,"EU 1 mM, 30 mins",Nucleolin (D4C7O) ,Goat anti-rabbit Alexa568,AF647 azide click,3621,162.36079008861142,29.314431962711268,0.2739719865068059
106,260508_mACPOLR2A_CRC_EU,H09,HCT116 OsTIRF74G mAC-POLR2A Clone 5,5PhIAA,1000,-6.0,240,"EU 1 mM, 30 mins",Nucleolin (D4C7O) ,Goat anti-rabbit Alexa568,AF647 azide click,4082,156.3372921578387,23.290934031938548,0.21767651757489467
107,260508_mACPOLR2A_CRC_EU,H10,HCT116 OsTIRF74G mAC-POLR2A Clone 5,5PhIAA,10,-8.0,240,"EU 1 mM, 30 mins",Nucleolin (D4C7O) ,Goat anti-rabbit Alexa568,AF647 azide click,3991,210.77684057959857,77.73048245369841,0.7264672471587106
108,260508_mACPOLR2A_CRC_EU,H11,HCT116 OsTIRF74G mAC-POLR2A Clone 5,5PhIAA,30,-7.5,240,"EU 1 mM, 30 mins",Nucleolin (D4C7O) ,Goat anti-rabbit Alexa568,AF647 azide click,4112,188.77690599606248,55.730547870162326,0.5208563798378589
109,260508_mACPOLR2A_CRC_EU,H12,HCT116 OsTIRF74G mAC-POLR2A Clone 5,5PhIAA,100,-7.0,240,"EU 1 mM, 30 mins",Nucleolin (D4C7O) ,Goat anti-rabbit Alexa568,AF647 azide click,3496,170.85875035349733,37.81239222759717,0.3533937217800061
110,260508_mACPOLR2A_CRC_EU,H13,HCT116 OsTIRF74G mAC-POLR2A Clone 5,5PhIAA,300,-6.5,240,"EU 1 mM, 30 mins",Nucleolin (D4C7O) ,Goat anti-rabbit Alexa568,AF647 azide click,3205,163.5701952633182,30.52383713741804,0.2852750586122965
111,260508_mACPOLR2A_CRC_EU,H14,HCT116 OsTIRF74G mAC-POLR2A Clone 5,5PhIAA,1000,-6.0,240,"EU 1 mM, 30 mins",Nucleolin (D4C7O) ,Goat anti-rabbit Alexa568,AF647 azide click,3652,156.4389573991664,23.392599273266256,0.21862667851134662
112,260508_mACPOLR2A_CRC_EU,H15,HCT116 OsTIRF74G,Vehicle,0,-12.0,240,"EU 1 mM, 30 mins",Nucleolin (D4C7O) ,Goat anti-rabbit Alexa568,AF647 azide click,4185,132.46177688256932,-0.5845812433308311,-0.005463482448293475
113,260508_mACPOLR2A_CRC_EU,H16,HCT116 OsTIRF74G,No addition,0,-12.0,240,No addition,Total Pol II (F12),Goat anti-mouse Alexa568,No click,4323,132.6529870283714,-0.39337109752875676,-0.0036764369564249322
114,260508_mACPOLR2A_CRC_EU,H17,HCT116 OsTIRF74G mAC-POLR2A Clone 5,5PhIAA,10,-8.0,240,No addition,Total Pol II (F12),Goat anti-mouse Alexa568,No click,4065,204.6263372518661,71.57997912596593,0.668984788796255
115,260508_mACPOLR2A_CRC_EU,H18,HCT116 OsTIRF74G mAC-POLR2A Clone 5,5PhIAA,30,-7.5,240,No addition,Total Pol II (F12),Goat anti-mouse Alexa568,No click,3923,181.96129649836948,48.91493837246932,0.4571578549708977
116,260508_mACPOLR2A_CRC_EU,H19,HCT116 OsTIRF74G mAC-POLR2A Clone 5,5PhIAA,100,-7.0,240,No addition,Total Pol II (F12),Goat anti-mouse Alexa568,No click,3386,167.47586142181117,34.42950329591102,0.32177732198331627
117,260508_mACPOLR2A_CRC_EU,H20,HCT116 OsTIRF74G mAC-POLR2A Clone 5,5PhIAA,300,-6.5,240,No addition,Total Pol II (F12),Goat anti-mouse Alexa568,No click,3831,157.79532077791086,24.748962652010704,0.23130321850954244
118,260508_mACPOLR2A_CRC_EU,H21,HCT116 OsTIRF74G mAC-POLR2A Clone 5,5PhIAA,1000,-6.0,240,No addition,Total Pol II (F12),Goat anti-mouse Alexa568,No click,3630,155.5744089060906,22.528050780190455,0.21054662878086786
119,260508_mACPOLR2A_CRC_EU,H22,HCT116 OsTIRF74G,No addition,0,-12.0,240,No addition,Total Pol II (F12),Goat anti-mouse Alexa568,No click,3394,133.04416110122907,-0.0021970246710907304,-2.053334051667286e-05
120,260508_mACPOLR2A_CRC_EU,I03,HCT116 OsTIRF74G,Vehicle,0,-12.0,240,"EU 1 mM, 30 mins",Nucleolin (D4C7O) ,Goat anti-rabbit Alexa568,AF647 azide click,3304,132.71226107986652,-0.33409704603363366,-0.0031224630756728658
121,260508_mACPOLR2A_CRC_EU,I04,HCT116 OsTIRF74G,Vehicle,0,-12.0,240,"EU 1 mM, 30 mins",Nucleolin (D4C7O) ,Goat anti-rabbit Alexa568,AF647 azide click,3527,132.67537789757975,-0.37098022832040556,-0.003467172423363904
122,260508_mACPOLR2A_CRC_EU,I05,HCT116 OsTIRF74G mAC-POLR2A Clone 5,5PhIAA,3,-8.5,240,"EU 1 mM, 30 mins",Nucleolin (D4C7O) ,Goat anti-rabbit Alexa568,AF647 azide click,3807,219.50218207386806,86.4558239479679,0.8080140820138445
123,260508_mACPOLR2A_CRC_EU,I06,HCT116 OsTIRF74G mAC-POLR2A Clone 5,5PhIAA,10,-8.0,240,"EU 1 mM, 30 mins",Nucleolin (D4C7O) ,Goat anti-rabbit Alexa568,AF647 azide click,3874,206.87263900141642,73.82628087551626,0.689978671720572
124,260508_mACPOLR2A_CRC_EU,I07,HCT116 OsTIRF74G mAC-POLR2A Clone 5,5PhIAA,30,-7.5,240,"EU 1 mM, 30 mins",Nucleolin (D4C7O) ,Goat anti-rabbit Alexa568,AF647 azide click,3596,189.61027651684782,56.56391839094766,0.528645040978085
125,260508_mACPOLR2A_CRC_EU,I08,HCT116 OsTIRF74G mAC-POLR2A Clone 5,5PhIAA,100,-7.0,240,"EU 1 mM, 30 mins",Nucleolin (D4C7O) ,Goat anti-rabbit Alexa568,AF647 azide click,3655,171.04912853551716,38.002770409617,0.3551729917580795
126,260508_mACPOLR2A_CRC_EU,I09,HCT116 OsTIRF74G mAC-POLR2A Clone 5,5PhIAA,300,-6.5,240,"EU 1 mM, 30 mins",Nucleolin (D4C7O) ,Goat anti-rabbit Alexa568,AF647 azide click,3703,161.9078799902627,28.861521864362544,0.26973909945951696
127,260508_mACPOLR2A_CRC_EU,I10,HCT116 OsTIRF74G mAC-POLR2A Clone 5,5PhIAA,3,-8.5,240,"EU 1 mM, 30 mins",Nucleolin (D4C7O) ,Goat anti-rabbit Alexa568,AF647 azide click,3952,228.28451222645617,95.23815410055602,0.8900935315192562
128,260508_mACPOLR2A_CRC_EU,I11,HCT116 OsTIRF74G mAC-POLR2A Clone 5,5PhIAA,10,-8.0,240,"EU 1 mM, 30 mins",Nucleolin (D4C7O) ,Goat anti-rabbit Alexa568,AF647 azide click,3974,209.43330302510248,76.38694489920232,0.713910577010027
129,260508_mACPOLR2A_CRC_EU,I12,HCT116 OsTIRF74G mAC-POLR2A Clone 5,5PhIAA,30,-7.5,240,"EU 1 mM, 30 mins",Nucleolin (D4C7O) ,Goat anti-rabbit Alexa568,AF647 azide click,3644,188.8125325207376,55.766174394837435,0.5211893444932884
130,260508_mACPOLR2A_CRC_EU,I13,HCT116 OsTIRF74G mAC-POLR2A Clone 5,5PhIAA,100,-7.0,240,"EU 1 mM, 30 mins",Nucleolin (D4C7O) ,Goat anti-rabbit Alexa568,AF647 azide click,3833,169.8664083646583,36.82005023875814,0.34411931706624005
131,260508_mACPOLR2A_CRC_EU,I14,HCT116 OsTIRF74G mAC-POLR2A Clone 5,5PhIAA,300,-6.5,240,"EU 1 mM, 30 mins",Nucleolin (D4C7O) ,Goat anti-rabbit Alexa568,AF647 azide click,3390,160.52080428109252,27.474446155192368,0.2567755227489027
132,260508_mACPOLR2A_CRC_EU,I15,HCT116 OsTIRF74G,5PhIAA,1000,-6.0,240,"EU 1 mM, 30 mins",Nucleolin (D4C7O) ,Goat anti-rabbit Alexa568,AF647 azide click,4632,132.73873796370134,-0.30762016219881616,-0.002875010746732565
133,260508_mACPOLR2A_CRC_EU,I16,HCT116 OsTIRF74G,No addition,0,-12.0,240,No addition,Total Pol II (F12),Goat anti-mouse Alexa568,No click,4756,132.88440480977127,-0.16195331612888708,-0.0015136118549947202
134,260508_mACPOLR2A_CRC_EU,I17,HCT116 OsTIRF74G mAC-POLR2A Clone 5,5PhIAA,3,-8.5,240,No addition,Total Pol II (F12),Goat anti-mouse Alexa568,No click,3870,226.3492163434067,93.30285821750655,0.8720063020538531
135,260508_mACPOLR2A_CRC_EU,I18,HCT116 OsTIRF74G mAC-POLR2A Clone 5,5PhIAA,10,-8.0,240,No addition,Total Pol II (F12),Goat anti-mouse Alexa568,No click,3821,206.6423776679821,73.59601954208193,0.6878266547544253
136,260508_mACPOLR2A_CRC_EU,I19,HCT116 OsTIRF74G mAC-POLR2A Clone 5,5PhIAA,30,-7.5,240,No addition,Total Pol II (F12),Goat anti-mouse Alexa568,No click,3832,185.16398294501755,52.117624819117395,0.4870900866123885
137,260508_mACPOLR2A_CRC_EU,I20,HCT116 OsTIRF74G mAC-POLR2A Clone 5,5PhIAA,100,-7.0,240,No addition,Total Pol II (F12),Goat anti-mouse Alexa568,No click,3927,168.53353914442846,35.487181018528304,0.33166235291681867
138,260508_mACPOLR2A_CRC_EU,I21,HCT116 OsTIRF74G mAC-POLR2A Clone 5,5PhIAA,300,-6.5,240,No addition,Total Pol II (F12),Goat anti-mouse Alexa568,No click,3985,158.09104395566598,25.044685829765825,0.23406704032156783
139,260508_mACPOLR2A_CRC_EU,I22,HCT116 OsTIRF74G,No addition,0,-12.0,240,No addition,Total Pol II (F12),Goat anti-mouse Alexa568,No click,3129,132.71735244799117,-0.32900567790898094,-0.003074879269821779
140,260508_mACPOLR2A_CRC_EU,J03,HCT116 OsTIRF74G,Vehicle,0,-12.0,240,"EU 1 mM, 30 mins",Nucleolin (D4C7O) ,Goat anti-rabbit Alexa568,AF647 azide click,3545,132.92414952845888,-0.1222085974412721,-0.0011421586559066032
141,260508_mACPOLR2A_CRC_EU,J04,HCT116 OsTIRF74G,5PhIAA,1000,-6.0,240,"EU 1 mM, 30 mins",Nucleolin (D4C7O) ,Goat anti-rabbit Alexa568,AF647 azide click,3449,133.21889408435229,0.17253595845213,0.001612516979387985
142,260508_mACPOLR2A_CRC_EU,J05,HCT116 OsTIRF74G mAC-POLR2A Clone 5,Vehicle,0,-12.0,240,"EU 1 mM, 30 mins",Nucleolin (D4C7O) ,Goat anti-rabbit Alexa568,AF647 azide click,4156,245.29119288730635,112.2448347614062,1.0490375659957496
143,260508_mACPOLR2A_CRC_EU,J06,HCT116 OsTIRF74G mAC-POLR2A Clone 5,5PhIAA,3,-8.5,240,"EU 1 mM, 30 mins",Nucleolin (D4C7O) ,Goat anti-rabbit Alexa568,AF647 azide click,4125,229.68208979583756,96.6357316699374,0.9031552583665587
144,260508_mACPOLR2A_CRC_EU,J07,HCT116 OsTIRF74G mAC-POLR2A Clone 5,5PhIAA,10,-8.0,240,"EU 1 mM, 30 mins",Nucleolin (D4C7O) ,Goat anti-rabbit Alexa568,AF647 azide click,3788,209.87945042957097,76.83309230367081,0.7180802600805559
145,260508_mACPOLR2A_CRC_EU,J08,HCT116 OsTIRF74G mAC-POLR2A Clone 5,5PhIAA,30,-7.5,240,"EU 1 mM, 30 mins",Nucleolin (D4C7O) ,Goat anti-rabbit Alexa568,AF647 azide click,4044,185.87333117328254,52.82697304738238,0.4937196383454751
146,260508_mACPOLR2A_CRC_EU,J09,HCT116 OsTIRF74G mAC-POLR2A Clone 5,5PhIAA,100,-7.0,240,"EU 1 mM, 30 mins",Nucleolin (D4C7O) ,Goat anti-rabbit Alexa568,AF647 azide click,4009,170.58004087602328,37.53368275012312,0.3507889096076614
147,260508_mACPOLR2A_CRC_EU,J10,HCT116 OsTIRF74G mAC-POLR2A Clone 5,Vehicle,0,-12.0,240,"EU 1 mM, 30 mins",Nucleolin (D4C7O) ,Goat anti-rabbit Alexa568,AF647 azide click,4076,246.82161455248743,113.77525642658728,1.0633408506146045
148,260508_mACPOLR2A_CRC_EU,J11,HCT116 OsTIRF74G mAC-POLR2A Clone 5,5PhIAA,3,-8.5,240,"EU 1 mM, 30 mins",Nucleolin (D4C7O) ,Goat anti-rabbit Alexa568,AF647 azide click,3983,231.34429224791063,98.29793412201047,0.9186901630971099
149,260508_mACPOLR2A_CRC_EU,J12,HCT116 OsTIRF74G mAC-POLR2A Clone 5,5PhIAA,10,-8.0,240,"EU 1 mM, 30 mins",Nucleolin (D4C7O) ,Goat anti-rabbit Alexa568,AF647 azide click,4172,210.42580137284813,77.37944324694797,0.7231864430504295
150,260508_mACPOLR2A_CRC_EU,J13,HCT116 OsTIRF74G mAC-POLR2A Clone 5,5PhIAA,30,-7.5,240,"EU 1 mM, 30 mins",Nucleolin (D4C7O) ,Goat anti-rabbit Alexa568,AF647 azide click,3592,187.2064621194022,54.16010399350205,0.5061790485788611
151,260508_mACPOLR2A_CRC_EU,J14,HCT116 OsTIRF74G mAC-POLR2A Clone 5,5PhIAA,100,-7.0,240,"EU 1 mM, 30 mins",Nucleolin (D4C7O) ,Goat anti-rabbit Alexa568,AF647 azide click,3613,168.0585803497125,35.01222222381236,0.327223399275734
152,260508_mACPOLR2A_CRC_EU,J15,HCT116 OsTIRF74G,Vehicle,0,-12.0,240,"EU 1 mM, 30 mins",Nucleolin (D4C7O) ,Goat anti-rabbit Alexa568,AF647 azide click,4395,132.85877936852827,-0.187578757371881,-0.001753106621647096
153,260508_mACPOLR2A_CRC_EU,J16,HCT116 OsTIRF74G,No addition,0,-12.0,240,No addition,Total Pol II (F12),Goat anti-mouse Alexa568,No click,4126,133.01751310954464,-0.028845016355518283,-0.00026958483936496286
154,260508_mACPOLR2A_CRC_EU,J17,HCT116 OsTIRF74G mAC-POLR2A Clone 5,Vehicle,0,-12.0,240,No addition,Total Pol II (F12),Goat anti-mouse Alexa568,No click,4151,244.93828686288634,111.89192873698619,1.0457393146537637
155,260508_mACPOLR2A_CRC_EU,J18,HCT116 OsTIRF74G mAC-POLR2A Clone 5,5PhIAA,3,-8.5,240,No addition,Total Pol II (F12),Goat anti-mouse Alexa568,No click,3969,225.79020762928357,92.74384950338342,0.8667818198575838
156,260508_mACPOLR2A_CRC_EU,J19,HCT116 OsTIRF74G mAC-POLR2A Clone 5,5PhIAA,10,-8.0,240,No addition,Total Pol II (F12),Goat anti-mouse Alexa568,No click,3643,204.49998591561746,71.4536277897173,0.6678039122016186
157,260508_mACPOLR2A_CRC_EU,J20,HCT116 OsTIRF74G mAC-POLR2A Clone 5,5PhIAA,30,-7.5,240,No addition,Total Pol II (F12),Goat anti-mouse Alexa568,No click,3975,186.73379002709146,53.6874319011913,0.5017614664042712
158,260508_mACPOLR2A_CRC_EU,J21,HCT116 OsTIRF74G mAC-POLR2A Clone 5,5PhIAA,100,-7.0,240,No addition,Total Pol II (F12),Goat anti-mouse Alexa568,No click,3747,167.59346515436764,34.54710702846748,0.3228764436811235
159,260508_mACPOLR2A_CRC_EU,J22,HCT116 OsTIRF74G,No addition,0,-12.0,240,No addition,Total Pol II (F12),Goat anti-mouse Alexa568,No click,3168,133.1746666087862,0.12830848288604102,0.0011991680407342916
160,260508_mACPOLR2A_CRC_EU,K03,HCT116 OsTIRF74G,Vehicle,0,-12.0,240,"EU 1 mM, 30 mins",Nucleolin (D4C7O) ,Goat anti-rabbit Alexa568,AF647 azide click,3302,133.4783283899911,0.43197026409094974,0.004037183852493151
161,260508_mACPOLR2A_CRC_EU,K04,HCT116 OsTIRF74G,Vehicle,0,-12.0,240,"EU 1 mM, 30 mins",Nucleolin (D4C7O) ,Goat anti-rabbit Alexa568,AF647 azide click,3878,134.29852771960938,1.252169593709226,0.011702747352168287
162,260508_mACPOLR2A_CRC_EU,K05,HCT116 OsTIRF74G mAC-POLR2A Clone 5,Vehicle,0,-12.0,240,"EU 1 mM, 30 mins",Nucleolin (D4C7O) ,Goat anti-rabbit Alexa568,AF647 azide click,4076,238.15333909853928,105.10698097263912,0.982327353620112
163,260508_mACPOLR2A_CRC_EU,K06,HCT116 OsTIRF74G mAC-POLR2A Clone 5,Vehicle,0,-12.0,240,"EU 1 mM, 30 mins",Nucleolin (D4C7O) ,Goat anti-rabbit Alexa568,AF647 azide click,3764,248.77547726827066,115.72911914237051,1.0816016052587891
164,260508_mACPOLR2A_CRC_EU,K07,HCT116 OsTIRF74G mAC-POLR2A Clone 5,5PhIAA,3,-8.5,240,"EU 1 mM, 30 mins",Nucleolin (D4C7O) ,Goat anti-rabbit Alexa568,AF647 azide click,3967,226.15207222132062,93.10571409542047,0.870163797760242
165,260508_mACPOLR2A_CRC_EU,K08,HCT116 OsTIRF74G mAC-POLR2A Clone 5,5PhIAA,10,-8.0,240,"EU 1 mM, 30 mins",Nucleolin (D4C7O) ,Goat anti-rabbit Alexa568,AF647 azide click,3938,209.55474340852834,76.50838528262818,0.7150455559559488
166,260508_mACPOLR2A_CRC_EU,K09,HCT116 OsTIRF74G mAC-POLR2A Clone 5,5PhIAA,30,-7.5,240,"EU 1 mM, 30 mins",Nucleolin (D4C7O) ,Goat anti-rabbit Alexa568,AF647 azide click,3747,189.61349487845507,56.567136752554916,0.5286751197094061
167,260508_mACPOLR2A_CRC_EU,K10,HCT116 OsTIRF74G mAC-POLR2A Clone 5,Vehicle,0,-12.0,240,"EU 1 mM, 30 mins",Nucleolin (D4C7O) ,Goat anti-rabbit Alexa568,AF647 azide click,3962,249.15522803038172,116.10886990448157,1.0851507468831392
168,260508_mACPOLR2A_CRC_EU,K11,HCT116 OsTIRF74G mAC-POLR2A Clone 5,Vehicle,0,-12.0,240,"EU 1 mM, 30 mins",Nucleolin (D4C7O) ,Goat anti-rabbit Alexa568,AF647 azide click,3870,248.7901737636518,115.74381563775165,1.0817389583563821
169,260508_mACPOLR2A_CRC_EU,K12,HCT116 OsTIRF74G mAC-POLR2A Clone 5,5PhIAA,3,-8.5,240,"EU 1 mM, 30 mins",Nucleolin (D4C7O) ,Goat anti-rabbit Alexa568,AF647 azide click,4015,229.4683984265975,96.42204030069735,0.90115810389314
170,260508_mACPOLR2A_CRC_EU,K13,HCT116 OsTIRF74G mAC-POLR2A Clone 5,5PhIAA,10,-8.0,240,"EU 1 mM, 30 mins",Nucleolin (D4C7O) ,Goat anti-rabbit Alexa568,AF647 azide click,3980,208.3255618518191,75.27920372591893,0.703557654252872
171,260508_mACPOLR2A_CRC_EU,K14,HCT116 OsTIRF74G mAC-POLR2A Clone 5,5PhIAA,30,-7.5,240,"EU 1 mM, 30 mins",Nucleolin (D4C7O) ,Goat anti-rabbit Alexa568,AF647 azide click,3563,190.55908488008183,57.51272675418167,0.5375125814584925
172,260508_mACPOLR2A_CRC_EU,K15,HCT116 OsTIRF74G,5PhIAA,1000,-6.0,240,"EU 1 mM, 30 mins",Nucleolin (D4C7O) ,Goat anti-rabbit Alexa568,AF647 azide click,4588,133.0724290040716,0.026070878171452705,0.00024365780963095282
173,260508_mACPOLR2A_CRC_EU,K16,HCT116 OsTIRF74G,No addition,0,-12.0,240,No addition,Total Pol II (F12),Goat anti-mouse Alexa568,No click,4262,133.20424520969155,0.15788708379139393,0.001475608943919442
174,260508_mACPOLR2A_CRC_EU,K17,HCT116 OsTIRF74G mAC-POLR2A Clone 5,Vehicle,0,-12.0,240,No addition,Total Pol II (F12),Goat anti-mouse Alexa568,No click,3508,253.4210431453393,120.37468501943914,1.1250189538674098
175,260508_mACPOLR2A_CRC_EU,K18,HCT116 OsTIRF74G mAC-POLR2A Clone 5,Vehicle,0,-12.0,240,No addition,Total Pol II (F12),Goat anti-mouse Alexa568,No click,3771,246.68535954683782,113.63900142093766,1.0620674145604176
176,260508_mACPOLR2A_CRC_EU,K19,HCT116 OsTIRF74G mAC-POLR2A Clone 5,5PhIAA,3,-8.5,240,No addition,Total Pol II (F12),Goat anti-mouse Alexa568,No click,3859,227.14323397150127,94.09687584560112,0.879427171991473
177,260508_mACPOLR2A_CRC_EU,K20,HCT116 OsTIRF74G mAC-POLR2A Clone 5,5PhIAA,10,-8.0,240,No addition,Total Pol II (F12),Goat anti-mouse Alexa568,No click,3666,209.7472840810794,76.70092595517926,0.7168450365192862
178,260508_mACPOLR2A_CRC_EU,K21,HCT116 OsTIRF74G mAC-POLR2A Clone 5,5PhIAA,30,-7.5,240,No addition,Total Pol II (F12),Goat anti-mouse Alexa568,No click,3638,187.20124275275634,54.15488462685619,0.5061302685018638
179,260508_mACPOLR2A_CRC_EU,K22,HCT116 OsTIRF74G,No addition,0,-12.0,240,No addition,Total Pol II (F12),Goat anti-mouse Alexa568,No click,3293,133.09149372560472,0.045135599704565266,0.0004218362453335437
180,260508_mACPOLR2A_CRC_EU,L03,HCT116 OsTIRF74G,Vehicle,0,-12.0,240,"EU 1 mM, 30 mins",Nucleolin (D4C7O) ,Goat anti-rabbit Alexa568,AF647 azide click,3323,133.87023202844938,0.8238739025492237,0.007699905971217356
181,260508_mACPOLR2A_CRC_EU,L04,HCT116 OsTIRF74G,5PhIAA,1000,-6.0,240,"EU 1 mM, 30 mins",Nucleolin (D4C7O) ,Goat anti-rabbit Alexa568,AF647 azide click,4283,134.4047660934352,1.3584079675350438,0.012695648676585418
182,260508_mACPOLR2A_CRC_EU,L05,HCT116 OsTIRF74G mAC-POLR2A Clone 5,Vehicle,0,-12.0,240,"EU 1 mM, 30 mins",Nucleolin (D4C7O) ,Goat anti-rabbit Alexa568,AF647 azide click,4251,246.01589214246022,112.96953401656006,1.0558105880623911
183,260508_mACPOLR2A_CRC_EU,L06,HCT116 OsTIRF74G mAC-POLR2A Clone 5,Vehicle,0,-12.0,240,"EU 1 mM, 30 mins",Nucleolin (D4C7O) ,Goat anti-rabbit Alexa568,AF647 azide click,3586,250.871283514897,117.82492538899683,1.101188960778827
184,260508_mACPOLR2A_CRC_EU,L07,HCT116 OsTIRF74G mAC-POLR2A Clone 5,Vehicle,0,-12.0,240,"EU 1 mM, 30 mins",Nucleolin (D4C7O) ,Goat anti-rabbit Alexa568,AF647 azide click,3810,246.90486431710423,113.85850619120407,1.064118900942078
185,260508_mACPOLR2A_CRC_EU,L08,HCT116 OsTIRF74G mAC-POLR2A Clone 5,5PhIAA,3,-8.5,240,"EU 1 mM, 30 mins",Nucleolin (D4C7O) ,Goat anti-rabbit Alexa568,AF647 azide click,4035,227.92729116977623,94.88093304387607,0.8867549519880151
186,260508_mACPOLR2A_CRC_EU,L09,HCT116 OsTIRF74G mAC-POLR2A Clone 5,5PhIAA,10,-8.0,240,"EU 1 mM, 30 mins",Nucleolin (D4C7O) ,Goat anti-rabbit Alexa568,AF647 azide click,4018,210.89998667477383,77.85362854887367,0.7276181676462247
187,260508_mACPOLR2A_CRC_EU,L10,HCT116 OsTIRF74G mAC-POLR2A Clone 5,Vehicle,0,-12.0,240,"EU 1 mM, 30 mins",Nucleolin (D4C7O) ,Goat anti-rabbit Alexa568,AF647 azide click,3995,249.05703555264492,116.01067742674476,1.0842330423129194
188,260508_mACPOLR2A_CRC_EU,L11,HCT116 OsTIRF74G mAC-POLR2A Clone 5,Vehicle,0,-12.0,240,"EU 1 mM, 30 mins",Nucleolin (D4C7O) ,Goat anti-rabbit Alexa568,AF647 azide click,3773,246.1937094383732,113.14735131247303,1.057472464296545
189,260508_mACPOLR2A_CRC_EU,L12,HCT116 OsTIRF74G mAC-POLR2A Clone 5,Vehicle,0,-12.0,240,"EU 1 mM, 30 mins",Nucleolin (D4C7O) ,Goat anti-rabbit Alexa568,AF647 azide click,3933,249.48141876181455,116.4350606359144,1.088199317729896
190,260508_mACPOLR2A_CRC_EU,L13,HCT116 OsTIRF74G mAC-POLR2A Clone 5,5PhIAA,3,-8.5,240,"EU 1 mM, 30 mins",Nucleolin (D4C7O) ,Goat anti-rabbit Alexa568,AF647 azide click,3871,232.69483469800684,99.64847657210669,0.9313123008340884
191,260508_mACPOLR2A_CRC_EU,L14,HCT116 OsTIRF74G mAC-POLR2A Clone 5,5PhIAA,10,-8.0,240,"EU 1 mM, 30 mins",Nucleolin (D4C7O) ,Goat anti-rabbit Alexa568,AF647 azide click,3598,210.51088884790659,77.46453072200643,0.7239816685761454
192,260508_mACPOLR2A_CRC_EU,L15,HCT116 OsTIRF74G,Vehicle,0,-12.0,240,"EU 1 mM, 30 mins",Nucleolin (D4C7O) ,Goat anti-rabbit Alexa568,AF647 azide click,4256,133.20445687996448,0.15809875406432639,0.0014775872092746604
193,260508_mACPOLR2A_CRC_EU,L16,HCT116 OsTIRF74G,No addition,0,-12.0,240,No addition,Total Pol II (F12),Goat anti-mouse Alexa568,No click,3491,133.0229620855581,-0.023396040342049673,-0.00021865883865865898
194,260508_mACPOLR2A_CRC_EU,L17,HCT116 OsTIRF74G mAC-POLR2A Clone 5,Vehicle,0,-12.0,240,No addition,Total Pol II (F12),Goat anti-mouse Alexa568,No click,3858,251.00434715878143,117.95798903288127,1.102432570441577
195,260508_mACPOLR2A_CRC_EU,L18,HCT116 OsTIRF74G mAC-POLR2A Clone 5,Vehicle,0,-12.0,240,No addition,Total Pol II (F12),Goat anti-mouse Alexa568,No click,3748,251.8527835104672,118.80642538456704,1.1103620364804077
196,260508_mACPOLR2A_CRC_EU,L19,HCT116 OsTIRF74G mAC-POLR2A Clone 5,Vehicle,0,-12.0,240,No addition,Total Pol II (F12),Goat anti-mouse Alexa568,No click,3942,250.01067132314114,116.96431319724098,1.0931456996272122
197,260508_mACPOLR2A_CRC_EU,L20,HCT116 OsTIRF74G mAC-POLR2A Clone 5,5PhIAA,3,-8.5,240,No addition,Total Pol II (F12),Goat anti-mouse Alexa568,No click,3818,230.65172344375048,97.60536531785033,0.9122174314641123
198,260508_mACPOLR2A_CRC_EU,L21,HCT116 OsTIRF74G mAC-POLR2A Clone 5,5PhIAA,10,-8.0,240,No addition,Total Pol II (F12),Goat anti-mouse Alexa568,No click,3775,210.62538282647114,77.57902470057098,0.7250517265868311
199,260508_mACPOLR2A_CRC_EU,L22,HCT116 OsTIRF74G,No addition,0,-12.0,240,No addition,Total Pol II (F12),Goat anti-mouse Alexa568,No click,3155,133.28328091887104,0.23692279297088703,0.0022142748091295824
200,260508_mACPOLR2A_CRC_EU,M03,HCT116 OsTIRF74G,Vehicle,0,-12.0,240,"EU 1 mM, 30 mins",Nucleolin (D4C7O) ,Goat anti-rabbit Alexa568,AF647 azide click,4209,133.79498586556824,0.7486277396680805,0.006996657115916843
201,260508_mACPOLR2A_CRC_EU,M04,HCT116 OsTIRF74G,Vehicle,0,-12.0,240,"EU 1 mM, 30 mins",Nucleolin (D4C7O) ,Goat anti-rabbit Alexa568,AF647 azide click,3636,134.2883530987458,1.2419949728456459,0.011607655586668805
202,260508_mACPOLR2A_CRC_EU,M05,HCT116 OsTIRF74G mAC-POLR2A Clone 5,Vehicle,0,-12.0,240,"EU 1 mM, 30 mins",Nucleolin (D4C7O) ,Goat anti-rabbit Alexa568,AF647 azide click,3769,246.8226383592405,113.77628023334034,1.0633504190882592
203,260508_mACPOLR2A_CRC_EU,M06,HCT116 OsTIRF74G mAC-POLR2A Clone 5,Vehicle,0,-12.0,240,"EU 1 mM, 30 mins",Nucleolin (D4C7O) ,Goat anti-rabbit Alexa568,AF647 azide click,3733,247.25548107977082,114.20912295387066,1.0673957568979615
204,260508_mACPOLR2A_CRC_EU,M07,HCT116 OsTIRF74G mAC-POLR2A Clone 5,Vehicle,0,-12.0,240,"EU 1 mM, 30 mins",Nucleolin (D4C7O) ,Goat anti-rabbit Alexa568,AF647 azide click,3885,244.76184165128592,111.71548352538576,1.0440902618870829
205,260508_mACPOLR2A_CRC_EU,M08,HCT116 OsTIRF74G mAC-POLR2A Clone 5,Vehicle,0,-12.0,240,"EU 1 mM, 30 mins",Nucleolin (D4C7O) ,Goat anti-rabbit Alexa568,AF647 azide click,3908,246.13292093093602,113.08656280503587,1.056904336346444
206,260508_mACPOLR2A_CRC_EU,M09,HCT116 OsTIRF74G mAC-POLR2A Clone 5,5PhIAA,3,-8.5,240,"EU 1 mM, 30 mins",Nucleolin (D4C7O) ,Goat anti-rabbit Alexa568,AF647 azide click,3760,224.48818204256315,91.441823916663,0.8546131195760898
207,260508_mACPOLR2A_CRC_EU,M10,HCT116 OsTIRF74G mAC-POLR2A Clone 5,Vehicle,0,-12.0,240,"EU 1 mM, 30 mins",Nucleolin (D4C7O) ,Goat anti-rabbit Alexa568,AF647 azide click,3631,246.97693751065654,113.93057938475638,1.064792495301216
208,260508_mACPOLR2A_CRC_EU,M11,HCT116 OsTIRF74G mAC-POLR2A Clone 5,Vehicle,0,-12.0,240,"EU 1 mM, 30 mins",Nucleolin (D4C7O) ,Goat anti-rabbit Alexa568,AF647 azide click,3972,244.27442612871405,111.2280680028139,1.0395348879626238
209,260508_mACPOLR2A_CRC_EU,M12,HCT116 OsTIRF74G mAC-POLR2A Clone 5,Vehicle,0,-12.0,240,"EU 1 mM, 30 mins",Nucleolin (D4C7O) ,Goat anti-rabbit Alexa568,AF647 azide click,3776,246.959342765314,113.91298463941385,1.0646280552281588
210,260508_mACPOLR2A_CRC_EU,M13,HCT116 OsTIRF74G mAC-POLR2A Clone 5,Vehicle,0,-12.0,240,"EU 1 mM, 30 mins",Nucleolin (D4C7O) ,Goat anti-rabbit Alexa568,AF647 azide click,4013,245.05111659834577,112.00475847244562,1.0467938186878236
211,260508_mACPOLR2A_CRC_EU,M14,HCT116 OsTIRF74G mAC-POLR2A Clone 5,5PhIAA,3,-8.5,240,"EU 1 mM, 30 mins",Nucleolin (D4C7O) ,Goat anti-rabbit Alexa568,AF647 azide click,3574,229.31067755013456,96.2643194242344,0.899684048318974
212,260508_mACPOLR2A_CRC_EU,M15,HCT116 OsTIRF74G,5PhIAA,1000,-6.0,240,"EU 1 mM, 30 mins",Nucleolin (D4C7O) ,Goat anti-rabbit Alexa568,AF647 azide click,3695,133.26007071184947,0.21371258594930964,0.0019973527642806656
213,260508_mACPOLR2A_CRC_EU,M16,HCT116 OsTIRF74G,No addition,0,-12.0,240,No addition,Total Pol II (F12),Goat anti-mouse Alexa568,No click,4097,133.10274028012535,0.056382154225190106,0.0005269462773918864
214,260508_mACPOLR2A_CRC_EU,M17,HCT116 OsTIRF74G mAC-POLR2A Clone 5,Vehicle,0,-12.0,240,No addition,Total Pol II (F12),Goat anti-mouse Alexa568,No click,3431,252.64367272009667,119.59731459419652,1.1177536682931821
215,260508_mACPOLR2A_CRC_EU,M18,HCT116 OsTIRF74G mAC-POLR2A Clone 5,Vehicle,0,-12.0,240,No addition,Total Pol II (F12),Goat anti-mouse Alexa568,No click,3624,247.05536244258104,114.00900431668089,1.0655254528566735
216,260508_mACPOLR2A_CRC_EU,M19,HCT116 OsTIRF74G mAC-POLR2A Clone 5,Vehicle,0,-12.0,240,No addition,Total Pol II (F12),Goat anti-mouse Alexa568,No click,3593,251.43313823931572,118.38678011341557,1.1064400417198816
217,260508_mACPOLR2A_CRC_EU,M20,HCT116 OsTIRF74G mAC-POLR2A Clone 5,Vehicle,0,-12.0,240,No addition,Total Pol II (F12),Goat anti-mouse Alexa568,No click,3657,249.94656825165802,116.90021012575787,1.092546593840078
218,260508_mACPOLR2A_CRC_EU,M21,HCT116 OsTIRF74G mAC-POLR2A Clone 5,5PhIAA,3,-8.5,240,No addition,Total Pol II (F12),Goat anti-mouse Alexa568,No click,3428,231.14467264483804,98.09831451893788,0.9168245230168565
219,260508_mACPOLR2A_CRC_EU,M22,HCT116 OsTIRF74G,No addition,0,-12.0,240,No addition,Total Pol II (F12),Goat anti-mouse Alexa568,No click,4492,133.57760085881097,0.5312427329108118,0.004964981993784409
220,260508_mACPOLR2A_CRC_EU,N03,HCT116 OsTIRF74G,Vehicle,0,-12.0,240,"EU 1 mM, 30 mins",Nucleolin (D4C7O) ,Goat anti-rabbit Alexa568,AF647 azide click,4398,134.06454943962495,1.0181913137247989,0.009515991891638795
221,260508_mACPOLR2A_CRC_EU,N04,HCT116 OsTIRF74G,Vehicle,0,-12.0,240,"EU 1 mM, 30 mins",Nucleolin (D4C7O) ,Goat anti-rabbit Alexa568,AF647 azide click,3836,133.82261384318156,0.7762557172814013,0.007254867540035427
222,260508_mACPOLR2A_CRC_EU,N05,HCT116 OsTIRF74G,Vehicle,0,-12.0,240,"EU 1 mM, 30 mins",Nucleolin (D4C7O) ,Goat anti-rabbit Alexa568,AF647 azide click,3708,133.60018135262936,0.5538232267292074,0.005176018753957685
223,260508_mACPOLR2A_CRC_EU,N06,HCT116 OsTIRF74G,Vehicle,0,-12.0,240,"EU 1 mM, 30 mins",No primary,Goat anti-rabbit Alexa568,AF647 azide click,4335,133.82678729419774,0.7804291682975872,0.007293872514341181
224,260508_mACPOLR2A_CRC_EU,N07,HCT116 OsTIRF74G,Vehicle,0,-12.0,240,"EU 1 mM, 30 mins",Nucleolin (D4C7O) ,Goat anti-rabbit Alexa568,AF647 azide click,3289,133.81376118600787,0.7674030601077106,0.0071721308158572165
225,260508_mACPOLR2A_CRC_EU,N08,HCT116 OsTIRF74G,Vehicle,0,-12.0,240,"EU 1 mM, 30 mins",No primary,Goat anti-rabbit Alexa568,AF647 azide click,3887,133.6225640116628,0.5762058857626471,0.005385206554918533
226,260508_mACPOLR2A_CRC_EU,N09,HCT116 OsTIRF74G,Vehicle,0,-12.0,240,"EU 1 mM, 30 mins",Nucleolin (D4C7O) ,Goat anti-rabbit Alexa568,AF647 azide click,3365,133.88036623164922,0.8340081057490636,0.007794619994189234
227,260508_mACPOLR2A_CRC_EU,N10,HCT116 OsTIRF74G,Vehicle,0,-12.0,240,"EU 1 mM, 30 mins",Nucleolin (D4C7O) ,Goat anti-rabbit Alexa568,AF647 azide click,3860,134.08082559646206,1.034467470561907,0.009668108467768636
228,260508_mACPOLR2A_CRC_EU,N11,HCT116 OsTIRF74G,Vehicle,0,-12.0,240,"EU 1 mM, 30 mins",Nucleolin (D4C7O) ,Goat anti-rabbit Alexa568,AF647 azide click,3396,133.84022957168173,0.7938714457815763,0.007419503721186629
229,260508_mACPOLR2A_CRC_EU,N12,HCT116 OsTIRF74G,Vehicle,0,-12.0,240,"EU 1 mM, 30 mins",Nucleolin (D4C7O) ,Goat anti-rabbit Alexa568,AF647 azide click,3220,133.61149481544038,0.5651366895402248,0.0052817541093126185
230,260508_mACPOLR2A_CRC_EU,N13,HCT116 OsTIRF74G,Vehicle,0,-12.0,240,No addition,Nucleolin (D4C7O) ,Goat anti-rabbit Alexa568,AF647 azide click,3593,133.39710098483812,0.35074285893796286,0.0032780344486478138
231,260508_mACPOLR2A_CRC_EU,N14,HCT116 OsTIRF74G,Vehicle,0,-12.0,240,"EU 1 mM, 30 mins",Nucleolin (D4C7O) ,Goat anti-rabbit Alexa568,AF647 azide click,3700,134.13875231241013,1.0923941865099778,0.010209490182423585
232,260508_mACPOLR2A_CRC_EU,N15,HCT116 OsTIRF74G,Vehicle,0,-12.0,240,No addition,Nucleolin (D4C7O) ,Goat anti-rabbit Alexa568,AF647 azide click,4031,133.6685698699066,0.6222117440064494,0.005815176215938677
233,260508_mACPOLR2A_CRC_EU,N16,HCT116 OsTIRF74G,No addition,0,-12.0,240,No addition,Total Pol II (F12),Goat anti-mouse Alexa568,No click,4251,133.70026486880914,0.6539067429089869,0.006111396924656653
234,260508_mACPOLR2A_CRC_EU,N17,HCT116 OsTIRF74G,No addition,0,-12.0,240,No addition,Total Pol II (F12),Goat anti-mouse Alexa568,No click,4182,133.5031808834353,0.45682275753515,0.004269454667333296
235,260508_mACPOLR2A_CRC_EU,N18,HCT116 OsTIRF74G,No addition,0,-12.0,240,No addition,Total Pol II (F12),Goat anti-mouse Alexa568,No click,3284,133.32100760500327,0.2746494791031182,0.002566867523773137
236,260508_mACPOLR2A_CRC_EU,N19,HCT116 OsTIRF74G,No addition,0,-12.0,240,No addition,Total Pol II (F12),Goat anti-mouse Alexa568,No click,3952,133.23517079866275,0.1888126727625945,0.0017646387656506063
237,260508_mACPOLR2A_CRC_EU,N20,HCT116 OsTIRF74G,No addition,0,-12.0,240,No addition,No primary,Goat anti-mouse Alexa568,No click,3995,133.5661394288467,0.5197813029465408,0.004857863740921306
238,260508_mACPOLR2A_CRC_EU,N21,HCT116 OsTIRF74G,No addition,0,-12.0,240,No addition,Total Pol II (F12),Goat anti-mouse Alexa568,No click,4318,133.612166732271,0.5658086063708367,0.005288033828090191
239,260508_mACPOLR2A_CRC_EU,N22,HCT116 OsTIRF74G,No addition,0,-12.0,240,No addition,No primary,Goat anti-mouse Alexa568,No click,3536,133.60181190341257,0.5554537775124118,0.005191257842940987
0,260515_mACPOLR2A_CRC_EU,C03,HCT116 OsTIRF74G,Vehicle,0,-12.0,240,"EU 1 mM, 30 mins",Total Pol II (F12),Goat anti-mouse Alexa568,AF647 azide click,3270,173.11885152123918,15.09345658923209,0.07777492046548307
1,260515_mACPOLR2A_CRC_EU,C04,HCT116 OsTIRF74G,Vehicle,0,-12.0,240,"EU 1 mM, 30 mins",Total Pol II (F12),Goat anti-mouse Alexa568,AF647 azide click,4202,156.58214632160968,-1.4432486103974043,-0.007436901230806
2,260515_mACPOLR2A_CRC_EU,C05,HCT116 OsTIRF74G,Vehicle,0,-12.0,240,"EU 1 mM, 30 mins",Total Pol II (F12),Goat anti-mouse Alexa568,AF647 azide click,3923,156.23415735363594,-1.7912375783711525,-0.009230050079581454
3,260515_mACPOLR2A_CRC_EU,C06,HCT116 OsTIRF74G,Vehicle,0,-12.0,240,"EU 1 mM, 30 mins",Total Pol II (F12),Goat anti-mouse Alexa568,AF647 azide click,3391,156.3974679465287,-1.627926985478382,-0.008388528570024291
4,260515_mACPOLR2A_CRC_EU,C07,HCT116 OsTIRF74G,Vehicle,0,-12.0,240,"EU 1 mM, 30 mins",Total Pol II (F12),Goat anti-mouse Alexa568,AF647 azide click,2966,157.07454161310324,-0.950853318903853,-0.004899642491756772
5,260515_mACPOLR2A_CRC_EU,C08,HCT116 OsTIRF74G,Vehicle,0,-12.0,240,"EU 1 mM, 30 mins",Total Pol II (F12),Goat anti-mouse Alexa568,AF647 azide click,3511,155.23201074742227,-2.7933841845848235,-0.014394001234986572
6,260515_mACPOLR2A_CRC_EU,C09,HCT116 OsTIRF74G,Vehicle,0,-12.0,240,"EU 1 mM, 30 mins",Total Pol II (F12),Goat anti-mouse Alexa568,AF647 azide click,3168,155.33836147790583,-2.687033454101254,-0.01384598762684418
7,260515_mACPOLR2A_CRC_EU,C10,HCT116 OsTIRF74G,Vehicle,0,-12.0,240,"EU 1 mM, 30 mins",Total Pol II (F12),Goat anti-mouse Alexa568,AF647 azide click,3501,156.1747966807019,-1.8505982513052004,-0.00953592909337322
8,260515_mACPOLR2A_CRC_EU,C11,HCT116 OsTIRF74G,Vehicle,0,-12.0,240,"EU 1 mM, 30 mins",Total Pol II (F12),Goat anti-mouse Alexa568,AF647 azide click,3163,155.6304035505289,-2.394991381478178,-0.012341126971728322
9,260515_mACPOLR2A_CRC_EU,C12,HCT116 OsTIRF74G,Vehicle,0,-12.0,240,"EU 1 mM, 30 mins",Total Pol II (F12),Goat anti-mouse Alexa568,AF647 azide click,3898,155.04156727317965,-2.983827658827437,-0.015375335495619516
10,260515_mACPOLR2A_CRC_EU,C13,HCT116 OsTIRF74G,Vehicle,0,-12.0,240,"EU 1 mM, 30 mins",Total Pol II (F12),Goat anti-mouse Alexa568,AF647 azide click,3262,154.85361945325653,-3.171775478750561,-0.016343809924241146
11,260515_mACPOLR2A_CRC_EU,C14,HCT116 OsTIRF74G,Vehicle,0,-12.0,240,"EU 1 mM, 30 mins",Total Pol II (F12),Goat anti-mouse Alexa568,AF647 azide click,3071,155.489868323565,-2.5355266084420975,-0.013065289527541758
12,260515_mACPOLR2A_CRC_EU,C15,HCT116 OsTIRF74G,Vehicle,0,-12.0,240,"EU 1 mM, 30 mins",Total Pol II (F12),Goat anti-mouse Alexa568,AF647 azide click,3847,155.77926989471356,-2.246125037293524,-0.011574035085883652
13,260515_mACPOLR2A_CRC_EU,C16,HCT116 OsTIRF74G,No addition,0,-12.0,240,No addition,Total Pol II (D84LY),Goat anti-rabbit Alexa568,No click,3324,154.87993158550853,-3.145463346498559,-0.016208226402926573
14,260515_mACPOLR2A_CRC_EU,C17,HCT116 OsTIRF74G,No addition,0,-12.0,240,No addition,Total Pol II (D84LY),Goat anti-rabbit Alexa568,No click,4113,153.93723077750172,-4.088164154505364,-0.021065859903378843
15,260515_mACPOLR2A_CRC_EU,C18,HCT116 OsTIRF74G,No addition,0,-12.0,240,No addition,Total Pol II (D84LY),Goat anti-rabbit Alexa568,No click,3301,154.56566768534668,-3.4597272466604068,-0.017827593689390128
16,260515_mACPOLR2A_CRC_EU,C19,HCT116 OsTIRF74G,No addition,0,-12.0,240,No addition,Total Pol II (D84LY),Goat anti-rabbit Alexa568,No click,3982,154.50840623684041,-3.516988695166674,-0.018122655630767457
17,260515_mACPOLR2A_CRC_EU,C20,HCT116 OsTIRF74G,No addition,0,-12.0,240,No addition,Total Pol II (D84LY),Goat anti-rabbit Alexa568,No click,3337,154.75012143972458,-3.2752734922825084,-0.016877123795930773
18,260515_mACPOLR2A_CRC_EU,C21,HCT116 OsTIRF74G,No addition,0,-12.0,240,No addition,Total Pol II (D84LY),Goat anti-rabbit Alexa568,No click,3958,155.32778887224057,-2.697606059766514,-0.013900467100109113
19,260515_mACPOLR2A_CRC_EU,C22,HCT116 OsTIRF74G,No addition,0,-12.0,240,No addition,Total Pol II (D84LY),Goat anti-rabbit Alexa568,No click,4082,155.34961241780525,-2.675782514201842,-0.013788012771935
20,260515_mACPOLR2A_CRC_EU,D03,HCT116 OsTIRF74G,Vehicle,0,-12.0,240,"EU 1 mM, 30 mins",Total Pol II (F12),Goat anti-mouse Alexa568,AF647 azide click,3432,155.72549016697928,-2.2999047650278044,-0.011851156103356417
21,260515_mACPOLR2A_CRC_EU,D04,HCT116 OsTIRF74G,5PhIAA,1000,-6.0,240,"EU 1 mM, 30 mins",Total Pol II (F12),Goat anti-mouse Alexa568,AF647 azide click,3472,156.52140381930494,-1.5039911127021526,-0.007749900659246837
22,260515_mACPOLR2A_CRC_EU,D05,HCT116 OsTIRF74G mAC-POLR2A Clone 5,5PhIAA,3,-8.5,240,"EU 1 mM, 30 mins",Total Pol II (F12),Goat anti-mouse Alexa568,AF647 azide click,3705,289.9940625945244,131.9686676625173,0.6800200186556633
23,260515_mACPOLR2A_CRC_EU,D06,HCT116 OsTIRF74G mAC-POLR2A Clone 5,Vehicle,0,-12.0,240,"EU 1 mM, 30 mins",Total Pol II (F12),Goat anti-mouse Alexa568,AF647 azide click,3678,342.04509495318734,184.01970002118026,0.948233259135607
24,260515_mACPOLR2A_CRC_EU,D07,HCT116 OsTIRF74G mAC-POLR2A Clone 5,Vehicle,0,-12.0,240,"EU 1 mM, 30 mins",Total Pol II (F12),Goat anti-mouse Alexa568,AF647 azide click,3993,342.55150130646143,184.52610637445434,0.9508427153338118
25,260515_mACPOLR2A_CRC_EU,D08,HCT116 OsTIRF74G mAC-POLR2A Clone 5,Vehicle,0,-12.0,240,"EU 1 mM, 30 mins",Total Pol II (F12),Goat anti-mouse Alexa568,AF647 azide click,3951,345.8060310350431,187.780636103036,0.9676129487986609
26,260515_mACPOLR2A_CRC_EU,D09,HCT116 OsTIRF74G mAC-POLR2A Clone 5,Vehicle,0,-12.0,240,"EU 1 mM, 30 mins",Total Pol II (F12),Goat anti-mouse Alexa568,AF647 azide click,3951,347.0527806861378,189.0273857541307,0.9740373125208475
27,260515_mACPOLR2A_CRC_EU,D10,HCT116 OsTIRF74G mAC-POLR2A Clone 5,5PhIAA,3,-8.5,240,"EU 1 mM, 30 mins",Total Pol II (F12),Goat anti-mouse Alexa568,AF647 azide click,4223,290.31851008248265,132.29311515047556,0.6816918608491328
28,260515_mACPOLR2A_CRC_EU,D11,HCT116 OsTIRF74G mAC-POLR2A Clone 5,Vehicle,0,-12.0,240,"EU 1 mM, 30 mins",Total Pol II (F12),Goat anti-mouse Alexa568,AF647 azide click,4014,347.9478792630472,189.9224843310401,0.9786496569640388
29,260515_mACPOLR2A_CRC_EU,D12,HCT116 OsTIRF74G mAC-POLR2A Clone 5,Vehicle,0,-12.0,240,"EU 1 mM, 30 mins",Total Pol II (F12),Goat anti-mouse Alexa568,AF647 azide click,4085,344.5458243918724,186.52042945986528,0.9611192426775198
30,260515_mACPOLR2A_CRC_EU,D13,HCT116 OsTIRF74G mAC-POLR2A Clone 5,Vehicle,0,-12.0,240,"EU 1 mM, 30 mins",Total Pol II (F12),Goat anti-mouse Alexa568,AF647 azide click,3682,336.7509256772833,178.72553074527622,0.9209529875868093
31,260515_mACPOLR2A_CRC_EU,D14,HCT116 OsTIRF74G mAC-POLR2A Clone 5,Vehicle,0,-12.0,240,"EU 1 mM, 30 mins",Total Pol II (F12),Goat anti-mouse Alexa568,AF647 azide click,3716,348.42203099065244,190.39663605864536,0.9810929086264433
32,260515_mACPOLR2A_CRC_EU,D15,HCT116 OsTIRF74G,Vehicle,0,-12.0,240,"EU 1 mM, 30 mins",Total Pol II (F12),Goat anti-mouse Alexa568,AF647 azide click,3789,155.67820894417105,-2.347185987836042,-0.012094791040236606
33,260515_mACPOLR2A_CRC_EU,D16,HCT116 OsTIRF74G,No addition,0,-12.0,240,No addition,Total Pol II (D84LY),Goat anti-rabbit Alexa568,No click,3673,155.2508110954912,-2.7745838365158875,-0.014297125110744225
34,260515_mACPOLR2A_CRC_EU,D17,HCT116 OsTIRF74G mAC-POLR2A Clone 5,5PhIAA,3,-8.5,240,No addition,Total Pol II (D84LY),Goat anti-rabbit Alexa568,No click,4156,289.47048139854473,131.44508646653765,0.677322062383434
35,260515_mACPOLR2A_CRC_EU,D18,HCT116 OsTIRF74G mAC-POLR2A Clone 5,Vehicle,0,-12.0,240,No addition,Total Pol II (D84LY),Goat anti-rabbit Alexa568,No click,3706,349.93554240205793,191.91014747005084,0.9888918663370079
36,260515_mACPOLR2A_CRC_EU,D19,HCT116 OsTIRF74G mAC-POLR2A Clone 5,Vehicle,0,-12.0,240,No addition,Total Pol II (D84LY),Goat anti-rabbit Alexa568,No click,3969,355.4475483407504,197.42215340874333,1.0172946262318432
37,260515_mACPOLR2A_CRC_EU,D20,HCT116 OsTIRF74G mAC-POLR2A Clone 5,Vehicle,0,-12.0,240,No addition,Total Pol II (D84LY),Goat anti-rabbit Alexa568,No click,3872,347.53785349706914,189.51245856506205,0.9765368393235461
38,260515_mACPOLR2A_CRC_EU,D21,HCT116 OsTIRF74G mAC-POLR2A Clone 5,Vehicle,0,-12.0,240,No addition,Total Pol II (D84LY),Goat anti-rabbit Alexa568,No click,3817,355.95459390314693,197.92919897113984,1.019907376204298
39,260515_mACPOLR2A_CRC_EU,D22,HCT116 OsTIRF74G,No addition,0,-12.0,240,No addition,Total Pol II (D84LY),Goat anti-rabbit Alexa568,No click,3292,155.58706603106643,-2.438328900940661,-0.012564440439351806
40,260515_mACPOLR2A_CRC_EU,E03,HCT116 OsTIRF74G,Vehicle,0,-12.0,240,"EU 1 mM, 30 mins",Total Pol II (F12),Goat anti-mouse Alexa568,AF647 azide click,3487,156.54991614701277,-1.4754787849943227,-0.007602979772924198
41,260515_mACPOLR2A_CRC_EU,E04,HCT116 OsTIRF74G,Vehicle,0,-12.0,240,"EU 1 mM, 30 mins",Total Pol II (F12),Goat anti-mouse Alexa568,AF647 azide click,3554,157.3257910772582,-0.6996038547488865,-0.0036049816580290914
42,260515_mACPOLR2A_CRC_EU,E05,HCT116 OsTIRF74G mAC-POLR2A Clone 5,5PhIAA,10,-8.0,240,"EU 1 mM, 30 mins",Total Pol II (F12),Goat anti-mouse Alexa568,AF647 azide click,3518,250.02098961686187,91.99559468485478,0.4740431734433749
43,260515_mACPOLR2A_CRC_EU,E06,HCT116 OsTIRF74G mAC-POLR2A Clone 5,5PhIAA,3,-8.5,240,"EU 1 mM, 30 mins",Total Pol II (F12),Goat anti-mouse Alexa568,AF647 azide click,3561,293.45551191763974,135.43011698563265,0.6978564860154766
44,260515_mACPOLR2A_CRC_EU,E07,HCT116 OsTIRF74G mAC-POLR2A Clone 5,Vehicle,0,-12.0,240,"EU 1 mM, 30 mins",Total Pol II (F12),Goat anti-mouse Alexa568,AF647 azide click,4152,342.26959269156544,184.24419775955835,0.9493900712709725
45,260515_mACPOLR2A_CRC_EU,E08,HCT116 OsTIRF74G mAC-POLR2A Clone 5,Vehicle,0,-12.0,240,"EU 1 mM, 30 mins",Total Pol II (F12),Goat anti-mouse Alexa568,AF647 azide click,3813,341.3595529254411,183.33415799343402,0.9447007365243353
46,260515_mACPOLR2A_CRC_EU,E09,HCT116 OsTIRF74G mAC-POLR2A Clone 5,Vehicle,0,-12.0,240,"EU 1 mM, 30 mins",Total Pol II (F12),Goat anti-mouse Alexa568,AF647 azide click,3750,350.0336084316186,192.0082134996115,0.9893971897931926
47,260515_mACPOLR2A_CRC_EU,E10,HCT116 OsTIRF74G mAC-POLR2A Clone 5,5PhIAA,10,-8.0,240,"EU 1 mM, 30 mins",Total Pol II (F12),Goat anti-mouse Alexa568,AF647 azide click,4022,254.50027682261359,96.4748818906065,0.49712444737885847
48,260515_mACPOLR2A_CRC_EU,E11,HCT116 OsTIRF74G mAC-POLR2A Clone 5,5PhIAA,3,-8.5,240,"EU 1 mM, 30 mins",Total Pol II (F12),Goat anti-mouse Alexa568,AF647 azide click,4083,293.90963995811444,135.88424502610735,0.7001965578221072
49,260515_mACPOLR2A_CRC_EU,E12,HCT116 OsTIRF74G mAC-POLR2A Clone 5,Vehicle,0,-12.0,240,"EU 1 mM, 30 mins",Total Pol II (F12),Goat anti-mouse Alexa568,AF647 azide click,3968,347.998763186987,189.9733682549799,0.9789118562233002
50,260515_mACPOLR2A_CRC_EU,E13,HCT116 OsTIRF74G mAC-POLR2A Clone 5,Vehicle,0,-12.0,240,"EU 1 mM, 30 mins",Total Pol II (F12),Goat anti-mouse Alexa568,AF647 azide click,3392,346.3537460560791,188.32835112407201,0.9704352640149924
51,260515_mACPOLR2A_CRC_EU,E14,HCT116 OsTIRF74G mAC-POLR2A Clone 5,Vehicle,0,-12.0,240,"EU 1 mM, 30 mins",Total Pol II (F12),Goat anti-mouse Alexa568,AF647 azide click,3789,346.2236522019411,188.198257269934,0.9697649047040675
52,260515_mACPOLR2A_CRC_EU,E15,HCT116 OsTIRF74G,5PhIAA,1000,-6.0,240,"EU 1 mM, 30 mins",Total Pol II (F12),Goat anti-mouse Alexa568,AF647 azide click,3784,155.54924478177108,-2.476150150236009,-0.012759329173980654
53,260515_mACPOLR2A_CRC_EU,E16,HCT116 OsTIRF74G,No addition,0,-12.0,240,No addition,Total Pol II (D84LY),Goat anti-rabbit Alexa568,No click,4132,154.50136133565672,-3.524033596350364,-0.018158957231133775
54,260515_mACPOLR2A_CRC_EU,E17,HCT116 OsTIRF74G mAC-POLR2A Clone 5,5PhIAA,10,-8.0,240,No addition,Total Pol II (D84LY),Goat anti-rabbit Alexa568,No click,3617,261.8858293509609,103.86043441895379,0.5351813866286558
55,260515_mACPOLR2A_CRC_EU,E18,HCT116 OsTIRF74G mAC-POLR2A Clone 5,5PhIAA,3,-8.5,240,No addition,Total Pol II (D84LY),Goat anti-rabbit Alexa568,No click,3458,296.7738748480956,138.7484799160885,0.7149556449434543
56,260515_mACPOLR2A_CRC_EU,E19,HCT116 OsTIRF74G mAC-POLR2A Clone 5,Vehicle,0,-12.0,240,No addition,Total Pol II (D84LY),Goat anti-rabbit Alexa568,No click,4095,348.2361978824556,190.2108029504485,0.9801353310745806
57,260515_mACPOLR2A_CRC_EU,E20,HCT116 OsTIRF74G mAC-POLR2A Clone 5,Vehicle,0,-12.0,240,No addition,Total Pol II (D84LY),Goat anti-rabbit Alexa568,No click,3686,351.84802838536615,193.82263345335906,0.9987466961014015
58,260515_mACPOLR2A_CRC_EU,E21,HCT116 OsTIRF74G mAC-POLR2A Clone 5,Vehicle,0,-12.0,240,No addition,Total Pol II (D84LY),Goat anti-rabbit Alexa568,No click,3555,352.71368184264384,194.68828691063675,1.003207313084159
59,260515_mACPOLR2A_CRC_EU,E22,HCT116 OsTIRF74G,No addition,0,-12.0,240,No addition,Total Pol II (D84LY),Goat anti-rabbit Alexa568,No click,3220,155.03650211084863,-2.9888928211584584,-0.015401435719588161
60,260515_mACPOLR2A_CRC_EU,F03,HCT116 OsTIRF74G,Vehicle,0,-12.0,240,"EU 1 mM, 30 mins",Total Pol II (F12),Goat anti-mouse Alexa568,AF647 azide click,3419,156.4217137336612,-1.603681198345896,-0.008263592697667695
61,260515_mACPOLR2A_CRC_EU,F04,HCT116 OsTIRF74G,5PhIAA,1000,-6.0,240,"EU 1 mM, 30 mins",Total Pol II (F12),Goat anti-mouse Alexa568,AF647 azide click,3574,156.5023322545885,-1.5230626774185794,-0.00784817433302085
62,260515_mACPOLR2A_CRC_EU,F05,HCT116 OsTIRF74G mAC-POLR2A Clone 5,5PhIAA,30,-7.5,240,"EU 1 mM, 30 mins",Total Pol II (F12),Goat anti-mouse Alexa568,AF647 azide click,3569,223.0107982633176,64.98540333131052,0.3348626304140156
63,260515_mACPOLR2A_CRC_EU,F06,HCT116 OsTIRF74G mAC-POLR2A Clone 5,5PhIAA,10,-8.0,240,"EU 1 mM, 30 mins",Total Pol II (F12),Goat anti-mouse Alexa568,AF647 azide click,3681,256.80565708895955,98.78026215695246,0.5090038181378181
64,260515_mACPOLR2A_CRC_EU,F07,HCT116 OsTIRF74G mAC-POLR2A Clone 5,5PhIAA,3,-8.5,240,"EU 1 mM, 30 mins",Total Pol II (F12),Goat anti-mouse Alexa568,AF647 azide click,3651,292.57167078523617,134.54627585322908,0.6933021499447152
65,260515_mACPOLR2A_CRC_EU,F08,HCT116 OsTIRF74G mAC-POLR2A Clone 5,Vehicle,0,-12.0,240,"EU 1 mM, 30 mins",Total Pol II (F12),Goat anti-mouse Alexa568,AF647 azide click,3960,343.17459452982973,185.14919959782264,0.9540534461298724
66,260515_mACPOLR2A_CRC_EU,F09,HCT116 OsTIRF74G mAC-POLR2A Clone 5,Vehicle,0,-12.0,240,"EU 1 mM, 30 mins",Total Pol II (F12),Goat anti-mouse Alexa568,AF647 azide click,4016,348.1384959850236,190.11310105301652,0.9796318839511747
67,260515_mACPOLR2A_CRC_EU,F10,HCT116 OsTIRF74G mAC-POLR2A Clone 5,5PhIAA,30,-7.5,240,"EU 1 mM, 30 mins",Total Pol II (F12),Goat anti-mouse Alexa568,AF647 azide click,3615,225.30485794236105,67.27946301035396,0.34668366743266404
68,260515_mACPOLR2A_CRC_EU,F11,HCT116 OsTIRF74G mAC-POLR2A Clone 5,5PhIAA,10,-8.0,240,"EU 1 mM, 30 mins",Total Pol II (F12),Goat anti-mouse Alexa568,AF647 azide click,4000,260.4550510749964,102.4296561429893,0.5278087436585711
69,260515_mACPOLR2A_CRC_EU,F12,HCT116 OsTIRF74G mAC-POLR2A Clone 5,5PhIAA,3,-8.5,240,"EU 1 mM, 30 mins",Total Pol II (F12),Goat anti-mouse Alexa568,AF647 azide click,3819,294.3842531005623,136.35885816855523,0.7026421871044076
70,260515_mACPOLR2A_CRC_EU,F13,HCT116 OsTIRF74G mAC-POLR2A Clone 5,Vehicle,0,-12.0,240,"EU 1 mM, 30 mins",Total Pol II (F12),Goat anti-mouse Alexa568,AF647 azide click,3680,338.98061123085756,180.95521629885047,0.9324423118225837
71,260515_mACPOLR2A_CRC_EU,F14,HCT116 OsTIRF74G mAC-POLR2A Clone 5,Vehicle,0,-12.0,240,"EU 1 mM, 30 mins",Total Pol II (F12),Goat anti-mouse Alexa568,AF647 azide click,3335,347.8375423558123,189.8121474238052,0.9780811030258558
72,260515_mACPOLR2A_CRC_EU,F15,HCT116 OsTIRF74G,Vehicle,0,-12.0,240,"EU 1 mM, 30 mins",Total Pol II (F12),Goat anti-mouse Alexa568,AF647 azide click,4027,156.7378995262103,-1.2874954057967898,-0.0066343221112755545
73,260515_mACPOLR2A_CRC_EU,F16,HCT116 OsTIRF74G,No addition,0,-12.0,240,No addition,Total Pol II (D84LY),Goat anti-rabbit Alexa568,No click,4369,156.40795688664622,-1.6174380453608705,-0.008334480216117827
74,260515_mACPOLR2A_CRC_EU,F17,HCT116 OsTIRF74G mAC-POLR2A Clone 5,5PhIAA,30,-7.5,240,No addition,Total Pol II (D84LY),Goat anti-rabbit Alexa568,No click,3750,226.31263514481952,68.28724021281243,0.3518766324307581
75,260515_mACPOLR2A_CRC_EU,F18,HCT116 OsTIRF74G mAC-POLR2A Clone 5,5PhIAA,10,-8.0,240,No addition,Total Pol II (D84LY),Goat anti-rabbit Alexa568,No click,3779,260.45815789626903,102.43276296426194,0.5278247527666208
76,260515_mACPOLR2A_CRC_EU,F19,HCT116 OsTIRF74G mAC-POLR2A Clone 5,5PhIAA,3,-8.5,240,No addition,Total Pol II (D84LY),Goat anti-rabbit Alexa568,No click,3989,300.0838879713679,142.05849303936083,0.7320117782340796
77,260515_mACPOLR2A_CRC_EU,F20,HCT116 OsTIRF74G mAC-POLR2A Clone 5,Vehicle,0,-12.0,240,No addition,Total Pol II (D84LY),Goat anti-rabbit Alexa568,No click,4061,360.2184517732491,202.19305684124203,1.041878566485516
78,260515_mACPOLR2A_CRC_EU,F21,HCT116 OsTIRF74G mAC-POLR2A Clone 5,Vehicle,0,-12.0,240,No addition,Total Pol II (D84LY),Goat anti-rabbit Alexa568,No click,3492,357.20557313328163,199.18017820127454,1.0263535344817272
79,260515_mACPOLR2A_CRC_EU,F22,HCT116 OsTIRF74G,No addition,0,-12.0,240,No addition,Total Pol II (D84LY),Goat anti-rabbit Alexa568,No click,3265,156.15827218888037,-1.8671227431267141,-0.009621077980876405
80,260515_mACPOLR2A_CRC_EU,G03,HCT116 OsTIRF74G,Vehicle,0,-12.0,240,"EU 1 mM, 30 mins",Total Pol II (F12),Goat anti-mouse Alexa568,AF647 azide click,3123,156.6805797542546,-1.34481517775248,-0.0069296845869680915
81,260515_mACPOLR2A_CRC_EU,G04,HCT116 OsTIRF74G,Vehicle,0,-12.0,240,"EU 1 mM, 30 mins",Total Pol II (F12),Goat anti-mouse Alexa568,AF647 azide click,4268,157.79170608128118,-0.23368885072591183,-0.0012041729256268814
82,260515_mACPOLR2A_CRC_EU,G05,HCT116 OsTIRF74G mAC-POLR2A Clone 5,5PhIAA,100,-7.0,240,"EU 1 mM, 30 mins",Total Pol II (F12),Goat anti-mouse Alexa568,AF647 azide click,3375,206.60976249176966,48.58436755976257,0.25034989834747823
83,260515_mACPOLR2A_CRC_EU,G06,HCT116 OsTIRF74G mAC-POLR2A Clone 5,5PhIAA,30,-7.5,240,"EU 1 mM, 30 mins",Total Pol II (F12),Goat anti-mouse Alexa568,AF647 azide click,3597,227.35019676421103,69.32480183220395,0.3572230732509333
84,260515_mACPOLR2A_CRC_EU,G07,HCT116 OsTIRF74G mAC-POLR2A Clone 5,5PhIAA,10,-8.0,240,"EU 1 mM, 30 mins",Total Pol II (F12),Goat anti-mouse Alexa568,AF647 azide click,3870,262.2848191282312,104.25942419622413,0.5372373370340705
85,260515_mACPOLR2A_CRC_EU,G08,HCT116 OsTIRF74G mAC-POLR2A Clone 5,5PhIAA,3,-8.5,240,"EU 1 mM, 30 mins",Total Pol II (F12),Goat anti-mouse Alexa568,AF647 azide click,3767,294.28310159912417,136.25770666711708,0.7021209645512564
86,260515_mACPOLR2A_CRC_EU,G09,HCT116 OsTIRF74G mAC-POLR2A Clone 5,Vehicle,0,-12.0,240,"EU 1 mM, 30 mins",Total Pol II (F12),Goat anti-mouse Alexa568,AF647 azide click,4101,348.94034202035283,190.91494708834574,0.9837637083119235
87,260515_mACPOLR2A_CRC_EU,G10,HCT116 OsTIRF74G mAC-POLR2A Clone 5,5PhIAA,100,-7.0,240,"EU 1 mM, 30 mins",Total Pol II (F12),Goat anti-mouse Alexa568,AF647 azide click,3723,202.23672118911088,44.21132625710379,0.2278160978561315
88,260515_mACPOLR2A_CRC_EU,G11,HCT116 OsTIRF74G mAC-POLR2A Clone 5,5PhIAA,30,-7.5,240,"EU 1 mM, 30 mins",Total Pol II (F12),Goat anti-mouse Alexa568,AF647 azide click,4001,233.85427218082341,75.82887724881633,0.3907378579682667
89,260515_mACPOLR2A_CRC_EU,G12,HCT116 OsTIRF74G mAC-POLR2A Clone 5,5PhIAA,10,-8.0,240,"EU 1 mM, 30 mins",Total Pol II (F12),Goat anti-mouse Alexa568,AF647 azide click,3906,264.44029256789526,106.41489763588817,0.5483442544154031
90,260515_mACPOLR2A_CRC_EU,G13,HCT116 OsTIRF74G mAC-POLR2A Clone 5,5PhIAA,3,-8.5,240,"EU 1 mM, 30 mins",Total Pol II (F12),Goat anti-mouse Alexa568,AF647 azide click,3877,302.6185858313709,144.59319089936383,0.7450727973121352
91,260515_mACPOLR2A_CRC_EU,G14,HCT116 OsTIRF74G mAC-POLR2A Clone 5,Vehicle,0,-12.0,240,"EU 1 mM, 30 mins",Total Pol II (F12),Goat anti-mouse Alexa568,AF647 azide click,3619,356.29671802010574,198.27132308809865,1.0216703041213384
92,260515_mACPOLR2A_CRC_EU,G15,HCT116 OsTIRF74G,5PhIAA,1000,-6.0,240,"EU 1 mM, 30 mins",Total Pol II (F12),Goat anti-mouse Alexa568,AF647 azide click,4138,157.2803064844174,-0.7450884475896942,-0.003839358758442422
93,260515_mACPOLR2A_CRC_EU,G16,HCT116 OsTIRF74G,No addition,0,-12.0,240,No addition,Total Pol II (D84LY),Goat anti-rabbit Alexa568,No click,4503,156.35459142656475,-1.6708035054423362,-0.008609466557974134
94,260515_mACPOLR2A_CRC_EU,G17,HCT116 OsTIRF74G mAC-POLR2A Clone 5,5PhIAA,100,-7.0,240,No addition,Total Pol II (D84LY),Goat anti-rabbit Alexa568,No click,3682,205.93154540817372,47.90615047616663,0.24685512036715546
95,260515_mACPOLR2A_CRC_EU,G18,HCT116 OsTIRF74G mAC-POLR2A Clone 5,5PhIAA,30,-7.5,240,No addition,Total Pol II (D84LY),Goat anti-rabbit Alexa568,No click,3815,227.64714100845416,69.62174607644707,0.35875319425682456
96,260515_mACPOLR2A_CRC_EU,G19,HCT116 OsTIRF74G mAC-POLR2A Clone 5,5PhIAA,10,-8.0,240,No addition,Total Pol II (D84LY),Goat anti-rabbit Alexa568,No click,4088,258.72467817920995,100.69928324720286,0.5188923225889648
97,260515_mACPOLR2A_CRC_EU,G20,HCT116 OsTIRF74G mAC-POLR2A Clone 5,5PhIAA,3,-8.5,240,No addition,Total Pol II (D84LY),Goat anti-rabbit Alexa568,No click,3678,307.7508076129735,149.72541268096643,0.7715185712483803
98,260515_mACPOLR2A_CRC_EU,G21,HCT116 OsTIRF74G mAC-POLR2A Clone 5,Vehicle,0,-12.0,240,No addition,Total Pol II (D84LY),Goat anti-rabbit Alexa568,No click,3572,352.379229394902,194.3538344628949,1.001483916434172
99,260515_mACPOLR2A_CRC_EU,G22,HCT116 OsTIRF74G,No addition,0,-12.0,240,No addition,Total Pol II (D84LY),Goat anti-rabbit Alexa568,No click,3365,156.6930100911801,-1.3323848408269896,-0.006865632428999924
100,260515_mACPOLR2A_CRC_EU,H03,HCT116 OsTIRF74G,Vehicle,0,-12.0,240,"EU 1 mM, 30 mins",Total Pol II (F12),Goat anti-mouse Alexa568,AF647 azide click,3180,157.39456894055647,-0.6308259914506209,-0.0032505768988419434
101,260515_mACPOLR2A_CRC_EU,H04,HCT116 OsTIRF74G,5PhIAA,1000,-6.0,240,"EU 1 mM, 30 mins",Total Pol II (F12),Goat anti-mouse Alexa568,AF647 azide click,3547,158.5088144997806,0.4834195677735238,0.002491007822679065
102,260515_mACPOLR2A_CRC_EU,H05,HCT116 OsTIRF74G mAC-POLR2A Clone 5,5PhIAA,300,-6.5,240,"EU 1 mM, 30 mins",Total Pol II (F12),Goat anti-mouse Alexa568,AF647 azide click,3660,196.7488934898615,38.72349855785441,0.19953792576784443
103,260515_mACPOLR2A_CRC_EU,H06,HCT116 OsTIRF74G mAC-POLR2A Clone 5,5PhIAA,100,-7.0,240,"EU 1 mM, 30 mins",Total Pol II (F12),Goat anti-mouse Alexa568,AF647 azide click,3951,205.84949384051205,47.824098908504965,0.24643231767042217
104,260515_mACPOLR2A_CRC_EU,H07,HCT116 OsTIRF74G mAC-POLR2A Clone 5,5PhIAA,30,-7.5,240,"EU 1 mM, 30 mins",Total Pol II (F12),Goat anti-mouse Alexa568,AF647 azide click,4036,231.52064975363982,73.49525482163273,0.3787129584631292
105,260515_mACPOLR2A_CRC_EU,H08,HCT116 OsTIRF74G mAC-POLR2A Clone 5,5PhIAA,10,-8.0,240,"EU 1 mM, 30 mins",Total Pol II (F12),Goat anti-mouse Alexa568,AF647 azide click,3621,262.49265601671664,104.46726108470955,0.5383082976438012
106,260515_mACPOLR2A_CRC_EU,H09,HCT116 OsTIRF74G mAC-POLR2A Clone 5,5PhIAA,3,-8.5,240,"EU 1 mM, 30 mins",Total Pol II (F12),Goat anti-mouse Alexa568,AF647 azide click,4082,301.544366449052,143.51897151704492,0.7395374630745201
107,260515_mACPOLR2A_CRC_EU,H10,HCT116 OsTIRF74G mAC-POLR2A Clone 5,5PhIAA,300,-6.5,240,"EU 1 mM, 30 mins",Total Pol II (F12),Goat anti-mouse Alexa568,AF647 azide click,3991,196.1878660253825,38.162471093375416,0.19664701299575385
108,260515_mACPOLR2A_CRC_EU,H11,HCT116 OsTIRF74G mAC-POLR2A Clone 5,5PhIAA,100,-7.0,240,"EU 1 mM, 30 mins",Total Pol II (F12),Goat anti-mouse Alexa568,AF647 azide click,4112,205.48617442577316,47.46077949376607,0.2445601727168903
109,260515_mACPOLR2A_CRC_EU,H12,HCT116 OsTIRF74G mAC-POLR2A Clone 5,5PhIAA,30,-7.5,240,"EU 1 mM, 30 mins",Total Pol II (F12),Goat anti-mouse Alexa568,AF647 azide click,3496,236.37140463467463,78.34600970266754,0.4037083644418488
110,260515_mACPOLR2A_CRC_EU,H13,HCT116 OsTIRF74G mAC-POLR2A Clone 5,5PhIAA,10,-8.0,240,"EU 1 mM, 30 mins",Total Pol II (F12),Goat anti-mouse Alexa568,AF647 azide click,3205,263.110793199707,105.08539826769993,0.5414934905093063
111,260515_mACPOLR2A_CRC_EU,H14,HCT116 OsTIRF74G mAC-POLR2A Clone 5,5PhIAA,3,-8.5,240,"EU 1 mM, 30 mins",Total Pol II (F12),Goat anti-mouse Alexa568,AF647 azide click,3652,303.5581975000304,145.53280256802333,0.7499145128175527
112,260515_mACPOLR2A_CRC_EU,H15,HCT116 OsTIRF74G,Vehicle,0,-12.0,240,"EU 1 mM, 30 mins",Total Pol II (F12),Goat anti-mouse Alexa568,AF647 azide click,4185,158.37846115188472,0.35306621987763265,0.0018193113689823587
113,260515_mACPOLR2A_CRC_EU,H16,HCT116 OsTIRF74G,No addition,0,-12.0,240,No addition,Total Pol II (D84LY),Goat anti-rabbit Alexa568,No click,4323,157.81079755418193,-0.2145973778251573,-0.001105796667170325
114,260515_mACPOLR2A_CRC_EU,H17,HCT116 OsTIRF74G mAC-POLR2A Clone 5,5PhIAA,300,-6.5,240,No addition,Total Pol II (D84LY),Goat anti-rabbit Alexa568,No click,4065,194.50626810889966,36.48087317689257,0.18798192402583028
115,260515_mACPOLR2A_CRC_EU,H18,HCT116 OsTIRF74G mAC-POLR2A Clone 5,5PhIAA,100,-7.0,240,No addition,Total Pol II (D84LY),Goat anti-rabbit Alexa568,No click,3923,205.26215137912217,47.236756447115084,0.24340580661574512
116,260515_mACPOLR2A_CRC_EU,H19,HCT116 OsTIRF74G mAC-POLR2A Clone 5,5PhIAA,30,-7.5,240,No addition,Total Pol II (D84LY),Goat anti-rabbit Alexa568,No click,3386,226.40352664817442,68.37813171616733,0.3523449863431057
117,260515_mACPOLR2A_CRC_EU,H20,HCT116 OsTIRF74G mAC-POLR2A Clone 5,5PhIAA,10,-8.0,240,No addition,Total Pol II (D84LY),Goat anti-rabbit Alexa568,No click,3831,267.8508560418212,109.82546110981411,0.5659185125953557
118,260515_mACPOLR2A_CRC_EU,H21,HCT116 OsTIRF74G mAC-POLR2A Clone 5,5PhIAA,3,-8.5,240,No addition,Total Pol II (D84LY),Goat anti-rabbit Alexa568,No click,3630,299.64677195198755,141.62137701998046,0.7297593674996325
119,260515_mACPOLR2A_CRC_EU,H22,HCT116 OsTIRF74G,No addition,0,-12.0,240,No addition,Total Pol II (D84LY),Goat anti-rabbit Alexa568,No click,3394,157.65922656144863,-0.3661683705584551,-0.0018868253092851203
120,260515_mACPOLR2A_CRC_EU,I03,HCT116 OsTIRF74G,Vehicle,0,-12.0,240,"EU 1 mM, 30 mins",Total Pol II (F12),Goat anti-mouse Alexa568,AF647 azide click,3304,158.08555243481905,0.060157502811961194,0.00030998499044547864
121,260515_mACPOLR2A_CRC_EU,I04,HCT116 OsTIRF74G,Vehicle,0,-12.0,240,"EU 1 mM, 30 mins",Total Pol II (F12),Goat anti-mouse Alexa568,AF647 azide click,3527,159.11150090804222,1.0861059760351282,0.005596584546675774
122,260515_mACPOLR2A_CRC_EU,I05,HCT116 OsTIRF74G mAC-POLR2A Clone 5,5PhIAA,1000,-6.0,240,"EU 1 mM, 30 mins",Total Pol II (F12),Goat anti-mouse Alexa568,AF647 azide click,3807,197.40242223712914,39.377027305122056,0.20290548746851605
123,260515_mACPOLR2A_CRC_EU,I06,HCT116 OsTIRF74G mAC-POLR2A Clone 5,5PhIAA,300,-6.5,240,"EU 1 mM, 30 mins",Total Pol II (F12),Goat anti-mouse Alexa568,AF647 azide click,3874,197.38574432144904,39.36034938944195,0.20281954800475693
124,260515_mACPOLR2A_CRC_EU,I07,HCT116 OsTIRF74G mAC-POLR2A Clone 5,5PhIAA,100,-7.0,240,"EU 1 mM, 30 mins",Total Pol II (F12),Goat anti-mouse Alexa568,AF647 azide click,3596,205.3924236288429,47.3670286968358,0.24407708517947166
125,260515_mACPOLR2A_CRC_EU,I08,HCT116 OsTIRF74G mAC-POLR2A Clone 5,5PhIAA,30,-7.5,240,"EU 1 mM, 30 mins",Total Pol II (F12),Goat anti-mouse Alexa568,AF647 azide click,3655,232.66085987172937,74.63546493972228,0.3845883356985611
126,260515_mACPOLR2A_CRC_EU,I09,HCT116 OsTIRF74G mAC-POLR2A Clone 5,5PhIAA,10,-8.0,240,"EU 1 mM, 30 mins",Total Pol II (F12),Goat anti-mouse Alexa568,AF647 azide click,3703,262.6200924521054,104.5946975200983,0.5389649635684135
127,260515_mACPOLR2A_CRC_EU,I10,HCT116 OsTIRF74G mAC-POLR2A Clone 5,5PhIAA,1000,-6.0,240,"EU 1 mM, 30 mins",Total Pol II (F12),Goat anti-mouse Alexa568,AF647 azide click,3952,194.71914686116267,36.69375192915558,0.18907886480464822
128,260515_mACPOLR2A_CRC_EU,I11,HCT116 OsTIRF74G mAC-POLR2A Clone 5,5PhIAA,300,-6.5,240,"EU 1 mM, 30 mins",Total Pol II (F12),Goat anti-mouse Alexa568,AF647 azide click,3974,198.36176617650804,40.33637124450095,0.20784888119301698
129,260515_mACPOLR2A_CRC_EU,I12,HCT116 OsTIRF74G mAC-POLR2A Clone 5,5PhIAA,100,-7.0,240,"EU 1 mM, 30 mins",Total Pol II (F12),Goat anti-mouse Alexa568,AF647 azide click,3644,209.93922432885216,51.913829396845074,0.2675062487196449
130,260515_mACPOLR2A_CRC_EU,I13,HCT116 OsTIRF74G mAC-POLR2A Clone 5,5PhIAA,30,-7.5,240,"EU 1 mM, 30 mins",Total Pol II (F12),Goat anti-mouse Alexa568,AF647 azide click,3833,233.83547627575103,75.81008134374395,0.3906410047382966
131,260515_mACPOLR2A_CRC_EU,I14,HCT116 OsTIRF74G mAC-POLR2A Clone 5,5PhIAA,10,-8.0,240,"EU 1 mM, 30 mins",Total Pol II (F12),Goat anti-mouse Alexa568,AF647 azide click,3390,266.2203312340607,108.19493630205363,0.5575165977330545
132,260515_mACPOLR2A_CRC_EU,I15,HCT116 OsTIRF74G,5PhIAA,1000,-6.0,240,"EU 1 mM, 30 mins",Total Pol II (F12),Goat anti-mouse Alexa568,AF647 azide click,4632,158.304441467496,0.27904653548890224,0.0014378960826840093
133,260515_mACPOLR2A_CRC_EU,I16,HCT116 OsTIRF74G,No addition,0,-12.0,240,No addition,Total Pol II (D84LY),Goat anti-rabbit Alexa568,No click,4756,158.06716461498056,0.041769682973466615,0.0002152345787675591
134,260515_mACPOLR2A_CRC_EU,I17,HCT116 OsTIRF74G mAC-POLR2A Clone 5,5PhIAA,1000,-6.0,240,No addition,Total Pol II (D84LY),Goat anti-rabbit Alexa568,No click,3870,194.8498477950865,36.824452863079415,0.18975235233088808
135,260515_mACPOLR2A_CRC_EU,I18,HCT116 OsTIRF74G mAC-POLR2A Clone 5,5PhIAA,300,-6.5,240,No addition,Total Pol II (D84LY),Goat anti-rabbit Alexa568,No click,3821,198.21127384251236,40.18587891050527,0.20707341076064897
136,260515_mACPOLR2A_CRC_EU,I19,HCT116 OsTIRF74G mAC-POLR2A Clone 5,5PhIAA,100,-7.0,240,No addition,Total Pol II (D84LY),Goat anti-rabbit Alexa568,No click,3832,205.44306055349395,47.41766562148686,0.24433801167858535
137,260515_mACPOLR2A_CRC_EU,I20,HCT116 OsTIRF74G mAC-POLR2A Clone 5,5PhIAA,30,-7.5,240,No addition,Total Pol II (D84LY),Goat anti-rabbit Alexa568,No click,3927,229.50949162304275,71.48409669103566,0.3683496819846128
138,260515_mACPOLR2A_CRC_EU,I21,HCT116 OsTIRF74G mAC-POLR2A Clone 5,5PhIAA,10,-8.0,240,No addition,Total Pol II (D84LY),Goat anti-rabbit Alexa568,No click,3985,264.0390065752878,106.01361164328068,0.5462764718651009
139,260515_mACPOLR2A_CRC_EU,I22,HCT116 OsTIRF74G,No addition,0,-12.0,240,No addition,Total Pol II (D84LY),Goat anti-rabbit Alexa568,No click,3129,159.30373082059947,1.2783358885923803,0.006587124127310543
140,260515_mACPOLR2A_CRC_EU,J03,HCT116 OsTIRF74G,Vehicle,0,-12.0,240,"EU 1 mM, 30 mins",Total Pol II (F12),Goat anti-mouse Alexa568,AF647 azide click,3545,158.1520031284976,0.12660819649050836,0.0006523981007340959
141,260515_mACPOLR2A_CRC_EU,J04,HCT116 OsTIRF74G,5PhIAA,1000,-6.0,240,"EU 1 mM, 30 mins",Total Pol II (F12),Goat anti-mouse Alexa568,AF647 azide click,3449,160.02856223585803,2.003167303850944,0.010322100627844966
142,260515_mACPOLR2A_CRC_EU,J05,HCT116 OsTIRF74G mAC-POLR2A Clone 5,Vehicle,0,-12.0,240,"EU 1 mM, 30 mins",Total Pol II (F12),Goat anti-mouse Alexa568,AF647 azide click,4156,324.7231184614926,166.69772352948553,0.8589750209062242
143,260515_mACPOLR2A_CRC_EU,J06,HCT116 OsTIRF74G mAC-POLR2A Clone 5,5PhIAA,1000,-6.0,240,"EU 1 mM, 30 mins",Total Pol II (F12),Goat anti-mouse Alexa568,AF647 azide click,4125,195.73440475428296,37.709009822275874,0.194310376978322
144,260515_mACPOLR2A_CRC_EU,J07,HCT116 OsTIRF74G mAC-POLR2A Clone 5,5PhIAA,300,-6.5,240,"EU 1 mM, 30 mins",Total Pol II (F12),Goat anti-mouse Alexa568,AF647 azide click,3788,201.01867305827136,42.99327812626427,0.2215396299086397
145,260515_mACPOLR2A_CRC_EU,J08,HCT116 OsTIRF74G mAC-POLR2A Clone 5,5PhIAA,100,-7.0,240,"EU 1 mM, 30 mins",Total Pol II (F12),Goat anti-mouse Alexa568,AF647 azide click,4044,210.29097925303995,52.26558432103286,0.26931880312627193
146,260515_mACPOLR2A_CRC_EU,J09,HCT116 OsTIRF74G mAC-POLR2A Clone 5,5PhIAA,30,-7.5,240,"EU 1 mM, 30 mins",Total Pol II (F12),Goat anti-mouse Alexa568,AF647 azide click,4009,232.4690561191605,74.44366118715342,0.38359999207343903
147,260515_mACPOLR2A_CRC_EU,J10,HCT116 OsTIRF74G mAC-POLR2A Clone 5,Vehicle,0,-12.0,240,"EU 1 mM, 30 mins",Total Pol II (F12),Goat anti-mouse Alexa568,AF647 azide click,4076,338.86963785323314,180.84424292122605,0.93187047822254
148,260515_mACPOLR2A_CRC_EU,J11,HCT116 OsTIRF74G mAC-POLR2A Clone 5,5PhIAA,1000,-6.0,240,"EU 1 mM, 30 mins",Total Pol II (F12),Goat anti-mouse Alexa568,AF647 azide click,3983,196.50134051562154,38.47594558361445,0.19826231253977558
149,260515_mACPOLR2A_CRC_EU,J12,HCT116 OsTIRF74G mAC-POLR2A Clone 5,5PhIAA,300,-6.5,240,"EU 1 mM, 30 mins",Total Pol II (F12),Goat anti-mouse Alexa568,AF647 azide click,4172,200.63597736285269,42.6105824308456,0.21956764111351476
150,260515_mACPOLR2A_CRC_EU,J13,HCT116 OsTIRF74G mAC-POLR2A Clone 5,5PhIAA,100,-7.0,240,"EU 1 mM, 30 mins",Total Pol II (F12),Goat anti-mouse Alexa568,AF647 azide click,3592,209.38078718147938,51.35539224947229,0.26462868356648606
151,260515_mACPOLR2A_CRC_EU,J14,HCT116 OsTIRF74G mAC-POLR2A Clone 5,5PhIAA,30,-7.5,240,"EU 1 mM, 30 mins",Total Pol II (F12),Goat anti-mouse Alexa568,AF647 azide click,3613,233.79627161207227,75.77087668006519,0.39043898742162264
152,260515_mACPOLR2A_CRC_EU,J15,HCT116 OsTIRF74G,Vehicle,0,-12.0,240,"EU 1 mM, 30 mins",Total Pol II (F12),Goat anti-mouse Alexa568,AF647 azide click,4395,159.81410283545347,1.7887079034463795,0.009217014943135763
153,260515_mACPOLR2A_CRC_EU,J16,HCT116 OsTIRF74G,No addition,0,-12.0,240,No addition,Total Pol II (D84LY),Goat anti-rabbit Alexa568,No click,4126,158.34968074863065,0.3242858166235578,0.0016710091188770313
154,260515_mACPOLR2A_CRC_EU,J17,HCT116 OsTIRF74G mAC-POLR2A Clone 5,Vehicle,0,-12.0,240,No addition,Total Pol II (D84LY),Goat anti-rabbit Alexa568,No click,4151,332.77402273610056,174.74862780409347,0.900460444469145
155,260515_mACPOLR2A_CRC_EU,J18,HCT116 OsTIRF74G mAC-POLR2A Clone 5,5PhIAA,1000,-6.0,240,No addition,Total Pol II (D84LY),Goat anti-rabbit Alexa568,No click,3969,195.96423940351184,37.93884447150475,0.19549468962786715
156,260515_mACPOLR2A_CRC_EU,J19,HCT116 OsTIRF74G mAC-POLR2A Clone 5,5PhIAA,300,-6.5,240,No addition,Total Pol II (D84LY),Goat anti-rabbit Alexa568,No click,3643,196.89251783649644,38.86712290448935,0.2002780062173028
157,260515_mACPOLR2A_CRC_EU,J20,HCT116 OsTIRF74G mAC-POLR2A Clone 5,5PhIAA,100,-7.0,240,No addition,Total Pol II (D84LY),Goat anti-rabbit Alexa568,No click,3975,205.62703277844767,47.60163784644058,0.24528600030392392
158,260515_mACPOLR2A_CRC_EU,J21,HCT116 OsTIRF74G mAC-POLR2A Clone 5,5PhIAA,30,-7.5,240,No addition,Total Pol II (D84LY),Goat anti-rabbit Alexa568,No click,3747,233.95821259324808,75.93281766124099,0.3912734514727556
159,260515_mACPOLR2A_CRC_EU,J22,HCT116 OsTIRF74G,No addition,0,-12.0,240,No addition,Total Pol II (D84LY),Goat anti-rabbit Alexa568,No click,3168,159.43194560451073,1.4065506725036414,0.007247800796186481
160,260515_mACPOLR2A_CRC_EU,K03,HCT116 OsTIRF74G,Vehicle,0,-12.0,240,"EU 1 mM, 30 mins",Total Pol II (F12),Goat anti-mouse Alexa568,AF647 azide click,3302,158.71438930544184,0.6889943734347526,0.0035503121686044177
161,260515_mACPOLR2A_CRC_EU,K04,HCT116 OsTIRF74G,Vehicle,0,-12.0,240,"EU 1 mM, 30 mins",Total Pol II (F12),Goat anti-mouse Alexa568,AF647 azide click,3878,159.21928999545386,1.1938950634467744,0.006152009849748402
162,260515_mACPOLR2A_CRC_EU,K05,HCT116 OsTIRF74G mAC-POLR2A Clone 5,Vehicle,0,-12.0,240,"EU 1 mM, 30 mins",Total Pol II (F12),Goat anti-mouse Alexa568,AF647 azide click,4076,333.9594179454288,175.93402301342172,0.9065686555062007
163,260515_mACPOLR2A_CRC_EU,K06,HCT116 OsTIRF74G mAC-POLR2A Clone 5,Vehicle,0,-12.0,240,"EU 1 mM, 30 mins",Total Pol II (F12),Goat anti-mouse Alexa568,AF647 azide click,3764,353.23650305066036,195.21110811865327,1.0059013532220664
164,260515_mACPOLR2A_CRC_EU,K07,HCT116 OsTIRF74G mAC-POLR2A Clone 5,5PhIAA,1000,-6.0,240,"EU 1 mM, 30 mins",Total Pol II (F12),Goat anti-mouse Alexa568,AF647 azide click,3967,198.22283310795407,40.197438175946985,0.2071329743831402
165,260515_mACPOLR2A_CRC_EU,K08,HCT116 OsTIRF74G mAC-POLR2A Clone 5,5PhIAA,300,-6.5,240,"EU 1 mM, 30 mins",Total Pol II (F12),Goat anti-mouse Alexa568,AF647 azide click,3938,200.8913645713395,42.865969639332405,0.22088362328834235
166,260515_mACPOLR2A_CRC_EU,K09,HCT116 OsTIRF74G mAC-POLR2A Clone 5,5PhIAA,100,-7.0,240,"EU 1 mM, 30 mins",Total Pol II (F12),Goat anti-mouse Alexa568,AF647 azide click,3747,209.91864391273793,51.893248980730846,0.2674002001006975
167,260515_mACPOLR2A_CRC_EU,K10,HCT116 OsTIRF74G mAC-POLR2A Clone 5,Vehicle,0,-12.0,240,"EU 1 mM, 30 mins",Total Pol II (F12),Goat anti-mouse Alexa568,AF647 azide click,3962,349.2382001776942,191.2128052456871,0.9852985386114154
168,260515_mACPOLR2A_CRC_EU,K11,HCT116 OsTIRF74G mAC-POLR2A Clone 5,Vehicle,0,-12.0,240,"EU 1 mM, 30 mins",Total Pol II (F12),Goat anti-mouse Alexa568,AF647 azide click,3870,361.2616865019523,203.2362915699452,1.0472542402135343
169,260515_mACPOLR2A_CRC_EU,K12,HCT116 OsTIRF74G mAC-POLR2A Clone 5,5PhIAA,1000,-6.0,240,"EU 1 mM, 30 mins",Total Pol II (F12),Goat anti-mouse Alexa568,AF647 azide click,4015,197.84461780924602,39.81922287723893,0.20518407257910723
170,260515_mACPOLR2A_CRC_EU,K13,HCT116 OsTIRF74G mAC-POLR2A Clone 5,5PhIAA,300,-6.5,240,"EU 1 mM, 30 mins",Total Pol II (F12),Goat anti-mouse Alexa568,AF647 azide click,3980,200.82395271730132,42.798557785294236,0.22053625742451566
171,260515_mACPOLR2A_CRC_EU,K14,HCT116 OsTIRF74G mAC-POLR2A Clone 5,5PhIAA,100,-7.0,240,"EU 1 mM, 30 mins",Total Pol II (F12),Goat anti-mouse Alexa568,AF647 azide click,3563,214.25940641443682,56.234011482429736,0.28976767148363
172,260515_mACPOLR2A_CRC_EU,K15,HCT116 OsTIRF74G,5PhIAA,1000,-6.0,240,"EU 1 mM, 30 mins",Total Pol II (F12),Goat anti-mouse Alexa568,AF647 azide click,4588,159.63176080020847,1.6063658682013795,0.008277426505931022
173,260515_mACPOLR2A_CRC_EU,K16,HCT116 OsTIRF74G,No addition,0,-12.0,240,No addition,Total Pol II (D84LY),Goat anti-rabbit Alexa568,No click,4262,158.4237407109178,0.3983457789107092,0.00205263195275255
174,260515_mACPOLR2A_CRC_EU,K17,HCT116 OsTIRF74G mAC-POLR2A Clone 5,Vehicle,0,-12.0,240,No addition,Total Pol II (D84LY),Goat anti-rabbit Alexa568,No click,3508,363.68278987374737,205.65739494174028,1.0597299193972152
175,260515_mACPOLR2A_CRC_EU,K18,HCT116 OsTIRF74G mAC-POLR2A Clone 5,Vehicle,0,-12.0,240,No addition,Total Pol II (D84LY),Goat anti-rabbit Alexa568,No click,3771,360.54405213535955,202.51865720335246,1.0435563493125946
176,260515_mACPOLR2A_CRC_EU,K19,HCT116 OsTIRF74G mAC-POLR2A Clone 5,5PhIAA,1000,-6.0,240,No addition,Total Pol II (D84LY),Goat anti-rabbit Alexa568,No click,3859,197.42734885181687,39.401953919809785,0.20303393157032604
177,260515_mACPOLR2A_CRC_EU,K20,HCT116 OsTIRF74G mAC-POLR2A Clone 5,5PhIAA,300,-6.5,240,No addition,Total Pol II (D84LY),Goat anti-rabbit Alexa568,No click,3666,201.28331386346989,43.2579189314628,0.2229032948487781
178,260515_mACPOLR2A_CRC_EU,K21,HCT116 OsTIRF74G mAC-POLR2A Clone 5,5PhIAA,100,-7.0,240,No addition,Total Pol II (D84LY),Goat anti-rabbit Alexa568,No click,3638,209.72472910416045,51.69933417215336,0.26640097843632715
179,260515_mACPOLR2A_CRC_EU,K22,HCT116 OsTIRF74G,No addition,0,-12.0,240,No addition,Total Pol II (D84LY),Goat anti-rabbit Alexa568,No click,3293,158.90642752723892,0.8810325952318294,0.004539863987851432
180,260515_mACPOLR2A_CRC_EU,L03,HCT116 OsTIRF74G,Vehicle,0,-12.0,240,"EU 1 mM, 30 mins",Total Pol II (F12),Goat anti-mouse Alexa568,AF647 azide click,3323,159.26466755879608,1.2392726267889884,0.006385835438936231
181,260515_mACPOLR2A_CRC_EU,L04,HCT116 OsTIRF74G,5PhIAA,1000,-6.0,240,"EU 1 mM, 30 mins",Total Pol II (F12),Goat anti-mouse Alexa568,AF647 azide click,4283,159.5292010407025,1.5038061086954144,0.007748947353963532
182,260515_mACPOLR2A_CRC_EU,L05,HCT116 OsTIRF74G mAC-POLR2A Clone 5,Vehicle,0,-12.0,240,"EU 1 mM, 30 mins",Total Pol II (F12),Goat anti-mouse Alexa568,AF647 azide click,4251,352.18207500402224,194.15668007201515,1.0004680015587792
183,260515_mACPOLR2A_CRC_EU,L06,HCT116 OsTIRF74G mAC-POLR2A Clone 5,Vehicle,0,-12.0,240,"EU 1 mM, 30 mins",Total Pol II (F12),Goat anti-mouse Alexa568,AF647 azide click,3586,356.7364966180642,198.71110168605713,1.023936434830128
184,260515_mACPOLR2A_CRC_EU,L07,HCT116 OsTIRF74G mAC-POLR2A Clone 5,Vehicle,0,-12.0,240,"EU 1 mM, 30 mins",Total Pol II (F12),Goat anti-mouse Alexa568,AF647 azide click,3810,342.92810371224056,184.90270878023347,0.9527833060781133
185,260515_mACPOLR2A_CRC_EU,L08,HCT116 OsTIRF74G mAC-POLR2A Clone 5,5PhIAA,1000,-6.0,240,"EU 1 mM, 30 mins",Total Pol II (F12),Goat anti-mouse Alexa568,AF647 azide click,4035,200.30877311838543,42.28337818637834,0.21788159365719093
186,260515_mACPOLR2A_CRC_EU,L09,HCT116 OsTIRF74G mAC-POLR2A Clone 5,5PhIAA,300,-6.5,240,"EU 1 mM, 30 mins",Total Pol II (F12),Goat anti-mouse Alexa568,AF647 azide click,4018,204.22599204773178,46.20059711572469,0.23806659163128965
187,260515_mACPOLR2A_CRC_EU,L10,HCT116 OsTIRF74G mAC-POLR2A Clone 5,Vehicle,0,-12.0,240,"EU 1 mM, 30 mins",Total Pol II (F12),Goat anti-mouse Alexa568,AF647 azide click,3995,358.4870496282853,200.46165469627823,1.0329568418081883
188,260515_mACPOLR2A_CRC_EU,L11,HCT116 OsTIRF74G mAC-POLR2A Clone 5,Vehicle,0,-12.0,240,"EU 1 mM, 30 mins",Total Pol II (F12),Goat anti-mouse Alexa568,AF647 azide click,3773,362.5124026691983,204.48700773719122,1.0536990429568536
189,260515_mACPOLR2A_CRC_EU,L12,HCT116 OsTIRF74G mAC-POLR2A Clone 5,Vehicle,0,-12.0,240,"EU 1 mM, 30 mins",Total Pol II (F12),Goat anti-mouse Alexa568,AF647 azide click,3933,345.33809264469807,187.31269771269098,0.9652017137792557
190,260515_mACPOLR2A_CRC_EU,L13,HCT116 OsTIRF74G mAC-POLR2A Clone 5,5PhIAA,1000,-6.0,240,"EU 1 mM, 30 mins",Total Pol II (F12),Goat anti-mouse Alexa568,AF647 azide click,3871,197.53141382293853,39.50601889093144,0.20357016691207033
191,260515_mACPOLR2A_CRC_EU,L14,HCT116 OsTIRF74G mAC-POLR2A Clone 5,5PhIAA,300,-6.5,240,"EU 1 mM, 30 mins",Total Pol II (F12),Goat anti-mouse Alexa568,AF647 azide click,3598,203.83256416623394,45.80716923422685,0.23603930106259197
192,260515_mACPOLR2A_CRC_EU,L15,HCT116 OsTIRF74G,Vehicle,0,-12.0,240,"EU 1 mM, 30 mins",Total Pol II (F12),Goat anti-mouse Alexa568,AF647 azide click,4256,159.32065544915355,1.2952605171464597,0.006674334875353536
193,260515_mACPOLR2A_CRC_EU,L16,HCT116 OsTIRF74G,No addition,0,-12.0,240,No addition,Total Pol II (D84LY),Goat anti-rabbit Alexa568,No click,3491,158.54899116978473,0.5235962377776389,0.0026980337809587107
194,260515_mACPOLR2A_CRC_EU,L17,HCT116 OsTIRF74G mAC-POLR2A Clone 5,Vehicle,0,-12.0,240,No addition,Total Pol II (D84LY),Goat anti-rabbit Alexa568,No click,3858,358.2991312999656,200.27373636795852,1.031988519346553
195,260515_mACPOLR2A_CRC_EU,L18,HCT116 OsTIRF74G mAC-POLR2A Clone 5,Vehicle,0,-12.0,240,No addition,Total Pol II (D84LY),Goat anti-rabbit Alexa568,No click,3748,357.07396857109757,199.04857363909048,1.025675390658525
196,260515_mACPOLR2A_CRC_EU,L19,HCT116 OsTIRF74G mAC-POLR2A Clone 5,Vehicle,0,-12.0,240,No addition,Total Pol II (D84LY),Goat anti-rabbit Alexa568,No click,3942,337.23125595782994,179.20586102582286,0.9234280766524465
197,260515_mACPOLR2A_CRC_EU,L20,HCT116 OsTIRF74G mAC-POLR2A Clone 5,5PhIAA,1000,-6.0,240,No addition,Total Pol II (D84LY),Goat anti-rabbit Alexa568,No click,3818,196.3838395170555,38.3584445850484,0.19765684282751575
198,260515_mACPOLR2A_CRC_EU,L21,HCT116 OsTIRF74G mAC-POLR2A Clone 5,5PhIAA,300,-6.5,240,No addition,Total Pol II (D84LY),Goat anti-rabbit Alexa568,No click,3775,201.53732396528721,43.511929033280126,0.22421218094451617
199,260515_mACPOLR2A_CRC_EU,L22,HCT116 OsTIRF74G,No addition,0,-12.0,240,No addition,Total Pol II (D84LY),Goat anti-rabbit Alexa568,No click,3155,159.0492869146403,1.0238919826332165,0.005276002686578481
200,260515_mACPOLR2A_CRC_EU,M03,HCT116 OsTIRF74G,Vehicle,0,-12.0,240,"EU 1 mM, 30 mins",Total Pol II (F12),Goat anti-mouse Alexa568,AF647 azide click,4209,159.71374196777265,1.6883470357655597,0.008699866438710922
201,260515_mACPOLR2A_CRC_EU,M04,HCT116 OsTIRF74G,Vehicle,0,-12.0,240,"EU 1 mM, 30 mins",Total Pol II (F12),Goat anti-mouse Alexa568,AF647 azide click,3636,160.07249571389892,2.047100781891828,0.01054848500442571
202,260515_mACPOLR2A_CRC_EU,M05,HCT116 OsTIRF74G mAC-POLR2A Clone 5,Vehicle,0,-12.0,240,"EU 1 mM, 30 mins",Total Pol II (F12),Goat anti-mouse Alexa568,AF647 azide click,3769,361.92115555388955,203.89576062188246,1.0506524116503182
203,260515_mACPOLR2A_CRC_EU,M06,HCT116 OsTIRF74G mAC-POLR2A Clone 5,Vehicle,0,-12.0,240,"EU 1 mM, 30 mins",Total Pol II (F12),Goat anti-mouse Alexa568,AF647 azide click,3733,366.1072195548408,208.08182462283372,1.0722227386865832
204,260515_mACPOLR2A_CRC_EU,M07,HCT116 OsTIRF74G mAC-POLR2A Clone 5,Vehicle,0,-12.0,240,"EU 1 mM, 30 mins",Total Pol II (F12),Goat anti-mouse Alexa568,AF647 azide click,3885,365.4778314675906,207.4524365355835,1.0689795711498158
205,260515_mACPOLR2A_CRC_EU,M08,HCT116 OsTIRF74G mAC-POLR2A Clone 5,Vehicle,0,-12.0,240,"EU 1 mM, 30 mins",Total Pol II (F12),Goat anti-mouse Alexa568,AF647 azide click,3908,367.2571720172209,209.23177708521382,1.0781483171498032
206,260515_mACPOLR2A_CRC_EU,M09,HCT116 OsTIRF74G mAC-POLR2A Clone 5,5PhIAA,1000,-6.0,240,"EU 1 mM, 30 mins",Total Pol II (F12),Goat anti-mouse Alexa568,AF647 azide click,3760,198.86026285537667,40.834867923369586,0.21041757970962946
207,260515_mACPOLR2A_CRC_EU,M10,HCT116 OsTIRF74G mAC-POLR2A Clone 5,Vehicle,0,-12.0,240,"EU 1 mM, 30 mins",Total Pol II (F12),Goat anti-mouse Alexa568,AF647 azide click,3631,356.49354661273804,198.46815168073095,1.0226845401942226
208,260515_mACPOLR2A_CRC_EU,M11,HCT116 OsTIRF74G mAC-POLR2A Clone 5,Vehicle,0,-12.0,240,"EU 1 mM, 30 mins",Total Pol II (F12),Goat anti-mouse Alexa568,AF647 azide click,3972,371.9923770761553,213.96698214414823,1.1025483076138243
209,260515_mACPOLR2A_CRC_EU,M12,HCT116 OsTIRF74G mAC-POLR2A Clone 5,Vehicle,0,-12.0,240,"EU 1 mM, 30 mins",Total Pol II (F12),Goat anti-mouse Alexa568,AF647 azide click,3776,368.48294588817174,210.45755095616465,1.0844645949857155
210,260515_mACPOLR2A_CRC_EU,M13,HCT116 OsTIRF74G mAC-POLR2A Clone 5,Vehicle,0,-12.0,240,"EU 1 mM, 30 mins",Total Pol II (F12),Goat anti-mouse Alexa568,AF647 azide click,4013,372.33492817368557,214.30953324167848,1.1043134357147515
211,260515_mACPOLR2A_CRC_EU,M14,HCT116 OsTIRF74G mAC-POLR2A Clone 5,5PhIAA,1000,-6.0,240,"EU 1 mM, 30 mins",Total Pol II (F12),Goat anti-mouse Alexa568,AF647 azide click,3574,198.71809251300567,40.69269758099858,0.2096849915841007
212,260515_mACPOLR2A_CRC_EU,M15,HCT116 OsTIRF74G,5PhIAA,1000,-6.0,240,"EU 1 mM, 30 mins",Total Pol II (F12),Goat anti-mouse Alexa568,AF647 azide click,3695,159.9675148836614,1.9421199516543197,0.010007530341466163
213,260515_mACPOLR2A_CRC_EU,M16,HCT116 OsTIRF74G,No addition,0,-12.0,240,No addition,Total Pol II (D84LY),Goat anti-rabbit Alexa568,No click,4097,159.16637195359857,1.1409770215914818,0.0058793290047641795
214,260515_mACPOLR2A_CRC_EU,M17,HCT116 OsTIRF74G mAC-POLR2A Clone 5,Vehicle,0,-12.0,240,No addition,Total Pol II (D84LY),Goat anti-rabbit Alexa568,No click,3431,370.0340154358149,212.00862050380783,1.0924570856382836
215,260515_mACPOLR2A_CRC_EU,M18,HCT116 OsTIRF74G mAC-POLR2A Clone 5,Vehicle,0,-12.0,240,No addition,Total Pol II (D84LY),Goat anti-rabbit Alexa568,No click,3624,362.30466242333625,204.27926749132916,1.0526285803359237
216,260515_mACPOLR2A_CRC_EU,M19,HCT116 OsTIRF74G mAC-POLR2A Clone 5,Vehicle,0,-12.0,240,No addition,Total Pol II (D84LY),Goat anti-rabbit Alexa568,No click,3593,367.03845669144556,209.01306175943847,1.0770213011501086
217,260515_mACPOLR2A_CRC_EU,M20,HCT116 OsTIRF74G mAC-POLR2A Clone 5,Vehicle,0,-12.0,240,No addition,Total Pol II (D84LY),Goat anti-rabbit Alexa568,No click,3657,362.7468085976896,204.72141366568252,1.0549069109052764
218,260515_mACPOLR2A_CRC_EU,M21,HCT116 OsTIRF74G mAC-POLR2A Clone 5,5PhIAA,1000,-6.0,240,No addition,Total Pol II (D84LY),Goat anti-rabbit Alexa568,No click,3428,198.81241664792392,40.787021715916836,0.21017103346906402
219,260515_mACPOLR2A_CRC_EU,M22,HCT116 OsTIRF74G,No addition,0,-12.0,240,No addition,Total Pol II (D84LY),Goat anti-rabbit Alexa568,No click,4492,159.31036831709673,1.2849733850896428,0.00662132641617079
220,260515_mACPOLR2A_CRC_EU,N03,HCT116 OsTIRF74G,Vehicle,0,-12.0,240,"EU 1 mM, 30 mins",Total Pol II (F12),Goat anti-mouse Alexa568,AF647 azide click,4398,159.8180729403453,1.7926780083382141,0.0092374724566534
221,260515_mACPOLR2A_CRC_EU,N04,HCT116 OsTIRF74G,Vehicle,0,-12.0,240,"EU 1 mM, 30 mins",Total Pol II (F12),Goat anti-mouse Alexa568,AF647 azide click,3836,160.0157776538137,1.9903827218066112,0.010256223083771214
222,260515_mACPOLR2A_CRC_EU,N05,HCT116 OsTIRF74G,Vehicle,0,-12.0,240,"EU 1 mM, 30 mins",Total Pol II (F12),Goat anti-mouse Alexa568,AF647 azide click,3708,160.87499640870723,2.849601476700144,0.014683682753411791
223,260515_mACPOLR2A_CRC_EU,N06,HCT116 OsTIRF74G,Vehicle,0,-12.0,240,"EU 1 mM, 30 mins",Total Pol II (F12),Goat anti-mouse Alexa568,AF647 azide click,4335,160.10033861008395,2.0749436780768633,0.010691956383795807
224,260515_mACPOLR2A_CRC_EU,N07,HCT116 OsTIRF74G,Vehicle,0,-12.0,240,"EU 1 mM, 30 mins",Total Pol II (F12),Goat anti-mouse Alexa568,AF647 azide click,3289,161.0272689991656,3.001874067158525,0.015468326651378981
225,260515_mACPOLR2A_CRC_EU,N08,HCT116 OsTIRF74G,Vehicle,0,-12.0,240,"EU 1 mM, 30 mins",Total Pol II (F12),Goat anti-mouse Alexa568,AF647 azide click,3887,162.47584660952194,4.450451677514849,0.02293268763240954
226,260515_mACPOLR2A_CRC_EU,N09,HCT116 OsTIRF74G,Vehicle,0,-12.0,240,"EU 1 mM, 30 mins",Total Pol II (F12),Goat anti-mouse Alexa568,AF647 azide click,3365,161.27118799711212,3.2457930651050333,0.016725214399599894
227,260515_mACPOLR2A_CRC_EU,N10,HCT116 OsTIRF74G,Vehicle,0,-12.0,240,"EU 1 mM, 30 mins",Total Pol II (F12),Goat anti-mouse Alexa568,AF647 azide click,3860,161.51179887917968,3.4864039471725903,0.017965055790821336
228,260515_mACPOLR2A_CRC_EU,N11,HCT116 OsTIRF74G,Vehicle,0,-12.0,240,"EU 1 mM, 30 mins",Total Pol II (F12),Goat anti-mouse Alexa568,AF647 azide click,3396,161.46494282840916,3.4395478964020754,0.017723611718652787
229,260515_mACPOLR2A_CRC_EU,N12,HCT116 OsTIRF74G,Vehicle,0,-12.0,240,"EU 1 mM, 30 mins",Total Pol II (F12),Goat anti-mouse Alexa568,AF647 azide click,3220,161.45847072435743,3.433075792350337,0.017690261678859558
230,260515_mACPOLR2A_CRC_EU,N13,HCT116 OsTIRF74G,Vehicle,0,-12.0,240,No addition,No primary,Goat anti-mouse Alexa568,AF647 azide click,3593,160.68520318887877,2.6598082568716848,0.01370569918220139
231,260515_mACPOLR2A_CRC_EU,N14,HCT116 OsTIRF74G,Vehicle,0,-12.0,240,"EU 1 mM, 30 mins",No secondary,No secondary,AF647 azide click,3700,161.66058835438767,3.6351934223805813,0.018731751579290242
232,260515_mACPOLR2A_CRC_EU,N15,HCT116 OsTIRF74G,Vehicle,0,-12.0,240,No addition,No primary,Goat anti-mouse Alexa568,AF647 azide click,4031,159.67136566285586,1.6459707308487737,0.008481506003840398
233,260515_mACPOLR2A_CRC_EU,N16,HCT116 OsTIRF74G,No addition,0,-12.0,240,No addition,Total Pol II (D84LY),Goat anti-rabbit Alexa568,No click,4251,159.28001268145252,1.2546177494454298,0.006464907166945125
234,260515_mACPOLR2A_CRC_EU,N17,HCT116 OsTIRF74G,No addition,0,-12.0,240,No addition,Total Pol II (D84LY),Goat anti-rabbit Alexa568,No click,4182,158.57381629503502,0.5484213630279271,0.0028259549188685163
235,260515_mACPOLR2A_CRC_EU,N18,HCT116 OsTIRF74G,No addition,0,-12.0,240,No addition,Total Pol II (D84LY),Goat anti-rabbit Alexa568,No click,3284,158.64646667994433,0.6210717479372363,0.003200314355668389
236,260515_mACPOLR2A_CRC_EU,N19,HCT116 OsTIRF74G,No addition,0,-12.0,240,No addition,Total Pol II (D84LY),Goat anti-rabbit Alexa568,No click,3952,158.58202825903714,0.5566333270300561,0.002868270265479487
237,260515_mACPOLR2A_CRC_EU,N20,HCT116 OsTIRF74G,No addition,0,-12.0,240,No addition,No primary,Goat anti-rabbit Alexa568,No click,3995,158.9950480083352,0.9696530763281146,0.004996515572472122
238,260515_mACPOLR2A_CRC_EU,N21,HCT116 OsTIRF74G,No addition,0,-12.0,240,No addition,Total Pol II (D84LY),Goat anti-rabbit Alexa568,No click,4318,159.05815587725547,1.0327609452483841,0.005321703474726512
239,260515_mACPOLR2A_CRC_EU,N22,HCT116 OsTIRF74G,No addition,0,-12.0,240,No addition,No primary,Goat anti-rabbit Alexa568,No click,3536,158.8547152980503,0.8293203660432198,0.004273396562814662
