,WELL,GFP_Intensity,DAPI_Intensity,NucleusArea,CELL,DRUG,DRUG_CONCENTRATION,TIME_MINUTES,EU,PRIMARY,SECONDARY,CLICK,TotalNumberCells,EU_647_Intensity,IF_568_Intensity,DAPI_Intensity_2,NucleusArea_2,EXPERIMENT,GFP_Intensity_BGS,GFP_Intensity_FC,DRUG_CONCENTRATION_LOG
0,C03,133.71515041225604,3985.0530148751645,1718.8929663608562,HCT116 OsTIRF74G,Vehicle,0,240,"EU 1 mM, 30 mins",Nucleolin (D4C7O) ,Goat anti-rabbit Alexa568,AF647 azide click,3270,653.0256371198706,2647.498115689315,5914.743553549869,1707.3578921688218,260508_mACPOLR2A_CRC_EU,0.6687922863558811,0.006250516860992672,-12.0
1,C04,133.79522291207718,3985.92729740285,1700.848167539267,HCT116 OsTIRF74G,Vehicle,0,240,"EU 1 mM, 30 mins",Nucleolin (D4C7O) ,Goat anti-rabbit Alexa568,AF647 azide click,4202,687.6745710819544,2779.767987998007,6165.423978033057,1658.8914595126753,260508_mACPOLR2A_CRC_EU,0.7488647861770232,0.006998872546972514,-12.0
2,C05,133.0693229125692,4208.952783414008,1716.7659954116748,HCT116 OsTIRF74G,Vehicle,0,240,"EU 1 mM, 30 mins",Nucleolin (D4C7O) ,Goat anti-rabbit Alexa568,AF647 azide click,3923,673.1370230277896,3076.6896371293897,6348.999394697015,1674.234864864865,260508_mACPOLR2A_CRC_EU,0.022964786669035675,0.00021462835204939112,-12.0
3,C06,132.80173557544674,4407.065937782568,1713.5464464759657,HCT116 OsTIRF74G,Vehicle,0,240,"EU 1 mM, 30 mins",Nucleolin (D4C7O) ,Goat anti-rabbit Alexa568,AF647 azide click,3391,688.9659044099049,3043.767939331891,6154.888009141637,1658.1574415744158,260508_mACPOLR2A_CRC_EU,-0.24462255045341408,-0.0022862365601125775,-12.0
4,C07,132.9785570143808,4593.965624994796,1670.785906945381,HCT116 OsTIRF74G,Vehicle,0,240,"EU 1 mM, 30 mins",Nucleolin (D4C7O) ,Goat anti-rabbit Alexa568,AF647 azide click,2966,640.6040360470778,3072.4680227979593,6131.371103622226,1624.382225192115,260508_mACPOLR2A_CRC_EU,-0.0678011115193442,-0.0006336675816864837,-12.0
5,C08,132.61241357164283,4668.21776476339,1771.960979777841,HCT116 OsTIRF74G,Vehicle,0,240,"EU 1 mM, 30 mins",Nucleolin (D4C7O) ,Goat anti-rabbit Alexa568,AF647 azide click,3511,642.8125940906855,2829.821503484851,5896.927625869119,1724.3681017047097,260508_mACPOLR2A_CRC_EU,-0.43394455425732303,-0.004055635521606514,-12.0
6,C09,133.41004418699058,5166.274258358154,1757.2597853535353,HCT116 OsTIRF74G,Vehicle,0,240,"EU 1 mM, 30 mins",Nucleolin (D4C7O) ,Goat anti-rabbit Alexa568,AF647 azide click,3168,675.529910607971,2788.352545221902,6109.05244850481,1676.7140983606557,260508_mACPOLR2A_CRC_EU,0.36368606109041934,0.0033990013092705393,-12.0
7,C10,132.79495214519747,5274.258999225221,1753.8911739502998,HCT116 OsTIRF74G,Vehicle,0,240,"EU 1 mM, 30 mins",Nucleolin (D4C7O) ,Goat anti-rabbit Alexa568,AF647 azide click,3501,662.0213004721405,2807.932886354565,6135.146877036933,1680.2567016317016,260508_mACPOLR2A_CRC_EU,-0.2514059807026854,-0.002349634338486289,-12.0
8,C11,132.9566220563184,5510.839742800694,1725.4524185899463,HCT116 OsTIRF74G,Vehicle,0,240,"EU 1 mM, 30 mins",Nucleolin (D4C7O) ,Goat anti-rabbit Alexa568,AF647 azide click,3163,671.059428026048,2907.991170670756,6181.924168013299,1655.6623762376237,260508_mACPOLR2A_CRC_EU,-0.08973606958176106,-0.0008386711799805986,-12.0
9,C12,132.60873952117421,5024.800487905613,1729.2755259107234,HCT116 OsTIRF74G,Vehicle,0,240,"EU 1 mM, 30 mins",Nucleolin (D4C7O) ,Goat anti-rabbit Alexa568,AF647 azide click,3898,673.0880482001503,2586.27671199659,6010.169617430353,1648.7443255935298,260508_mACPOLR2A_CRC_EU,-0.43761860472594094,-0.0040899731102281844,-12.0
10,C13,132.81094268354846,5549.979795386743,1708.701410177805,HCT116 OsTIRF74G,Vehicle,0,240,"EU 1 mM, 30 mins",Nucleolin (D4C7O) ,Goat anti-rabbit Alexa568,AF647 azide click,3262,679.4647946938883,2748.030931449476,6333.319292483798,1635.170151174011,260508_mACPOLR2A_CRC_EU,-0.23541544235169454,-0.00220018714595986,-12.0
11,C14,132.5271851740285,5640.155367318573,1686.65483555845,HCT116 OsTIRF74G,Vehicle,0,240,"EU 1 mM, 30 mins",Nucleolin (D4C7O) ,Goat anti-rabbit Alexa568,AF647 azide click,3071,637.3075334421525,2661.958497690991,6069.407992675422,1616.7329407689642,260508_mACPOLR2A_CRC_EU,-0.519172951871667,-0.004852178106190647,-12.0
12,C15,132.42570065094424,5606.6638885736875,1669.8697686508967,HCT116 OsTIRF74G,Vehicle,0,240,"EU 1 mM, 30 mins",Nucleolin (D4C7O) ,Goat anti-rabbit Alexa568,AF647 azide click,3847,680.9072484641661,2512.237539834887,5654.255784137273,1591.0884658454647,260508_mACPOLR2A_CRC_EU,-0.6206574749559195,-0.005800650054221425,-12.0
13,C16,132.37967980927672,5568.76679700774,1677.3107701564381,HCT116 OsTIRF74G,No addition,0,240,No addition,Total Pol II (F12),Goat anti-mouse Alexa568,No click,3324,187.38709280835832,558.2091210571092,5685.710400010792,1645.5753056963913,260508_mACPOLR2A_CRC_EU,-0.6666783166234325,-0.00623075974996453,-12.0
14,C17,132.35600882138942,5948.821178656199,1707.3377097009482,HCT116 OsTIRF74G,No addition,0,240,No addition,Total Pol II (F12),Goat anti-mouse Alexa568,No click,4113,186.52451770324166,546.0886520532057,5671.237799344881,1679.2980030721967,260508_mACPOLR2A_CRC_EU,-0.6903493045107325,-0.006451988241866112,-12.0
15,C18,132.14705214997375,5399.507681750492,1689.5446834292638,HCT116 OsTIRF74G,No addition,0,240,No addition,Total Pol II (F12),Goat anti-mouse Alexa568,No click,3301,187.2164808429949,551.1297530278508,5648.951974996006,1648.8173488087966,260508_mACPOLR2A_CRC_EU,-0.8993059759264099,-0.008404892341608667,-12.0
16,C19,132.4186737318126,5905.85914691821,1693.9344550477147,HCT116 OsTIRF74G,No addition,0,240,No addition,Total Pol II (F12),Goat anti-mouse Alexa568,No click,3982,185.3938069540311,545.2339564129132,5580.991301310308,1667.3734498308906,260508_mACPOLR2A_CRC_EU,-0.6276843940875665,-0.005866323473920257,-12.0
17,C20,132.6093003084611,4891.997567110255,1648.3991609229847,HCT116 OsTIRF74G,No addition,0,240,No addition,Total Pol II (F12),Goat anti-mouse Alexa568,No click,3337,184.41264734448913,547.5201027535892,5422.121465235045,1649.4644121116792,260508_mACPOLR2A_CRC_EU,-0.4370578174390687,-0.004084732005533146,-12.0
18,C21,132.5060164852378,6034.256809163049,1725.089439110662,HCT116 OsTIRF74G,No addition,0,240,No addition,Total Pol II (F12),Goat anti-mouse Alexa568,No click,3958,186.6951235020259,532.3475269294487,5718.83147585834,1681.9683143219265,260508_mACPOLR2A_CRC_EU,-0.5403416406623478,-0.0050500201700281605,-12.0
19,C22,132.500302838993,5949.8197774673,1719.3209211170995,HCT116 OsTIRF74G,No addition,0,240,No addition,Total Pol II (F12),Goat anti-mouse Alexa568,No click,4082,185.43947956530826,546.3853167393996,5547.141965696573,1675.4677234091432,260508_mACPOLR2A_CRC_EU,-0.5460552869071478,-0.005103419772445025,-12.0
20,D03,132.49598488887787,4230.599608474576,1675.4335664335665,HCT116 OsTIRF74G,Vehicle,0,240,"EU 1 mM, 30 mins",Nucleolin (D4C7O) ,Goat anti-rabbit Alexa568,AF647 azide click,3432,650.6216095932871,2450.9240459002317,5803.276228869085,1617.0234123500147,260508_mACPOLR2A_CRC_EU,-0.5503732370222849,-0.005143775231905614,-12.0
21,D04,132.5862246016291,3933.7730827404016,1765.3839285714287,HCT116 OsTIRF74G,5PhIAA,1000,240,"EU 1 mM, 30 mins",Nucleolin (D4C7O) ,Goat anti-rabbit Alexa568,AF647 azide click,3472,672.9641283221591,2523.557432090515,5771.729983566546,1710.2663244938694,260508_mACPOLR2A_CRC_EU,-0.46013352427104337,-0.004300397014797069,-6.0
22,D05,150.84916138491013,3616.9001727960203,2002.6456140350876,HCT116 OsTIRF74G mAC-POLR2A Clone 5,5PhIAA,1000,240,"EU 1 mM, 30 mins",Nucleolin (D4C7O) ,Goat anti-rabbit Alexa568,AF647 azide click,3705,371.40746986412984,2290.470174734374,4920.411999220973,1962.807423345885,260508_mACPOLR2A_CRC_EU,17.802803259009977,0.16638457741446502,-6.0
23,D06,226.32244068127898,3811.855156887834,2030.1971179989125,HCT116 OsTIRF74G mAC-POLR2A Clone 5,Vehicle,0,240,"EU 1 mM, 30 mins",Nucleolin (D4C7O) ,Goat anti-rabbit Alexa568,AF647 azide click,3678,454.78752086514254,2448.036978881811,5128.208871964241,1994.6737910766765,260508_mACPOLR2A_CRC_EU,93.27608255537882,0.8717560573500669,-12.0
24,D07,232.49343593302459,3920.84072897535,1969.747057350363,HCT116 OsTIRF74G mAC-POLR2A Clone 5,Vehicle,0,240,"EU 1 mM, 30 mins",Nucleolin (D4C7O) ,Goat anti-rabbit Alexa568,AF647 azide click,3993,438.6313079691274,2332.113715225967,5220.8054386012445,1916.042601462062,260508_mACPOLR2A_CRC_EU,99.44707780712443,0.9294300327487852,-12.0
25,D08,233.00379062352303,3919.0820847898317,1937.4259681093395,HCT116 OsTIRF74G mAC-POLR2A Clone 5,Vehicle,0,240,"EU 1 mM, 30 mins",Nucleolin (D4C7O) ,Goat anti-rabbit Alexa568,AF647 azide click,3951,448.052918074714,2175.5183345391447,5017.459612715042,1912.2175410704822,260508_mACPOLR2A_CRC_EU,99.95743249762288,0.9341997955931338,-12.0
26,D09,231.0854498681212,4317.060055432488,1953.4143254872183,HCT116 OsTIRF74G mAC-POLR2A Clone 5,Vehicle,0,240,"EU 1 mM, 30 mins",Nucleolin (D4C7O) ,Goat anti-rabbit Alexa568,AF647 azide click,3951,430.19718533860083,2251.4636735409836,5204.423141646216,1961.0798071772897,260508_mACPOLR2A_CRC_EU,98.03909174222105,0.9162710283489672,-12.0
27,D10,151.27833934882113,4197.937255809263,1957.4866208856263,HCT116 OsTIRF74G mAC-POLR2A Clone 5,5PhIAA,1000,240,"EU 1 mM, 30 mins",Nucleolin (D4C7O) ,Goat anti-rabbit Alexa568,AF647 azide click,4223,370.61165143209325,2374.8622554909807,5152.627755389889,1928.6139271653544,260508_mACPOLR2A_CRC_EU,18.23198122292098,0.170395664495641,-6.0
28,D11,228.58995506395576,4493.997169040105,1940.1968111609367,HCT116 OsTIRF74G mAC-POLR2A Clone 5,Vehicle,0,240,"EU 1 mM, 30 mins",Nucleolin (D4C7O) ,Goat anti-rabbit Alexa568,AF647 azide click,4014,449.24109748505975,2308.17855858212,5397.956932254469,1902.5983229645658,260508_mACPOLR2A_CRC_EU,95.5435969380556,0.8929481930409422,-12.0
29,D12,228.65759104245768,4459.470759457904,1865.9015911872705,HCT116 OsTIRF74G mAC-POLR2A Clone 5,Vehicle,0,240,"EU 1 mM, 30 mins",Nucleolin (D4C7O) ,Goat anti-rabbit Alexa568,AF647 azide click,4085,421.59880138598174,2277.2765044823877,5323.80130659737,1860.2449560269013,260508_mACPOLR2A_CRC_EU,95.61123291655753,0.8935803172933608,-12.0
30,D13,231.77449445423116,4682.871556502545,1978.3731667571972,HCT116 OsTIRF74G mAC-POLR2A Clone 5,Vehicle,0,240,"EU 1 mM, 30 mins",Nucleolin (D4C7O) ,Goat anti-rabbit Alexa568,AF647 azide click,3682,437.4472681684119,2329.5572766728355,5555.043944528842,1957.14484007242,260508_mACPOLR2A_CRC_EU,98.728136328331,0.9227108227235755,-12.0
31,D14,229.75448284244658,4578.946514142402,1985.3579117330462,HCT116 OsTIRF74G mAC-POLR2A Clone 5,Vehicle,0,240,"EU 1 mM, 30 mins",Nucleolin (D4C7O) ,Goat anti-rabbit Alexa568,AF647 azide click,3716,437.2660713910945,2266.3182697389566,4978.469460981803,1971.7145720011451,260508_mACPOLR2A_CRC_EU,96.70812471654642,0.9038318420647857,-12.0
32,D15,132.70420586465974,5303.264545570704,1735.3214568487729,HCT116 OsTIRF74G,Vehicle,0,240,"EU 1 mM, 30 mins",Nucleolin (D4C7O) ,Goat anti-rabbit Alexa568,AF647 azide click,3789,604.7082246991325,2604.871133047629,5797.725433824592,1659.3302364864865,260508_mACPOLR2A_CRC_EU,-0.34215226124041465,-0.0031977469261240308,-12.0
33,D16,132.6755628239705,5413.373246174087,1668.3090117070515,HCT116 OsTIRF74G,No addition,0,240,No addition,Total Pol II (F12),Goat anti-mouse Alexa568,No click,3673,187.06944551682253,545.3202042857735,5657.954732924577,1629.0594485927627,260508_mACPOLR2A_CRC_EU,-0.37079530192966104,-0.0034654441056979073,-12.0
34,D17,150.49710956047397,4679.909693238685,1904.0129932627526,HCT116 OsTIRF74G mAC-POLR2A Clone 5,5PhIAA,1000,240,No addition,Total Pol II (F12),Goat anti-mouse Alexa568,No click,4156,182.34175188348075,293.73994165844175,5115.266004828676,1901.8798760010334,260508_mACPOLR2A_CRC_EU,17.450751434573817,0.16309430940528752,-6.0
35,D18,231.16418966018614,5016.726304936486,1989.6378845116028,HCT116 OsTIRF74G mAC-POLR2A Clone 5,Vehicle,0,240,No addition,Total Pol II (F12),Goat anti-mouse Alexa568,No click,3706,184.5030443964001,535.9393669794096,5256.123641257032,1984.45610965296,260508_mACPOLR2A_CRC_EU,98.11783153428598,0.9170069285798367,-12.0
36,D19,234.3311781767981,4994.947809426299,1937.9108087679517,HCT116 OsTIRF74G mAC-POLR2A Clone 5,Vehicle,0,240,No addition,Total Pol II (F12),Goat anti-mouse Alexa568,No click,3969,184.4810074471421,535.0729836424782,5316.310858108049,1870.8044332211,260508_mACPOLR2A_CRC_EU,101.28482005089793,0.946605528213086,-12.0
37,D20,232.5820645418169,4941.5135176542,1977.1157024793388,HCT116 OsTIRF74G mAC-POLR2A Clone 5,Vehicle,0,240,No addition,Total Pol II (F12),Goat anti-mouse Alexa568,No click,3872,184.02323774040786,527.0268540148072,5301.466655560619,1906.9733153638815,260508_mACPOLR2A_CRC_EU,99.53570641591674,0.9302583536264692,-12.0
38,D21,234.8908649954692,5207.098252825948,1939.5423107152214,HCT116 OsTIRF74G mAC-POLR2A Clone 5,Vehicle,0,240,No addition,Total Pol II (F12),Goat anti-mouse Alexa568,No click,3817,185.1484679431006,546.6247525850275,5465.069490454105,1903.804655029094,260508_mACPOLR2A_CRC_EU,101.84450686956905,0.9518363479583927,-12.0
39,D22,132.6290853843236,6415.201054299872,1689.9832928311057,HCT116 OsTIRF74G,No addition,0,240,No addition,Total Pol II (F12),Goat anti-mouse Alexa568,No click,3292,185.80469199449746,540.1567455375572,5589.810846222257,1664.087493431424,260508_mACPOLR2A_CRC_EU,-0.4172727415765678,-0.0038998211553371636,-12.0
40,E03,132.26828715768113,4191.011810651987,1732.1517063378262,HCT116 OsTIRF74G,Vehicle,0,240,"EU 1 mM, 30 mins",Nucleolin (D4C7O) ,Goat anti-rabbit Alexa568,AF647 azide click,3487,656.3570408222254,2495.586181886929,5672.8832016629585,1684.830150462963,260508_mACPOLR2A_CRC_EU,-0.7780709682190263,-0.007271832832285404,-12.0
41,E04,131.91762904336892,3710.1274860172757,1704.144625773776,HCT116 OsTIRF74G,Vehicle,0,240,"EU 1 mM, 30 mins",Nucleolin (D4C7O) ,Goat anti-rabbit Alexa568,AF647 azide click,3554,646.2122838637612,2454.7067815132214,5450.255583487123,1652.5095382914017,260508_mACPOLR2A_CRC_EU,-1.1287290825312368,-0.010549075259668993,-12.0
42,E05,155.52535179657744,3661.7876510164383,1972.3206367254122,HCT116 OsTIRF74G mAC-POLR2A Clone 5,5PhIAA,300,240,"EU 1 mM, 30 mins",Nucleolin (D4C7O) ,Goat anti-rabbit Alexa568,AF647 azide click,3518,379.07358404512553,2205.6738034962023,5063.9104494523235,1955.6191595650896,260508_mACPOLR2A_CRC_EU,22.478993670677283,0.21008814219778477,-6.5
43,E06,153.10512498394402,3730.7981298963914,1957.7073855658523,HCT116 OsTIRF74G mAC-POLR2A Clone 5,5PhIAA,1000,240,"EU 1 mM, 30 mins",Nucleolin (D4C7O) ,Goat anti-rabbit Alexa568,AF647 azide click,3561,374.94593818388716,2143.8786607491033,5282.838979112156,1947.0307913669064,260508_mACPOLR2A_CRC_EU,20.058766858043867,0.1874687597551142,-6.0
44,E07,227.88090564709609,3874.2586125421035,1937.6649807321774,HCT116 OsTIRF74G mAC-POLR2A Clone 5,Vehicle,0,240,"EU 1 mM, 30 mins",Nucleolin (D4C7O) ,Goat anti-rabbit Alexa568,AF647 azide click,4152,433.51486978218605,2182.068606447791,5242.6034708311745,1913.390897908979,260508_mACPOLR2A_CRC_EU,94.83454752119593,0.8863214339921692,-12.0
45,E08,227.2019602854727,3989.898553222156,1944.767637031209,HCT116 OsTIRF74G mAC-POLR2A Clone 5,Vehicle,0,240,"EU 1 mM, 30 mins",Nucleolin (D4C7O) ,Goat anti-rabbit Alexa568,AF647 azide click,3813,447.9825855787724,2337.9725283011453,5289.300381469337,1902.005418585749,260508_mACPOLR2A_CRC_EU,94.15560215957254,0.8799760267303075,-12.0
46,E09,230.5772254430067,4412.7191864527285,2008.1752,HCT116 OsTIRF74G mAC-POLR2A Clone 5,Vehicle,0,240,"EU 1 mM, 30 mins",Nucleolin (D4C7O) ,Goat anti-rabbit Alexa568,AF647 azide click,3750,441.59133376520856,2268.032244966287,5180.625726166222,1981.5323480200782,260508_mACPOLR2A_CRC_EU,97.53086731710655,0.9115211749144196,-12.0
47,E10,156.04922856057408,4350.2119922221855,1893.3804077573348,HCT116 OsTIRF74G mAC-POLR2A Clone 5,5PhIAA,300,240,"EU 1 mM, 30 mins",Nucleolin (D4C7O) ,Goat anti-rabbit Alexa568,AF647 azide click,4022,369.6167156729313,2398.6489868089575,5330.119649239899,1878.7005388760585,260508_mACPOLR2A_CRC_EU,23.002870434673923,0.21498428202063677,-6.5
48,E11,152.54636719644395,4641.845402691043,1917.0487386725447,HCT116 OsTIRF74G mAC-POLR2A Clone 5,5PhIAA,1000,240,"EU 1 mM, 30 mins",Nucleolin (D4C7O) ,Goat anti-rabbit Alexa568,AF647 azide click,4083,355.2850762301492,2346.4788298220346,5404.494920697168,1914.5330419130883,260508_mACPOLR2A_CRC_EU,19.500009070543797,0.18224662271311834,-6.0
49,E12,224.45346096918993,4509.767967493258,1939.6857358870968,HCT116 OsTIRF74G mAC-POLR2A Clone 5,Vehicle,0,240,"EU 1 mM, 30 mins",Nucleolin (D4C7O) ,Goat anti-rabbit Alexa568,AF647 azide click,3968,433.73713752659177,2293.75599404425,5423.183199488671,1910.6840731070497,260508_mACPOLR2A_CRC_EU,91.40710284328978,0.8542886172470728,-12.0
50,E13,224.3312993363856,4881.436909234368,2002.967570754717,HCT116 OsTIRF74G mAC-POLR2A Clone 5,Vehicle,0,240,"EU 1 mM, 30 mins",Nucleolin (D4C7O) ,Goat anti-rabbit Alexa568,AF647 azide click,3392,424.42964265133526,2451.1185976318798,5378.616799470555,1957.5896762904638,260508_mACPOLR2A_CRC_EU,91.28494121048544,0.8531468975215502,-12.0
51,E14,232.28789139298132,4773.956800201732,1964.9371865927685,HCT116 OsTIRF74G mAC-POLR2A Clone 5,Vehicle,0,240,"EU 1 mM, 30 mins",Nucleolin (D4C7O) ,Goat anti-rabbit Alexa568,AF647 azide click,3789,414.4913831187285,2202.7432575298644,5299.973351847682,1912.811403508772,260508_mACPOLR2A_CRC_EU,99.24153326708117,0.9275090183479975,-12.0
52,E15,132.50923643362862,5439.945450873608,1721.355179704017,HCT116 OsTIRF74G,5PhIAA,1000,240,"EU 1 mM, 30 mins",Nucleolin (D4C7O) ,Goat anti-rabbit Alexa568,AF647 azide click,3784,599.1842815817018,2470.639724036118,5755.950599091849,1666.912462006079,260508_mACPOLR2A_CRC_EU,-0.5371216922715405,-0.005019926608665586,-6.0
53,E16,132.367187034823,5545.310395311695,1733.9801548886737,HCT116 OsTIRF74G,No addition,0,240,No addition,Total Pol II (F12),Goat anti-mouse Alexa568,No click,4132,186.66512838820074,487.73328674110763,5682.939846502947,1696.4220956155561,260508_mACPOLR2A_CRC_EU,-0.6791710910771656,-0.006347516923988044,-12.0
54,E17,155.41317172736612,4879.380847813879,1947.9637821398949,HCT116 OsTIRF74G mAC-POLR2A Clone 5,5PhIAA,300,240,No addition,Total Pol II (F12),Goat anti-mouse Alexa568,No click,3617,181.62529941781003,269.35808722862106,5179.717342717766,1910.9957459738682,260508_mACPOLR2A_CRC_EU,22.366813601465964,0.20903970992908547,-6.5
55,E18,151.6146030561945,5055.516459599968,1927.172932330827,HCT116 OsTIRF74G mAC-POLR2A Clone 5,5PhIAA,1000,240,No addition,Total Pol II (F12),Goat anti-mouse Alexa568,No click,3458,181.03385601037104,258.05691169955463,5126.985113853429,1932.6045214327658,260508_mACPOLR2A_CRC_EU,18.568244930294355,0.17353837713685524,-6.0
56,E19,233.71069871470615,5447.428850256888,1931.5006105006105,HCT116 OsTIRF74G mAC-POLR2A Clone 5,Vehicle,0,240,No addition,Total Pol II (F12),Goat anti-mouse Alexa568,No click,4095,183.3603378384577,483.80280498195526,5307.992495384444,1925.6275006330716,260508_mACPOLR2A_CRC_EU,100.664340588806,0.9408065418628733,-12.0
57,E20,229.90471751636107,5158.5856218523895,1941.078133478025,HCT116 OsTIRF74G mAC-POLR2A Clone 5,Vehicle,0,240,No addition,Total Pol II (F12),Goat anti-mouse Alexa568,No click,3686,182.1556946336704,479.06451128640197,5158.240390567241,1940.3351515151514,260508_mACPOLR2A_CRC_EU,96.85835939046092,0.9052359317673224,-12.0
58,E21,232.27696202969895,6053.391693510226,1992.3738396624472,HCT116 OsTIRF74G mAC-POLR2A Clone 5,Vehicle,0,240,No addition,Total Pol II (F12),Goat anti-mouse Alexa568,No click,3555,182.6494664749936,485.657354183503,5272.952843527002,1887.1354375896701,260508_mACPOLR2A_CRC_EU,99.2306039037988,0.9274068727777358,-12.0
59,E22,132.22331560677893,6521.497046429518,1712.9611801242236,HCT116 OsTIRF74G,No addition,0,240,No addition,Total Pol II (F12),Goat anti-mouse Alexa568,No click,3220,184.47770463678043,494.7231174369257,5528.210428849745,1664.662625665287,260508_mACPOLR2A_CRC_EU,-0.8230425191212305,-0.007692135881399281,-12.0
60,F03,132.73389357604742,4328.723327039816,1686.1836794384324,HCT116 OsTIRF74G,Vehicle,0,240,"EU 1 mM, 30 mins",Nucleolin (D4C7O) ,Goat anti-rabbit Alexa568,AF647 azide click,3419,643.9257234096015,2395.9839174537715,5936.724466597612,1642.378475336323,260508_mACPOLR2A_CRC_EU,-0.3124645498527343,-0.002920286278956463,-12.0
61,F04,132.74858687983397,4150.598468521012,1743.11751538892,HCT116 OsTIRF74G,5PhIAA,1000,240,"EU 1 mM, 30 mins",Nucleolin (D4C7O) ,Goat anti-rabbit Alexa568,AF647 azide click,3574,583.0731383365513,2560.9982515749957,5599.255866070547,1701.9550561797753,260508_mACPOLR2A_CRC_EU,-0.29777124606619054,-0.0027829630099308863,-6.0
62,F05,166.92103386940846,4101.555176049808,1928.2353600448305,HCT116 OsTIRF74G mAC-POLR2A Clone 5,5PhIAA,100,240,"EU 1 mM, 30 mins",Nucleolin (D4C7O) ,Goat anti-rabbit Alexa568,AF647 azide click,3569,388.76172307684595,2000.8515810991107,5511.577402689764,1899.5663865546219,260508_mACPOLR2A_CRC_EU,33.874675743508305,0.3165919168254119,-7.0
63,F06,158.08247412300736,4019.178136938567,1935.6473784297746,HCT116 OsTIRF74G mAC-POLR2A Clone 5,5PhIAA,300,240,"EU 1 mM, 30 mins",Nucleolin (D4C7O) ,Goat anti-rabbit Alexa568,AF647 azide click,3681,367.5603888735823,2170.5853628748337,5428.068190106693,1942.0502838605028,260508_mACPOLR2A_CRC_EU,25.036115997107203,0.2339869468686058,-6.5
64,F07,155.5018338760512,4209.259025750256,1928.7241851547521,HCT116 OsTIRF74G mAC-POLR2A Clone 5,5PhIAA,1000,240,"EU 1 mM, 30 mins",Nucleolin (D4C7O) ,Goat anti-rabbit Alexa568,AF647 azide click,3651,350.30696076728555,2262.141912107246,5436.6402762515545,1912.3331471655963,260508_mACPOLR2A_CRC_EU,22.455475750151038,0.2098683442698126,-6.0
65,F08,239.00171712274516,4008.0230474478103,1913.6813131313131,HCT116 OsTIRF74G mAC-POLR2A Clone 5,Vehicle,0,240,"EU 1 mM, 30 mins",Nucleolin (D4C7O) ,Goat anti-rabbit Alexa568,AF647 azide click,3960,422.1891656687633,2100.8264823593972,5190.769629704035,1896.176867219917,260508_mACPOLR2A_CRC_EU,105.955358996845,0.9902562745316981,-12.0
66,F09,236.91758884017787,4608.714397160857,2019.1750498007968,HCT116 OsTIRF74G mAC-POLR2A Clone 5,Vehicle,0,240,"EU 1 mM, 30 mins",Nucleolin (D4C7O) ,Goat anti-rabbit Alexa568,AF647 azide click,4016,411.5937638930046,2102.864792313425,5309.504362270673,1939.0380856928089,260508_mACPOLR2A_CRC_EU,103.87123071427771,0.9707780609870421,-12.0
67,F10,163.99794646777195,4788.654528693373,1935.7159059474411,HCT116 OsTIRF74G mAC-POLR2A Clone 5,5PhIAA,100,240,"EU 1 mM, 30 mins",Nucleolin (D4C7O) ,Goat anti-rabbit Alexa568,AF647 azide click,3615,373.53754319396677,2309.1237417928296,5333.149105974491,1927.4231613611416,260508_mACPOLR2A_CRC_EU,30.951588341871798,0.2892728112333927,-7.0
68,F11,156.30359371501189,4677.094700809173,1939.0425,HCT116 OsTIRF74G mAC-POLR2A Clone 5,5PhIAA,300,240,"EU 1 mM, 30 mins",Nucleolin (D4C7O) ,Goat anti-rabbit Alexa568,AF647 azide click,4000,351.57884926860476,2413.714486628909,5332.115070437184,1905.1245524296676,260508_mACPOLR2A_CRC_EU,23.25723558911173,0.21736157272673276,-6.5
69,F12,153.55733684476152,4685.611595726243,2020.7410316836867,HCT116 OsTIRF74G mAC-POLR2A Clone 5,5PhIAA,1000,240,"EU 1 mM, 30 mins",Nucleolin (D4C7O) ,Goat anti-rabbit Alexa568,AF647 azide click,3819,340.73811105824245,2420.4169515117464,5384.380173348343,1994.1807423345886,260508_mACPOLR2A_CRC_EU,20.510978718861367,0.1916951210909813,-6.0
70,F13,231.7400689156636,4872.411635935173,1918.1266304347826,HCT116 OsTIRF74G mAC-POLR2A Clone 5,Vehicle,0,240,"EU 1 mM, 30 mins",Nucleolin (D4C7O) ,Goat anti-rabbit Alexa568,AF647 azide click,3680,394.7106392321345,2382.5765113636153,5388.814951612176,1934.0256556442416,260508_mACPOLR2A_CRC_EU,98.69371078976346,0.9223890824558496,-12.0
71,F14,235.27438079233457,4970.920806230928,1929.2902548725638,HCT116 OsTIRF74G mAC-POLR2A Clone 5,Vehicle,0,240,"EU 1 mM, 30 mins",Nucleolin (D4C7O) ,Goat anti-rabbit Alexa568,AF647 azide click,3335,406.7768740012635,2183.4066332428815,5264.425168450044,1896.8298891883799,260508_mACPOLR2A_CRC_EU,102.22802266643441,0.9554206775083427,-12.0
72,F15,132.43211192175787,5398.437074105919,1723.2734045194934,HCT116 OsTIRF74G,Vehicle,0,240,"EU 1 mM, 30 mins",Nucleolin (D4C7O) ,Goat anti-rabbit Alexa568,AF647 azide click,4027,597.9696459711905,2252.936710188558,5640.092697373617,1641.2431842966193,260508_mACPOLR2A_CRC_EU,-0.6142462041422903,-0.005740730469114764,-12.0
73,F16,132.0859306392385,5535.107171485603,1683.3618677042803,HCT116 OsTIRF74G,No addition,0,240,No addition,Total Pol II (F12),Goat anti-mouse Alexa568,No click,4369,184.93489391434682,462.2195570448288,5467.380905387983,1643.9479571984436,260508_mACPOLR2A_CRC_EU,-0.9604274866616436,-0.008976132532642553,-12.0
74,F17,164.07478816495694,5008.644399708772,1941.1744,HCT116 OsTIRF74G mAC-POLR2A Clone 5,5PhIAA,100,240,No addition,Total Pol II (F12),Goat anti-mouse Alexa568,No click,3750,182.15441019481753,292.3759262828952,5256.958734686997,1895.918732782369,260508_mACPOLR2A_CRC_EU,31.028430039056786,0.28999097191449014,-7.0
75,F18,156.10595451246755,5146.347247181515,2001.9097644879598,HCT116 OsTIRF74G mAC-POLR2A Clone 5,5PhIAA,300,240,No addition,Total Pol II (F12),Goat anti-mouse Alexa568,No click,3779,182.56142467787393,277.77253218775184,5365.429817637312,1932.9579504316346,260508_mACPOLR2A_CRC_EU,23.059596386567392,0.21551444142288997,-6.5
76,F19,154.07016676057424,5028.670788847735,1911.714214088744,HCT116 OsTIRF74G mAC-POLR2A Clone 5,5PhIAA,1000,240,No addition,Total Pol II (F12),Goat anti-mouse Alexa568,No click,3989,180.8806259281541,264.601445944542,5130.966897625548,1903.1629359708486,260508_mACPOLR2A_CRC_EU,21.023808634674083,0.19648801733246565,-6.0
77,F20,235.58253803152337,5137.553573798261,1921.5107116473775,HCT116 OsTIRF74G mAC-POLR2A Clone 5,Vehicle,0,240,No addition,Total Pol II (F12),Goat anti-mouse Alexa568,No click,4061,183.00331625664606,484.2270379291981,5295.628003906778,1832.2429350520574,260508_mACPOLR2A_CRC_EU,102.53617990562321,0.9583007077638974,-12.0
78,F21,242.2201320683285,5461.575514475067,1994.635738831615,HCT116 OsTIRF74G mAC-POLR2A Clone 5,Vehicle,0,240,No addition,Total Pol II (F12),Goat anti-mouse Alexa568,No click,3492,183.92559296360864,486.0484914930938,5386.0487073111435,2001.197099733649,260508_mACPOLR2A_CRC_EU,109.17377394242834,1.020335504351545,-12.0
79,F22,132.64824041680052,6506.741404259384,1672.8845329249616,HCT116 OsTIRF74G,No addition,0,240,No addition,Total Pol II (F12),Goat anti-mouse Alexa568,No click,3265,184.74030200403143,486.70190014899487,5491.634459443121,1620.2800226052557,260508_mACPOLR2A_CRC_EU,-0.39811770909963684,-0.0037207986756935983,-12.0
80,G03,132.98878672277834,4368.179564296452,1719.293307716939,HCT116 OsTIRF74G,Vehicle,0,240,"EU 1 mM, 30 mins",Nucleolin (D4C7O) ,Goat anti-rabbit Alexa568,AF647 azide click,3123,633.6200148122879,2474.6608630885203,5551.2836683567875,1664.0611395646606,260508_mACPOLR2A_CRC_EU,-0.057571403121812637,-0.0005380609694000124,-12.0
81,G04,132.33644355872482,4281.631721751687,1672.567244611059,HCT116 OsTIRF74G,Vehicle,0,240,"EU 1 mM, 30 mins",Nucleolin (D4C7O) ,Goat anti-rabbit Alexa568,AF647 azide click,4268,630.5038559437803,2461.8169374741005,5561.502658524311,1618.2556619192155,260508_mACPOLR2A_CRC_EU,-0.709914567175332,-0.006634844723123066,-12.0
82,G05,184.68731547788266,4313.817394570083,1936.3662222222222,HCT116 OsTIRF74G mAC-POLR2A Clone 5,5PhIAA,30,240,"EU 1 mM, 30 mins",Nucleolin (D4C7O) ,Goat anti-rabbit Alexa568,AF647 azide click,3375,417.5860883789756,1977.8182659900297,5347.536883646968,1918.9291109819872,260508_mACPOLR2A_CRC_EU,51.64095735198251,0.48263516375936405,-7.5
83,G06,171.466691776208,4277.3503109305175,1916.2791214901306,HCT116 OsTIRF74G mAC-POLR2A Clone 5,5PhIAA,100,240,"EU 1 mM, 30 mins",Nucleolin (D4C7O) ,Goat anti-rabbit Alexa568,AF647 azide click,3597,398.2339627448905,1969.3678650301003,5490.914311089112,1895.0806542583193,260508_mACPOLR2A_CRC_EU,38.42033365030784,0.35907552791125513,-7.0
84,G07,159.6861883576718,4464.36995221515,1851.5136950904393,HCT116 OsTIRF74G mAC-POLR2A Clone 5,5PhIAA,300,240,"EU 1 mM, 30 mins",Nucleolin (D4C7O) ,Goat anti-rabbit Alexa568,AF647 azide click,3870,372.62284282469705,2222.7730086356187,5488.7774631500515,1822.7193161520795,260508_mACPOLR2A_CRC_EU,26.63983023177164,0.24897522210515657,-6.5
85,G08,157.0215630611166,4300.4958015958255,1897.4738518715158,HCT116 OsTIRF74G mAC-POLR2A Clone 5,5PhIAA,1000,240,"EU 1 mM, 30 mins",Nucleolin (D4C7O) ,Goat anti-rabbit Alexa568,AF647 azide click,3767,370.7501629975234,2204.360588616791,5385.17926001238,1896.217683557394,260508_mACPOLR2A_CRC_EU,23.975204935216453,0.22407169722286885,-6.0
86,G09,239.67977645177203,4598.421479651866,1906.6864179468423,HCT116 OsTIRF74G mAC-POLR2A Clone 5,Vehicle,0,240,"EU 1 mM, 30 mins",Nucleolin (D4C7O) ,Goat anti-rabbit Alexa568,AF647 azide click,4101,422.0018706472589,2008.7749238227352,5226.951463061238,1884.3424789410349,260508_mACPOLR2A_CRC_EU,106.63341832587187,0.9965934009539076,-12.0
87,G10,179.92354042172983,4735.860348875815,1915.6615632554392,HCT116 OsTIRF74G mAC-POLR2A Clone 5,5PhIAA,30,240,"EU 1 mM, 30 mins",Nucleolin (D4C7O) ,Goat anti-rabbit Alexa568,AF647 azide click,3723,397.3700296248075,2333.715969142332,5215.570874026231,1904.4854447439352,260508_mACPOLR2A_CRC_EU,46.87718229582967,0.43811303496403425,-7.5
88,G11,164.84445281151537,4651.821675982164,1942.9510122469383,HCT116 OsTIRF74G mAC-POLR2A Clone 5,5PhIAA,100,240,"EU 1 mM, 30 mins",Nucleolin (D4C7O) ,Goat anti-rabbit Alexa568,AF647 azide click,4001,365.8860038188596,2209.5462680811515,5254.6408500198595,1959.5359939378632,260508_mACPOLR2A_CRC_EU,31.79809468561521,0.2971842394637266,-7.0
89,G12,159.0492036990614,4737.782172367355,1906.863543266769,HCT116 OsTIRF74G mAC-POLR2A Clone 5,5PhIAA,300,240,"EU 1 mM, 30 mins",Nucleolin (D4C7O) ,Goat anti-rabbit Alexa568,AF647 azide click,3906,355.80149003573484,2111.01501117227,5369.395929327423,1902.2087490406755,260508_mACPOLR2A_CRC_EU,26.00284557316124,0.24302197857937924,-6.5
90,G13,156.61569091089984,4883.261167787795,1913.9311323188033,HCT116 OsTIRF74G mAC-POLR2A Clone 5,5PhIAA,1000,240,"EU 1 mM, 30 mins",Nucleolin (D4C7O) ,Goat anti-rabbit Alexa568,AF647 azide click,3877,355.38548581955854,2213.077789037529,5575.171693805337,1879.6254748037477,260508_mACPOLR2A_CRC_EU,23.569332784999688,0.220278425724239,-6.0
91,G14,237.32372581335693,4927.498416275109,1946.281016855485,HCT116 OsTIRF74G mAC-POLR2A Clone 5,Vehicle,0,240,"EU 1 mM, 30 mins",Nucleolin (D4C7O) ,Goat anti-rabbit Alexa568,AF647 azide click,3619,411.4160562869571,1995.8569400499493,5502.671139698214,1911.830048557555,260508_mACPOLR2A_CRC_EU,104.27736768745677,0.9745738075148024,-12.0
92,G15,132.63154083534363,5561.083395786263,1670.9734171097148,HCT116 OsTIRF74G,5PhIAA,1000,240,"EU 1 mM, 30 mins",Nucleolin (D4C7O) ,Goat anti-rabbit Alexa568,AF647 azide click,4138,581.3241246288256,2207.834758523288,5560.0300387519355,1621.6093402520385,260508_mACPOLR2A_CRC_EU,-0.4148172905565275,-0.0038768725682867193,-6.0
93,G16,132.1356607908935,5361.806752808543,1650.7128580946037,HCT116 OsTIRF74G,No addition,0,240,No addition,Total Pol II (F12),Goat anti-mouse Alexa568,No click,4503,184.76451912745202,471.9270150452083,5471.347936931522,1625.6138571120225,260508_mACPOLR2A_CRC_EU,-0.9106973350066596,-0.008511355713650064,-12.0
94,G17,185.13855070928275,5595.656315129813,1883.3929929386204,HCT116 OsTIRF74G mAC-POLR2A Clone 5,5PhIAA,30,240,No addition,Total Pol II (F12),Goat anti-mouse Alexa568,No click,3682,183.67406004524193,345.38949797349824,5424.6159454079625,1848.4434065934065,260508_mACPOLR2A_CRC_EU,52.0921925833826,0.48685239753983767,-7.5
95,G18,165.29452307145073,5287.208907058448,1950.9958060288336,HCT116 OsTIRF74G mAC-POLR2A Clone 5,5PhIAA,100,240,No addition,Total Pol II (F12),Goat anti-mouse Alexa568,No click,3815,179.62801103283797,280.4418382527948,4968.514389491767,1941.8666666666666,260508_mACPOLR2A_CRC_EU,32.24816494555057,0.3013905854484953,-7.0
96,G19,159.09999753547825,5416.778924625525,1932.5452544031311,HCT116 OsTIRF74G mAC-POLR2A Clone 5,5PhIAA,300,240,No addition,Total Pol II (F12),Goat anti-mouse Alexa568,No click,4088,179.83496928552557,261.132743361645,5027.166521089256,1905.917951268026,260508_mACPOLR2A_CRC_EU,26.053639409578096,0.24349669657095177,-6.5
97,G20,156.38273883103545,5271.432679107015,1883.9709081022295,HCT116 OsTIRF74G mAC-POLR2A Clone 5,5PhIAA,1000,240,No addition,Total Pol II (F12),Goat anti-mouse Alexa568,No click,3678,178.8684344395337,244.87738971031274,4987.263484264401,1888.401706970128,260508_mACPOLR2A_CRC_EU,23.336380705135298,0.21810126110571518,-6.0
98,G21,234.9043724853192,5908.23277313443,1986.4806830907055,HCT116 OsTIRF74G mAC-POLR2A Clone 5,Vehicle,0,240,No addition,Total Pol II (F12),Goat anti-mouse Alexa568,No click,3572,180.1154689671078,448.32471708004374,4874.853444522567,1937.2551895931358,260508_mACPOLR2A_CRC_EU,101.85801435941903,0.9519625886384654,-12.0
99,G22,132.65209825249542,6729.124959756595,1691.464190193165,HCT116 OsTIRF74G,No addition,0,240,No addition,Total Pol II (F12),Goat anti-mouse Alexa568,No click,3365,183.34777826786032,456.8964333725987,5420.551118902442,1679.3153969099626,260508_mACPOLR2A_CRC_EU,-0.3942598734047351,-0.003684743434701941,-12.0
100,H03,132.47577249833776,4389.7853828314055,1703.814465408805,HCT116 OsTIRF74G,Vehicle,0,240,"EU 1 mM, 30 mins",Nucleolin (D4C7O) ,Goat anti-rabbit Alexa568,AF647 azide click,3180,619.0976669219092,2339.536991193369,5504.758617019144,1659.7383403997578,260508_mACPOLR2A_CRC_EU,-0.5705856275623944,-0.005332679754953142,-12.0
101,H04,132.55974992607088,4864.9593366191375,1707.3966732449958,HCT116 OsTIRF74G,5PhIAA,1000,240,"EU 1 mM, 30 mins",Nucleolin (D4C7O) ,Goat anti-rabbit Alexa568,AF647 azide click,3547,577.9650213238688,2530.8639340560344,5453.61807666011,1676.279469825155,260508_mACPOLR2A_CRC_EU,-0.48660819982927705,-0.004547828705236743,-6.0
102,H05,205.53065875210348,3950.628213535229,1911.6112021857923,HCT116 OsTIRF74G mAC-POLR2A Clone 5,5PhIAA,10,240,"EU 1 mM, 30 mins",Nucleolin (D4C7O) ,Goat anti-rabbit Alexa568,AF647 azide click,3660,423.07781315570253,1895.5249504069382,5143.292530147969,1888.6162133046055,260508_mACPOLR2A_CRC_EU,72.48430062620332,0.6774365561092294,-8.0
103,H06,188.08911307627565,4025.815162477028,1886.9979751961528,HCT116 OsTIRF74G mAC-POLR2A Clone 5,5PhIAA,30,240,"EU 1 mM, 30 mins",Nucleolin (D4C7O) ,Goat anti-rabbit Alexa568,AF647 azide click,3951,414.0496265513253,2062.940193076092,5258.793716877921,1863.2300457549568,260508_mACPOLR2A_CRC_EU,55.042754950375496,0.5144282835070478,-7.5
104,H07,169.8757288917404,4276.784443354614,1876.038156590684,HCT116 OsTIRF74G mAC-POLR2A Clone 5,5PhIAA,100,240,"EU 1 mM, 30 mins",Nucleolin (D4C7O) ,Goat anti-rabbit Alexa568,AF647 azide click,4036,374.66415605714616,2132.188947539151,5333.145402354249,1862.0955993930197,260508_mACPOLR2A_CRC_EU,36.82937076584025,0.34420642649149596,-7.0
105,H08,162.36079008861142,4478.246184807558,1818.1068765534383,HCT116 OsTIRF74G mAC-POLR2A Clone 5,5PhIAA,300,240,"EU 1 mM, 30 mins",Nucleolin (D4C7O) ,Goat anti-rabbit Alexa568,AF647 azide click,3621,371.9430004524939,2026.9594953073085,5464.920863157389,1826.7821320909839,260508_mACPOLR2A_CRC_EU,29.314431962711268,0.2739719865068059,-6.5
106,H09,156.3372921578387,4624.28568944222,1903.857912787849,HCT116 OsTIRF74G mAC-POLR2A Clone 5,5PhIAA,1000,240,"EU 1 mM, 30 mins",Nucleolin (D4C7O) ,Goat anti-rabbit Alexa568,AF647 azide click,4082,336.95909350377445,2131.663011092244,5086.542862799296,1927.498172959805,260508_mACPOLR2A_CRC_EU,23.290934031938548,0.21767651757489467,-6.0
107,H10,210.77684057959857,4758.601392998191,1823.5139062891506,HCT116 OsTIRF74G mAC-POLR2A Clone 5,5PhIAA,10,240,"EU 1 mM, 30 mins",Nucleolin (D4C7O) ,Goat anti-rabbit Alexa568,AF647 azide click,3991,415.43927055254784,2094.1552068133756,5416.384909547121,1842.251410350748,260508_mACPOLR2A_CRC_EU,77.73048245369841,0.7264672471587106,-8.0
108,H11,188.77690599606248,4809.73815748906,1909.9357976653696,HCT116 OsTIRF74G mAC-POLR2A Clone 5,5PhIAA,30,240,"EU 1 mM, 30 mins",Nucleolin (D4C7O) ,Goat anti-rabbit Alexa568,AF647 azide click,4112,394.40078125846145,2195.3829684752013,5384.704564703526,1900.0896517658682,260508_mACPOLR2A_CRC_EU,55.730547870162326,0.5208563798378589,-7.5
109,H12,170.85875035349733,4991.570077531163,1916.6104118993135,HCT116 OsTIRF74G mAC-POLR2A Clone 5,5PhIAA,100,240,"EU 1 mM, 30 mins",Nucleolin (D4C7O) ,Goat anti-rabbit Alexa568,AF647 azide click,3496,366.28001232323885,2048.42461548304,5571.322863260807,1892.202350965575,260508_mACPOLR2A_CRC_EU,37.81239222759717,0.3533937217800061,-7.0
110,H13,163.5701952633182,5164.576786858273,1832.5369734789392,HCT116 OsTIRF74G mAC-POLR2A Clone 5,5PhIAA,300,240,"EU 1 mM, 30 mins",Nucleolin (D4C7O) ,Goat anti-rabbit Alexa568,AF647 azide click,3205,356.94428922033546,2050.6717821808265,5752.384312837596,1841.821138211382,260508_mACPOLR2A_CRC_EU,30.52383713741804,0.2852750586122965,-6.5
111,H14,156.4389573991664,4961.07702882617,1841.14704271632,HCT116 OsTIRF74G mAC-POLR2A Clone 5,5PhIAA,1000,240,"EU 1 mM, 30 mins",Nucleolin (D4C7O) ,Goat anti-rabbit Alexa568,AF647 azide click,3652,339.8004311907803,2137.843581716385,5467.773362164991,1818.9408853450645,260508_mACPOLR2A_CRC_EU,23.392599273266256,0.21862667851134662,-6.0
112,H15,132.46177688256932,5362.946661932013,1654.7297491039426,HCT116 OsTIRF74G,Vehicle,0,240,"EU 1 mM, 30 mins",Nucleolin (D4C7O) ,Goat anti-rabbit Alexa568,AF647 azide click,4185,620.6599090973805,2033.9785304276418,5603.397724039691,1573.591304347826,260508_mACPOLR2A_CRC_EU,-0.5845812433308311,-0.005463482448293475,-12.0
113,H16,132.6529870283714,5213.559953267739,1658.3761276891048,HCT116 OsTIRF74G,No addition,0,240,No addition,Total Pol II (F12),Goat anti-mouse Alexa568,No click,4323,181.22043924487434,434.82656502653316,5145.095217107143,1631.2976851851852,260508_mACPOLR2A_CRC_EU,-0.39337109752875676,-0.0036764369564249322,-12.0
114,H17,204.6263372518661,5052.925428585762,1859.129397293973,HCT116 OsTIRF74G mAC-POLR2A Clone 5,5PhIAA,10,240,No addition,Total Pol II (F12),Goat anti-mouse Alexa568,No click,4065,182.07385699365773,388.50022240134376,5186.534786917808,1862.782806573957,260508_mACPOLR2A_CRC_EU,71.57997912596593,0.668984788796255,-8.0
115,H18,181.96129649836948,5174.7242009691145,1891.408615855213,HCT116 OsTIRF74G mAC-POLR2A Clone 5,5PhIAA,30,240,No addition,Total Pol II (F12),Goat anti-mouse Alexa568,No click,3923,180.22128305461598,331.3611659520179,4981.517931563937,1878.6164102564103,260508_mACPOLR2A_CRC_EU,48.91493837246932,0.4571578549708977,-7.5
116,H19,167.47586142181117,5517.106703136273,1956.0537507383344,HCT116 OsTIRF74G mAC-POLR2A Clone 5,5PhIAA,100,240,No addition,Total Pol II (F12),Goat anti-mouse Alexa568,No click,3386,181.8266988665352,289.02512184479207,5259.815020831151,1891.5034143676592,260508_mACPOLR2A_CRC_EU,34.42950329591102,0.32177732198331627,-7.0
117,H20,157.79532077791086,5144.989167512793,1976.0477682067346,HCT116 OsTIRF74G mAC-POLR2A Clone 5,5PhIAA,300,240,No addition,Total Pol II (F12),Goat anti-mouse Alexa568,No click,3831,179.4726238740028,258.36050995023777,5000.142878753442,1928.14152892562,260508_mACPOLR2A_CRC_EU,24.748962652010704,0.23130321850954244,-6.5
118,H21,155.5744089060906,5579.914298337531,1945.6790633608816,HCT116 OsTIRF74G mAC-POLR2A Clone 5,5PhIAA,1000,240,No addition,Total Pol II (F12),Goat anti-mouse Alexa568,No click,3630,179.67826430270202,247.67758237681574,4946.936863503812,1906.5907281001137,260508_mACPOLR2A_CRC_EU,22.528050780190455,0.21054662878086786,-6.0
119,H22,133.04416110122907,6377.384974118679,1665.266941661756,HCT116 OsTIRF74G,No addition,0,240,No addition,Total Pol II (F12),Goat anti-mouse Alexa568,No click,3394,184.37452870790412,461.614171297087,5489.344120350882,1640.5400398974066,260508_mACPOLR2A_CRC_EU,-0.0021970246710907304,-2.053334051667286e-05,-12.0
120,I03,132.71226107986652,4420.347520870105,1731.7672518159807,HCT116 OsTIRF74G,Vehicle,0,240,"EU 1 mM, 30 mins",Nucleolin (D4C7O) ,Goat anti-rabbit Alexa568,AF647 azide click,3304,625.0098517458513,2424.576164998121,5565.131373256623,1682.7553597650515,260508_mACPOLR2A_CRC_EU,-0.33409704603363366,-0.0031224630756728658,-12.0
121,I04,132.67537789757975,4237.213016426395,1729.8315849163596,HCT116 OsTIRF74G,Vehicle,0,240,"EU 1 mM, 30 mins",Nucleolin (D4C7O) ,Goat anti-rabbit Alexa568,AF647 azide click,3527,559.3237377000276,2718.475616738272,5289.090446686459,1674.5716422375112,260508_mACPOLR2A_CRC_EU,-0.37098022832040556,-0.003467172423363904,-12.0
122,I05,219.50218207386806,3805.1088023172815,1951.3125820856317,HCT116 OsTIRF74G mAC-POLR2A Clone 5,5PhIAA,3,240,"EU 1 mM, 30 mins",Nucleolin (D4C7O) ,Goat anti-rabbit Alexa568,AF647 azide click,3807,415.9187613952101,2012.3756606026614,5040.129697015342,1940.73043699187,260508_mACPOLR2A_CRC_EU,86.4558239479679,0.8080140820138445,-8.5
123,I06,206.87263900141642,3791.7854874068776,1909.5875064532784,HCT116 OsTIRF74G mAC-POLR2A Clone 5,5PhIAA,10,240,"EU 1 mM, 30 mins",Nucleolin (D4C7O) ,Goat anti-rabbit Alexa568,AF647 azide click,3874,426.802113526344,2075.901606754591,5075.011613318728,1884.2193661093088,260508_mACPOLR2A_CRC_EU,73.82628087551626,0.689978671720572,-8.0
124,I07,189.61027651684782,4167.406433910282,1843.3189655172414,HCT116 OsTIRF74G mAC-POLR2A Clone 5,5PhIAA,30,240,"EU 1 mM, 30 mins",Nucleolin (D4C7O) ,Goat anti-rabbit Alexa568,AF647 azide click,3596,398.45093114650837,2032.5054293712515,5366.710566908991,1835.2614742698192,260508_mACPOLR2A_CRC_EU,56.56391839094766,0.528645040978085,-7.5
125,I08,171.04912853551716,4087.1052568954897,1855.9792065663476,HCT116 OsTIRF74G mAC-POLR2A Clone 5,5PhIAA,100,240,"EU 1 mM, 30 mins",Nucleolin (D4C7O) ,Goat anti-rabbit Alexa568,AF647 azide click,3655,385.9667482157852,2029.4955766344367,5202.460779507882,1832.3318729463308,260508_mACPOLR2A_CRC_EU,38.002770409617,0.3551729917580795,-7.0
126,I09,161.9078799902627,4538.872880199939,1929.2719416689172,HCT116 OsTIRF74G mAC-POLR2A Clone 5,5PhIAA,300,240,"EU 1 mM, 30 mins",Nucleolin (D4C7O) ,Goat anti-rabbit Alexa568,AF647 azide click,3703,359.38510627866106,2004.1553780584113,5320.040914879519,1877.235446313066,260508_mACPOLR2A_CRC_EU,28.861521864362544,0.26973909945951696,-6.5
127,I10,228.28451222645617,4521.407540339834,1922.7639170040486,HCT116 OsTIRF74G mAC-POLR2A Clone 5,5PhIAA,3,240,"EU 1 mM, 30 mins",Nucleolin (D4C7O) ,Goat anti-rabbit Alexa568,AF647 azide click,3952,410.732941323206,1991.650295194859,5230.8065185664755,1901.7043347531946,260508_mACPOLR2A_CRC_EU,95.23815410055602,0.8900935315192562,-8.5
128,I11,209.43330302510248,4776.3069428650715,1879.2599396074484,HCT116 OsTIRF74G mAC-POLR2A Clone 5,5PhIAA,10,240,"EU 1 mM, 30 mins",Nucleolin (D4C7O) ,Goat anti-rabbit Alexa568,AF647 azide click,3974,410.21192679060346,2102.4825563137147,5369.984281413513,1888.7320130358487,260508_mACPOLR2A_CRC_EU,76.38694489920232,0.713910577010027,-8.0
129,I12,188.8125325207376,4594.353210327492,1848.1712403951701,HCT116 OsTIRF74G mAC-POLR2A Clone 5,5PhIAA,30,240,"EU 1 mM, 30 mins",Nucleolin (D4C7O) ,Goat anti-rabbit Alexa568,AF647 azide click,3644,388.61164221383575,2028.4669144298869,5300.749388697401,1851.2262773722628,260508_mACPOLR2A_CRC_EU,55.766174394837435,0.5211893444932884,-7.5
130,I13,169.8664083646583,4890.7781459655425,1911.8484216018785,HCT116 OsTIRF74G mAC-POLR2A Clone 5,5PhIAA,100,240,"EU 1 mM, 30 mins",Nucleolin (D4C7O) ,Goat anti-rabbit Alexa568,AF647 azide click,3833,360.0740253096647,2261.711804404039,5350.949385711382,1902.855987477172,260508_mACPOLR2A_CRC_EU,36.82005023875814,0.34411931706624005,-7.0
131,I14,160.52080428109252,4796.590897278273,1900.2781710914455,HCT116 OsTIRF74G mAC-POLR2A Clone 5,5PhIAA,300,240,"EU 1 mM, 30 mins",Nucleolin (D4C7O) ,Goat anti-rabbit Alexa568,AF647 azide click,3390,329.207928210921,2204.5634498508966,5063.767172163762,1932.1245100994875,260508_mACPOLR2A_CRC_EU,27.474446155192368,0.2567755227489027,-6.5
132,I15,132.73873796370134,5025.043590651861,1705.5634715025906,HCT116 OsTIRF74G,5PhIAA,1000,240,"EU 1 mM, 30 mins",Nucleolin (D4C7O) ,Goat anti-rabbit Alexa568,AF647 azide click,4632,590.0891949970725,2143.081518726081,5289.778658816031,1628.983681462141,260508_mACPOLR2A_CRC_EU,-0.30762016219881616,-0.002875010746732565,-6.0
133,I16,132.88440480977127,4991.488324792795,1597.9146341463415,HCT116 OsTIRF74G,No addition,0,240,No addition,Total Pol II (F12),Goat anti-mouse Alexa568,No click,4756,180.64747747355045,447.7632900673587,5059.399465510041,1603.888366124893,260508_mACPOLR2A_CRC_EU,-0.16195331612888708,-0.0015136118549947202,-12.0
134,I17,226.3492163434067,5099.5462418958905,1876.2359173126615,HCT116 OsTIRF74G mAC-POLR2A Clone 5,5PhIAA,3,240,No addition,Total Pol II (F12),Goat anti-mouse Alexa568,No click,3870,182.0188469396966,418.9848363350503,5178.3197055669325,1869.2412184412733,260508_mACPOLR2A_CRC_EU,93.30285821750655,0.8720063020538531,-8.5
135,I18,206.6423776679821,5149.8494914215435,1931.3957079298614,HCT116 OsTIRF74G mAC-POLR2A Clone 5,5PhIAA,10,240,No addition,Total Pol II (F12),Goat anti-mouse Alexa568,No click,3821,180.2931824407705,382.12732137821087,4962.435100409947,1913.0438863521056,260508_mACPOLR2A_CRC_EU,73.59601954208193,0.6878266547544253,-8.0
136,I19,185.16398294501755,5264.512021004233,1922.6242171189979,HCT116 OsTIRF74G mAC-POLR2A Clone 5,5PhIAA,30,240,No addition,Total Pol II (F12),Goat anti-mouse Alexa568,No click,3832,179.43690408506686,325.53183991943575,4853.048346332822,1877.511281924126,260508_mACPOLR2A_CRC_EU,52.117624819117395,0.4870900866123885,-7.5
137,I20,168.53353914442846,5113.934401643299,1891.7471352177236,HCT116 OsTIRF74G mAC-POLR2A Clone 5,5PhIAA,100,240,No addition,Total Pol II (F12),Goat anti-mouse Alexa568,No click,3927,176.8347936498888,268.68786551395203,4631.7588051682615,1890.0382824624935,260508_mACPOLR2A_CRC_EU,35.487181018528304,0.33166235291681867,-7.0
138,I21,158.09104395566598,5531.064165736358,1919.7676286072774,HCT116 OsTIRF74G mAC-POLR2A Clone 5,5PhIAA,300,240,No addition,Total Pol II (F12),Goat anti-mouse Alexa568,No click,3985,176.91331020780078,243.52012979927065,4660.80774595908,1904.4748670855486,260508_mACPOLR2A_CRC_EU,25.044685829765825,0.23406704032156783,-6.5
139,I22,132.71735244799117,6486.789340715654,1680.8935762224353,HCT116 OsTIRF74G,No addition,0,240,No addition,Total Pol II (F12),Goat anti-mouse Alexa568,No click,3129,182.27704703316576,441.649869169294,5116.138871553793,1669.1782703715267,260508_mACPOLR2A_CRC_EU,-0.32900567790898094,-0.003074879269821779,-12.0
140,J03,132.92414952845888,4508.731420872427,1684.2612129760225,HCT116 OsTIRF74G,Vehicle,0,240,"EU 1 mM, 30 mins",Nucleolin (D4C7O) ,Goat anti-rabbit Alexa568,AF647 azide click,3545,597.1370727287674,2306.6128231464063,5564.025237571754,1631.341463414634,260508_mACPOLR2A_CRC_EU,-0.1222085974412721,-0.0011421586559066032,-12.0
141,J04,133.21889408435229,3902.0869071197917,1706.4636126413452,HCT116 OsTIRF74G,5PhIAA,1000,240,"EU 1 mM, 30 mins",Nucleolin (D4C7O) ,Goat anti-rabbit Alexa568,AF647 azide click,3449,553.9863686502929,2573.669846394293,4939.3097841818335,1650.8521167048054,260508_mACPOLR2A_CRC_EU,0.17253595845213,0.001612516979387985,-6.0
142,J05,245.29119288730635,3930.0786925405723,1955.7317131857556,HCT116 OsTIRF74G mAC-POLR2A Clone 5,Vehicle,0,240,"EU 1 mM, 30 mins",Nucleolin (D4C7O) ,Goat anti-rabbit Alexa568,AF647 azide click,4156,421.69761787418855,2016.6192502212907,5084.974543797663,1938.300023736055,260508_mACPOLR2A_CRC_EU,112.2448347614062,1.0490375659957496,-12.0
143,J06,229.68208979583756,3967.68301874973,1894.0882424242425,HCT116 OsTIRF74G mAC-POLR2A Clone 5,5PhIAA,3,240,"EU 1 mM, 30 mins",Nucleolin (D4C7O) ,Goat anti-rabbit Alexa568,AF647 azide click,4125,404.6865208514627,2026.8127885917042,5070.780367733633,1892.8915286777058,260508_mACPOLR2A_CRC_EU,96.6357316699374,0.9031552583665587,-8.5
144,J07,209.87945042957097,3887.9369683503423,1941.9865364308341,HCT116 OsTIRF74G mAC-POLR2A Clone 5,5PhIAA,10,240,"EU 1 mM, 30 mins",Nucleolin (D4C7O) ,Goat anti-rabbit Alexa568,AF647 azide click,3788,385.86193318749133,2046.4652431729066,5002.815977718328,1889.1954170957777,260508_mACPOLR2A_CRC_EU,76.83309230367081,0.7180802600805559,-8.0
145,J08,185.87333117328254,4114.866451817659,1902.9228486646884,HCT116 OsTIRF74G mAC-POLR2A Clone 5,5PhIAA,30,240,"EU 1 mM, 30 mins",Nucleolin (D4C7O) ,Goat anti-rabbit Alexa568,AF647 azide click,4044,383.664964747467,2039.1927213389934,4970.249880028913,1880.6035189202216,260508_mACPOLR2A_CRC_EU,52.82697304738238,0.4937196383454751,-7.5
146,J09,170.58004087602328,4511.555581841889,1921.0419057121476,HCT116 OsTIRF74G mAC-POLR2A Clone 5,5PhIAA,100,240,"EU 1 mM, 30 mins",Nucleolin (D4C7O) ,Goat anti-rabbit Alexa568,AF647 azide click,4009,351.5392994301148,2062.9510390885466,4992.78960250092,1918.0818249442102,260508_mACPOLR2A_CRC_EU,37.53368275012312,0.3507889096076614,-7.0
147,J10,246.82161455248743,4495.291909317687,1849.1160451422963,HCT116 OsTIRF74G mAC-POLR2A Clone 5,Vehicle,0,240,"EU 1 mM, 30 mins",Nucleolin (D4C7O) ,Goat anti-rabbit Alexa568,AF647 azide click,4076,408.021544000512,2083.5291001382584,5055.118082306401,1832.2918536009445,260508_mACPOLR2A_CRC_EU,113.77525642658728,1.0633408506146045,-12.0
148,J11,231.34429224791063,4678.720545151013,1894.0928948029123,HCT116 OsTIRF74G mAC-POLR2A Clone 5,5PhIAA,3,240,"EU 1 mM, 30 mins",Nucleolin (D4C7O) ,Goat anti-rabbit Alexa568,AF647 azide click,3983,396.2586291606835,2024.1051618416586,5273.684693727209,1898.518373346399,260508_mACPOLR2A_CRC_EU,98.29793412201047,0.9186901630971099,-8.5
149,J12,210.42580137284813,4890.694738494862,1885.060162991371,HCT116 OsTIRF74G mAC-POLR2A Clone 5,5PhIAA,10,240,"EU 1 mM, 30 mins",Nucleolin (D4C7O) ,Goat anti-rabbit Alexa568,AF647 azide click,4172,394.214010262403,2105.450948014932,5240.532184519005,1881.8158335326477,260508_mACPOLR2A_CRC_EU,77.37944324694797,0.7231864430504295,-8.0
150,J13,187.2064621194022,4726.689255489408,1935.7344097995547,HCT116 OsTIRF74G mAC-POLR2A Clone 5,5PhIAA,30,240,"EU 1 mM, 30 mins",Nucleolin (D4C7O) ,Goat anti-rabbit Alexa568,AF647 azide click,3592,363.2481841659001,2139.6192757797567,5192.16026138432,1958.155477031802,260508_mACPOLR2A_CRC_EU,54.16010399350205,0.5061790485788611,-7.5
151,J14,168.0585803497125,4796.428116260028,2042.226681428176,HCT116 OsTIRF74G mAC-POLR2A Clone 5,5PhIAA,100,240,"EU 1 mM, 30 mins",Nucleolin (D4C7O) ,Goat anti-rabbit Alexa568,AF647 azide click,3613,347.5126112152616,2128.0627010185603,4902.216315395497,2071.978476352308,260508_mACPOLR2A_CRC_EU,35.01222222381236,0.327223399275734,-7.0
152,J15,132.85877936852827,5411.943032924833,1655.3098976109216,HCT116 OsTIRF74G,Vehicle,0,240,"EU 1 mM, 30 mins",Nucleolin (D4C7O) ,Goat anti-rabbit Alexa568,AF647 azide click,4395,543.0280714586064,2292.4181775304273,5416.698347789937,1615.357467144564,260508_mACPOLR2A_CRC_EU,-0.187578757371881,-0.001753106621647096,-12.0
153,J16,133.01751310954464,5269.732119089811,1693.5591371788657,HCT116 OsTIRF74G,No addition,0,240,No addition,Total Pol II (F12),Goat anti-mouse Alexa568,No click,4126,180.43688877807247,435.864671224892,4998.491363396095,1705.655298416565,260508_mACPOLR2A_CRC_EU,-0.028845016355518283,-0.00026958483936496286,-12.0
154,J17,244.93828686288634,5126.680428381485,1894.960250542038,HCT116 OsTIRF74G mAC-POLR2A Clone 5,Vehicle,0,240,No addition,Total Pol II (F12),Goat anti-mouse Alexa568,No click,4151,180.72005485128722,449.5814642305614,4998.428738146867,1882.4462151394423,260508_mACPOLR2A_CRC_EU,111.89192873698619,1.0457393146537637,-12.0
155,J18,225.79020762928357,4994.708973991221,1983.617787855883,HCT116 OsTIRF74G mAC-POLR2A Clone 5,5PhIAA,3,240,No addition,Total Pol II (F12),Goat anti-mouse Alexa568,No click,3969,180.21567913974994,414.53311249047624,4950.56321776872,1951.9557677808496,260508_mACPOLR2A_CRC_EU,92.74384950338342,0.8667818198575838,-8.5
156,J19,204.49998591561746,5137.590814035232,2009.208070271754,HCT116 OsTIRF74G mAC-POLR2A Clone 5,5PhIAA,10,240,No addition,Total Pol II (F12),Goat anti-mouse Alexa568,No click,3643,178.74707388036856,370.2075422171726,4792.132803054712,1979.1628638867035,260508_mACPOLR2A_CRC_EU,71.4536277897173,0.6678039122016186,-8.0
157,J20,186.73379002709146,5174.727676739993,1907.7006289308176,HCT116 OsTIRF74G mAC-POLR2A Clone 5,5PhIAA,30,240,No addition,Total Pol II (F12),Goat anti-mouse Alexa568,No click,3975,176.58150483899834,310.8742690295494,4585.316005254006,1926.9644444444446,260508_mACPOLR2A_CRC_EU,53.6874319011913,0.5017614664042712,-7.5
158,J21,167.59346515436764,5481.567337516865,1944.3698959167334,HCT116 OsTIRF74G mAC-POLR2A Clone 5,5PhIAA,100,240,No addition,Total Pol II (F12),Goat anti-mouse Alexa568,No click,3747,178.75136779986778,266.1746588098022,4773.617248443099,1919.6760416666666,260508_mACPOLR2A_CRC_EU,34.54710702846748,0.3228764436811235,-7.0
159,J22,133.1746666087862,6667.607784095722,1672.489898989899,HCT116 OsTIRF74G,No addition,0,240,No addition,Total Pol II (F12),Goat anti-mouse Alexa568,No click,3168,183.2076699964656,425.3407827283348,5333.629348700786,1634.868406889128,260508_mACPOLR2A_CRC_EU,0.12830848288604102,0.0011991680407342916,-12.0
160,K03,133.4783283899911,4349.394564681123,1736.0760145366444,HCT116 OsTIRF74G,Vehicle,0,240,"EU 1 mM, 30 mins",Nucleolin (D4C7O) ,Goat anti-rabbit Alexa568,AF647 azide click,3302,567.0116766371503,2365.896348559266,5148.896247328607,1696.4159804818541,260508_mACPOLR2A_CRC_EU,0.43197026409094974,0.004037183852493151,-12.0
161,K04,134.29852771960938,3883.3444413882066,1701.216606498195,HCT116 OsTIRF74G,Vehicle,0,240,"EU 1 mM, 30 mins",Nucleolin (D4C7O) ,Goat anti-rabbit Alexa568,AF647 azide click,3878,584.9906906876371,2544.9713509445196,5150.798373822693,1642.107171000788,260508_mACPOLR2A_CRC_EU,1.252169593709226,0.011702747352168287,-12.0
162,K05,238.15333909853928,3576.0196920643716,1880.7868007850834,HCT116 OsTIRF74G mAC-POLR2A Clone 5,Vehicle,0,240,"EU 1 mM, 30 mins",Nucleolin (D4C7O) ,Goat anti-rabbit Alexa568,AF647 azide click,4076,418.80658198124917,2028.9056255212276,4869.298624035024,1889.4537104181775,260508_mACPOLR2A_CRC_EU,105.10698097263912,0.982327353620112,-12.0
163,K06,248.77547726827066,3730.5661367836487,1906.6482465462275,HCT116 OsTIRF74G mAC-POLR2A Clone 5,Vehicle,0,240,"EU 1 mM, 30 mins",Nucleolin (D4C7O) ,Goat anti-rabbit Alexa568,AF647 azide click,3764,402.26512631532125,1951.5651107242427,4928.951253078827,1921.1489528795812,260508_mACPOLR2A_CRC_EU,115.72911914237051,1.0816016052587891,-12.0
164,K07,226.15207222132062,3925.900542356342,1918.1517519536173,HCT116 OsTIRF74G mAC-POLR2A Clone 5,5PhIAA,3,240,"EU 1 mM, 30 mins",Nucleolin (D4C7O) ,Goat anti-rabbit Alexa568,AF647 azide click,3967,400.94375840734267,2097.538028682066,4867.447355119539,1924.6347099311702,260508_mACPOLR2A_CRC_EU,93.10571409542047,0.870163797760242,-8.5
165,K08,209.55474340852834,3953.03691658099,1883.5878618588115,HCT116 OsTIRF74G mAC-POLR2A Clone 5,5PhIAA,10,240,"EU 1 mM, 30 mins",Nucleolin (D4C7O) ,Goat anti-rabbit Alexa568,AF647 azide click,3938,407.02009394423004,2118.987799240291,4995.28720377077,1864.9139334155363,260508_mACPOLR2A_CRC_EU,76.50838528262818,0.7150455559559488,-8.0
166,K09,189.61349487845507,4590.58499226816,1891.9786495863357,HCT116 OsTIRF74G mAC-POLR2A Clone 5,5PhIAA,30,240,"EU 1 mM, 30 mins",Nucleolin (D4C7O) ,Goat anti-rabbit Alexa568,AF647 azide click,3747,390.7654961886082,1996.0248999716846,5223.359454546415,1882.2693756727665,260508_mACPOLR2A_CRC_EU,56.567136752554916,0.5286751197094061,-7.5
167,K10,249.15522803038172,4389.276886427834,1894.8250883392227,HCT116 OsTIRF74G mAC-POLR2A Clone 5,Vehicle,0,240,"EU 1 mM, 30 mins",Nucleolin (D4C7O) ,Goat anti-rabbit Alexa568,AF647 azide click,3962,397.382112609067,2112.0408907131555,5101.031879470862,1905.4799898682877,260508_mACPOLR2A_CRC_EU,116.10886990448157,1.0851507468831392,-12.0
168,K11,248.7901737636518,4596.319873418707,1938.1798449612404,HCT116 OsTIRF74G mAC-POLR2A Clone 5,Vehicle,0,240,"EU 1 mM, 30 mins",Nucleolin (D4C7O) ,Goat anti-rabbit Alexa568,AF647 azide click,3870,383.25107042413526,2020.7482374074714,4966.098301385545,1914.1272289156627,260508_mACPOLR2A_CRC_EU,115.74381563775165,1.0817389583563821,-12.0
169,K12,229.4683984265975,4649.02804192514,1914.2351183063513,HCT116 OsTIRF74G mAC-POLR2A Clone 5,5PhIAA,3,240,"EU 1 mM, 30 mins",Nucleolin (D4C7O) ,Goat anti-rabbit Alexa568,AF647 azide click,4015,386.8246422734899,2004.840122850467,4941.474167984128,1902.0113464447807,260508_mACPOLR2A_CRC_EU,96.42204030069735,0.90115810389314,-8.5
170,K13,208.3255618518191,4728.130937535637,1924.347487437186,HCT116 OsTIRF74G mAC-POLR2A Clone 5,5PhIAA,10,240,"EU 1 mM, 30 mins",Nucleolin (D4C7O) ,Goat anti-rabbit Alexa568,AF647 azide click,3980,388.7775348231354,2217.103073235001,5056.760332146155,1930.9714432724465,260508_mACPOLR2A_CRC_EU,75.27920372591893,0.703557654252872,-8.0
171,K14,190.55908488008183,4862.881029204591,1871.3067639629526,HCT116 OsTIRF74G mAC-POLR2A Clone 5,5PhIAA,30,240,"EU 1 mM, 30 mins",Nucleolin (D4C7O) ,Goat anti-rabbit Alexa568,AF647 azide click,3563,374.7289386910245,2059.6550964895077,5054.669762374278,1870.883132175449,260508_mACPOLR2A_CRC_EU,57.51272675418167,0.5375125814584925,-7.5
172,K15,133.0724290040716,5182.142547402384,1664.4888840453357,HCT116 OsTIRF74G,5PhIAA,1000,240,"EU 1 mM, 30 mins",Nucleolin (D4C7O) ,Goat anti-rabbit Alexa568,AF647 azide click,4588,575.0801471168655,1992.6190433821555,5616.116767101749,1591.1086717892426,260508_mACPOLR2A_CRC_EU,0.026070878171452705,0.00024365780963095282,-6.0
173,K16,133.20424520969155,5239.409585350938,1646.8958235570155,HCT116 OsTIRF74G,No addition,0,240,No addition,Total Pol II (F12),Goat anti-mouse Alexa568,No click,4262,180.84010525832178,428.1065396031756,5122.3202096110235,1622.7477856510186,260508_mACPOLR2A_CRC_EU,0.15788708379139393,0.001475608943919442,-12.0
174,K17,253.4210431453393,5337.324092882643,1839.3660205245153,HCT116 OsTIRF74G mAC-POLR2A Clone 5,Vehicle,0,240,No addition,Total Pol II (F12),Goat anti-mouse Alexa568,No click,3508,181.47284290833127,442.57989175694445,5070.117367421434,1885.4001075557946,260508_mACPOLR2A_CRC_EU,120.37468501943914,1.1250189538674098,-12.0
175,K18,246.68535954683782,5154.636040506194,1869.3489790506496,HCT116 OsTIRF74G mAC-POLR2A Clone 5,Vehicle,0,240,No addition,Total Pol II (F12),Goat anti-mouse Alexa568,No click,3771,179.1656019072202,433.7339293693601,4784.691010912407,1911.28280484661,260508_mACPOLR2A_CRC_EU,113.63900142093766,1.0620674145604176,-12.0
176,K19,227.14323397150127,5106.4313177445065,1892.4882093806686,HCT116 OsTIRF74G mAC-POLR2A Clone 5,5PhIAA,3,240,No addition,Total Pol II (F12),Goat anti-mouse Alexa568,No click,3859,179.09124566586095,419.73209147179784,4793.562431464991,1872.8760619690154,260508_mACPOLR2A_CRC_EU,94.09687584560112,0.879427171991473,-8.5
177,K20,209.7472840810794,4997.031772381229,1995.0087288597927,HCT116 OsTIRF74G mAC-POLR2A Clone 5,5PhIAA,10,240,No addition,Total Pol II (F12),Goat anti-mouse Alexa568,No click,3666,176.30905761258828,359.2801243645798,4486.342531550384,2002.2573964497042,260508_mACPOLR2A_CRC_EU,76.70092595517926,0.7168450365192862,-8.0
178,K21,187.20124275275634,5356.386688126821,2003.1256184716876,HCT116 OsTIRF74G mAC-POLR2A Clone 5,5PhIAA,30,240,No addition,Total Pol II (F12),Goat anti-mouse Alexa568,No click,3638,176.37446691276602,301.39158311830397,4514.650904221118,1960.9176377118645,260508_mACPOLR2A_CRC_EU,54.15488462685619,0.5061302685018638,-7.5
179,K22,133.09149372560472,6064.546624053863,1648.0631642878834,HCT116 OsTIRF74G,No addition,0,240,No addition,Total Pol II (F12),Goat anti-mouse Alexa568,No click,3293,180.46262618944428,414.4330302497968,4986.238478237292,1637.8475100525827,260508_mACPOLR2A_CRC_EU,0.045135599704565266,0.0004218362453335437,-12.0
180,L03,133.87023202844938,4275.634408104845,1711.094492928077,HCT116 OsTIRF74G,Vehicle,0,240,"EU 1 mM, 30 mins",Nucleolin (D4C7O) ,Goat anti-rabbit Alexa568,AF647 azide click,3323,555.7802513124989,2327.442983205055,5214.002774003643,1659.9438924605495,260508_mACPOLR2A_CRC_EU,0.8238739025492237,0.007699905971217356,-12.0
181,L04,134.4047660934352,3544.340372170886,1727.50245155265,HCT116 OsTIRF74G,5PhIAA,1000,240,"EU 1 mM, 30 mins",Nucleolin (D4C7O) ,Goat anti-rabbit Alexa568,AF647 azide click,4283,581.6992463306252,2248.7579986893775,4888.800152165489,1672.4233414688263,260508_mACPOLR2A_CRC_EU,1.3584079675350438,0.012695648676585418,-6.0
182,L05,246.01589214246022,3677.251877688625,1898.598212185368,HCT116 OsTIRF74G mAC-POLR2A Clone 5,Vehicle,0,240,"EU 1 mM, 30 mins",Nucleolin (D4C7O) ,Goat anti-rabbit Alexa568,AF647 azide click,4251,396.01894791568424,1976.1496630446002,4871.967089532061,1887.897258696153,260508_mACPOLR2A_CRC_EU,112.96953401656006,1.0558105880623911,-12.0
183,L06,250.871283514897,3814.763120204286,1986.4757389849415,HCT116 OsTIRF74G mAC-POLR2A Clone 5,Vehicle,0,240,"EU 1 mM, 30 mins",Nucleolin (D4C7O) ,Goat anti-rabbit Alexa568,AF647 azide click,3586,418.39186137011836,1994.5461951143413,4826.504196220556,1962.6357199055863,260508_mACPOLR2A_CRC_EU,117.82492538899683,1.101188960778827,-12.0
184,L07,246.90486431710423,4057.928870811909,1901.318372703412,HCT116 OsTIRF74G mAC-POLR2A Clone 5,Vehicle,0,240,"EU 1 mM, 30 mins",Nucleolin (D4C7O) ,Goat anti-rabbit Alexa568,AF647 azide click,3810,389.3307358019265,2153.189958536098,4753.665301059912,1895.746981891348,260508_mACPOLR2A_CRC_EU,113.85850619120407,1.064118900942078,-12.0
185,L08,227.92729116977623,4186.244980378822,1929.034448574969,HCT116 OsTIRF74G mAC-POLR2A Clone 5,5PhIAA,3,240,"EU 1 mM, 30 mins",Nucleolin (D4C7O) ,Goat anti-rabbit Alexa568,AF647 azide click,4035,395.84619222784613,2025.2224916365717,4741.589669837063,1916.9149092692496,260508_mACPOLR2A_CRC_EU,94.88093304387607,0.8867549519880151,-8.5
186,L09,210.89998667477383,4526.692293828561,1894.6757093081135,HCT116 OsTIRF74G mAC-POLR2A Clone 5,5PhIAA,10,240,"EU 1 mM, 30 mins",Nucleolin (D4C7O) ,Goat anti-rabbit Alexa568,AF647 azide click,4018,388.34139064905474,2102.540670403461,5071.882168023846,1904.2295250320924,260508_mACPOLR2A_CRC_EU,77.85362854887367,0.7276181676462247,-8.0
187,L10,249.05703555264492,4552.918774632091,1905.1874843554442,HCT116 OsTIRF74G mAC-POLR2A Clone 5,Vehicle,0,240,"EU 1 mM, 30 mins",Nucleolin (D4C7O) ,Goat anti-rabbit Alexa568,AF647 azide click,3995,400.131067377497,2102.0283887189134,4967.183934332786,1922.898106626806,260508_mACPOLR2A_CRC_EU,116.01067742674476,1.0842330423129194,-12.0
188,L11,246.1937094383732,4654.38294734744,1965.6761197985688,HCT116 OsTIRF74G mAC-POLR2A Clone 5,Vehicle,0,240,"EU 1 mM, 30 mins",Nucleolin (D4C7O) ,Goat anti-rabbit Alexa568,AF647 azide click,3773,387.9088048681554,2166.9573677056787,4833.772901646133,1953.385909568875,260508_mACPOLR2A_CRC_EU,113.14735131247303,1.057472464296545,-12.0
189,L12,249.48141876181455,4759.277294157474,1950.886346300534,HCT116 OsTIRF74G mAC-POLR2A Clone 5,Vehicle,0,240,"EU 1 mM, 30 mins",Nucleolin (D4C7O) ,Goat anti-rabbit Alexa568,AF647 azide click,3933,388.3802298243828,2120.3430206631083,5002.985785248943,1947.5126137841353,260508_mACPOLR2A_CRC_EU,116.4350606359144,1.088199317729896,-12.0
190,L13,232.69483469800684,4926.126225919594,1906.7197106690778,HCT116 OsTIRF74G mAC-POLR2A Clone 5,5PhIAA,3,240,"EU 1 mM, 30 mins",Nucleolin (D4C7O) ,Goat anti-rabbit Alexa568,AF647 azide click,3871,380.0842747973877,2085.6902825025318,5138.359523719646,1898.9088899803537,260508_mACPOLR2A_CRC_EU,99.64847657210669,0.9313123008340884,-8.5
191,L14,210.51088884790659,4897.164522609709,1969.4802668148973,HCT116 OsTIRF74G mAC-POLR2A Clone 5,5PhIAA,10,240,"EU 1 mM, 30 mins",Nucleolin (D4C7O) ,Goat anti-rabbit Alexa568,AF647 azide click,3598,363.42325216817346,1965.3580578381745,4743.11189744033,1941.4720394736842,260508_mACPOLR2A_CRC_EU,77.46453072200643,0.7239816685761454,-8.0
192,L15,133.20445687996448,5423.295382632149,1676.639097744361,HCT116 OsTIRF74G,Vehicle,0,240,"EU 1 mM, 30 mins",Nucleolin (D4C7O) ,Goat anti-rabbit Alexa568,AF647 azide click,4256,566.498884633341,2147.9319242347665,5441.739837290171,1617.8859969885998,260508_mACPOLR2A_CRC_EU,0.15809875406432639,0.0014775872092746604,-12.0
193,L16,133.0229620855581,5261.359597588587,1692.614723574907,HCT116 OsTIRF74G,No addition,0,240,No addition,Total Pol II (F12),Goat anti-mouse Alexa568,No click,3491,180.12895069455138,419.8079929154457,4857.490379461134,1670.5980722891566,260508_mACPOLR2A_CRC_EU,-0.023396040342049673,-0.00021865883865865898,-12.0
194,L17,251.00434715878143,5133.309691235,1843.272680145153,HCT116 OsTIRF74G mAC-POLR2A Clone 5,Vehicle,0,240,No addition,Total Pol II (F12),Goat anti-mouse Alexa568,No click,3858,179.98507325750893,440.30823544492347,4908.598665489937,1891.8040316407246,260508_mACPOLR2A_CRC_EU,117.95798903288127,1.102432570441577,-12.0
195,L18,251.8527835104672,4863.750015085456,1946.2833511205977,HCT116 OsTIRF74G mAC-POLR2A Clone 5,Vehicle,0,240,No addition,Total Pol II (F12),Goat anti-mouse Alexa568,No click,3748,178.394032760459,437.4966682583289,4739.139504179093,1948.3010590015128,260508_mACPOLR2A_CRC_EU,118.80642538456704,1.1103620364804077,-12.0
196,L19,250.01067132314114,5065.054518383945,1867.541349568747,HCT116 OsTIRF74G mAC-POLR2A Clone 5,Vehicle,0,240,No addition,Total Pol II (F12),Goat anti-mouse Alexa568,No click,3942,179.7703999172229,441.53167630207844,4851.780847350874,1895.1448798988622,260508_mACPOLR2A_CRC_EU,116.96431319724098,1.0931456996272122,-12.0
197,L20,230.65172344375048,5133.830884079364,1931.506547930854,HCT116 OsTIRF74G mAC-POLR2A Clone 5,5PhIAA,3,240,No addition,Total Pol II (F12),Goat anti-mouse Alexa568,No click,3818,177.47236241558224,387.6838595019373,4617.918331627566,1929.776322547509,260508_mACPOLR2A_CRC_EU,97.60536531785033,0.9122174314641123,-8.5
198,L21,210.62538282647114,5168.4215953795565,1963.318940397351,HCT116 OsTIRF74G mAC-POLR2A Clone 5,5PhIAA,10,240,No addition,Total Pol II (F12),Goat anti-mouse Alexa568,No click,3775,176.488314348726,349.50281290461595,4489.717168380425,1982.1095564941922,260508_mACPOLR2A_CRC_EU,77.57902470057098,0.7250517265868311,-8.0
199,L22,133.28328091887104,6112.722301385638,1630.0843106180666,HCT116 OsTIRF74G,No addition,0,240,No addition,Total Pol II (F12),Goat anti-mouse Alexa568,No click,3155,179.22931399670037,414.78343551421494,4811.187465485992,1655.3383225077662,260508_mACPOLR2A_CRC_EU,0.23692279297088703,0.0022142748091295824,-12.0
200,M03,133.79498586556824,4050.970580431291,1695.5212639581848,HCT116 OsTIRF74G,Vehicle,0,240,"EU 1 mM, 30 mins",Nucleolin (D4C7O) ,Goat anti-rabbit Alexa568,AF647 azide click,4209,572.3898794985604,2268.9750005342457,5232.314112966278,1642.7402127178095,260508_mACPOLR2A_CRC_EU,0.7486277396680805,0.006996657115916843,-12.0
201,M04,134.2883530987458,4014.8697284272625,1731.9356435643565,HCT116 OsTIRF74G,Vehicle,0,240,"EU 1 mM, 30 mins",Nucleolin (D4C7O) ,Goat anti-rabbit Alexa568,AF647 azide click,3636,565.4940416092946,2513.8147986880504,5109.033288010754,1685.3600867678958,260508_mACPOLR2A_CRC_EU,1.2419949728456459,0.011607655586668805,-12.0
202,M05,246.8226383592405,3909.236221406897,1949.1934200053065,HCT116 OsTIRF74G mAC-POLR2A Clone 5,Vehicle,0,240,"EU 1 mM, 30 mins",Nucleolin (D4C7O) ,Goat anti-rabbit Alexa568,AF647 azide click,3769,397.2864452575432,2034.2742582308683,4825.460346202817,1936.9655086228443,260508_mACPOLR2A_CRC_EU,113.77628023334034,1.0633504190882592,-12.0
203,M06,247.25548107977082,3871.4259909183234,1906.7556924725423,HCT116 OsTIRF74G mAC-POLR2A Clone 5,Vehicle,0,240,"EU 1 mM, 30 mins",Nucleolin (D4C7O) ,Goat anti-rabbit Alexa568,AF647 azide click,3733,398.7244893568247,2099.917602158347,4758.113466307832,1909.812836970475,260508_mACPOLR2A_CRC_EU,114.20912295387066,1.0673957568979615,-12.0
204,M07,244.76184165128592,4308.112266826624,1944.654054054054,HCT116 OsTIRF74G mAC-POLR2A Clone 5,Vehicle,0,240,"EU 1 mM, 30 mins",Nucleolin (D4C7O) ,Goat anti-rabbit Alexa568,AF647 azide click,3885,392.9076029651257,2145.8362735196897,4676.428858638884,1978.4101501812531,260508_mACPOLR2A_CRC_EU,111.71548352538576,1.0440902618870829,-12.0
205,M08,246.13292093093602,4187.097717137211,1979.7853121801434,HCT116 OsTIRF74G mAC-POLR2A Clone 5,Vehicle,0,240,"EU 1 mM, 30 mins",Nucleolin (D4C7O) ,Goat anti-rabbit Alexa568,AF647 azide click,3908,399.4720749934602,2096.407899005181,4666.94422120181,1985.8545832251364,260508_mACPOLR2A_CRC_EU,113.08656280503587,1.056904336346444,-12.0
206,M09,224.48818204256315,4531.954656114167,2046.2920212765957,HCT116 OsTIRF74G mAC-POLR2A Clone 5,5PhIAA,3,240,"EU 1 mM, 30 mins",Nucleolin (D4C7O) ,Goat anti-rabbit Alexa568,AF647 azide click,3760,379.85407214633534,2075.869591792701,4538.146959405147,2018.5053333333333,260508_mACPOLR2A_CRC_EU,91.441823916663,0.8546131195760898,-8.5
207,M10,246.97693751065654,4752.450576765753,1977.2814651611127,HCT116 OsTIRF74G mAC-POLR2A Clone 5,Vehicle,0,240,"EU 1 mM, 30 mins",Nucleolin (D4C7O) ,Goat anti-rabbit Alexa568,AF647 azide click,3631,393.25972812696,2079.4003959453325,4891.271477504508,1971.086164043082,260508_mACPOLR2A_CRC_EU,113.93057938475638,1.064792495301216,-12.0
208,M11,244.27442612871405,4752.999485303593,1940.75,HCT116 OsTIRF74G mAC-POLR2A Clone 5,Vehicle,0,240,"EU 1 mM, 30 mins",Nucleolin (D4C7O) ,Goat anti-rabbit Alexa568,AF647 azide click,3972,372.5597022198183,2093.7157892202954,4582.787036848358,1945.8082632360217,260508_mACPOLR2A_CRC_EU,111.2280680028139,1.0395348879626238,-12.0
209,M12,246.959342765314,4653.435248758439,1972.0648834745762,HCT116 OsTIRF74G mAC-POLR2A Clone 5,Vehicle,0,240,"EU 1 mM, 30 mins",Nucleolin (D4C7O) ,Goat anti-rabbit Alexa568,AF647 azide click,3776,370.2666722665386,1985.8121207961021,4701.138635518298,1955.0897709110282,260508_mACPOLR2A_CRC_EU,113.91298463941385,1.0646280552281588,-12.0
210,M13,245.05111659834577,5014.6506656454385,1971.520807376028,HCT116 OsTIRF74G mAC-POLR2A Clone 5,Vehicle,0,240,"EU 1 mM, 30 mins",Nucleolin (D4C7O) ,Goat anti-rabbit Alexa568,AF647 azide click,4013,377.90435218953473,2211.3458123424825,4826.223369743296,1982.8874189364462,260508_mACPOLR2A_CRC_EU,112.00475847244562,1.0467938186878236,-12.0
211,M14,229.31067755013456,4699.0836511369625,1958.971460548405,HCT116 OsTIRF74G mAC-POLR2A Clone 5,5PhIAA,3,240,"EU 1 mM, 30 mins",Nucleolin (D4C7O) ,Goat anti-rabbit Alexa568,AF647 azide click,3574,370.79594759758714,2170.6624907602327,4806.286061991646,1943.8818181818183,260508_mACPOLR2A_CRC_EU,96.2643194242344,0.899684048318974,-8.5
212,M15,133.26007071184947,5442.754966142254,1680.8427604871447,HCT116 OsTIRF74G,5PhIAA,1000,240,"EU 1 mM, 30 mins",Nucleolin (D4C7O) ,Goat anti-rabbit Alexa568,AF647 azide click,3695,515.9644412173631,2178.2753919596253,5140.503487301353,1631.3071698113208,260508_mACPOLR2A_CRC_EU,0.21371258594930964,0.0019973527642806656,-6.0
213,M16,133.10274028012535,5587.717786600957,1649.2338296314376,HCT116 OsTIRF74G,No addition,0,240,No addition,Total Pol II (F12),Goat anti-mouse Alexa568,No click,4097,180.29992472114654,425.0735918518397,4933.569996889888,1671.9358913250715,260508_mACPOLR2A_CRC_EU,0.056382154225190106,0.0005269462773918864,-12.0
214,M17,252.64367272009667,5397.356371049436,1924.6671524336928,HCT116 OsTIRF74G mAC-POLR2A Clone 5,Vehicle,0,240,No addition,Total Pol II (F12),Goat anti-mouse Alexa568,No click,3431,180.22799845369482,426.14273900417703,4942.29599962679,1960.8894335511982,260508_mACPOLR2A_CRC_EU,119.59731459419652,1.1177536682931821,-12.0
215,M18,247.05536244258104,5002.41518913509,1957.1967439293599,HCT116 OsTIRF74G mAC-POLR2A Clone 5,Vehicle,0,240,No addition,Total Pol II (F12),Goat anti-mouse Alexa568,No click,3624,178.36042016696797,428.20243362029663,4602.378046993692,1946.699659596753,260508_mACPOLR2A_CRC_EU,114.00900431668089,1.0655254528566735,-12.0
216,M19,251.43313823931572,5383.108365070802,1930.4141386028389,HCT116 OsTIRF74G mAC-POLR2A Clone 5,Vehicle,0,240,No addition,Total Pol II (F12),Goat anti-mouse Alexa568,No click,3593,177.80596210694338,413.1441456499793,4674.383520329405,1901.3438520130576,260508_mACPOLR2A_CRC_EU,118.38678011341557,1.1064400417198816,-12.0
217,M20,249.94656825165802,5101.6181525572165,1953.2439157779602,HCT116 OsTIRF74G mAC-POLR2A Clone 5,Vehicle,0,240,No addition,Total Pol II (F12),Goat anti-mouse Alexa568,No click,3657,181.05146132242302,391.9467094482301,4215.573498728415,1943.4205882352942,260508_mACPOLR2A_CRC_EU,116.90021012575787,1.092546593840078,-12.0
218,M21,231.14467264483804,5549.308886167991,1984.7540840140023,HCT116 OsTIRF74G mAC-POLR2A Clone 5,5PhIAA,3,240,No addition,Total Pol II (F12),Goat anti-mouse Alexa568,No click,3428,176.83225322153191,375.01793323257266,4641.966765381921,1987.8276057938085,260508_mACPOLR2A_CRC_EU,98.09831451893788,0.9168245230168565,-8.5
219,M22,133.57760085881097,5705.23314461248,1653.8190115761354,HCT116 OsTIRF74G,No addition,0,240,No addition,Total Pol II (F12),Goat anti-mouse Alexa568,No click,4492,176.08628927996426,360.27305538457074,4435.010890653992,1632.2504983388703,260508_mACPOLR2A_CRC_EU,0.5312427329108118,0.004964981993784409,-12.0
220,N03,134.06454943962495,4009.2340209918716,1724.9333788085494,HCT116 OsTIRF74G,Vehicle,0,240,"EU 1 mM, 30 mins",Nucleolin (D4C7O) ,Goat anti-rabbit Alexa568,AF647 azide click,4398,495.7309375351705,2163.84928311115,4924.052160995413,1676.4137547295793,260508_mACPOLR2A_CRC_EU,1.0181913137247989,0.009515991891638795,-12.0
221,N04,133.82261384318156,3894.6676067802778,1743.1266944734098,HCT116 OsTIRF74G,Vehicle,0,240,"EU 1 mM, 30 mins",Nucleolin (D4C7O) ,Goat anti-rabbit Alexa568,AF647 azide click,3836,545.9427966584699,2354.241772599155,4932.841083452031,1694.47133585722,260508_mACPOLR2A_CRC_EU,0.7762557172814013,0.007254867540035427,-12.0
222,N05,133.60018135262936,4695.741798521227,1706.6669363538297,HCT116 OsTIRF74G,Vehicle,0,240,"EU 1 mM, 30 mins",Nucleolin (D4C7O) ,Goat anti-rabbit Alexa568,AF647 azide click,3708,530.0550379309921,2445.601118371567,5402.247201596327,1653.1434977578476,260508_mACPOLR2A_CRC_EU,0.5538232267292074,0.005176018753957685,-12.0
223,N06,133.82678729419774,4264.0585354737495,1718.3254901960784,HCT116 OsTIRF74G,Vehicle,0,240,"EU 1 mM, 30 mins",No primary,Goat anti-rabbit Alexa568,AF647 azide click,4335,484.31149610744535,121.93682745741694,4985.741045307698,1669.6154936230514,260508_mACPOLR2A_CRC_EU,0.7804291682975872,0.007293872514341181,-12.0
224,N07,133.81376118600787,4944.60376028147,1718.4259653390088,HCT116 OsTIRF74G,Vehicle,0,240,"EU 1 mM, 30 mins",Nucleolin (D4C7O) ,Goat anti-rabbit Alexa568,AF647 azide click,3289,484.88177211757954,2563.8014581992456,5254.8961907995335,1690.9409349336702,260508_mACPOLR2A_CRC_EU,0.7674030601077106,0.0071721308158572165,-12.0
225,N08,133.6225640116628,4897.312703905802,1723.190635451505,HCT116 OsTIRF74G,Vehicle,0,240,"EU 1 mM, 30 mins",No primary,Goat anti-rabbit Alexa568,AF647 azide click,3887,526.0634843024482,123.00402010632399,5179.292792292573,1636.7717791411044,260508_mACPOLR2A_CRC_EU,0.5762058857626471,0.005385206554918533,-12.0
226,N09,133.88036623164922,5259.280415109043,1721.9919762258544,HCT116 OsTIRF74G,Vehicle,0,240,"EU 1 mM, 30 mins",Nucleolin (D4C7O) ,Goat anti-rabbit Alexa568,AF647 azide click,3365,498.948588570398,2276.6262696930444,5112.08829371535,1669.4628647214854,260508_mACPOLR2A_CRC_EU,0.8340081057490636,0.007794619994189234,-12.0
227,N10,134.08082559646206,5375.3170463764645,1696.1681347150259,HCT116 OsTIRF74G,Vehicle,0,240,"EU 1 mM, 30 mins",Nucleolin (D4C7O) ,Goat anti-rabbit Alexa568,AF647 azide click,3860,534.4555913226886,2375.7279025316875,5211.155479983507,1665.9093257556187,260508_mACPOLR2A_CRC_EU,1.034467470561907,0.009668108467768636,-12.0
228,N11,133.84022957168173,5553.521538853033,1689.01531213192,HCT116 OsTIRF74G,Vehicle,0,240,"EU 1 mM, 30 mins",Nucleolin (D4C7O) ,Goat anti-rabbit Alexa568,AF647 azide click,3396,524.0042515153542,2388.219967926199,5340.469453659518,1648.3970714900947,260508_mACPOLR2A_CRC_EU,0.7938714457815763,0.007419503721186629,-12.0
229,N12,133.61149481544038,5741.432308402838,1723.7347826086957,HCT116 OsTIRF74G,Vehicle,0,240,"EU 1 mM, 30 mins",Nucleolin (D4C7O) ,Goat anti-rabbit Alexa568,AF647 azide click,3220,506.6076791258886,2505.2181583333127,5453.062491225582,1663.945731707317,260508_mACPOLR2A_CRC_EU,0.5651366895402248,0.0052817541093126185,-12.0
230,N13,133.39710098483812,5932.765916196796,1736.558029501809,HCT116 OsTIRF74G,Vehicle,0,240,No addition,Nucleolin (D4C7O) ,Goat anti-rabbit Alexa568,AF647 azide click,3593,226.68328845258907,2629.649102973556,5576.3363852619905,1649.770211532889,260508_mACPOLR2A_CRC_EU,0.35074285893796286,0.0032780344486478138,-12.0
231,N14,134.13875231241013,5523.511758604639,1686.7564864864864,HCT116 OsTIRF74G,Vehicle,0,240,"EU 1 mM, 30 mins",Nucleolin (D4C7O) ,Goat anti-rabbit Alexa568,AF647 azide click,3700,485.3432738398683,2165.0593699157735,5351.656256014275,1643.2491121258245,260508_mACPOLR2A_CRC_EU,1.0923941865099778,0.010209490182423585,-12.0
232,N15,133.6685698699066,5532.931229823839,1643.6122550235673,HCT116 OsTIRF74G,Vehicle,0,240,No addition,Nucleolin (D4C7O) ,Goat anti-rabbit Alexa568,AF647 azide click,4031,223.17591148957086,1829.5644852699957,5425.8030646807565,1594.5508678881388,260508_mACPOLR2A_CRC_EU,0.6222117440064494,0.005815176215938677,-12.0
233,N16,133.70026486880914,5293.4378113677385,1670.5196424370736,HCT116 OsTIRF74G,No addition,0,240,No addition,Total Pol II (F12),Goat anti-mouse Alexa568,No click,4251,178.37293319227476,417.1753281826294,4705.46915152519,1656.3289385474861,260508_mACPOLR2A_CRC_EU,0.6539067429089869,0.006111396924656653,-12.0
234,N17,133.5031808834353,5695.919627061226,1693.6812529890005,HCT116 OsTIRF74G,No addition,0,240,No addition,Total Pol II (F12),Goat anti-mouse Alexa568,No click,4182,180.3053316502461,419.5138622603569,5084.286933503819,1657.1560763469438,260508_mACPOLR2A_CRC_EU,0.45682275753515,0.004269454667333296,-12.0
235,N18,133.32100760500327,5461.569784349835,1699.9850791717417,HCT116 OsTIRF74G,No addition,0,240,No addition,Total Pol II (F12),Goat anti-mouse Alexa568,No click,3284,180.41721197466532,436.8078450211837,4940.3302503628865,1657.5975282106394,260508_mACPOLR2A_CRC_EU,0.2746494791031182,0.002566867523773137,-12.0
236,N19,133.23517079866275,5580.763011699211,1708.1705465587045,HCT116 OsTIRF74G,No addition,0,240,No addition,Total Pol II (F12),Goat anti-mouse Alexa568,No click,3952,179.90229026822362,424.6077660348557,4974.167325586194,1657.632210972451,260508_mACPOLR2A_CRC_EU,0.1888126727625945,0.0017646387656506063,-12.0
237,N20,133.5661394288467,5024.729932479076,1696.2906132665833,HCT116 OsTIRF74G,No addition,0,240,No addition,No primary,Goat anti-mouse Alexa568,No click,3995,178.69462939169503,126.13490907307423,5037.541925084081,1631.4424510074523,260508_mACPOLR2A_CRC_EU,0.5197813029465408,0.004857863740921306,-12.0
238,N21,133.612166732271,5549.452485904787,1696.1727651690599,HCT116 OsTIRF74G,No addition,0,240,No addition,Total Pol II (F12),Goat anti-mouse Alexa568,No click,4318,178.61402228454722,408.8732128297094,4801.032022049682,1662.150283768445,260508_mACPOLR2A_CRC_EU,0.5658086063708367,0.005288033828090191,-12.0
239,N22,133.60181190341257,6095.325186582064,1736.8215497737556,HCT116 OsTIRF74G,No addition,0,240,No addition,No primary,Goat anti-mouse Alexa568,No click,3536,176.40838317240963,126.22448572846791,4679.862506433451,1712.119625137817,260508_mACPOLR2A_CRC_EU,0.5554537775124118,0.005191257842940987,-12.0
0,C03,173.11885152123918,2680.7673232718166,1693.4434622467772,HCT116 OsTIRF74G,Vehicle,0,240,"EU 1 mM, 30 mins",Total Pol II (F12),Goat anti-mouse Alexa568,AF647 azide click,3270,384.79697608071683,1025.4952229646603,1837.7497279623158,1677.0739561217267,260515_mACPOLR2A_CRC_EU,15.09345658923209,0.07777492046548307,-12.0
1,C04,156.58214632160968,2582.5156428958217,1719.649752114319,HCT116 OsTIRF74G,Vehicle,0,240,"EU 1 mM, 30 mins",Total Pol II (F12),Goat anti-mouse Alexa568,AF647 azide click,4202,398.9553396396548,978.8291373690234,1833.5424556023215,1705.955088118249,260515_mACPOLR2A_CRC_EU,-1.4432486103974043,-0.007436901230806,-12.0
2,C05,156.23415735363594,2696.439550469091,1672.9842260926716,HCT116 OsTIRF74G,Vehicle,0,240,"EU 1 mM, 30 mins",Total Pol II (F12),Goat anti-mouse Alexa568,AF647 azide click,3923,387.72168551612543,1019.1715171449645,1838.8296058298265,1646.0517406579368,260515_mACPOLR2A_CRC_EU,-1.7912375783711525,-0.009230050079581454,-12.0
3,C06,156.3974679465287,2692.692109670512,1713.6472392638036,HCT116 OsTIRF74G,Vehicle,0,240,"EU 1 mM, 30 mins",Total Pol II (F12),Goat anti-mouse Alexa568,AF647 azide click,3391,400.1613341397563,995.2735048240671,1756.8837504820895,1689.8216541353383,260515_mACPOLR2A_CRC_EU,-1.627926985478382,-0.008388528570024291,-12.0
4,C07,157.07454161310324,3101.1116909601005,1736.681070745698,HCT116 OsTIRF74G,Vehicle,0,240,"EU 1 mM, 30 mins",Total Pol II (F12),Goat anti-mouse Alexa568,AF647 azide click,2966,378.11655788131617,1009.5776215744397,1789.419582132269,1721.8153169659215,260515_mACPOLR2A_CRC_EU,-0.950853318903853,-0.004899642491756772,-12.0
5,C08,155.23201074742227,2864.0122295308347,1734.0009996667777,HCT116 OsTIRF74G,Vehicle,0,240,"EU 1 mM, 30 mins",Total Pol II (F12),Goat anti-mouse Alexa568,AF647 azide click,3511,383.49637387078883,948.8707328765402,1697.4800082076233,1707.8738392571245,260515_mACPOLR2A_CRC_EU,-2.7933841845848235,-0.014394001234986572,-12.0
6,C09,155.33836147790583,3290.9148938641742,1728.6091870215093,HCT116 OsTIRF74G,Vehicle,0,240,"EU 1 mM, 30 mins",Total Pol II (F12),Goat anti-mouse Alexa568,AF647 azide click,3168,379.48057324088063,954.0032456654878,1742.803946166277,1695.059633027523,260515_mACPOLR2A_CRC_EU,-2.687033454101254,-0.01384598762684418,-12.0
7,C10,156.1747966807019,3965.576391414158,1652.0458505272811,HCT116 OsTIRF74G,Vehicle,0,240,"EU 1 mM, 30 mins",Total Pol II (F12),Goat anti-mouse Alexa568,AF647 azide click,3501,382.20679051618464,1047.4100613306045,2001.6745037331643,1627.1760500446828,260515_mACPOLR2A_CRC_EU,-1.8505982513052004,-0.00953592909337322,-12.0
8,C11,155.6304035505289,3534.896521870728,1779.0346841913106,HCT116 OsTIRF74G,Vehicle,0,240,"EU 1 mM, 30 mins",Total Pol II (F12),Goat anti-mouse Alexa568,AF647 azide click,3163,362.4146791889288,961.6058069171609,1797.4233374125588,1731.2361984626136,260515_mACPOLR2A_CRC_EU,-2.394991381478178,-0.012341126971728322,-12.0
9,C12,155.04156727317965,3615.95852675542,1698.467893353361,HCT116 OsTIRF74G,Vehicle,0,240,"EU 1 mM, 30 mins",Total Pol II (F12),Goat anti-mouse Alexa568,AF647 azide click,3898,366.89489119577485,993.1928875920452,1896.174077106133,1670.9410892923304,260515_mACPOLR2A_CRC_EU,-2.983827658827437,-0.015375335495619516,-12.0
10,C13,154.85361945325653,4006.203424000426,1710.9475106136626,HCT116 OsTIRF74G,Vehicle,0,240,"EU 1 mM, 30 mins",Total Pol II (F12),Goat anti-mouse Alexa568,AF647 azide click,3262,346.05840362193425,966.4591568485248,1856.0497830204326,1680.357661444402,260515_mACPOLR2A_CRC_EU,-3.171775478750561,-0.016343809924241146,-12.0
11,C14,155.489868323565,3589.437861506364,1671.7467036780015,HCT116 OsTIRF74G,Vehicle,0,240,"EU 1 mM, 30 mins",Total Pol II (F12),Goat anti-mouse Alexa568,AF647 azide click,3071,356.7817843281564,970.5008068924346,1804.295813364323,1632.355473965287,260515_mACPOLR2A_CRC_EU,-2.5355266084420975,-0.013065289527541758,-12.0
12,C15,155.77926989471356,4004.206926416961,1738.376844494892,HCT116 OsTIRF74G,Vehicle,0,240,"EU 1 mM, 30 mins",Total Pol II (F12),Goat anti-mouse Alexa568,AF647 azide click,3847,347.2668516639209,964.1691373054254,1877.7824642958813,1688.0173035328046,260515_mACPOLR2A_CRC_EU,-2.246125037293524,-0.011574035085883652,-12.0
13,C16,154.87993158550853,3393.5307759600805,1667.227657004831,HCT116 OsTIRF74G,No addition,0,240,No addition,Total Pol II (D84LY),Goat anti-rabbit Alexa568,No click,3324,158.89710426573322,1741.8308920647137,1711.210598737729,1657.255180580225,260515_mACPOLR2A_CRC_EU,-3.145463346498559,-0.016208226402926573,-12.0
14,C17,153.93723077750172,3597.1330982129466,1703.1217363950927,HCT116 OsTIRF74G,No addition,0,240,No addition,Total Pol II (D84LY),Goat anti-rabbit Alexa568,No click,4113,158.4255558904074,1669.752368344989,1637.6338393175472,1675.378279438682,260515_mACPOLR2A_CRC_EU,-4.088164154505364,-0.021065859903378843,-12.0
15,C18,154.56566768534668,4081.8223310001363,1594.0086313193588,HCT116 OsTIRF74G,No addition,0,240,No addition,Total Pol II (D84LY),Goat anti-rabbit Alexa568,No click,3301,159.54494023953717,1850.6924220784479,1820.2131075062719,1589.3225302616165,260515_mACPOLR2A_CRC_EU,-3.4597272466604068,-0.017827593689390128,-12.0
16,C19,154.50840623684041,3895.4979395354617,1704.8224476854787,HCT116 OsTIRF74G,No addition,0,240,No addition,Total Pol II (D84LY),Goat anti-rabbit Alexa568,No click,3982,158.82784902109776,1710.5012001579398,1737.627215777063,1694.6546850998463,260515_mACPOLR2A_CRC_EU,-3.516988695166674,-0.018122655630767457,-12.0
17,C20,154.75012143972458,3655.008397155471,1673.4199251955117,HCT116 OsTIRF74G,No addition,0,240,No addition,Total Pol II (D84LY),Goat anti-rabbit Alexa568,No click,3337,159.13006283112927,1830.2309821079564,1772.5887759858183,1655.5689655172414,260515_mACPOLR2A_CRC_EU,-3.2752734922825084,-0.016877123795930773,-12.0
18,C21,155.32778887224057,4173.76721317908,1642.4753613666228,HCT116 OsTIRF74G,No addition,0,240,No addition,Total Pol II (D84LY),Goat anti-rabbit Alexa568,No click,3958,159.17385498197135,1762.3344575224417,1774.067722344065,1644.43007222587,260515_mACPOLR2A_CRC_EU,-2.697606059766514,-0.013900467100109113,-12.0
19,C22,155.34961241780525,2935.611606791058,1659.0631604226705,HCT116 OsTIRF74G,No addition,0,240,No addition,Total Pol II (D84LY),Goat anti-rabbit Alexa568,No click,4082,157.50338674272734,1717.868265015866,1507.6733251044654,1640.2580335731416,260515_mACPOLR2A_CRC_EU,-2.675782514201842,-0.013788012771935,-12.0
20,D03,155.72549016697928,2917.846632608103,1683.2183361629882,HCT116 OsTIRF74G,Vehicle,0,240,"EU 1 mM, 30 mins",Total Pol II (F12),Goat anti-mouse Alexa568,AF647 azide click,3432,368.33283359262407,913.1816273218366,1790.5680648964903,1661.1220752797558,260515_mACPOLR2A_CRC_EU,-2.2999047650278044,-0.011851156103356417,-12.0
21,D04,156.52140381930494,2862.323172693412,1779.9149871747893,HCT116 OsTIRF74G,5PhIAA,1000,240,"EU 1 mM, 30 mins",Total Pol II (F12),Goat anti-mouse Alexa568,AF647 azide click,3472,353.04041659272355,928.032354109779,1810.8107726202327,1737.1864716636198,260515_mACPOLR2A_CRC_EU,-1.5039911127021526,-0.007749900659246837,-6.0
22,D05,289.9940625945244,3520.2350802022406,2219.125385405961,HCT116 OsTIRF74G mAC-POLR2A Clone 5,5PhIAA,3,240,"EU 1 mM, 30 mins",Total Pol II (F12),Goat anti-mouse Alexa568,AF647 azide click,3705,273.3756486929514,776.2644064784172,1805.1041667069576,2213.623463114754,260515_mACPOLR2A_CRC_EU,131.9686676625173,0.6800200186556633,-8.5
23,D06,342.04509495318734,3499.324558702776,2282.07171671896,HCT116 OsTIRF74G mAC-POLR2A Clone 5,Vehicle,0,240,"EU 1 mM, 30 mins",Total Pol II (F12),Goat anti-mouse Alexa568,AF647 azide click,3678,270.7263052936105,912.8982018280753,1721.9380908674707,2300.6610693769335,260515_mACPOLR2A_CRC_EU,184.01970002118026,0.948233259135607,-12.0
24,D07,342.55150130646143,3332.3130872765514,2217.327296819788,HCT116 OsTIRF74G mAC-POLR2A Clone 5,Vehicle,0,240,"EU 1 mM, 30 mins",Total Pol II (F12),Goat anti-mouse Alexa568,AF647 azide click,3993,269.0331874970669,904.264022397406,1620.600250380849,2210.8132815868908,260515_mACPOLR2A_CRC_EU,184.52610637445434,0.9508427153338118,-12.0
25,D08,345.8060310350431,3410.9938483857645,2142.240809582817,HCT116 OsTIRF74G mAC-POLR2A Clone 5,Vehicle,0,240,"EU 1 mM, 30 mins",Total Pol II (F12),Goat anti-mouse Alexa568,AF647 azide click,3951,278.32963545482477,911.8300790893026,1743.0910691903357,2170.133744855967,260515_mACPOLR2A_CRC_EU,187.780636103036,0.9676129487986609,-12.0
26,D09,347.0527806861378,4013.364532480608,2225.439229249012,HCT116 OsTIRF74G mAC-POLR2A Clone 5,Vehicle,0,240,"EU 1 mM, 30 mins",Total Pol II (F12),Goat anti-mouse Alexa568,AF647 azide click,3951,278.190912565477,914.1068381990729,1807.659169291359,2253.272371638142,260515_mACPOLR2A_CRC_EU,189.0273857541307,0.9740373125208475,-12.0
27,D10,290.31851008248265,3657.0899629037676,2205.589430894309,HCT116 OsTIRF74G mAC-POLR2A Clone 5,5PhIAA,3,240,"EU 1 mM, 30 mins",Total Pol II (F12),Goat anti-mouse Alexa568,AF647 azide click,4223,268.17104847555686,776.6072265538959,1696.9243507939716,2216.9133633020024,260515_mACPOLR2A_CRC_EU,132.29311515047556,0.6816918608491328,-8.5
28,D11,347.9478792630472,3685.9918842599723,2268.173751547668,HCT116 OsTIRF74G mAC-POLR2A Clone 5,Vehicle,0,240,"EU 1 mM, 30 mins",Total Pol II (F12),Goat anti-mouse Alexa568,AF647 azide click,4014,278.32274725791046,903.7361090084761,1747.122157922732,2287.1460446247465,260515_mACPOLR2A_CRC_EU,189.9224843310401,0.9786496569640388,-12.0
29,D12,344.5458243918724,3641.601878640373,2233.0203572912337,HCT116 OsTIRF74G mAC-POLR2A Clone 5,Vehicle,0,240,"EU 1 mM, 30 mins",Total Pol II (F12),Goat anti-mouse Alexa568,AF647 azide click,4085,269.6183710358904,915.9638931272077,1741.0738308403181,2262.197756543415,260515_mACPOLR2A_CRC_EU,186.52042945986528,0.9611192426775198,-12.0
30,D13,336.7509256772833,3842.103004831873,2206.943800178412,HCT116 OsTIRF74G mAC-POLR2A Clone 5,Vehicle,0,240,"EU 1 mM, 30 mins",Total Pol II (F12),Goat anti-mouse Alexa568,AF647 azide click,3682,265.8068880995455,877.0995975905103,1777.0447461450592,2233.114436619718,260515_mACPOLR2A_CRC_EU,178.72553074527622,0.9209529875868093,-12.0
31,D14,348.42203099065244,3793.461848379396,2294.1032537960955,HCT116 OsTIRF74G mAC-POLR2A Clone 5,Vehicle,0,240,"EU 1 mM, 30 mins",Total Pol II (F12),Goat anti-mouse Alexa568,AF647 azide click,3716,268.72709080304713,901.5701839132098,1768.1606320370904,2321.667531344574,260515_mACPOLR2A_CRC_EU,190.39663605864536,0.9810929086264433,-12.0
32,D15,155.67820894417105,3738.824274263534,1704.5191997418522,HCT116 OsTIRF74G,Vehicle,0,240,"EU 1 mM, 30 mins",Total Pol II (F12),Goat anti-mouse Alexa568,AF647 azide click,3789,347.2151871688358,895.8562656426712,1817.12974686405,1666.6344017772135,260515_mACPOLR2A_CRC_EU,-2.347185987836042,-0.012094791040236606,-12.0
33,D16,155.2508110954912,3282.1988152560975,1689.781335522715,HCT116 OsTIRF74G,No addition,0,240,No addition,Total Pol II (D84LY),Goat anti-rabbit Alexa568,No click,3673,158.19754766803604,1702.5075586741116,1677.716050853227,1676.0173333333332,260515_mACPOLR2A_CRC_EU,-2.7745838365158875,-0.014297125110744225,-12.0
34,D17,289.47048139854473,3768.839385069004,2162.4693788276463,HCT116 OsTIRF74G mAC-POLR2A Clone 5,5PhIAA,3,240,No addition,Total Pol II (D84LY),Goat anti-rabbit Alexa568,No click,4156,158.42390688311906,1238.4653037278786,1703.0363787422953,2185.2595781317264,260515_mACPOLR2A_CRC_EU,131.44508646653765,0.677322062383434,-8.5
35,D18,349.93554240205793,3447.5316575121888,2229.217938931298,HCT116 OsTIRF74G mAC-POLR2A Clone 5,Vehicle,0,240,No addition,Total Pol II (D84LY),Goat anti-rabbit Alexa568,No click,3706,159.0943098497446,1622.76916765388,1632.482288856065,2239.6688188378275,260515_mACPOLR2A_CRC_EU,191.91014747005084,0.9888918663370079,-12.0
36,D19,355.4475483407504,3984.0949617901174,2168.897885739991,HCT116 OsTIRF74G mAC-POLR2A Clone 5,Vehicle,0,240,No addition,Total Pol II (D84LY),Goat anti-rabbit Alexa568,No click,3969,159.47139437752352,1593.876606627568,1620.9266061813137,2173.2348785871964,260515_mACPOLR2A_CRC_EU,197.42215340874333,1.0172946262318432,-12.0
37,D20,347.53785349706914,4118.774407598633,2096.2809179770506,HCT116 OsTIRF74G mAC-POLR2A Clone 5,Vehicle,0,240,No addition,Total Pol II (D84LY),Goat anti-rabbit Alexa568,No click,3872,159.75901718745683,1722.6583231751695,1772.2030927359044,2106.7274240532665,260515_mACPOLR2A_CRC_EU,189.51245856506205,0.9765368393235461,-12.0
38,D21,355.95459390314693,4643.4360636668425,2031.5790358744396,HCT116 OsTIRF74G mAC-POLR2A Clone 5,Vehicle,0,240,No addition,Total Pol II (D84LY),Goat anti-rabbit Alexa568,No click,3817,159.61797317160094,1719.6967414885228,1746.0525860136204,2058.4182825484763,260515_mACPOLR2A_CRC_EU,197.92919897113984,1.019907376204298,-12.0
39,D22,155.58706603106643,3557.8250630860916,1668.6109345200255,HCT116 OsTIRF74G,No addition,0,240,No addition,Total Pol II (D84LY),Goat anti-rabbit Alexa568,No click,3292,158.62138174898737,1792.9620825283469,1657.042208221101,1667.3505089058524,260515_mACPOLR2A_CRC_EU,-2.438328900940661,-0.012564440439351806,-12.0
40,E03,156.54991614701277,2776.183702122401,1711.2237136465324,HCT116 OsTIRF74G,Vehicle,0,240,"EU 1 mM, 30 mins",Total Pol II (F12),Goat anti-mouse Alexa568,AF647 azide click,3487,366.1151685520178,868.7246613384524,1655.4312313244066,1669.6525984251969,260515_mACPOLR2A_CRC_EU,-1.4754787849943227,-0.007602979772924198,-12.0
41,E04,157.3257910772582,3041.8268888139723,1717.5248673740052,HCT116 OsTIRF74G,Vehicle,0,240,"EU 1 mM, 30 mins",Total Pol II (F12),Goat anti-mouse Alexa568,AF647 azide click,3554,363.8272696732059,863.6145025851943,1766.750733505716,1705.1215112321306,260515_mACPOLR2A_CRC_EU,-0.6996038547488865,-0.0036049816580290914,-12.0
42,E05,250.02098961686187,3297.0259562274914,2253.017724649629,HCT116 OsTIRF74G mAC-POLR2A Clone 5,5PhIAA,10,240,"EU 1 mM, 30 mins",Total Pol II (F12),Goat anti-mouse Alexa568,AF647 azide click,3518,264.2721192681305,621.3503740150339,1711.532895165036,2252.593572009764,260515_mACPOLR2A_CRC_EU,91.99559468485478,0.4740431734433749,-8.0
43,E06,293.45551191763974,3151.5929681448856,2249.262347888332,HCT116 OsTIRF74G mAC-POLR2A Clone 5,5PhIAA,3,240,"EU 1 mM, 30 mins",Total Pol II (F12),Goat anti-mouse Alexa568,AF647 azide click,3561,270.1614604072949,749.7578909263474,1657.111911827435,2264.2118826055835,260515_mACPOLR2A_CRC_EU,135.43011698563265,0.6978564860154766,-8.5
44,E07,342.26959269156544,3126.490220360843,2297.472897196262,HCT116 OsTIRF74G mAC-POLR2A Clone 5,Vehicle,0,240,"EU 1 mM, 30 mins",Total Pol II (F12),Goat anti-mouse Alexa568,AF647 azide click,4152,267.4399541921391,851.8145138122438,1628.8133784826023,2329.451930355791,260515_mACPOLR2A_CRC_EU,184.24419775955835,0.9493900712709725,-12.0
45,E08,341.3595529254411,3311.6626554231652,2128.69406779661,HCT116 OsTIRF74G mAC-POLR2A Clone 5,Vehicle,0,240,"EU 1 mM, 30 mins",Total Pol II (F12),Goat anti-mouse Alexa568,AF647 azide click,3813,264.07390295541563,833.4249073978092,1620.4311745664818,2174.527280299875,260515_mACPOLR2A_CRC_EU,183.33415799343402,0.9447007365243353,-12.0
46,E09,350.0336084316186,3329.0783188529813,2190.5823823109845,HCT116 OsTIRF74G mAC-POLR2A Clone 5,Vehicle,0,240,"EU 1 mM, 30 mins",Total Pol II (F12),Goat anti-mouse Alexa568,AF647 azide click,3750,264.84681764301615,821.7974238022094,1604.586223306329,2206.533473536628,260515_mACPOLR2A_CRC_EU,192.0082134996115,0.9893971897931926,-12.0
47,E10,254.50027682261359,3736.052417963024,2193.517786561265,HCT116 OsTIRF74G mAC-POLR2A Clone 5,5PhIAA,10,240,"EU 1 mM, 30 mins",Total Pol II (F12),Goat anti-mouse Alexa568,AF647 azide click,4022,262.0619589355694,607.4480639622171,1742.1443697099114,2207.1313725490195,260515_mACPOLR2A_CRC_EU,96.4748818906065,0.49712444737885847,-8.0
48,E11,293.90963995811444,3618.903339926765,2222.032786885246,HCT116 OsTIRF74G mAC-POLR2A Clone 5,5PhIAA,3,240,"EU 1 mM, 30 mins",Total Pol II (F12),Goat anti-mouse Alexa568,AF647 azide click,4083,263.59382063159313,707.1685502192029,1672.478582602236,2218.4697709350357,260515_mACPOLR2A_CRC_EU,135.88424502610735,0.7001965578221072,-8.5
49,E12,347.998763186987,3519.8666443645097,2243.6224719101124,HCT116 OsTIRF74G mAC-POLR2A Clone 5,Vehicle,0,240,"EU 1 mM, 30 mins",Total Pol II (F12),Goat anti-mouse Alexa568,AF647 azide click,3968,265.17150230328014,856.1469123411769,1655.3685178583248,2261.6395786305493,260515_mACPOLR2A_CRC_EU,189.9733682549799,0.9789118562233002,-12.0
50,E13,346.3537460560791,3764.4722941107184,2226.547412164715,HCT116 OsTIRF74G mAC-POLR2A Clone 5,Vehicle,0,240,"EU 1 mM, 30 mins",Total Pol II (F12),Goat anti-mouse Alexa568,AF647 azide click,3392,264.55921384421663,825.8719878138469,1702.2648209505517,2200.9094955489613,260515_mACPOLR2A_CRC_EU,188.32835112407201,0.9704352640149924,-12.0
51,E14,346.2236522019411,3421.9244033412942,2250.0689655172414,HCT116 OsTIRF74G mAC-POLR2A Clone 5,Vehicle,0,240,"EU 1 mM, 30 mins",Total Pol II (F12),Goat anti-mouse Alexa568,AF647 azide click,3789,256.65715505628924,833.536897508805,1621.7091829022957,2262.870652173913,260515_mACPOLR2A_CRC_EU,188.198257269934,0.9697649047040675,-12.0
52,E15,155.54924478177108,3760.135019301253,1700.855504587156,HCT116 OsTIRF74G,5PhIAA,1000,240,"EU 1 mM, 30 mins",Total Pol II (F12),Goat anti-mouse Alexa568,AF647 azide click,3784,342.92523377458474,800.2338147713389,1695.0931872746683,1679.1084959816303,260515_mACPOLR2A_CRC_EU,-2.476150150236009,-0.012759329173980654,-6.0
53,E16,154.50136133565672,3494.4899938265226,1651.6297407912687,HCT116 OsTIRF74G,No addition,0,240,No addition,Total Pol II (D84LY),Goat anti-rabbit Alexa568,No click,4132,157.94199248709822,1593.4904606794898,1618.4073526704294,1639.8996746203904,260515_mACPOLR2A_CRC_EU,-3.524033596350364,-0.018158957231133775,-12.0
54,E17,261.8858293509609,3965.7964097841036,2179.3998305802625,HCT116 OsTIRF74G mAC-POLR2A Clone 5,5PhIAA,10,240,No addition,Total Pol II (D84LY),Goat anti-rabbit Alexa568,No click,3617,157.94229924993724,962.9594140546919,1601.7380759125044,2192.21876280213,260515_mACPOLR2A_CRC_EU,103.86043441895379,0.5351813866286558,-8.0
55,E18,296.7738748480956,3584.844260325258,2108.2327137546467,HCT116 OsTIRF74G mAC-POLR2A Clone 5,5PhIAA,3,240,No addition,Total Pol II (D84LY),Goat anti-rabbit Alexa568,No click,3458,158.20014644003678,1202.667031939691,1591.2759021388683,2157.409794742528,260515_mACPOLR2A_CRC_EU,138.7484799160885,0.7149556449434543,-8.5
56,E19,348.2361978824556,4168.621246764295,2203.1011641910877,HCT116 OsTIRF74G mAC-POLR2A Clone 5,Vehicle,0,240,No addition,Total Pol II (D84LY),Goat anti-rabbit Alexa568,No click,4095,158.85076230209603,1544.3677960875066,1646.7725096749405,2200.778127458694,260515_mACPOLR2A_CRC_EU,190.2108029504485,0.9801353310745806,-12.0
57,E20,351.84802838536615,3810.014234139224,2101.2439330543934,HCT116 OsTIRF74G mAC-POLR2A Clone 5,Vehicle,0,240,No addition,Total Pol II (D84LY),Goat anti-rabbit Alexa568,No click,3686,158.59296836193295,1592.4551481185783,1647.8044967721623,2141.8784281620956,260515_mACPOLR2A_CRC_EU,193.82263345335906,0.9987466961014015,-12.0
58,E21,352.71368184264384,4509.685730133689,2038.84732492388,HCT116 OsTIRF74G mAC-POLR2A Clone 5,Vehicle,0,240,No addition,Total Pol II (D84LY),Goat anti-rabbit Alexa568,No click,3555,158.81551519531604,1565.5717956183503,1672.0212014894582,2038.8118644067797,260515_mACPOLR2A_CRC_EU,194.68828691063675,1.003207313084159,-12.0
59,E22,155.03650211084863,3942.851342506416,1653.917469492614,HCT116 OsTIRF74G,No addition,0,240,No addition,Total Pol II (D84LY),Goat anti-rabbit Alexa568,No click,3220,157.89558887743794,1566.1734731736424,1577.9628381629618,1666.8541004450096,260515_mACPOLR2A_CRC_EU,-2.9888928211584584,-0.015401435719588161,-12.0
60,F03,156.4217137336612,2739.679003626363,1677.6766020864382,HCT116 OsTIRF74G,Vehicle,0,240,"EU 1 mM, 30 mins",Total Pol II (F12),Goat anti-mouse Alexa568,AF647 azide click,3419,366.8858840789983,838.0731190430819,1733.145164550222,1657.8597829275448,260515_mACPOLR2A_CRC_EU,-1.603681198345896,-0.008263592697667695,-12.0
61,F04,156.5023322545885,2779.6026901260393,1706.1073690270582,HCT116 OsTIRF74G,5PhIAA,1000,240,"EU 1 mM, 30 mins",Total Pol II (F12),Goat anti-mouse Alexa568,AF647 azide click,3574,341.41477644606294,824.8792722059167,1712.4232461772392,1670.7899356348742,260515_mACPOLR2A_CRC_EU,-1.5230626774185794,-0.00784817433302085,-6.0
62,F05,223.0107982633176,3132.1423748163443,2253.56684698609,HCT116 OsTIRF74G mAC-POLR2A Clone 5,5PhIAA,30,240,"EU 1 mM, 30 mins",Total Pol II (F12),Goat anti-mouse Alexa568,AF647 azide click,3569,247.90000027031132,496.81579557626503,1614.9591588307317,2231.0071725179314,260515_mACPOLR2A_CRC_EU,64.98540333131052,0.3348626304140156,-7.5
63,F06,256.80565708895955,3206.815118830218,2152.447013487476,HCT116 OsTIRF74G mAC-POLR2A Clone 5,5PhIAA,10,240,"EU 1 mM, 30 mins",Total Pol II (F12),Goat anti-mouse Alexa568,AF647 azide click,3681,255.88585200347762,668.716120457925,1631.2358184124269,2142.8484732824427,260515_mACPOLR2A_CRC_EU,98.78026215695246,0.5090038181378181,-8.0
64,F07,292.57167078523617,3222.0982408936356,2231.5576995838064,HCT116 OsTIRF74G mAC-POLR2A Clone 5,5PhIAA,3,240,"EU 1 mM, 30 mins",Total Pol II (F12),Goat anti-mouse Alexa568,AF647 azide click,3651,252.54228614775425,678.661667169729,1504.485641597392,2227.557968347442,260515_mACPOLR2A_CRC_EU,134.54627585322908,0.6933021499447152,-8.5
65,F08,343.17459452982973,3384.6746774257736,2303.4814963797267,HCT116 OsTIRF74G mAC-POLR2A Clone 5,Vehicle,0,240,"EU 1 mM, 30 mins",Total Pol II (F12),Goat anti-mouse Alexa568,AF647 azide click,3960,259.2786058443779,789.2927061643422,1581.789096037458,2316.888711607499,260515_mACPOLR2A_CRC_EU,185.14919959782264,0.9540534461298724,-12.0
66,F09,348.1384959850236,3388.935319939104,2282.8128481247677,HCT116 OsTIRF74G mAC-POLR2A Clone 5,Vehicle,0,240,"EU 1 mM, 30 mins",Total Pol II (F12),Goat anti-mouse Alexa568,AF647 azide click,4016,261.06081719631396,795.9016523894658,1646.0719320248081,2288.120753323486,260515_mACPOLR2A_CRC_EU,190.11310105301652,0.9796318839511747,-12.0
67,F10,225.30485794236105,3548.912549207916,2136.133216168717,HCT116 OsTIRF74G mAC-POLR2A Clone 5,5PhIAA,30,240,"EU 1 mM, 30 mins",Total Pol II (F12),Goat anti-mouse Alexa568,AF647 azide click,3615,245.95092520258265,488.98033719358193,1597.0034736528294,2187.1871938418476,260515_mACPOLR2A_CRC_EU,67.27946301035396,0.34668366743266404,-7.5
68,F11,260.4550510749964,3499.5535414026112,2139.37845813353,HCT116 OsTIRF74G mAC-POLR2A Clone 5,5PhIAA,10,240,"EU 1 mM, 30 mins",Total Pol II (F12),Goat anti-mouse Alexa568,AF647 azide click,4000,252.98819809295463,605.2207942114059,1679.2870858977444,2151.3165020124407,260515_mACPOLR2A_CRC_EU,102.4296561429893,0.5278087436585711,-8.0
69,F12,294.3842531005623,3575.8852476268653,2205.9598777225833,HCT116 OsTIRF74G mAC-POLR2A Clone 5,5PhIAA,3,240,"EU 1 mM, 30 mins",Total Pol II (F12),Goat anti-mouse Alexa568,AF647 azide click,3819,254.0098115739335,693.0336174413428,1652.7594485923669,2211.25197740113,260515_mACPOLR2A_CRC_EU,136.35885816855523,0.7026421871044076,-8.5
70,F13,338.98061123085756,3597.6327565682955,2224.4294896030246,HCT116 OsTIRF74G mAC-POLR2A Clone 5,Vehicle,0,240,"EU 1 mM, 30 mins",Total Pol II (F12),Goat anti-mouse Alexa568,AF647 azide click,3680,251.29705031738106,788.9673644326169,1626.8823287950156,2226.851960425064,260515_mACPOLR2A_CRC_EU,180.95521629885047,0.9324423118225837,-12.0
71,F14,347.8375423558123,3438.420823849016,2285.6131900703963,HCT116 OsTIRF74G mAC-POLR2A Clone 5,Vehicle,0,240,"EU 1 mM, 30 mins",Total Pol II (F12),Goat anti-mouse Alexa568,AF647 azide click,3335,252.95641965366192,809.1600238389492,1587.825814669199,2274.8874633431087,260515_mACPOLR2A_CRC_EU,189.8121474238052,0.9780811030258558,-12.0
72,F15,156.7378995262103,3332.1517469300325,1694.240843507214,HCT116 OsTIRF74G,Vehicle,0,240,"EU 1 mM, 30 mins",Total Pol II (F12),Goat anti-mouse Alexa568,AF647 azide click,4027,315.8525982777597,806.7918221456995,1615.6763476196159,1671.1914364640884,260515_mACPOLR2A_CRC_EU,-1.2874954057967898,-0.0066343221112755545,-12.0
73,F16,156.40795688664622,3616.049091051408,1678.161659046375,HCT116 OsTIRF74G,No addition,0,240,No addition,Total Pol II (D84LY),Goat anti-rabbit Alexa568,No click,4369,158.90071257946101,1596.6770277931712,1609.9826825885218,1668.032525510204,260515_mACPOLR2A_CRC_EU,-1.6174380453608705,-0.008334480216117827,-12.0
74,F17,226.31263514481952,3829.174082231822,2157.6712009327634,HCT116 OsTIRF74G mAC-POLR2A Clone 5,5PhIAA,30,240,No addition,Total Pol II (D84LY),Goat anti-rabbit Alexa568,No click,3750,157.86419321128304,748.1540395982888,1616.9231699794764,2162.3908845113942,260515_mACPOLR2A_CRC_EU,68.28724021281243,0.3518766324307581,-7.5
75,F18,260.45815789626903,3514.9461476565657,2143.0299523485364,HCT116 OsTIRF74G mAC-POLR2A Clone 5,5PhIAA,10,240,No addition,Total Pol II (D84LY),Goat anti-rabbit Alexa568,No click,3779,157.81853604916353,955.8941803056322,1580.3496641480963,2146.2729419703105,260515_mACPOLR2A_CRC_EU,102.43276296426194,0.5278247527666208,-8.0
76,F19,300.0838879713679,3735.511677311457,2146.4600744724867,HCT116 OsTIRF74G mAC-POLR2A Clone 5,5PhIAA,3,240,No addition,Total Pol II (D84LY),Goat anti-rabbit Alexa568,No click,3989,158.28743440243338,1177.3368568772955,1605.9958229916315,2209.7152921674265,260515_mACPOLR2A_CRC_EU,142.05849303936083,0.7320117782340796,-8.5
77,F20,360.2184517732491,4211.965616453038,2126.3916178458767,HCT116 OsTIRF74G mAC-POLR2A Clone 5,Vehicle,0,240,No addition,Total Pol II (D84LY),Goat anti-rabbit Alexa568,No click,4061,159.11689808695678,1665.7500630232753,1660.4733780597048,2161.045777777778,260515_mACPOLR2A_CRC_EU,202.19305684124203,1.041878566485516,-12.0
78,F21,357.20557313328163,4108.575977728852,2150.101148409894,HCT116 OsTIRF74G mAC-POLR2A Clone 5,Vehicle,0,240,No addition,Total Pol II (D84LY),Goat anti-rabbit Alexa568,No click,3492,158.8211877049531,1607.1688711627892,1638.2158130973855,2153.796024200519,260515_mACPOLR2A_CRC_EU,199.18017820127454,1.0263535344817272,-12.0
79,F22,156.15827218888037,3616.6734145760834,1667.5566229985443,HCT116 OsTIRF74G,No addition,0,240,No addition,Total Pol II (D84LY),Goat anti-rabbit Alexa568,No click,3265,157.95122234788548,1648.4349078653152,1547.3727215309486,1647.6571428571428,260515_mACPOLR2A_CRC_EU,-1.8671227431267141,-0.009621077980876405,-12.0
80,G03,156.6805797542546,2730.7790050979993,1621.8460171750073,HCT116 OsTIRF74G,Vehicle,0,240,"EU 1 mM, 30 mins",Total Pol II (F12),Goat anti-mouse Alexa568,AF647 azide click,3123,363.80745747644113,805.3977498408578,1624.4799192936016,1608.6982905982907,260515_mACPOLR2A_CRC_EU,-1.34481517775248,-0.0069296845869680915,-12.0
81,G04,157.79170608128118,2806.20801804027,1717.5760225669958,HCT116 OsTIRF74G,Vehicle,0,240,"EU 1 mM, 30 mins",Total Pol II (F12),Goat anti-mouse Alexa568,AF647 azide click,4268,345.4249643977147,834.3556220269411,1706.8625740733983,1690.391034677192,260515_mACPOLR2A_CRC_EU,-0.23368885072591183,-0.0012041729256268814,-12.0
82,G05,206.60976249176966,3311.1515617752243,2054.4460132890367,HCT116 OsTIRF74G mAC-POLR2A Clone 5,5PhIAA,100,240,"EU 1 mM, 30 mins",Total Pol II (F12),Goat anti-mouse Alexa568,AF647 azide click,3375,239.11635771893748,444.4985409283881,1753.9754692963686,2056.6408885232413,260515_mACPOLR2A_CRC_EU,48.58436755976257,0.25034989834747823,-7.0
83,G06,227.35019676421103,2956.1506852888438,2299.909722222222,HCT116 OsTIRF74G mAC-POLR2A Clone 5,5PhIAA,30,240,"EU 1 mM, 30 mins",Total Pol II (F12),Goat anti-mouse Alexa568,AF647 azide click,3597,244.06473080638236,502.06090613705277,1624.679161671324,2314.7258485639686,260515_mACPOLR2A_CRC_EU,69.32480183220395,0.3572230732509333,-7.5
84,G07,262.2848191282312,3103.4984211975484,2216.0603817686015,HCT116 OsTIRF74G mAC-POLR2A Clone 5,5PhIAA,10,240,"EU 1 mM, 30 mins",Total Pol II (F12),Goat anti-mouse Alexa568,AF647 azide click,3870,257.85854076131574,622.0985730039671,1602.2182094443453,2213.9494833524686,260515_mACPOLR2A_CRC_EU,104.25942419622413,0.5372373370340705,-8.0
85,G08,294.28310159912417,3163.417488357911,2261.09288468279,HCT116 OsTIRF74G mAC-POLR2A Clone 5,5PhIAA,3,240,"EU 1 mM, 30 mins",Total Pol II (F12),Goat anti-mouse Alexa568,AF647 azide click,3767,253.891641203505,661.1896727740511,1528.8530526744323,2290.6869933027847,260515_mACPOLR2A_CRC_EU,136.25770666711708,0.7021209645512564,-8.5
86,G09,348.94034202035283,3286.2348035677423,2104.269987309645,HCT116 OsTIRF74G mAC-POLR2A Clone 5,Vehicle,0,240,"EU 1 mM, 30 mins",Total Pol II (F12),Goat anti-mouse Alexa568,AF647 azide click,4101,257.42778496112135,758.0919326359423,1565.4729234915872,2155.154609475032,260515_mACPOLR2A_CRC_EU,190.91494708834574,0.9837637083119235,-12.0
87,G10,202.23672118911088,3053.0359415050543,2149.049951659684,HCT116 OsTIRF74G mAC-POLR2A Clone 5,5PhIAA,100,240,"EU 1 mM, 30 mins",Total Pol II (F12),Goat anti-mouse Alexa568,AF647 azide click,3723,231.96804940542285,412.33900212528965,1583.267532390134,2171.940716612378,260515_mACPOLR2A_CRC_EU,44.21132625710379,0.2278160978561315,-7.0
88,G11,233.85427218082341,3310.335787410986,2138.41433860653,HCT116 OsTIRF74G mAC-POLR2A Clone 5,5PhIAA,30,240,"EU 1 mM, 30 mins",Total Pol II (F12),Goat anti-mouse Alexa568,AF647 azide click,4001,245.0576209246048,510.5591216983295,1615.9643031100575,2135.6348314606744,260515_mACPOLR2A_CRC_EU,75.82887724881633,0.3907378579682667,-7.5
89,G12,264.44029256789526,3496.076597524634,2130.53120124805,HCT116 OsTIRF74G mAC-POLR2A Clone 5,5PhIAA,10,240,"EU 1 mM, 30 mins",Total Pol II (F12),Goat anti-mouse Alexa568,AF647 azide click,3906,249.58572236953916,614.257367420702,1690.1507364082067,2163.761958997722,260515_mACPOLR2A_CRC_EU,106.41489763588817,0.5483442544154031,-8.0
90,G13,302.6185858313709,3600.036097113507,2125.5600143317806,HCT116 OsTIRF74G mAC-POLR2A Clone 5,5PhIAA,3,240,"EU 1 mM, 30 mins",Total Pol II (F12),Goat anti-mouse Alexa568,AF647 azide click,3877,251.50478437426645,672.3167671854364,1631.0212781729983,2124.9323570432357,260515_mACPOLR2A_CRC_EU,144.59319089936383,0.7450727973121352,-8.5
91,G14,356.29671802010574,3514.1766120112247,2112.9733198243835,HCT116 OsTIRF74G mAC-POLR2A Clone 5,Vehicle,0,240,"EU 1 mM, 30 mins",Total Pol II (F12),Goat anti-mouse Alexa568,AF647 azide click,3619,256.1603689274276,795.3183592008933,1609.0265735833045,2133.541278295606,260515_mACPOLR2A_CRC_EU,198.27132308809865,1.0216703041213384,-12.0
92,G15,157.2803064844174,3365.9239039747913,1645.4401544401544,HCT116 OsTIRF74G,5PhIAA,1000,240,"EU 1 mM, 30 mins",Total Pol II (F12),Goat anti-mouse Alexa568,AF647 azide click,4138,321.8044743580928,769.983171982729,1578.9808655970003,1629.503861003861,260515_mACPOLR2A_CRC_EU,-0.7450884475896942,-0.003839358758442422,-6.0
93,G16,156.35459142656475,3022.3238757136673,1663.7571942446043,HCT116 OsTIRF74G,No addition,0,240,No addition,Total Pol II (D84LY),Goat anti-rabbit Alexa568,No click,4503,158.7878729248074,1617.2836133425876,1553.0662614890891,1673.1035856573706,260515_mACPOLR2A_CRC_EU,-1.6708035054423362,-0.008609466557974134,-12.0
94,G17,205.93154540817372,4078.4622555123287,2146.1530612244896,HCT116 OsTIRF74G mAC-POLR2A Clone 5,5PhIAA,100,240,No addition,Total Pol II (D84LY),Goat anti-rabbit Alexa568,No click,3682,158.11424945546628,599.2562988934524,1591.4091023528918,2125.382075471698,260515_mACPOLR2A_CRC_EU,47.90615047616663,0.24685512036715546,-7.0
95,G18,227.64714100845416,3844.711263726796,2101.497000856898,HCT116 OsTIRF74G mAC-POLR2A Clone 5,5PhIAA,30,240,No addition,Total Pol II (D84LY),Goat anti-rabbit Alexa568,No click,3815,159.38748413647386,741.0329743763527,1537.1695890619922,2116.8097095795406,260515_mACPOLR2A_CRC_EU,69.62174607644707,0.35875319425682456,-7.5
96,G19,258.72467817920995,4207.725776689574,2185.155195089873,HCT116 OsTIRF74G mAC-POLR2A Clone 5,5PhIAA,10,240,No addition,Total Pol II (D84LY),Goat anti-rabbit Alexa568,No click,4088,158.1359555101089,922.2414588147161,1573.0442616441592,2209.191544434858,260515_mACPOLR2A_CRC_EU,100.69928324720286,0.5188923225889648,-8.0
97,G20,307.7508076129735,3960.3004957410326,2060.684187279152,HCT116 OsTIRF74G mAC-POLR2A Clone 5,5PhIAA,3,240,No addition,Total Pol II (D84LY),Goat anti-rabbit Alexa568,No click,3678,157.92962683273322,1248.3948229608566,1534.22276484176,2097.99356223176,260515_mACPOLR2A_CRC_EU,149.72541268096643,0.7715185712483803,-8.5
98,G21,352.379229394902,4500.851702512678,2202.914023372287,HCT116 OsTIRF74G mAC-POLR2A Clone 5,Vehicle,0,240,No addition,Total Pol II (D84LY),Goat anti-rabbit Alexa568,No click,3572,158.7764032947929,1484.1447563356917,1570.443098025082,2223.069036792063,260515_mACPOLR2A_CRC_EU,194.3538344628949,1.001483916434172,-12.0
99,G22,156.6930100911801,4370.596976329766,1631.658022130014,HCT116 OsTIRF74G,No addition,0,240,No addition,Total Pol II (D84LY),Goat anti-rabbit Alexa568,No click,3365,158.74862865878626,1581.5569186752077,1602.4198928623541,1635.1747572815534,260515_mACPOLR2A_CRC_EU,-1.3323848408269896,-0.006865632428999924,-12.0
100,H03,157.39456894055647,3054.778109682241,1696.7806637806639,HCT116 OsTIRF74G,Vehicle,0,240,"EU 1 mM, 30 mins",Total Pol II (F12),Goat anti-mouse Alexa568,AF647 azide click,3180,344.3026311283729,791.2986578261333,1652.9744587839084,1676.1731256791018,260515_mACPOLR2A_CRC_EU,-0.6308259914506209,-0.0032505768988419434,-12.0
101,H04,158.5088144997806,3201.7794629865634,1722.9916219839142,HCT116 OsTIRF74G,5PhIAA,1000,240,"EU 1 mM, 30 mins",Total Pol II (F12),Goat anti-mouse Alexa568,AF647 azide click,3547,323.04120560023927,804.9679954040992,1700.7671437294744,1705.5937912813738,260515_mACPOLR2A_CRC_EU,0.4834195677735238,0.002491007822679065,-6.0
102,H05,196.7488934898615,3039.531206900183,2294.9442453205893,HCT116 OsTIRF74G mAC-POLR2A Clone 5,5PhIAA,300,240,"EU 1 mM, 30 mins",Total Pol II (F12),Goat anti-mouse Alexa568,AF647 azide click,3660,226.70076751149432,369.6903795545261,1552.3362016355181,2319.789264413519,260515_mACPOLR2A_CRC_EU,38.72349855785441,0.19953792576784443,-6.5
103,H06,205.84949384051205,3162.906061366636,2271.9519469759734,HCT116 OsTIRF74G mAC-POLR2A Clone 5,5PhIAA,100,240,"EU 1 mM, 30 mins",Total Pol II (F12),Goat anti-mouse Alexa568,AF647 azide click,3951,231.22152961110712,408.35729437597934,1551.2711130495957,2261.7174089068826,260515_mACPOLR2A_CRC_EU,47.824098908504965,0.24643231767042217,-7.0
104,H07,231.52064975363982,2929.2166322644002,2188.3564423402095,HCT116 OsTIRF74G mAC-POLR2A Clone 5,5PhIAA,30,240,"EU 1 mM, 30 mins",Total Pol II (F12),Goat anti-mouse Alexa568,AF647 azide click,4036,240.4321841853027,485.5088420321414,1464.0172821404446,2209.1202277294037,260515_mACPOLR2A_CRC_EU,73.49525482163273,0.3787129584631292,-7.5
105,H08,262.49265601671664,2995.0912803868914,2239.2657342657344,HCT116 OsTIRF74G mAC-POLR2A Clone 5,5PhIAA,10,240,"EU 1 mM, 30 mins",Total Pol II (F12),Goat anti-mouse Alexa568,AF647 azide click,3621,250.71657478459227,555.3231360563334,1531.5566713368928,2293.6294078509645,260515_mACPOLR2A_CRC_EU,104.46726108470955,0.5383082976438012,-8.0
106,H09,301.544366449052,3485.3112670090923,2135.832931450224,HCT116 OsTIRF74G mAC-POLR2A Clone 5,5PhIAA,3,240,"EU 1 mM, 30 mins",Total Pol II (F12),Goat anti-mouse Alexa568,AF647 azide click,4082,253.17265430454205,630.534096133413,1573.1520247683654,2190.325726141079,260515_mACPOLR2A_CRC_EU,143.51897151704492,0.7395374630745201,-8.5
107,H10,196.1878660253825,3208.1054626054515,2104.933647798742,HCT116 OsTIRF74G mAC-POLR2A Clone 5,5PhIAA,300,240,"EU 1 mM, 30 mins",Total Pol II (F12),Goat anti-mouse Alexa568,AF647 azide click,3991,222.6154893491203,373.25548379397236,1556.1475801031695,2117.643561306223,260515_mACPOLR2A_CRC_EU,38.162471093375416,0.19664701299575385,-6.5
108,H11,205.48617442577316,3575.615018782075,2166.0030052592037,HCT116 OsTIRF74G mAC-POLR2A Clone 5,5PhIAA,100,240,"EU 1 mM, 30 mins",Total Pol II (F12),Goat anti-mouse Alexa568,AF647 azide click,4112,227.80560126896395,408.1524375861094,1598.0579426258116,2174.3589081519735,260515_mACPOLR2A_CRC_EU,47.46077949376607,0.2445601727168903,-7.0
109,H12,236.37140463467463,3643.425642990895,2100.455501314307,HCT116 OsTIRF74G mAC-POLR2A Clone 5,5PhIAA,30,240,"EU 1 mM, 30 mins",Total Pol II (F12),Goat anti-mouse Alexa568,AF647 azide click,3496,237.354556273437,509.6789743041571,1655.2990692056035,2139.10635155096,260515_mACPOLR2A_CRC_EU,78.34600970266754,0.4037083644418488,-7.5
110,H13,263.110793199707,3589.649895166916,2075.8680959302324,HCT116 OsTIRF74G mAC-POLR2A Clone 5,5PhIAA,10,240,"EU 1 mM, 30 mins",Total Pol II (F12),Goat anti-mouse Alexa568,AF647 azide click,3205,244.898728805418,579.4322426034265,1638.328357122695,2094.403150733978,260515_mACPOLR2A_CRC_EU,105.08539826769993,0.5414934905093063,-8.0
111,H14,303.5581975000304,3398.55762760137,2144.1187673130194,HCT116 OsTIRF74G mAC-POLR2A Clone 5,5PhIAA,3,240,"EU 1 mM, 30 mins",Total Pol II (F12),Goat anti-mouse Alexa568,AF647 azide click,3652,241.571761283538,660.0136007301268,1578.1151100902543,2172.6234177215188,260515_mACPOLR2A_CRC_EU,145.53280256802333,0.7499145128175527,-8.5
112,H15,158.37846115188472,3270.490240189795,1675.9443181818183,HCT116 OsTIRF74G,Vehicle,0,240,"EU 1 mM, 30 mins",Total Pol II (F12),Goat anti-mouse Alexa568,AF647 azide click,4185,321.97024404126495,747.1182967170091,1517.00344690226,1655.3431262614936,260515_mACPOLR2A_CRC_EU,0.35306621987763265,0.0018193113689823587,-12.0
113,H16,157.81079755418193,3081.6091439259144,1619.573544433095,HCT116 OsTIRF74G,No addition,0,240,No addition,Total Pol II (D84LY),Goat anti-rabbit Alexa568,No click,4323,158.26007740969317,1535.1478633702995,1480.7764466819854,1620.7824474660074,260515_mACPOLR2A_CRC_EU,-0.2145973778251573,-0.001105796667170325,-12.0
114,H17,194.50626810889966,3377.686063885681,2166.035930273924,HCT116 OsTIRF74G mAC-POLR2A Clone 5,5PhIAA,300,240,No addition,Total Pol II (D84LY),Goat anti-rabbit Alexa568,No click,4065,157.22201115578784,510.5998593472277,1464.8314068371685,2199.684907633322,260515_mACPOLR2A_CRC_EU,36.48087317689257,0.18798192402583028,-6.5
115,H18,205.26215137912217,3528.0051445388417,2116.65,HCT116 OsTIRF74G mAC-POLR2A Clone 5,5PhIAA,100,240,No addition,Total Pol II (D84LY),Goat anti-rabbit Alexa568,No click,3923,157.62630283104704,583.8260081551161,1521.4766574109838,2138.8843255463453,260515_mACPOLR2A_CRC_EU,47.236756447115084,0.24340580661574512,-7.0
116,H19,226.40352664817442,4227.5251011016,2252.3351431391907,HCT116 OsTIRF74G mAC-POLR2A Clone 5,5PhIAA,30,240,No addition,Total Pol II (D84LY),Goat anti-rabbit Alexa568,No click,3386,158.14759466832834,710.877603367518,1575.1767738284539,2293.634025717112,260515_mACPOLR2A_CRC_EU,68.37813171616733,0.3523449863431057,-7.5
117,H20,267.8508560418212,3930.918229858877,2210.913988657845,HCT116 OsTIRF74G mAC-POLR2A Clone 5,5PhIAA,10,240,No addition,Total Pol II (D84LY),Goat anti-rabbit Alexa568,No click,3831,158.20292642943656,993.9024318880026,1556.4614142071098,2233.855415860735,260515_mACPOLR2A_CRC_EU,109.82546110981411,0.5659185125953557,-8.0
118,H21,299.64677195198755,4042.6852134328774,2187.2112802148613,HCT116 OsTIRF74G mAC-POLR2A Clone 5,5PhIAA,3,240,No addition,Total Pol II (D84LY),Goat anti-rabbit Alexa568,No click,3630,161.30058001583592,1164.1906995935801,1496.166878522844,2199.00404676259,260515_mACPOLR2A_CRC_EU,141.62137701998046,0.7297593674996325,-8.5
119,H22,157.65922656144863,4161.900676503379,1642.802743902439,HCT116 OsTIRF74G,No addition,0,240,No addition,Total Pol II (D84LY),Goat anti-rabbit Alexa568,No click,3394,158.80516030513513,1595.827417435248,1585.0525577148214,1648.3035443804908,260515_mACPOLR2A_CRC_EU,-0.3661683705584551,-0.0018868253092851203,-12.0
120,I03,158.08555243481905,3336.203727454818,1737.2692598187311,HCT116 OsTIRF74G,Vehicle,0,240,"EU 1 mM, 30 mins",Total Pol II (F12),Goat anti-mouse Alexa568,AF647 azide click,3304,332.6263066953248,808.9024356881017,1789.512560766389,1700.4197434900893,260515_mACPOLR2A_CRC_EU,0.060157502811961194,0.00030998499044547864,-12.0
121,I04,159.11150090804222,2998.758551360522,1694.5135566188198,HCT116 OsTIRF74G,Vehicle,0,240,"EU 1 mM, 30 mins",Total Pol II (F12),Goat anti-mouse Alexa568,AF647 azide click,3527,325.4395007494657,810.8515159536194,1692.0268771409878,1689.099652008858,260515_mACPOLR2A_CRC_EU,1.0861059760351282,0.005596584546675774,-12.0
122,I05,197.40242223712914,3269.6292381344074,2165.4988009592325,HCT116 OsTIRF74G mAC-POLR2A Clone 5,5PhIAA,1000,240,"EU 1 mM, 30 mins",Total Pol II (F12),Goat anti-mouse Alexa568,AF647 azide click,3807,225.374714851973,383.0095693031781,1655.7950931850428,2212.191116544417,260515_mACPOLR2A_CRC_EU,39.377027305122056,0.20290548746851605,-6.0
123,I06,197.38574432144904,3193.069540326925,2274.3250377073905,HCT116 OsTIRF74G mAC-POLR2A Clone 5,5PhIAA,300,240,"EU 1 mM, 30 mins",Total Pol II (F12),Goat anti-mouse Alexa568,AF647 azide click,3874,226.04566705337058,372.06014136643466,1575.1878942778615,2299.0533484676503,260515_mACPOLR2A_CRC_EU,39.36034938944195,0.20281954800475693,-6.5
124,I07,205.3924236288429,3084.754846596059,2300.0562724014335,HCT116 OsTIRF74G mAC-POLR2A Clone 5,5PhIAA,100,240,"EU 1 mM, 30 mins",Total Pol II (F12),Goat anti-mouse Alexa568,AF647 azide click,3596,225.09036106892617,391.94579251931583,1484.4857947355845,2326.1993392070485,260515_mACPOLR2A_CRC_EU,47.3670286968358,0.24407708517947166,-7.0
125,I08,232.66085987172937,3051.9572058632443,2264.39464993395,HCT116 OsTIRF74G mAC-POLR2A Clone 5,5PhIAA,30,240,"EU 1 mM, 30 mins",Total Pol II (F12),Goat anti-mouse Alexa568,AF647 azide click,3655,239.11531770424853,468.10546830515756,1494.3311811486471,2277.8660415271265,260515_mACPOLR2A_CRC_EU,74.63546493972228,0.3845883356985611,-7.5
126,I09,262.6200924521054,3186.230250492086,2193.9943596549438,HCT116 OsTIRF74G mAC-POLR2A Clone 5,5PhIAA,10,240,"EU 1 mM, 30 mins",Total Pol II (F12),Goat anti-mouse Alexa568,AF647 azide click,3703,245.84188697811587,541.5973700033329,1426.5527473326101,2210.6331557922767,260515_mACPOLR2A_CRC_EU,104.5946975200983,0.5389649635684135,-8.0
127,I10,194.71914686116267,3436.3401092913796,2202.0351080246915,HCT116 OsTIRF74G mAC-POLR2A Clone 5,5PhIAA,1000,240,"EU 1 mM, 30 mins",Total Pol II (F12),Goat anti-mouse Alexa568,AF647 azide click,3952,219.36465793349456,356.79092056888226,1520.7870030992483,2223.5229253505117,260515_mACPOLR2A_CRC_EU,36.69375192915558,0.18907886480464822,-6.0
128,I11,198.36176617650804,3530.022488420173,2201.4398034398037,HCT116 OsTIRF74G mAC-POLR2A Clone 5,5PhIAA,300,240,"EU 1 mM, 30 mins",Total Pol II (F12),Goat anti-mouse Alexa568,AF647 azide click,3974,219.98531929056992,370.5925295070966,1557.1301129311403,2216.3443686006826,260515_mACPOLR2A_CRC_EU,40.33637124450095,0.20784888119301698,-6.5
129,I12,209.93922432885216,3472.2046451236088,2181.878679109835,HCT116 OsTIRF74G mAC-POLR2A Clone 5,5PhIAA,100,240,"EU 1 mM, 30 mins",Total Pol II (F12),Goat anti-mouse Alexa568,AF647 azide click,3644,228.40308386117215,409.8292061521184,1558.0168251053772,2168.358417920896,260515_mACPOLR2A_CRC_EU,51.913829396845074,0.2675062487196449,-7.0
130,I13,233.83547627575103,3807.1402456269116,2105.8823096726737,HCT116 OsTIRF74G mAC-POLR2A Clone 5,5PhIAA,30,240,"EU 1 mM, 30 mins",Total Pol II (F12),Goat anti-mouse Alexa568,AF647 azide click,3833,229.3373262830688,490.75449366485117,1605.9953965120424,2137.93700490381,260515_mACPOLR2A_CRC_EU,75.81008134374395,0.3906410047382966,-7.5
131,I14,266.2203312340607,3363.8062173409044,2141.218708388815,HCT116 OsTIRF74G mAC-POLR2A Clone 5,5PhIAA,10,240,"EU 1 mM, 30 mins",Total Pol II (F12),Goat anti-mouse Alexa568,AF647 azide click,3390,231.47342728853536,587.0765894039814,1521.3051983284663,2174.4558219178084,260515_mACPOLR2A_CRC_EU,108.19493630205363,0.5575165977330545,-8.0
132,I15,158.304441467496,3267.5355253935422,1674.098628192999,HCT116 OsTIRF74G,5PhIAA,1000,240,"EU 1 mM, 30 mins",Total Pol II (F12),Goat anti-mouse Alexa568,AF647 azide click,4632,312.86190358018507,766.9273722242511,1521.5595110766076,1633.6459540922792,260515_mACPOLR2A_CRC_EU,0.27904653548890224,0.0014378960826840093,-6.0
133,I16,158.06716461498056,3284.3803830796905,1658.7155371138774,HCT116 OsTIRF74G,No addition,0,240,No addition,Total Pol II (D84LY),Goat anti-rabbit Alexa568,No click,4756,158.53444120638457,1558.299653562816,1497.3930763529327,1671.5663696060037,260515_mACPOLR2A_CRC_EU,0.041769682973466615,0.0002152345787675591,-12.0
134,I17,194.8498477950865,3998.3555708496597,2097.661029976941,HCT116 OsTIRF74G mAC-POLR2A Clone 5,5PhIAA,1000,240,No addition,Total Pol II (D84LY),Goat anti-rabbit Alexa568,No click,3870,158.736032921511,497.43176893581153,1496.127340938858,2150.4352893890677,260515_mACPOLR2A_CRC_EU,36.824452863079415,0.18975235233088808,-6.0
135,I18,198.21127384251236,3805.220955616348,2131.551390058972,HCT116 OsTIRF74G mAC-POLR2A Clone 5,5PhIAA,300,240,No addition,Total Pol II (D84LY),Goat anti-rabbit Alexa568,No click,3821,157.36781327226646,525.998739238856,1447.3811675747022,2148.0275150472917,260515_mACPOLR2A_CRC_EU,40.18587891050527,0.20707341076064897,-6.5
136,I19,205.44306055349395,3715.4840173523153,2218.799778761062,HCT116 OsTIRF74G mAC-POLR2A Clone 5,5PhIAA,100,240,No addition,Total Pol II (D84LY),Goat anti-rabbit Alexa568,No click,3832,157.58182349824884,574.4549681280402,1492.5051692589966,2222.1836137527434,260515_mACPOLR2A_CRC_EU,47.41766562148686,0.24433801167858535,-7.0
137,I20,229.50949162304275,3835.8989190884095,2266.4050791007494,HCT116 OsTIRF74G mAC-POLR2A Clone 5,5PhIAA,30,240,No addition,Total Pol II (D84LY),Goat anti-rabbit Alexa568,No click,3927,158.35023447779747,725.027559207913,1473.9156066380704,2274.517269736842,260515_mACPOLR2A_CRC_EU,71.48409669103566,0.3683496819846128,-7.5
138,I21,264.0390065752878,4349.816175764413,2263.842190016103,HCT116 OsTIRF74G mAC-POLR2A Clone 5,5PhIAA,10,240,No addition,Total Pol II (D84LY),Goat anti-rabbit Alexa568,No click,3985,157.93197985906036,907.7606962910492,1444.2167622996203,2265.5704971475143,260515_mACPOLR2A_CRC_EU,106.01361164328068,0.5462764718651009,-8.0
139,I22,159.30373082059947,4150.289352665736,1681.700089259149,HCT116 OsTIRF74G,No addition,0,240,No addition,Total Pol II (D84LY),Goat anti-rabbit Alexa568,No click,3129,158.45208244782012,1596.1458372013255,1473.6624645114289,1682.802662037037,260515_mACPOLR2A_CRC_EU,1.2783358885923803,0.006587124127310543,-12.0
140,J03,158.1520031284976,3079.863987991481,1712.556191623983,HCT116 OsTIRF74G,Vehicle,0,240,"EU 1 mM, 30 mins",Total Pol II (F12),Goat anti-mouse Alexa568,AF647 azide click,3545,319.26324555820827,761.8131370738208,1652.5353624980758,1680.9169901463124,260515_mACPOLR2A_CRC_EU,0.12660819649050836,0.0006523981007340959,-12.0
141,J04,160.02856223585803,3281.03732994599,1697.2322820037107,HCT116 OsTIRF74G,5PhIAA,1000,240,"EU 1 mM, 30 mins",Total Pol II (F12),Goat anti-mouse Alexa568,AF647 azide click,3449,310.8245485868767,804.0353536355572,1693.5290849004002,1688.0578987730062,260515_mACPOLR2A_CRC_EU,2.003167303850944,0.010322100627844966,-6.0
142,J05,324.7231184614926,3184.9817282182407,2263.863544610416,HCT116 OsTIRF74G mAC-POLR2A Clone 5,Vehicle,0,240,"EU 1 mM, 30 mins",Total Pol II (F12),Goat anti-mouse Alexa568,AF647 azide click,4156,247.37155114598076,699.38488831078,1531.2974482612592,2248.875150060024,260515_mACPOLR2A_CRC_EU,166.69772352948553,0.8589750209062242,-12.0
143,J06,195.73440475428296,3272.758128391428,2283.068018588931,HCT116 OsTIRF74G mAC-POLR2A Clone 5,5PhIAA,1000,240,"EU 1 mM, 30 mins",Total Pol II (F12),Goat anti-mouse Alexa568,AF647 azide click,4125,216.76104459761197,355.6254174984128,1542.439344821978,2319.9921121822963,260515_mACPOLR2A_CRC_EU,37.709009822275874,0.194310376978322,-6.0
144,J07,201.01867305827136,3175.182486926836,2109.4499217527386,HCT116 OsTIRF74G mAC-POLR2A Clone 5,5PhIAA,300,240,"EU 1 mM, 30 mins",Total Pol II (F12),Goat anti-mouse Alexa568,AF647 azide click,3788,220.73418616328496,373.47329910132305,1464.7184377810856,2132.211394891945,260515_mACPOLR2A_CRC_EU,42.99327812626427,0.2215396299086397,-6.5
145,J08,210.29097925303995,3313.1676419571936,2197.5257657657658,HCT116 OsTIRF74G mAC-POLR2A Clone 5,5PhIAA,100,240,"EU 1 mM, 30 mins",Total Pol II (F12),Goat anti-mouse Alexa568,AF647 azide click,4044,227.9519490928981,398.35925277574614,1557.8933838504872,2211.077536231884,260515_mACPOLR2A_CRC_EU,52.26558432103286,0.26931880312627193,-7.0
146,J09,232.4690561191605,3244.1312808889606,2186.2623311341504,HCT116 OsTIRF74G mAC-POLR2A Clone 5,5PhIAA,30,240,"EU 1 mM, 30 mins",Total Pol II (F12),Goat anti-mouse Alexa568,AF647 azide click,4009,234.7793863303435,449.1659930195101,1459.79680252734,2219.8159776188995,260515_mACPOLR2A_CRC_EU,74.44366118715342,0.38359999207343903,-7.5
147,J10,338.86963785323314,3403.0867259181405,2157.8604258195337,HCT116 OsTIRF74G mAC-POLR2A Clone 5,Vehicle,0,240,"EU 1 mM, 30 mins",Total Pol II (F12),Goat anti-mouse Alexa568,AF647 azide click,4076,245.39890403659115,716.4753738645506,1529.1921831503566,2154.9476510067116,260515_mACPOLR2A_CRC_EU,180.84424292122605,0.93187047822254,-12.0
148,J11,196.50134051562154,3550.110710137645,2245.8675595238096,HCT116 OsTIRF74G mAC-POLR2A Clone 5,5PhIAA,1000,240,"EU 1 mM, 30 mins",Total Pol II (F12),Goat anti-mouse Alexa568,AF647 azide click,3983,217.94829452573862,352.05743603672397,1559.1846016739328,2244.8885662431944,260515_mACPOLR2A_CRC_EU,38.47594558361445,0.19826231253977558,-6.0
149,J12,200.63597736285269,3663.526311375896,2328.7232255354893,HCT116 OsTIRF74G mAC-POLR2A Clone 5,5PhIAA,300,240,"EU 1 mM, 30 mins",Total Pol II (F12),Goat anti-mouse Alexa568,AF647 azide click,4172,221.83392959653162,383.2380764034676,1597.1153435925487,2364.0181034482757,260515_mACPOLR2A_CRC_EU,42.6105824308456,0.21956764111351476,-6.5
150,J13,209.38078718147938,3678.607247490775,2328.7582065652523,HCT116 OsTIRF74G mAC-POLR2A Clone 5,5PhIAA,100,240,"EU 1 mM, 30 mins",Total Pol II (F12),Goat anti-mouse Alexa568,AF647 azide click,3592,221.50389870975334,400.00724694646937,1558.3648858893641,2350.5354200988468,260515_mACPOLR2A_CRC_EU,51.35539224947229,0.26462868356648606,-7.0
151,J14,233.79627161207227,3800.9166993378576,2205.6476868327404,HCT116 OsTIRF74G mAC-POLR2A Clone 5,5PhIAA,30,240,"EU 1 mM, 30 mins",Total Pol II (F12),Goat anti-mouse Alexa568,AF647 azide click,3613,226.69821211740248,488.6274220785749,1578.2365473272737,2214.513907888737,260515_mACPOLR2A_CRC_EU,75.77087668006519,0.39043898742162264,-7.5
152,J15,159.81410283545347,3363.112360354967,1667.5350636386324,HCT116 OsTIRF74G,Vehicle,0,240,"EU 1 mM, 30 mins",Total Pol II (F12),Goat anti-mouse Alexa568,AF647 azide click,4395,297.6076295132425,723.1078253539779,1499.3350637362053,1654.7960852329038,260515_mACPOLR2A_CRC_EU,1.7887079034463795,0.009217014943135763,-12.0
153,J16,158.34968074863065,3207.205161757653,1655.632321300502,HCT116 OsTIRF74G,No addition,0,240,No addition,Total Pol II (D84LY),Goat anti-rabbit Alexa568,No click,4126,158.16398754104077,1491.8755869429474,1424.4091072918143,1654.480417754569,260515_mACPOLR2A_CRC_EU,0.3242858166235578,0.0016710091188770313,-12.0
154,J17,332.77402273610056,3543.722501596397,2183.020777479893,HCT116 OsTIRF74G mAC-POLR2A Clone 5,Vehicle,0,240,No addition,Total Pol II (D84LY),Goat anti-rabbit Alexa568,No click,4151,158.3838182757926,1284.8424426117385,1403.6584796436514,2188.5728556665517,260515_mACPOLR2A_CRC_EU,174.74862780409347,0.900460444469145,-12.0
155,J18,195.96423940351184,3634.091216354,2102.7541979278312,HCT116 OsTIRF74G mAC-POLR2A Clone 5,5PhIAA,1000,240,No addition,Total Pol II (D84LY),Goat anti-rabbit Alexa568,No click,3969,158.21118869902645,511.2194076283626,1464.6388147641583,2123.0159132007234,260515_mACPOLR2A_CRC_EU,37.93884447150475,0.19549468962786715,-6.0
156,J19,196.89251783649644,3768.3034804788326,2235.2919594067134,HCT116 OsTIRF74G mAC-POLR2A Clone 5,5PhIAA,300,240,No addition,Total Pol II (D84LY),Goat anti-rabbit Alexa568,No click,3643,157.86077531088054,497.61128655788843,1393.595521648164,2237.83937007874,260515_mACPOLR2A_CRC_EU,38.86712290448935,0.2002780062173028,-6.5
157,J20,205.62703277844767,3993.564219816944,2162.4278914802476,HCT116 OsTIRF74G mAC-POLR2A Clone 5,5PhIAA,100,240,No addition,Total Pol II (D84LY),Goat anti-rabbit Alexa568,No click,3975,157.4861089974553,588.7654111723552,1423.9482557933986,2187.461943513643,260515_mACPOLR2A_CRC_EU,47.60163784644058,0.24528600030392392,-7.0
158,J21,233.95821259324808,4064.31228934682,2135.8027984258856,HCT116 OsTIRF74G mAC-POLR2A Clone 5,5PhIAA,30,240,No addition,Total Pol II (D84LY),Goat anti-rabbit Alexa568,No click,3747,158.11332619924838,728.9348953952227,1426.2853755201647,2159.779059449867,260515_mACPOLR2A_CRC_EU,75.93281766124099,0.3912734514727556,-7.5
159,J22,159.43194560451073,4337.870924785221,1676.2851810377006,HCT116 OsTIRF74G,No addition,0,240,No addition,Total Pol II (D84LY),Goat anti-rabbit Alexa568,No click,3168,159.029618857187,1596.8591229091537,1496.4135778774116,1651.0573338023214,260515_mACPOLR2A_CRC_EU,1.4065506725036414,0.007247800796186481,-12.0
160,K03,158.71438930544184,3103.6524475145065,1743.2992371705964,HCT116 OsTIRF74G,Vehicle,0,240,"EU 1 mM, 30 mins",Total Pol II (F12),Goat anti-mouse Alexa568,AF647 azide click,3302,324.08868054089874,746.095421878171,1603.4759660386133,1690.2676630434783,260515_mACPOLR2A_CRC_EU,0.6889943734347526,0.0035503121686044177,-12.0
161,K04,159.21928999545386,2924.706708587998,1761.2498521584862,HCT116 OsTIRF74G,Vehicle,0,240,"EU 1 mM, 30 mins",Total Pol II (F12),Goat anti-mouse Alexa568,AF647 azide click,3878,333.08156777296017,780.6655840266352,1679.0226105417457,1738.5111375111376,260515_mACPOLR2A_CRC_EU,1.1938950634467744,0.006152009849748402,-12.0
162,K05,333.9594179454288,2966.106346095033,2292.3640535372847,HCT116 OsTIRF74G mAC-POLR2A Clone 5,Vehicle,0,240,"EU 1 mM, 30 mins",Total Pol II (F12),Goat anti-mouse Alexa568,AF647 azide click,4076,259.1602501704959,725.7911897196375,1541.7117014829198,2324.5701994524834,260515_mACPOLR2A_CRC_EU,175.93402301342172,0.9065686555062007,-12.0
163,K06,353.23650305066036,3180.6354940845513,2234.603075644223,HCT116 OsTIRF74G mAC-POLR2A Clone 5,Vehicle,0,240,"EU 1 mM, 30 mins",Total Pol II (F12),Goat anti-mouse Alexa568,AF647 azide click,3764,257.0011355004464,760.8755371613258,1517.7702333276318,2255.6631130063965,260515_mACPOLR2A_CRC_EU,195.21110811865327,1.0059013532220664,-12.0
164,K07,198.22283310795407,3320.1424413840855,2136.800933786078,HCT116 OsTIRF74G mAC-POLR2A Clone 5,5PhIAA,1000,240,"EU 1 mM, 30 mins",Total Pol II (F12),Goat anti-mouse Alexa568,AF647 azide click,3967,219.66399391795855,358.96992487941174,1538.5600627829099,2153.7533651758577,260515_mACPOLR2A_CRC_EU,40.197438175946985,0.2071329743831402,-6.0
165,K08,200.8913645713395,3015.038550519935,2154.6148772444117,HCT116 OsTIRF74G mAC-POLR2A Clone 5,5PhIAA,300,240,"EU 1 mM, 30 mins",Total Pol II (F12),Goat anti-mouse Alexa568,AF647 azide click,3938,222.6799541777216,357.7837252572618,1516.6290371158923,2150.040331292762,260515_mACPOLR2A_CRC_EU,42.865969639332405,0.22088362328834235,-6.5
166,K09,209.91864391273793,3293.405092782311,2251.381049069374,HCT116 OsTIRF74G mAC-POLR2A Clone 5,5PhIAA,100,240,"EU 1 mM, 30 mins",Total Pol II (F12),Goat anti-mouse Alexa568,AF647 azide click,3747,224.64579086206388,384.16134763371247,1509.4514855503949,2295.7457627118642,260515_mACPOLR2A_CRC_EU,51.893248980730846,0.2674002001006975,-7.0
167,K10,349.2382001776942,3490.1605175343298,2212.2287793047694,HCT116 OsTIRF74G mAC-POLR2A Clone 5,Vehicle,0,240,"EU 1 mM, 30 mins",Total Pol II (F12),Goat anti-mouse Alexa568,AF647 azide click,3962,246.89157860800253,745.9117451395414,1546.52371003006,2254.852038671711,260515_mACPOLR2A_CRC_EU,191.2128052456871,0.9852985386114154,-12.0
168,K11,361.2616865019523,3462.6738731220753,2127.7223011363635,HCT116 OsTIRF74G mAC-POLR2A Clone 5,Vehicle,0,240,"EU 1 mM, 30 mins",Total Pol II (F12),Goat anti-mouse Alexa568,AF647 azide click,3870,250.74746120797542,762.6073434925369,1509.6035117327592,2164.1212558643088,260515_mACPOLR2A_CRC_EU,203.2362915699452,1.0472542402135343,-12.0
169,K12,197.84461780924602,3415.28877739182,2137.036945812808,HCT116 OsTIRF74G mAC-POLR2A Clone 5,5PhIAA,1000,240,"EU 1 mM, 30 mins",Total Pol II (F12),Goat anti-mouse Alexa568,AF647 azide click,4015,214.94916753503412,352.6332397935645,1540.1531962475422,2153.83487544484,260515_mACPOLR2A_CRC_EU,39.81922287723893,0.20518407257910723,-6.0
170,K13,200.82395271730132,3661.1955012492353,2172.99248377178,HCT116 OsTIRF74G mAC-POLR2A Clone 5,5PhIAA,300,240,"EU 1 mM, 30 mins",Total Pol II (F12),Goat anti-mouse Alexa568,AF647 azide click,3980,211.01532527021203,355.2923293528314,1537.3640075994592,2193.2654092286966,260515_mACPOLR2A_CRC_EU,42.798557785294236,0.22053625742451566,-6.5
171,K14,214.25940641443682,3636.701164779059,2108.513153019637,HCT116 OsTIRF74G mAC-POLR2A Clone 5,5PhIAA,100,240,"EU 1 mM, 30 mins",Total Pol II (F12),Goat anti-mouse Alexa568,AF647 azide click,3563,222.98775699232388,412.4717635544013,1559.6927216041333,2112.0465465465463,260515_mACPOLR2A_CRC_EU,56.234011482429736,0.28976767148363,-7.0
172,K15,159.63176080020847,3660.2144849349374,1682.3461640562782,HCT116 OsTIRF74G,5PhIAA,1000,240,"EU 1 mM, 30 mins",Total Pol II (F12),Goat anti-mouse Alexa568,AF647 azide click,4588,301.65452179159166,756.3355394461198,1564.534910436685,1664.3827893175073,260515_mACPOLR2A_CRC_EU,1.6063658682013795,0.008277426505931022,-6.0
173,K16,158.4237407109178,3530.494271840588,1670.098676957001,HCT116 OsTIRF74G,No addition,0,240,No addition,Total Pol II (D84LY),Goat anti-rabbit Alexa568,No click,4262,158.78241638924615,1549.8732959492093,1456.5610919503645,1685.7433701657458,260515_mACPOLR2A_CRC_EU,0.3983457789107092,0.00205263195275255,-12.0
174,K17,363.68278987374737,3769.6812765187947,2142.635224760501,HCT116 OsTIRF74G mAC-POLR2A Clone 5,Vehicle,0,240,No addition,Total Pol II (D84LY),Goat anti-rabbit Alexa568,No click,3508,158.59584957735098,1451.6287682860382,1418.619733389639,2170.942365269461,260515_mACPOLR2A_CRC_EU,205.65739494174028,1.0597299193972152,-12.0
175,K18,360.54405213535955,3912.3244586984742,2118.9020544672717,HCT116 OsTIRF74G mAC-POLR2A Clone 5,Vehicle,0,240,No addition,Total Pol II (D84LY),Goat anti-rabbit Alexa568,No click,3771,160.4883057638377,1499.060001551382,1404.9260267003388,2120.552450980392,260515_mACPOLR2A_CRC_EU,202.51865720335246,1.0435563493125946,-12.0
176,K19,197.42734885181687,4070.9985433707243,2108.5622019939315,HCT116 OsTIRF74G mAC-POLR2A Clone 5,5PhIAA,1000,240,No addition,Total Pol II (D84LY),Goat anti-rabbit Alexa568,No click,3859,157.68465820072177,503.91702646804714,1447.2867247852173,2152.3684684684686,260515_mACPOLR2A_CRC_EU,39.401953919809785,0.20303393157032604,-6.0
177,K20,201.28331386346989,3814.46611485117,2194.0817450232953,HCT116 OsTIRF74G mAC-POLR2A Clone 5,5PhIAA,300,240,No addition,Total Pol II (D84LY),Goat anti-rabbit Alexa568,No click,3666,157.54708607656738,514.4652642175215,1400.7238581854508,2212.204010462075,260515_mACPOLR2A_CRC_EU,43.2579189314628,0.2229032948487781,-6.5
178,K21,209.72472910416045,4209.4008821981815,2140.225490196078,HCT116 OsTIRF74G mAC-POLR2A Clone 5,5PhIAA,100,240,No addition,Total Pol II (D84LY),Goat anti-rabbit Alexa568,No click,3638,159.4887286457973,574.1630019725542,1464.0464643159721,2134.8222322232223,260515_mACPOLR2A_CRC_EU,51.69933417215336,0.26640097843632715,-7.0
179,K22,158.90642752723892,4252.634308193287,1666.1964769647695,HCT116 OsTIRF74G,No addition,0,240,No addition,Total Pol II (D84LY),Goat anti-rabbit Alexa568,No click,3293,158.3768525819527,1544.4268457296193,1434.7877217818161,1658.434941763727,260515_mACPOLR2A_CRC_EU,0.8810325952318294,0.004539863987851432,-12.0
180,L03,159.26466755879608,2929.98171877498,1726.0915323962975,HCT116 OsTIRF74G,Vehicle,0,240,"EU 1 mM, 30 mins",Total Pol II (F12),Goat anti-mouse Alexa568,AF647 azide click,3323,323.51248193881383,761.5951958755701,1556.2600831910522,1691.5686274509803,260515_mACPOLR2A_CRC_EU,1.2392726267889884,0.006385835438936231,-12.0
181,L04,159.5292010407025,2896.736106315064,1730.2789386401328,HCT116 OsTIRF74G,5PhIAA,1000,240,"EU 1 mM, 30 mins",Total Pol II (F12),Goat anti-mouse Alexa568,AF647 azide click,4283,324.4880360453669,761.2645541577907,1597.3293666232883,1729.3537368955022,260515_mACPOLR2A_CRC_EU,1.5038061086954144,0.007748947353963532,-6.0
182,L05,352.18207500402224,2878.5501661724497,2271.971346704871,HCT116 OsTIRF74G mAC-POLR2A Clone 5,Vehicle,0,240,"EU 1 mM, 30 mins",Total Pol II (F12),Goat anti-mouse Alexa568,AF647 azide click,4251,248.22163178178593,720.6537218016011,1467.0954788719175,2281.7073518915063,260515_mACPOLR2A_CRC_EU,194.15668007201515,1.0004680015587792,-12.0
183,L06,356.7364966180642,2992.4877284832846,2356.103238095238,HCT116 OsTIRF74G mAC-POLR2A Clone 5,Vehicle,0,240,"EU 1 mM, 30 mins",Total Pol II (F12),Goat anti-mouse Alexa568,AF647 azide click,3586,248.34942856013194,739.3361761067446,1467.4059741727492,2364.812118902439,260515_mACPOLR2A_CRC_EU,198.71110168605713,1.023936434830128,-12.0
184,L07,342.92810371224056,3111.894662160859,2324.4040219378426,HCT116 OsTIRF74G mAC-POLR2A Clone 5,Vehicle,0,240,"EU 1 mM, 30 mins",Total Pol II (F12),Goat anti-mouse Alexa568,AF647 azide click,3810,253.3066812416254,702.9037981230999,1472.2453671972298,2323.2171174509076,260515_mACPOLR2A_CRC_EU,184.90270878023347,0.9527833060781133,-12.0
185,L08,200.30877311838543,3275.74637349865,2254.325276526014,HCT116 OsTIRF74G mAC-POLR2A Clone 5,5PhIAA,1000,240,"EU 1 mM, 30 mins",Total Pol II (F12),Goat anti-mouse Alexa568,AF647 azide click,4035,221.27842816434256,348.988412202104,1537.5627053715443,2292.4369918699185,260515_mACPOLR2A_CRC_EU,42.28337818637834,0.21788159365719093,-6.0
186,L09,204.22599204773178,3562.446801510536,2236.3529175050303,HCT116 OsTIRF74G mAC-POLR2A Clone 5,5PhIAA,300,240,"EU 1 mM, 30 mins",Total Pol II (F12),Goat anti-mouse Alexa568,AF647 azide click,4018,222.23440471849548,356.76335108345637,1546.9128559506482,2236.7053465346535,260515_mACPOLR2A_CRC_EU,46.20059711572469,0.23806659163128965,-6.5
187,L10,358.4870496282853,3416.855496209262,2146.3473606496864,HCT116 OsTIRF74G mAC-POLR2A Clone 5,Vehicle,0,240,"EU 1 mM, 30 mins",Total Pol II (F12),Goat anti-mouse Alexa568,AF647 azide click,3995,250.66796102391115,748.9503511359892,1484.996127118445,2154.4835164835163,260515_mACPOLR2A_CRC_EU,200.46165469627823,1.0329568418081883,-12.0
188,L11,362.5124026691983,3595.764876390711,2224.0906332954114,HCT116 OsTIRF74G mAC-POLR2A Clone 5,Vehicle,0,240,"EU 1 mM, 30 mins",Total Pol II (F12),Goat anti-mouse Alexa568,AF647 azide click,3773,252.09685214318716,744.0234031652508,1566.984877408325,2261.872609028309,260515_mACPOLR2A_CRC_EU,204.48700773719122,1.0536990429568536,-12.0
189,L12,345.33809264469807,3508.381413178594,2227.604907539118,HCT116 OsTIRF74G mAC-POLR2A Clone 5,Vehicle,0,240,"EU 1 mM, 30 mins",Total Pol II (F12),Goat anti-mouse Alexa568,AF647 azide click,3933,238.68896847503825,720.155687437101,1554.4103404903212,2232.9045454545453,260515_mACPOLR2A_CRC_EU,187.31269771269098,0.9652017137792557,-12.0
190,L13,197.53141382293853,3716.407532899777,2260.892526964561,HCT116 OsTIRF74G mAC-POLR2A Clone 5,5PhIAA,1000,240,"EU 1 mM, 30 mins",Total Pol II (F12),Goat anti-mouse Alexa568,AF647 azide click,3871,211.16335403784527,343.7191623070063,1555.3370546114893,2284.206281504459,260515_mACPOLR2A_CRC_EU,39.50601889093144,0.20357016691207033,-6.0
191,L14,203.83256416623394,3637.63028885424,2161.24140625,HCT116 OsTIRF74G mAC-POLR2A Clone 5,5PhIAA,300,240,"EU 1 mM, 30 mins",Total Pol II (F12),Goat anti-mouse Alexa568,AF647 azide click,3598,218.43908074146472,369.5210410347028,1548.689145440838,2184.3286042944787,260515_mACPOLR2A_CRC_EU,45.80716923422685,0.23603930106259197,-6.5
192,L15,159.32065544915355,3535.2088429816226,1708.6776071995764,HCT116 OsTIRF74G,Vehicle,0,240,"EU 1 mM, 30 mins",Total Pol II (F12),Goat anti-mouse Alexa568,AF647 azide click,4256,301.9574060395068,729.8655512301472,1541.6982989044334,1688.2068694284217,260515_mACPOLR2A_CRC_EU,1.2952605171464597,0.006674334875353536,-12.0
193,L16,158.54899116978473,3579.770561736392,1661.7125528913964,HCT116 OsTIRF74G,No addition,0,240,No addition,Total Pol II (D84LY),Goat anti-rabbit Alexa568,No click,3491,158.42156098813996,1503.2899968165732,1468.9835968918003,1647.026460859978,260515_mACPOLR2A_CRC_EU,0.5235962377776389,0.0026980337809587107,-12.0
194,L17,358.2991312999656,3709.809685862801,2206.039314908525,HCT116 OsTIRF74G mAC-POLR2A Clone 5,Vehicle,0,240,No addition,Total Pol II (D84LY),Goat anti-rabbit Alexa568,No click,3858,158.54789440272233,1435.9562694988306,1393.189367025616,2249.1252,260515_mACPOLR2A_CRC_EU,200.27373636795852,1.031988519346553,-12.0
195,L18,357.07396857109757,3775.347040195845,2321.342422887796,HCT116 OsTIRF74G mAC-POLR2A Clone 5,Vehicle,0,240,No addition,Total Pol II (D84LY),Goat anti-rabbit Alexa568,No click,3748,158.39231259570803,1467.2328910809106,1384.3014397361765,2322.4778032036616,260515_mACPOLR2A_CRC_EU,199.04857363909048,1.025675390658525,-12.0
196,L19,337.23125595782994,3888.759798922413,2152.1824324324325,HCT116 OsTIRF74G mAC-POLR2A Clone 5,Vehicle,0,240,No addition,Total Pol II (D84LY),Goat anti-rabbit Alexa568,No click,3942,158.33575381379956,1274.4771534582092,1356.6940498549989,2173.2199095022625,260515_mACPOLR2A_CRC_EU,179.20586102582286,0.9234280766524465,-12.0
197,L20,196.3838395170555,3923.0552150712906,2211.487583572111,HCT116 OsTIRF74G mAC-POLR2A Clone 5,5PhIAA,1000,240,No addition,Total Pol II (D84LY),Goat anti-rabbit Alexa568,No click,3818,157.62634063671067,484.14960669948164,1405.0632449837442,2257.670477137177,260515_mACPOLR2A_CRC_EU,38.3584445850484,0.19765684282751575,-6.0
198,L21,201.53732396528721,3700.5960399773544,2175.4989858012173,HCT116 OsTIRF74G mAC-POLR2A Clone 5,5PhIAA,300,240,No addition,Total Pol II (D84LY),Goat anti-rabbit Alexa568,No click,3775,157.28787570567422,520.3459429263484,1360.1370277032222,2185.1778413736715,260515_mACPOLR2A_CRC_EU,43.511929033280126,0.22421218094451617,-6.5
199,L22,159.0492869146403,4523.894918862174,1672.4601883561643,HCT116 OsTIRF74G,No addition,0,240,No addition,Total Pol II (D84LY),Goat anti-rabbit Alexa568,No click,3155,158.4156599417835,1529.6857135135076,1430.379785874361,1670.0085854456256,260515_mACPOLR2A_CRC_EU,1.0238919826332165,0.005276002686578481,-12.0
200,M03,159.71374196777265,2850.258689460007,1733.6640625,HCT116 OsTIRF74G,Vehicle,0,240,"EU 1 mM, 30 mins",Total Pol II (F12),Goat anti-mouse Alexa568,AF647 azide click,4209,327.39173940557765,739.4576906940806,1589.072558816778,1696.9388583019415,260515_mACPOLR2A_CRC_EU,1.6883470357655597,0.008699866438710922,-12.0
201,M04,160.07249571389892,3073.8794849068936,1791.9886325643597,HCT116 OsTIRF74G,Vehicle,0,240,"EU 1 mM, 30 mins",Total Pol II (F12),Goat anti-mouse Alexa568,AF647 azide click,3636,318.96828177271834,744.2685146237262,1605.3457256620766,1767.3716900948023,260515_mACPOLR2A_CRC_EU,2.047100781891828,0.01054848500442571,-12.0
202,M05,361.92115555388955,3137.9356386242566,2321.1004098360654,HCT116 OsTIRF74G mAC-POLR2A Clone 5,Vehicle,0,240,"EU 1 mM, 30 mins",Total Pol II (F12),Goat anti-mouse Alexa568,AF647 azide click,3769,249.29025534597824,752.0208322187314,1566.9373670501586,2315.062995245642,260515_mACPOLR2A_CRC_EU,203.89576062188246,1.0506524116503182,-12.0
203,M06,366.1072195548408,3255.6748165946337,2171.08702859511,HCT116 OsTIRF74G mAC-POLR2A Clone 5,Vehicle,0,240,"EU 1 mM, 30 mins",Total Pol II (F12),Goat anti-mouse Alexa568,AF647 azide click,3733,255.1195387954386,771.7232173256923,1535.1207315631784,2238.2822822822823,260515_mACPOLR2A_CRC_EU,208.08182462283372,1.0722227386865832,-12.0
204,M07,365.4778314675906,3544.0861796814306,2217.9022966134685,HCT116 OsTIRF74G mAC-POLR2A Clone 5,Vehicle,0,240,"EU 1 mM, 30 mins",Total Pol II (F12),Goat anti-mouse Alexa568,AF647 azide click,3885,252.87329295797684,761.3790127609743,1524.06981717828,2237.7403021641485,260515_mACPOLR2A_CRC_EU,207.4524365355835,1.0689795711498158,-12.0
205,M08,367.2571720172209,3459.4059846524115,2163.7371541501975,HCT116 OsTIRF74G mAC-POLR2A Clone 5,Vehicle,0,240,"EU 1 mM, 30 mins",Total Pol II (F12),Goat anti-mouse Alexa568,AF647 azide click,3908,249.09565281512496,718.5325107570666,1500.0491495923059,2206.610294117647,260515_mACPOLR2A_CRC_EU,209.23177708521382,1.0781483171498032,-12.0
206,M09,198.86026285537667,3824.6312149642663,2347.1015724606887,HCT116 OsTIRF74G mAC-POLR2A Clone 5,5PhIAA,1000,240,"EU 1 mM, 30 mins",Total Pol II (F12),Goat anti-mouse Alexa568,AF647 azide click,3760,217.0060249534182,336.80768898781747,1559.7326085293178,2339.764730818143,260515_mACPOLR2A_CRC_EU,40.834867923369586,0.21041757970962946,-6.0
207,M10,356.49354661273804,3897.9973554598796,2247.4567375886527,HCT116 OsTIRF74G mAC-POLR2A Clone 5,Vehicle,0,240,"EU 1 mM, 30 mins",Total Pol II (F12),Goat anti-mouse Alexa568,AF647 azide click,3631,246.96709065860162,749.6030203394254,1587.6626920221759,2260.3669681104234,260515_mACPOLR2A_CRC_EU,198.46815168073095,1.0226845401942226,-12.0
208,M11,371.9923770761553,3860.61380060245,2251.264255319149,HCT116 OsTIRF74G mAC-POLR2A Clone 5,Vehicle,0,240,"EU 1 mM, 30 mins",Total Pol II (F12),Goat anti-mouse Alexa568,AF647 azide click,3972,250.39187330749556,759.4182758754602,1559.2498055305612,2311.5194805194806,260515_mACPOLR2A_CRC_EU,213.96698214414823,1.1025483076138243,-12.0
209,M12,368.48294588817174,3901.89278445749,2353.51433612704,HCT116 OsTIRF74G mAC-POLR2A Clone 5,Vehicle,0,240,"EU 1 mM, 30 mins",Total Pol II (F12),Goat anti-mouse Alexa568,AF647 azide click,3776,250.39963419276603,771.6059160793379,1601.1763091017594,2390.6400176678444,260515_mACPOLR2A_CRC_EU,210.45755095616465,1.0844645949857155,-12.0
210,M13,372.33492817368557,4120.797635027907,2238.479407681629,HCT116 OsTIRF74G mAC-POLR2A Clone 5,Vehicle,0,240,"EU 1 mM, 30 mins",Total Pol II (F12),Goat anti-mouse Alexa568,AF647 azide click,4013,241.8879503554827,772.5622192820841,1578.5241455165365,2288.9617158671585,260515_mACPOLR2A_CRC_EU,214.30953324167848,1.1043134357147515,-12.0
211,M14,198.71809251300567,3967.56278106039,2188.7043256997454,HCT116 OsTIRF74G mAC-POLR2A Clone 5,5PhIAA,1000,240,"EU 1 mM, 30 mins",Total Pol II (F12),Goat anti-mouse Alexa568,AF647 azide click,3574,214.48617935928456,340.1547998042552,1562.7765565397292,2230.4469854469853,260515_mACPOLR2A_CRC_EU,40.69269758099858,0.2096849915841007,-6.0
212,M15,159.9675148836614,3956.8041256387596,1683.8109830097087,HCT116 OsTIRF74G,5PhIAA,1000,240,"EU 1 mM, 30 mins",Total Pol II (F12),Goat anti-mouse Alexa568,AF647 azide click,3695,294.6616960178062,767.3590963752773,1624.9818276433684,1691.0975994946305,260515_mACPOLR2A_CRC_EU,1.9421199516543197,0.010007530341466163,-6.0
213,M16,159.16637195359857,4075.2336863893465,1623.8273238504796,HCT116 OsTIRF74G,No addition,0,240,No addition,Total Pol II (D84LY),Goat anti-rabbit Alexa568,No click,4097,158.72011074723778,1563.412550356504,1507.0811485786392,1620.8706043018094,260515_mACPOLR2A_CRC_EU,1.1409770215914818,0.0058793290047641795,-12.0
214,M17,370.0340154358149,4484.353109916855,2140.5937803692905,HCT116 OsTIRF74G mAC-POLR2A Clone 5,Vehicle,0,240,No addition,Total Pol II (D84LY),Goat anti-rabbit Alexa568,No click,3431,159.726577096816,1504.090005187811,1511.2959722295545,2136.1022267206476,260515_mACPOLR2A_CRC_EU,212.00862050380783,1.0924570856382836,-12.0
215,M18,362.30466242333625,3881.557090214736,2197.6637848222863,HCT116 OsTIRF74G mAC-POLR2A Clone 5,Vehicle,0,240,No addition,Total Pol II (D84LY),Goat anti-rabbit Alexa568,No click,3624,159.5299216439882,1495.2408204043588,1412.7644870124516,2188.9455081001474,260515_mACPOLR2A_CRC_EU,204.27926749132916,1.0526285803359237,-12.0
216,M19,367.03845669144556,4126.833194362588,2173.70183044316,HCT116 OsTIRF74G mAC-POLR2A Clone 5,Vehicle,0,240,No addition,Total Pol II (D84LY),Goat anti-rabbit Alexa568,No click,3593,159.61765121230306,1497.314305800125,1427.4132586475184,2190.341222879684,260515_mACPOLR2A_CRC_EU,209.01306175943847,1.0770213011501086,-12.0
217,M20,362.7468085976896,3974.7570808313903,2171.4620833333333,HCT116 OsTIRF74G mAC-POLR2A Clone 5,Vehicle,0,240,No addition,Total Pol II (D84LY),Goat anti-rabbit Alexa568,No click,3657,159.46094035490518,1490.1981635508919,1430.4917449635955,2163.6322278911566,260515_mACPOLR2A_CRC_EU,204.72141366568252,1.0549069109052764,-12.0
218,M21,198.81241664792392,4131.561163310141,2141.750472589792,HCT116 OsTIRF74G mAC-POLR2A Clone 5,5PhIAA,1000,240,No addition,Total Pol II (D84LY),Goat anti-rabbit Alexa568,No click,3428,158.12532917724056,498.83623475398815,1398.127043000878,2188.277010947168,260515_mACPOLR2A_CRC_EU,40.787021715916836,0.21017103346906402,-6.0
219,M22,159.31036831709673,4273.863305549405,1678.1930105803142,HCT116 OsTIRF74G,No addition,0,240,No addition,Total Pol II (D84LY),Goat anti-rabbit Alexa568,No click,4492,158.90432315977708,1561.6941555166516,1417.0300655932322,1653.4611757309021,260515_mACPOLR2A_CRC_EU,1.2849733850896428,0.00662132641617079,-12.0
220,N03,159.8180729403453,3004.600366356713,1667.291218969989,HCT116 OsTIRF74G,Vehicle,0,240,"EU 1 mM, 30 mins",Total Pol II (F12),Goat anti-mouse Alexa568,AF647 azide click,4398,306.14429114407034,731.1600154450268,1603.8171132744385,1653.2820869565217,260515_mACPOLR2A_CRC_EU,1.7926780083382141,0.0092374724566534,-12.0
221,N04,160.0157776538137,3140.501717866731,1649.2000717102903,HCT116 OsTIRF74G,Vehicle,0,240,"EU 1 mM, 30 mins",Total Pol II (F12),Goat anti-mouse Alexa568,AF647 azide click,3836,306.3980602960931,747.2834239740148,1626.9174504733135,1620.3526830914614,260515_mACPOLR2A_CRC_EU,1.9903827218066112,0.010256223083771214,-12.0
222,N05,160.87499640870723,3084.7292544575125,1734.6988171064604,HCT116 OsTIRF74G,Vehicle,0,240,"EU 1 mM, 30 mins",Total Pol II (F12),Goat anti-mouse Alexa568,AF647 azide click,3708,306.80478545673634,730.0190478442746,1529.8427583570717,1696.7192161450716,260515_mACPOLR2A_CRC_EU,2.849601476700144,0.014683682753411791,-12.0
223,N06,160.10033861008395,3440.188204272685,1692.9262992125985,HCT116 OsTIRF74G,Vehicle,0,240,"EU 1 mM, 30 mins",Total Pol II (F12),Goat anti-mouse Alexa568,AF647 azide click,4335,303.0978468475315,758.4257816311429,1611.229322372189,1669.8213292117466,260515_mACPOLR2A_CRC_EU,2.0749436780768633,0.010691956383795807,-12.0
224,N07,161.0272689991656,3300.554677155623,1712.5002842524161,HCT116 OsTIRF74G,Vehicle,0,240,"EU 1 mM, 30 mins",Total Pol II (F12),Goat anti-mouse Alexa568,AF647 azide click,3289,296.218007358936,766.2258966155372,1546.9959726070135,1707.7975122938965,260515_mACPOLR2A_CRC_EU,3.001874067158525,0.015468326651378981,-12.0
225,N08,162.47584660952194,3859.182394094857,1668.4727805695143,HCT116 OsTIRF74G,Vehicle,0,240,"EU 1 mM, 30 mins",Total Pol II (F12),Goat anti-mouse Alexa568,AF647 azide click,3887,297.6681284337884,763.2100396867887,1625.1173271258717,1627.7521440823327,260515_mACPOLR2A_CRC_EU,4.450451677514849,0.02293268763240954,-12.0
226,N09,161.27118799711212,3900.182846401216,1675.7299806576402,HCT116 OsTIRF74G,Vehicle,0,240,"EU 1 mM, 30 mins",Total Pol II (F12),Goat anti-mouse Alexa568,AF647 azide click,3365,288.75915664367835,767.3082435411712,1627.7121365979585,1658.5948566610455,260515_mACPOLR2A_CRC_EU,3.2457930651050333,0.016725214399599894,-12.0
227,N10,161.51179887917968,4011.666167856056,1670.3667377398722,HCT116 OsTIRF74G,Vehicle,0,240,"EU 1 mM, 30 mins",Total Pol II (F12),Goat anti-mouse Alexa568,AF647 azide click,3860,292.0469221012944,775.4502517670965,1659.8243527640473,1666.430790960452,260515_mACPOLR2A_CRC_EU,3.4864039471725903,0.017965055790821336,-12.0
228,N11,161.46494282840916,4280.9334532993,1642.2073535699017,HCT116 OsTIRF74G,Vehicle,0,240,"EU 1 mM, 30 mins",Total Pol II (F12),Goat anti-mouse Alexa568,AF647 azide click,3396,292.0305433447364,784.0334393483174,1690.744426329362,1639.1931914893617,260515_mACPOLR2A_CRC_EU,3.4395478964020754,0.017723611718652787,-12.0
229,N12,161.45847072435743,4086.5245884607116,1678.6246953696182,HCT116 OsTIRF74G,Vehicle,0,240,"EU 1 mM, 30 mins",Total Pol II (F12),Goat anti-mouse Alexa568,AF647 azide click,3220,291.49119779988206,784.0365426020749,1670.673297964504,1662.3995147594014,260515_mACPOLR2A_CRC_EU,3.433075792350337,0.017690261678859558,-12.0
230,N13,160.68520318887877,4252.955592294472,1641.3594504270332,HCT116 OsTIRF74G,Vehicle,0,240,No addition,No primary,Goat anti-mouse Alexa568,AF647 azide click,3593,170.60925592413307,147.88708839923962,1741.5446714541245,1586.6933540614068,260515_mACPOLR2A_CRC_EU,2.6598082568716848,0.01370569918220139,-12.0
231,N14,161.66058835438767,4281.779911021825,1681.1727815699658,HCT116 OsTIRF74G,Vehicle,0,240,"EU 1 mM, 30 mins",No secondary,No secondary,AF647 azide click,3700,274.36338570832726,145.0198240059479,630.0047588541821,1683.2013565069944,260515_mACPOLR2A_CRC_EU,3.6351934223805813,0.018731751579290242,-12.0
232,N15,159.67136566285586,4116.4846346327695,1705.2607350096712,HCT116 OsTIRF74G,Vehicle,0,240,No addition,No primary,Goat anti-mouse Alexa568,AF647 azide click,4031,168.58934618839794,146.78416401457386,1602.8825971782042,1657.1337579617834,260515_mACPOLR2A_CRC_EU,1.6459707308487737,0.008481506003840398,-12.0
233,N16,159.28001268145252,3987.197707083021,1649.5782361308677,HCT116 OsTIRF74G,No addition,0,240,No addition,Total Pol II (D84LY),Goat anti-rabbit Alexa568,No click,4251,157.95203822956137,1531.5304581586759,1401.8832720226771,1641.1561814191662,260515_mACPOLR2A_CRC_EU,1.2546177494454298,0.006464907166945125,-12.0
234,N17,158.57381629503502,3955.721381455229,1685.4737447297816,HCT116 OsTIRF74G,No addition,0,240,No addition,Total Pol II (D84LY),Goat anti-rabbit Alexa568,No click,4182,159.08321240415538,1531.5165089325403,1494.4283888250689,1683.012840466926,260515_mACPOLR2A_CRC_EU,0.5484213630279271,0.0028259549188685163,-12.0
235,N18,158.64646667994433,3831.9420850267916,1637.1852080123267,HCT116 OsTIRF74G,No addition,0,240,No addition,Total Pol II (D84LY),Goat anti-rabbit Alexa568,No click,3284,159.19134143141332,1568.9797700827046,1502.9790804224826,1645.1647521160821,260515_mACPOLR2A_CRC_EU,0.6210717479372363,0.003200314355668389,-12.0
236,N19,158.58202825903714,3735.875776666139,1672.3677877198395,HCT116 OsTIRF74G,No addition,0,240,No addition,Total Pol II (D84LY),Goat anti-rabbit Alexa568,No click,3952,159.25721436286264,1513.861474884013,1493.0361864610759,1673.3375757575757,260515_mACPOLR2A_CRC_EU,0.5566333270300561,0.002868270265479487,-12.0
237,N20,158.9950480083352,4017.8171420488648,1673.2749118872157,HCT116 OsTIRF74G,No addition,0,240,No addition,No primary,Goat anti-rabbit Alexa568,No click,3995,157.7589725212533,144.40115904224197,1465.2131720329096,1666.714378238342,260515_mACPOLR2A_CRC_EU,0.9696530763281146,0.004996515572472122,-12.0
238,N21,159.05815587725547,3948.5549912730553,1647.3381053914104,HCT116 OsTIRF74G,No addition,0,240,No addition,Total Pol II (D84LY),Goat anti-rabbit Alexa568,No click,4318,158.4950923443796,1519.7360301996534,1415.7621432471792,1637.2750460971113,260515_mACPOLR2A_CRC_EU,1.0327609452483841,0.005321703474726512,-12.0
239,N22,158.8547152980503,4118.46170971237,1708.6358695652175,HCT116 OsTIRF74G,No addition,0,240,No addition,No primary,Goat anti-rabbit Alexa568,No click,3536,157.22124574305863,152.1511832507877,1410.4640911950778,1691.4690693921464,260515_mACPOLR2A_CRC_EU,0.8293203660432198,0.004273396562814662,-12.0
