,WELL,IF_647_Intensity,RFP_561_Intensity,GFP_488_Intensity,DAPI_Intensity,NucleusArea,CELL,DRUG,DRUG_TIME_MINUTES,SIRNA,PRIMARY,SECONDARY,TotalNumberCells,EXPERIMENT,GFP_Intensity_BGS,GFP_Intensity_FC,RFP_Intensity_BGS,RFP_Intensity_FC,IF_647_Intensity_BGS,IF_647_Intensity_FC,TIME_IN_AUXIN
20,D03,2981.425782741537,307.59374218851406,284.50921811009607,581.6517776288343,1353.392857142857,HCT116 OsTIRF74G mAC/mCh-POLR2A Clone 1,10 µM 5PhIAA,480,HEXIM1 + HEXIM2 pool,pSer2 Pol II (3E10,Goat anti-mouse Alexa647,84,251017_mACmChPOLR2A_7SK,56.80921811009608,0.20307601589218482,163.19374218851405,1.2147162803976277,2797.8362066161344,1.1037746499347163,8.0
21,D04,2993.0267651982454,315.58531962315203,283.20387999500286,661.5751952595558,1294.1698113207547,HCT116 OsTIRF74G mAC/mCh-POLR2A Clone 1,10 µM 5PhIAA,240,HEXIM1 + HEXIM2 pool,pSer2 Pol II (3E10,Goat anti-mouse Alexa647,159,251017_mACmChPOLR2A_7SK,55.503879995002876,0.19840982134446875,171.18531962315203,1.2742007868850111,2809.4371890728426,1.1083513547181385,4.0
22,D05,3073.1378734096825,305.23564873687724,290.5583894644615,622.6553786895803,1233.5,HCT116 OsTIRF74G mAC/mCh-POLR2A Clone 1,10 µM 5PhIAA,120,HEXIM1 + HEXIM2 pool,pSer2 Pol II (3E10,Goat anti-mouse Alexa647,104,251017_mACmChPOLR2A_7SK,62.85838946446154,0.22469999979763045,160.83564873687723,1.1971640478917178,2889.548297284279,1.139955996266797,2.0
23,D06,2978.84123421466,303.02594896863354,318.2731986828919,623.4067930382836,1184.3636363636363,HCT116 OsTIRF74G mAC/mCh-POLR2A Clone 1,10 µM 5PhIAA,60,HEXIM1 + HEXIM2 pool,pSer2 Pol II (3E10,Goat anti-mouse Alexa647,121,251017_mACmChPOLR2A_7SK,90.57319868289193,0.32377217900600086,158.62594896863354,1.180716368910401,2795.251658089257,1.1027550194292752,1.0
24,D07,3329.1959120357747,312.9315306408344,337.62668858433995,683.7518644169703,1259.9256198347107,HCT116 OsTIRF74G mAC/mCh-POLR2A Clone 1,10 µM 5PhIAA,30,HEXIM1 + HEXIM2 pool,pSer2 Pol II (3E10,Goat anti-mouse Alexa647,242,251017_mACmChPOLR2A_7SK,109.92668858433996,0.39295513475763477,168.5315306408344,1.254447574302648,3145.606335910372,1.2409734794486715,0.5
25,D08,3263.021861746593,301.37600465538503,591.7598924505206,697.1388052075916,1389.8815789473683,HCT116 OsTIRF74G mAC/mCh-POLR2A Clone 1,Vehicle,480,HEXIM1 + HEXIM2 pool,pSer2 Pol II (3E10,Goat anti-mouse Alexa647,304,251017_mACmChPOLR2A_7SK,364.05989245052064,1.301405563472276,156.97600465538503,1.1684351736134804,3079.43228562119,1.2148671480558684,0.0
26,D09,3317.422922385519,302.9757605925192,571.3412399487769,675.392382312397,1227.458536585366,HCT116 OsTIRF74G mAC/mCh-POLR2A Clone 1,Vehicle,240,HEXIM1 + HEXIM2 pool,pSer2 Pol II (3E10,Goat anti-mouse Alexa647,205,251017_mACmChPOLR2A_7SK,343.6412399487769,1.228414969024996,158.57576059251917,1.1803427967578461,3133.833346260116,1.2363289160896132,0.0
27,D10,3408.859989539567,304.3557099480072,573.2735828019985,675.6235988763766,1363.5131086142321,HCT116 OsTIRF74G mAC/mCh-POLR2A Clone 1,Vehicle,120,HEXIM1 + HEXIM2 pool,pSer2 Pol II (3E10,Goat anti-mouse Alexa647,267,251017_mACmChPOLR2A_7SK,345.5735828019985,1.2353225185570011,159.95570994800718,1.1906143116196057,3225.270413414164,1.2724017628668312,0.0
28,D11,3169.456966770329,295.60110432039323,559.1172444604338,627.7094382740934,1227.3505154639174,HCT116 OsTIRF74G mAC/mCh-POLR2A Clone 1,Vehicle,60,HEXIM1 + HEXIM2 pool,pSer2 Pol II (3E10,Goat anti-mouse Alexa647,97,251017_mACmChPOLR2A_7SK,331.4172444604338,1.184717829992984,151.20110432039323,1.125450281175111,2985.8673906449258,1.1779548517054288,0.0
29,D12,3185.284002173982,288.4315782449041,563.6339688322294,615.2765276439429,1258.8879310344828,HCT116 OsTIRF74G mAC/mCh-POLR2A Clone 1,Vehicle,30,HEXIM1 + HEXIM2 pool,pSer2 Pol II (3E10,Goat anti-mouse Alexa647,116,251017_mACmChPOLR2A_7SK,335.93396883222937,1.2008637728667226,144.03157824490407,1.072084631672621,3001.694426048579,1.1841987770720606,0.0
30,D13,3631.630648833942,341.95870643861355,275.56370757648114,749.5564442113787,1573.2833530106257,HCT116 OsTIRF74G mAC/mCh-POLR2A Clone 1,10 µM 5PhIAA,480,LARP7 pool,pSer2 Pol II (3E10,Goat anti-mouse Alexa647,847,251017_mACmChPOLR2A_7SK,47.86370757648115,0.1710984830247637,197.55870643861354,1.4705084510413884,3448.041072708539,1.3602870386013126,8.0
31,D14,3664.827015649408,334.0944170599682,286.4390677399131,748.8198014177628,1570.8766375545852,HCT116 OsTIRF74G mAC/mCh-POLR2A Clone 1,10 µM 5PhIAA,240,LARP7 pool,pSer2 Pol II (3E10,Goat anti-mouse Alexa647,916,251017_mACmChPOLR2A_7SK,58.73906773991314,0.2099746528939253,189.69441705996817,1.411971400454218,3481.237439524005,1.3733833406915488,4.0
32,D15,3762.0954464118167,316.7937754305692,286.66651754908474,741.5947957076951,1517.2151335311573,HCT116 OsTIRF74G mAC/mCh-POLR2A Clone 1,10 µM 5PhIAA,120,LARP7 pool,pSer2 Pol II (3E10,Goat anti-mouse Alexa647,674,251017_mACmChPOLR2A_7SK,58.966517549084756,0.2107877181428167,172.3937754305692,1.2831958066922966,3578.5058702864135,1.4117567193262928,2.0
33,D16,3518.72477966878,304.23885952032884,325.0081368893099,743.6190889992351,1534.2254220456803,HCT116 OsTIRF74G mAC/mCh-POLR2A Clone 1,10 µM 5PhIAA,60,LARP7 pool,pSer2 Pol II (3E10,Goat anti-mouse Alexa647,1007,251017_mACmChPOLR2A_7SK,97.30813688930994,0.3478475749318666,159.83885952032884,1.1897445471606944,3335.1352035433765,1.3157445325322823,1.0
34,D17,3615.8267377654474,305.3728728592455,380.57633004234816,737.28187784573,1476.1935853379152,HCT116 OsTIRF74G mAC/mCh-POLR2A Clone 1,10 µM 5PhIAA,30,LARP7 pool,pSer2 Pol II (3E10,Goat anti-mouse Alexa647,873,251017_mACmChPOLR2A_7SK,152.87633004234817,0.5464872966400044,160.97287285924548,1.1981854619071612,3432.237161640044,1.3540522360185248,0.5
35,D18,3575.341867693484,304.05040188452455,535.8162278544169,746.4272515720762,1573.5931603773586,HCT116 OsTIRF74G mAC/mCh-POLR2A Clone 1,Vehicle,480,LARP7 pool,pSer2 Pol II (3E10,Goat anti-mouse Alexa647,848,251017_mACmChPOLR2A_7SK,308.1162278544169,1.1014236433098088,159.65040188452454,1.1883417816176856,3391.752291568081,1.3380805457581506,0.0
36,D19,3394.4710231197564,294.53835340840965,510.05175122892354,718.8660813919078,1534.371707317073,HCT116 OsTIRF74G mAC/mCh-POLR2A Clone 1,Vehicle,240,LARP7 pool,pSer2 Pol II (3E10,Goat anti-mouse Alexa647,1025,251017_mACmChPOLR2A_7SK,282.35175122892355,1.009323321588911,150.13835340840964,1.1175398011684534,3210.8814469943536,1.2667251702430773,0.0
37,D20,3511.712992198436,296.3511099160481,520.9459027504478,730.0288610617584,1520.831566548881,HCT116 OsTIRF74G mAC/mCh-POLR2A Clone 1,Vehicle,120,LARP7 pool,pSer2 Pol II (3E10,Goat anti-mouse Alexa647,849,251017_mACmChPOLR2A_7SK,293.2459027504478,1.0482666649602177,151.95110991604807,1.1310328727329348,3328.123416073033,1.3129783115354299,0.0
38,D21,3455.353436882557,297.9534193138938,512.728178894463,739.4180636865431,1539.2215320910973,HCT116 OsTIRF74G mAC/mCh-POLR2A Clone 1,Vehicle,60,LARP7 pool,pSer2 Pol II (3E10,Goat anti-mouse Alexa647,966,251017_mACmChPOLR2A_7SK,285.028178894463,1.0188907524605704,153.55341931389378,1.1429595023064447,3271.7638607571544,1.2907438975650358,0.0
39,D22,3607.385524317976,294.5014038780591,516.9606596462922,688.1942116623716,1527.2002551020407,HCT116 OsTIRF74G mAC/mCh-POLR2A Clone 1,Vehicle,30,LARP7 pool,pSer2 Pol II (3E10,Goat anti-mouse Alexa647,784,251017_mACmChPOLR2A_7SK,289.26065964629225,1.0340206091460842,150.10140387805907,1.1172647710388175,3423.7959481925727,1.3507220920322636,0.0
40,E03,2976.661465799171,314.0456681556694,263.7362355442712,620.3012363495819,1551.0372429127292,HCT116 OsTIRF74G mAC/mCh-POLR2A Clone 1,10 µM 5PhIAA,480,Scrambled,pSer2 Pol II (3E10,Goat anti-mouse Alexa647,1799,251017_mACmChPOLR2A_7SK,36.03623554427122,0.12881879711670197,169.64566815566937,1.2627405453426064,2793.071889673768,1.101895078767254,8.0
41,E04,3012.0440208923005,310.1250170113036,269.16470333643446,648.0630529712371,1531.5397631133671,HCT116 OsTIRF74G mAC/mCh-POLR2A Clone 1,10 µM 5PhIAA,240,Scrambled,pSer2 Pol II (3E10,Goat anti-mouse Alexa647,1773,251017_mACmChPOLR2A_7SK,41.46470333643447,0.14822395086296766,165.7250170113036,1.2335575711001303,2828.4544447668977,1.115853854219999,4.0
42,E05,2674.067413930467,289.5594110950634,281.12066932226674,592.2694930938987,1620.241365131579,HCT116 OsTIRF74G mAC/mCh-POLR2A Clone 1,10 µM 5PhIAA,120,Scrambled,pSer2 Pol II (3E10,Goat anti-mouse Alexa647,2432,251017_mACmChPOLR2A_7SK,53.42066932226675,0.19096296434208118,145.1594110950634,1.0804795425698368,2490.477837805064,0.9825186682097324,2.0
43,E06,2884.103771640927,289.8114168176309,320.7614414660596,626.9343721897949,1607.6616575591986,HCT116 OsTIRF74G mAC/mCh-POLR2A Clone 1,10 µM 5PhIAA,60,Scrambled,pSer2 Pol II (3E10,Goat anti-mouse Alexa647,2196,251017_mACmChPOLR2A_7SK,93.06144146605959,0.33266690503442276,145.4114168176309,1.0823553219339896,2700.514195515524,1.0653801333152317,1.0
44,E07,2884.4041744540414,287.5344919322118,375.5352875915991,612.4648283841047,1598.0968824940048,HCT116 OsTIRF74G mAC/mCh-POLR2A Clone 1,10 µM 5PhIAA,30,Scrambled,pSer2 Pol II (3E10,Goat anti-mouse Alexa647,2085,251017_mACmChPOLR2A_7SK,147.83528759159913,0.5284670729703609,143.13449193221177,1.0654072595238135,2700.8145983286386,1.0654986452599629,0.5
45,E08,2773.136831038671,283.05615255839393,513.7045851350698,598.752983995052,1649.504301515772,HCT116 OsTIRF74G mAC/mCh-POLR2A Clone 1,Vehicle,480,Scrambled,pSer2 Pol II (3E10,Goat anti-mouse Alexa647,2441,251017_mACmChPOLR2A_7SK,286.0045851350698,1.022381113634886,138.65615255839393,1.0320731887832928,2589.5472549132683,1.0216025541531841,0.0
46,E09,2719.5413412611106,283.30960035489005,513.5876444760582,612.0968453951107,1554.6096436058701,HCT116 OsTIRF74G mAC/mCh-POLR2A Clone 1,Vehicle,240,Scrambled,pSer2 Pol II (3E10,Goat anti-mouse Alexa647,2385,251017_mACmChPOLR2A_7SK,285.88764447605826,1.0219630856472124,138.90960035489005,1.0339597020803475,2535.9517651357073,1.0004585919628972,0.0
47,E10,2967.932701534756,293.74031260227514,528.2222872699841,651.4083720201089,1609.6645126548196,HCT116 OsTIRF74G mAC/mCh-POLR2A Clone 1,Vehicle,120,Scrambled,pSer2 Pol II (3E10,Goat anti-mouse Alexa647,1857,251017_mACmChPOLR2A_7SK,300.52228726998413,1.0742775700119878,149.34031260227513,1.1115996643308936,2784.343125409353,1.098451493078594,0.0
48,E11,2956.912990616178,289.70144003142957,525.0261510196532,615.4533962446199,1564.3141025641025,HCT116 OsTIRF74G mAC/mCh-POLR2A Clone 1,Vehicle,60,Scrambled,pSer2 Pol II (3E10,Goat anti-mouse Alexa647,2184,251017_mACmChPOLR2A_7SK,297.3261510196532,1.062852335911636,145.30144003142956,1.081536720737197,2773.3234144907747,1.0941041057895267,0.0
49,E12,3187.7178120620583,296.27183559389783,538.6158687296675,642.7677245633258,1527.0533260032985,HCT116 OsTIRF74G mAC/mCh-POLR2A Clone 1,Vehicle,30,Scrambled,pSer2 Pol II (3E10,Goat anti-mouse Alexa647,1819,251017_mACmChPOLR2A_7SK,310.91586872966747,1.1114315246676012,151.87183559389783,1.1304428022532582,3004.128235936655,1.1851589396615883,0.0
50,E13,2835.27195981296,320.59171898820796,278.57067446881933,674.4845807663098,1497.7551020408164,HCT116 OsTIRF74G mAC/mCh-POLR2A Clone 1,10 µM 5PhIAA,480,HEXIM1 + HEXIM2 pool,pSer2 Pol II (3E10,Goat anti-mouse Alexa647,833,251017_mACmChPOLR2A_7SK,50.870674468819345,0.18184749307507492,176.19171898820795,1.3114654192989237,2651.6823836875574,1.0461154902033032,8.0
51,E14,3186.3427978588147,316.78153882058103,282.66014461143635,647.8644433168577,1292.5640138408305,HCT116 OsTIRF74G mAC/mCh-POLR2A Clone 1,10 µM 5PhIAA,240,HEXIM1 + HEXIM2 pool,pSer2 Pol II (3E10,Goat anti-mouse Alexa647,289,251017_mACmChPOLR2A_7SK,54.96014461143636,0.19646612947424616,172.38153882058103,1.2831047247110257,3002.753221733412,1.1846164826666967,4.0
52,E15,3113.6497667477474,314.07134352436776,281.2697142876832,690.0899997510509,1205.3618090452262,HCT116 OsTIRF74G mAC/mCh-POLR2A Clone 1,10 µM 5PhIAA,120,HEXIM1 + HEXIM2 pool,pSer2 Pol II (3E10,Goat anti-mouse Alexa647,398,251017_mACmChPOLR2A_7SK,53.56971428768321,0.1914957556525848,169.67134352436776,1.2629316573787968,2930.0601906223446,1.1559383474786635,2.0
53,E16,3076.5678907487945,302.03649818438436,297.6980943122369,634.4160072514085,1189.1042654028436,HCT116 OsTIRF74G mAC/mCh-POLR2A Clone 1,10 µM 5PhIAA,60,HEXIM1 + HEXIM2 pool,pSer2 Pol II (3E10,Goat anti-mouse Alexa647,211,251017_mACmChPOLR2A_7SK,69.9980943122369,0.25022231577674553,157.63649818438435,1.1733514910654448,2892.9783146233913,1.1413091727604012,1.0
54,E17,3198.766567841409,301.69314151875784,331.16072754650065,634.987284569911,1227.319209039548,HCT116 OsTIRF74G mAC/mCh-POLR2A Clone 1,10 µM 5PhIAA,30,HEXIM1 + HEXIM2 pool,pSer2 Pol II (3E10,Goat anti-mouse Alexa647,354,251017_mACmChPOLR2A_7SK,103.46072754650066,0.36984125200829376,157.29314151875784,1.1707957501030384,3015.1769917160063,1.1895177854416696,0.5
56,E19,2915.9763146896594,292.4390860418992,532.268044181824,665.0709344873285,1270.6666666666667,HCT116 OsTIRF74G mAC/mCh-POLR2A Clone 1,Vehicle,240,HEXIM1 + HEXIM2 pool,pSer2 Pol II (3E10,Goat anti-mouse Alexa647,630,251017_mACmChPOLR2A_7SK,304.56804418182406,1.088739944645141,148.0390860418992,1.1019141147125229,2732.386738564256,1.0779541735549543,0.0
57,E20,2850.0735930867518,284.5351679784422,507.4937816882168,611.8235758928024,1421.0583832335328,HCT116 OsTIRF74G mAC/mCh-POLR2A Clone 1,Vehicle,120,HEXIM1 + HEXIM2 pool,pSer2 Pol II (3E10,Goat anti-mouse Alexa647,668,251017_mACmChPOLR2A_7SK,279.7937816882168,1.0001793431927717,140.13516797844218,1.0430820919777328,2666.484016961349,1.051954884070109,0.0
58,E21,2947.626426729751,288.6548970253132,523.8188122967244,636.5721674805401,1236.168181818182,HCT116 OsTIRF74G mAC/mCh-POLR2A Clone 1,Vehicle,60,HEXIM1 + HEXIM2 pool,pSer2 Pol II (3E10,Goat anti-mouse Alexa647,440,251017_mACmChPOLR2A_7SK,296.11881229672446,1.0585364599703482,144.25489702531317,1.0737468826550642,2764.036850604348,1.0904404625145565,0.0
59,E22,2655.2547218489517,249.77429182951832,459.20867368771513,467.7100099824352,1009.4642857142857,HCT116 OsTIRF74G mAC/mCh-POLR2A Clone 1,Vehicle,30,HEXIM1 + HEXIM2 pool,pSer2 Pol II (3E10,Goat anti-mouse Alexa647,28,251017_mACmChPOLR2A_7SK,231.50867368771515,0.8275744793014465,105.37429182951831,0.7843429907552885,2471.6651457235484,0.9750968711197165,0.0
60,F03,3434.6514651838834,323.7481644605705,265.9260211474787,621.9287187125933,1604.5085574572126,HCT116 OsTIRF74G mAC/mCh-POLR2A Clone 1,10 µM 5PhIAA,480,LARP7 pool,pSer2 Pol II (3E10,Goat anti-mouse Alexa647,818,251017_mACmChPOLR2A_7SK,38.22602114747872,0.13664662771798974,179.34816446057047,1.3349601051370426,3251.06188905848,1.2825767605787364,8.0
61,F04,3393.9569568132138,314.14170345957285,271.62819750165494,650.6156536568726,1457.1021126760563,HCT116 OsTIRF74G mAC/mCh-POLR2A Clone 1,10 µM 5PhIAA,240,LARP7 pool,pSer2 Pol II (3E10,Goat anti-mouse Alexa647,1136,251017_mACmChPOLR2A_7SK,43.92819750165495,0.15703020796154424,169.74170345957285,1.2634553745117896,3210.3673806878105,1.2665223658915552,4.0
62,F05,3372.4810905296226,306.84513491857695,283.11924309483845,652.8787203867148,1528.7569515962925,HCT116 OsTIRF74G mAC/mCh-POLR2A Clone 1,10 µM 5PhIAA,120,LARP7 pool,pSer2 Pol II (3E10,Goat anti-mouse Alexa647,971,251017_mACmChPOLR2A_7SK,55.419243094838464,0.19810726966263528,162.44513491857694,1.209144097137278,3188.8915144042194,1.2580499196728805,2.0
63,F06,3332.0935071924514,295.87579595968776,323.5299308150845,635.7283303914953,1557.1221804511279,HCT116 OsTIRF74G mAC/mCh-POLR2A Clone 1,10 µM 5PhIAA,60,LARP7 pool,pSer2 Pol II (3E10,Goat anti-mouse Alexa647,1064,251017_mACmChPOLR2A_7SK,95.82993081508454,0.34256342897443487,151.47579595968776,1.1274949208890208,3148.503931067048,1.2421166100122656,1.0
64,F07,3144.7612539629495,294.1438500990557,381.4008683039548,642.1688244465957,1564.2380165289255,HCT116 OsTIRF74G mAC/mCh-POLR2A Clone 1,10 µM 5PhIAA,30,LARP7 pool,pSer2 Pol II (3E10,Goat anti-mouse Alexa647,1210,251017_mACmChPOLR2A_7SK,153.7008683039548,0.5494347750719947,149.74385009905572,1.1146033552844599,2961.1716778375467,1.1682121435031423,0.5
65,F08,3973.363681998656,306.53580713399595,567.13995057851,680.007046243285,1464.2525951557093,HCT116 OsTIRF74G mAC/mCh-POLR2A Clone 1,Vehicle,480,LARP7 pool,pSer2 Pol II (3E10,Goat anti-mouse Alexa647,578,251017_mACmChPOLR2A_7SK,339.43995057851004,1.2133966122282076,162.13580713399594,1.206841646743832,3789.7741058732527,1.4951041726996355,0.0
66,F09,3578.2797785126277,302.8257562308685,567.9251290364376,680.4599167513184,1583.2769607843138,HCT116 OsTIRF74G mAC/mCh-POLR2A Clone 1,Vehicle,240,LARP7 pool,pSer2 Pol II (3E10,Goat anti-mouse Alexa647,816,251017_mACmChPOLR2A_7SK,340.22512903643764,1.2162033910979906,158.42575623086847,1.1792262543109104,3394.6902023872244,1.3392395812578952,0.0
67,F10,3669.319428021009,302.9214729866222,569.8208119070206,684.9491864802651,1493.436768149883,HCT116 OsTIRF74G mAC/mCh-POLR2A Clone 1,Vehicle,120,LARP7 pool,pSer2 Pol II (3E10,Goat anti-mouse Alexa647,854,251017_mACmChPOLR2A_7SK,342.1208119070206,1.222979892123,158.52147298662217,1.179938712398835,3485.729851895606,1.3751556427588036,0.0
68,F11,3539.301425082327,305.27468250280054,576.9040173063406,704.3900349969063,1537.4478976234004,HCT116 OsTIRF74G mAC/mCh-POLR2A Clone 1,Vehicle,60,LARP7 pool,pSer2 Pol II (3E10,Goat anti-mouse Alexa647,1094,251017_mACmChPOLR2A_7SK,349.20401730634063,1.2483002394203744,160.87468250280054,1.1974545918201578,3355.711848956924,1.3238622270329328,0.0
69,F12,3794.627975742429,307.41165881447756,581.7094061734463,693.3571880111411,1465.910138248848,HCT116 OsTIRF74G mAC/mCh-POLR2A Clone 1,Vehicle,30,LARP7 pool,pSer2 Pol II (3E10,Goat anti-mouse Alexa647,868,251017_mACmChPOLR2A_7SK,354.0094061734463,1.2654780717935161,163.01165881447756,1.2133609610338718,3611.038399617026,1.4245911308220311,0.0
70,F13,2485.80714402408,310.8905412578998,271.84780776064076,539.4797387199786,1677.7139398132135,HCT116 OsTIRF74G mAC/mCh-POLR2A Clone 1,10 µM 5PhIAA,480,Scrambled,pSer2 Pol II (3E10,Goat anti-mouse Alexa647,2891,251017_mACmChPOLR2A_7SK,44.147807760640774,0.15781524915604656,166.49054125789982,1.2392556741824494,2302.217567898677,0.9082480897458631,8.0
71,F14,2648.5746089249174,304.5278763384791,274.9135431923527,563.4758939915779,1619.505216693419,HCT116 OsTIRF74G mAC/mCh-POLR2A Clone 1,10 µM 5PhIAA,240,Scrambled,pSer2 Pol II (3E10,Goat anti-mouse Alexa647,2492,251017_mACmChPOLR2A_7SK,47.21354319235269,0.168774339211555,160.12787633847907,1.1918958149091248,2464.9850327995146,0.9724614990822777,4.0
72,F15,2605.755543548186,290.1467847792961,281.5532754710696,557.843458812721,1616.1051303616484,HCT116 OsTIRF74G mAC/mCh-POLR2A Clone 1,10 µM 5PhIAA,120,Scrambled,pSer2 Pol II (3E10,Goat anti-mouse Alexa647,2378,251017_mACmChPOLR2A_7SK,53.853275471069594,0.19250940233351926,145.74678477929612,1.08485159977832,2422.165967422783,0.9555689451918927,2.0
73,F16,2778.833689677713,280.6323797711591,322.3321283037881,562.2006195421023,1626.510935318753,HCT116 OsTIRF74G mAC/mCh-POLR2A Clone 1,10 µM 5PhIAA,60,Scrambled,pSer2 Pol II (3E10,Goat anti-mouse Alexa647,2149,251017_mACmChPOLR2A_7SK,94.63212830378814,0.33828164214631273,136.2323797711591,1.0140320787189259,2595.2441135523104,1.0238500224414158,1.0
74,F17,2607.6913482347986,280.056708062046,375.0449257676634,535.7078366590232,1573.326813655761,HCT116 OsTIRF74G mAC/mCh-POLR2A Clone 1,10 µM 5PhIAA,30,Scrambled,pSer2 Pol II (3E10,Goat anti-mouse Alexa647,2812,251017_mACmChPOLR2A_7SK,147.34492576766343,0.5267141756613802,135.65670806204602,1.0097471239905993,2424.101772109396,0.956332639698117,0.5
75,F18,2736.440530621694,280.67641674249995,512.8328044122318,569.7409565402403,1598.0044731610337,HCT116 OsTIRF74G mAC/mCh-POLR2A Clone 1,Vehicle,480,Scrambled,pSer2 Pol II (3E10,Goat anti-mouse Alexa647,2012,251017_mACmChPOLR2A_7SK,285.1328044122318,1.0192647574903169,136.27641674249995,1.0143598635059512,2552.850954496291,1.0071254928974656,0.0
76,F19,2426.441402098478,275.8765178712963,486.99097544880595,516.2597635946969,1637.6547696301104,HCT116 OsTIRF74G mAC/mCh-POLR2A Clone 1,Vehicle,240,Scrambled,pSer2 Pol II (3E10,Goat anti-mouse Alexa647,3082,251017_mACmChPOLR2A_7SK,259.29097544880597,0.9268879242255208,131.4765178712963,0.9786322968424077,2242.8518259730754,0.8848277047865531,0.0
77,F20,2563.829067096924,273.293163692512,480.7692449017993,525.3126017297495,1630.1028505392912,HCT116 OsTIRF74G mAC/mCh-POLR2A Clone 1,Vehicle,120,Scrambled,pSer2 Pol II (3E10,Goat anti-mouse Alexa647,2596,251017_mACmChPOLR2A_7SK,253.06924490179932,0.9046470926584996,128.893163692512,0.9594033586679427,2380.2394909715213,0.9390285266503948,0.0
78,F21,2843.6181269082144,281.2626631920512,492.5846319973815,583.7651168312124,1558.6516741629187,HCT116 OsTIRF74G mAC/mCh-POLR2A Clone 1,Vehicle,60,Scrambled,pSer2 Pol II (3E10,Goat anti-mouse Alexa647,2001,251017_mACmChPOLR2A_7SK,264.8846319973815,0.9468835785214927,136.8626631920512,1.0187235302559459,2660.028550782811,1.0494081374433653,0.0
79,F22,2599.557890829133,267.3559186142116,467.9789005137142,528.6176722565389,1613.9702680067003,HCT116 OsTIRF74G mAC/mCh-POLR2A Clone 1,Vehicle,30,Scrambled,pSer2 Pol II (3E10,Goat anti-mouse Alexa647,2388,251017_mACmChPOLR2A_7SK,240.27890051371423,0.8589254251786286,122.95591861421158,0.9152100693873333,2415.9683147037304,0.9531239085795947,0.0
80,G03,2969.5472429412052,274.2181155148705,535.507271469988,542.5428193472744,1049.0,HCT116 OsTIRF74G mAC/mCh-POLR2A Clone 1,Vehicle,480,HEXIM1 + HEXIM2 pool,pSer2 Pol II (3E10,Goat anti-mouse Alexa647,73,251017_mACmChPOLR2A_7SK,307.80727146998805,1.1003192163572557,129.81811551487047,0.9662881449479486,2785.9576668158024,1.099088445975084,0.0
81,G04,3139.9325730949913,286.2967699895282,532.9753050410004,594.9288353739769,1208.008097165992,HCT116 OsTIRF74G mAC/mCh-POLR2A Clone 1,Vehicle,240,HEXIM1 + HEXIM2 pool,pSer2 Pol II (3E10,Goat anti-mouse Alexa647,247,251017_mACmChPOLR2A_7SK,305.2753050410004,1.091268191332143,141.89676998952817,1.05619440016891,2956.342996969588,1.1663071801167675,0.0
82,G05,2916.907554989556,293.3915391685633,539.179300572203,599.8746452519068,1297.6352941176472,HCT116 OsTIRF74G mAC/mCh-POLR2A Clone 1,Vehicle,120,HEXIM1 + HEXIM2 pool,pSer2 Pol II (3E10,Goat anti-mouse Alexa647,255,251017_mACmChPOLR2A_7SK,311.47930057220304,1.113445625505729,148.99153916856332,1.109003604197592,2733.317978864153,1.078321557261546,0.0
83,G06,3089.861271402308,288.51838938965864,547.4908749524255,560.4942284444161,1346.8,HCT116 OsTIRF74G mAC/mCh-POLR2A Clone 1,Vehicle,60,HEXIM1 + HEXIM2 pool,pSer2 Pol II (3E10,Goat anti-mouse Alexa647,110,251017_mACmChPOLR2A_7SK,319.79087495242555,1.1431570256460377,144.11838938965863,1.0727308017367372,2906.271695276905,1.146553545730693,0.0
84,G07,3155.330072855952,290.8561033559878,565.8367886067448,587.9511243326134,1287.9581395348837,HCT116 OsTIRF74G mAC/mCh-POLR2A Clone 1,Vehicle,30,HEXIM1 + HEXIM2 pool,pSer2 Pol II (3E10,Goat anti-mouse Alexa647,215,251017_mACmChPOLR2A_7SK,338.1367886067448,1.2087381967440267,146.45610335598778,1.0901313415842313,2971.7404967305492,1.1723816493327763,0.0
85,G08,2882.5735741504354,320.863720269031,285.27828568982903,576.6632313156271,1230.6666666666667,HCT116 OsTIRF74G mAC/mCh-POLR2A Clone 1,10 µM 5PhIAA,480,HEXIM1 + HEXIM2 pool,pSer2 Pol II (3E10,Goat anti-mouse Alexa647,87,251017_mACmChPOLR2A_7SK,57.578285689829045,0.20582520317621572,176.46372026903097,1.3134900335989197,2698.9839980250326,1.0647764549457104,8.0
86,G09,2983.312321031616,317.80766737777327,282.2327327323897,622.4175569055878,1300.0224719101125,HCT116 OsTIRF74G mAC/mCh-POLR2A Clone 1,10 µM 5PhIAA,240,HEXIM1 + HEXIM2 pool,pSer2 Pol II (3E10,Goat anti-mouse Alexa647,267,251017_mACmChPOLR2A_7SK,54.53273273238972,0.19493825944840681,173.40766737777327,1.2907426098865644,2799.722744906213,1.1045189083497715,4.0
87,G10,3066.877076674924,310.1337665372903,287.2827131987281,615.7197940579159,1252.6050420168067,HCT116 OsTIRF74G mAC/mCh-POLR2A Clone 1,10 µM 5PhIAA,120,HEXIM1 + HEXIM2 pool,pSer2 Pol II (3E10,Goat anti-mouse Alexa647,238,251017_mACmChPOLR2A_7SK,59.58271319872813,0.2129904338587268,165.73376653729028,1.2336226973207762,2883.2875005495207,1.1374860487023615,2.0
88,G11,3238.9087205996893,308.83282444243224,309.748480684405,646.8609321923999,1203.7340067340067,HCT116 OsTIRF74G mAC/mCh-POLR2A Clone 1,10 µM 5PhIAA,60,HEXIM1 + HEXIM2 pool,pSer2 Pol II (3E10,Goat anti-mouse Alexa647,297,251017_mACmChPOLR2A_7SK,82.04848068440504,0.2932988539836053,164.43282444243223,1.223939265093006,3055.319144474286,1.205354270259337,1.0
89,G12,3188.0058611170607,301.15225204497546,342.8980254282375,595.7997916276056,1194.8140703517588,HCT116 OsTIRF74G mAC/mCh-POLR2A Clone 1,10 µM 5PhIAA,30,HEXIM1 + HEXIM2 pool,pSer2 Pol II (3E10,Goat anti-mouse Alexa647,199,251017_mACmChPOLR2A_7SK,115.19802542823749,0.41179859221571496,156.75225204497545,1.1667696934608651,3004.4162849916574,1.1852725779239346,0.5
90,G13,3456.9061252496517,307.66726772302565,580.0514804435376,699.642280137047,1516.4825306893295,HCT116 OsTIRF74G mAC/mCh-POLR2A Clone 1,Vehicle,480,LARP7 pool,pSer2 Pol II (3E10,Goat anti-mouse Alexa647,1059,251017_mACmChPOLR2A_7SK,352.3514804435376,1.2595514816541744,163.26726772302564,1.2152635603521065,3273.316549124249,1.2913564488126017,0.0
91,G14,3667.8086068701077,305.14984077457746,562.6195411759743,672.6610106798252,1510.9634300126104,HCT116 OsTIRF74G mAC/mCh-POLR2A Clone 1,Vehicle,240,LARP7 pool,pSer2 Pol II (3E10,Goat anti-mouse Alexa647,793,251017_mACmChPOLR2A_7SK,334.9195411759743,1.1972374964683414,160.74984077457745,1.1965253449157613,3484.2190307447045,1.3745596085510088,0.0
92,G15,3630.9278510778295,306.8262589482425,559.9766429998505,699.3222411033686,1468.7217125382263,HCT116 OsTIRF74G mAC/mCh-POLR2A Clone 1,Vehicle,120,LARP7 pool,pSer2 Pol II (3E10,Goat anti-mouse Alexa647,981,251017_mACmChPOLR2A_7SK,332.2766429998505,1.1877899235238274,162.42625894824252,1.2090035957420282,3447.338274952426,1.360009777786189,0.0
93,G16,3538.5087908754845,302.0632416596201,554.6740266665315,662.7760173686682,1473.3662119622245,HCT116 OsTIRF74G mAC/mCh-POLR2A Clone 1,Vehicle,60,LARP7 pool,pSer2 Pol II (3E10,Goat anti-mouse Alexa647,953,251017_mACmChPOLR2A_7SK,326.97402666653153,1.1688346512176968,157.66324165962007,1.1735505534457027,3354.9192147500817,1.3235495248303826,0.0
94,G17,3760.164692179752,305.0564545244693,563.863144081336,679.4346843308597,1454.6707168894288,HCT116 OsTIRF74G mAC/mCh-POLR2A Clone 1,Vehicle,30,LARP7 pool,pSer2 Pol II (3E10,Goat anti-mouse Alexa647,823,251017_mACmChPOLR2A_7SK,336.16314408133604,1.201683006048906,160.6564545244693,1.1958302337132705,3576.5751160543487,1.4109950172754122,0.0
95,G18,3468.2797568513024,338.4299760996792,275.47754060645707,649.7616672427871,1575.6248447204969,HCT116 OsTIRF74G mAC/mCh-POLR2A Clone 1,10 µM 5PhIAA,480,LARP7 pool,pSer2 Pol II (3E10,Goat anti-mouse Alexa647,805,251017_mACmChPOLR2A_7SK,47.77754060645708,0.17079046179940416,194.0299760996792,1.444242700073529,3284.690180725899,1.295843461386787,8.0
96,G19,3516.405980580177,325.8294859152046,272.87511553876084,670.0746918900195,1466.410348977136,HCT116 OsTIRF74G mAC/mCh-POLR2A Clone 1,10 µM 5PhIAA,240,LARP7 pool,pSer2 Pol II (3E10,Goat anti-mouse Alexa647,831,251017_mACmChPOLR2A_7SK,45.17511553876085,0.1614875681496185,181.4294859152046,1.3504522129947352,3332.816404454774,1.3148297428650961,4.0
97,G20,3324.069439050772,299.4924191953404,281.96103932473125,621.7640368068618,1470.7044088176353,HCT116 OsTIRF74G mAC/mCh-POLR2A Clone 1,10 µM 5PhIAA,120,LARP7 pool,pSer2 Pol II (3E10,Goat anti-mouse Alexa647,998,251017_mACmChPOLR2A_7SK,54.26103932473126,0.19396703652707523,155.0924191953404,1.1544148938334295,3140.479862925369,1.2389510340635412,2.0
98,G21,3402.793740947051,304.83377026523476,321.4380076872877,664.0184574717902,1528.8119205298012,HCT116 OsTIRF74G mAC/mCh-POLR2A Clone 1,10 µM 5PhIAA,60,LARP7 pool,pSer2 Pol II (3E10,Goat anti-mouse Alexa647,755,251017_mACmChPOLR2A_7SK,93.73800768728773,0.3350854275430053,160.43377026523476,1.194172705725659,3219.204164821648,1.2700085665100225,1.0
99,G22,3463.0655890893227,295.6033329879034,381.2433371922811,640.0286063109234,1472.3252647503782,HCT116 OsTIRF74G mAC/mCh-POLR2A Clone 1,10 µM 5PhIAA,30,LARP7 pool,pSer2 Pol II (3E10,Goat anti-mouse Alexa647,661,251017_mACmChPOLR2A_7SK,153.54333719228111,0.5488716483189428,151.2033329879034,1.1254668700385801,3279.47601296392,1.2937864195261628,0.5
100,H03,2729.7526348992114,271.28804641534254,492.0623906852615,535.2241481778033,1634.8391131324615,HCT116 OsTIRF74G mAC/mCh-POLR2A Clone 1,Vehicle,480,Scrambled,pSer2 Pol II (3E10,Goat anti-mouse Alexa647,1759,251017_mACmChPOLR2A_7SK,264.3623906852615,0.9450167215477865,126.88804641534253,0.944478468975354,2546.163058773808,1.0044870504674095,0.0
101,H04,2629.0315559872306,272.4792426135933,483.56003245843885,513.512641881204,1600.890925756187,HCT116 OsTIRF74G mAC/mCh-POLR2A Clone 1,Vehicle,240,Scrambled,pSer2 Pol II (3E10,Goat anti-mouse Alexa647,2182,251017_mACmChPOLR2A_7SK,255.86003245843887,0.914623326042059,128.07924261359332,0.9533450186099076,2445.4419798618273,0.9647515672556964,0.0
102,H05,2791.1223516974587,282.336762105901,508.31216715269414,545.9822036128222,1592.7010428736965,HCT116 OsTIRF74G mAC/mCh-POLR2A Clone 1,Vehicle,120,Scrambled,pSer2 Pol II (3E10,Goat anti-mouse Alexa647,1726,251017_mACmChPOLR2A_7SK,280.61216715269416,1.0031048272096093,137.936762105901,1.0267184779782894,2607.5327755720555,1.0286980237600545,0.0
103,H06,2802.085251697445,278.95185949049477,504.2035139095505,533.6849593578373,1545.8413461538462,HCT116 OsTIRF74G mAC/mCh-POLR2A Clone 1,Vehicle,60,Scrambled,pSer2 Pol II (3E10,Goat anti-mouse Alexa647,2080,251017_mACmChPOLR2A_7SK,276.5035139095505,0.9884176169458964,134.55185949049476,1.0015232942699286,2618.4956755720423,1.0330229985677792,0.0
104,H07,2768.389960990204,280.5095595607868,511.54472471955165,547.4380559017549,1529.4276556776556,HCT116 OsTIRF74G mAC/mCh-POLR2A Clone 1,Vehicle,30,Scrambled,pSer2 Pol II (3E10,Goat anti-mouse Alexa647,2184,251017_mACmChPOLR2A_7SK,283.84472471955166,1.0146602566567697,136.10955956078678,1.0131178787802495,2584.8003848648013,1.01972986596163,0.0
105,H08,2608.921295713607,316.506974324145,269.0395293809767,559.1725868894771,1582.5627644569818,HCT116 OsTIRF74G mAC/mCh-POLR2A Clone 1,10 µM 5PhIAA,480,Scrambled,pSer2 Pol II (3E10,Goat anti-mouse Alexa647,2127,251017_mACmChPOLR2A_7SK,41.33952938097673,0.14777649129542778,172.106974324145,1.2810610313722532,2425.3317195882037,0.9568178664046156,8.0
106,H09,2749.5146218114437,305.05307942226074,272.97123264887074,569.5813174826116,1592.752306945119,HCT116 OsTIRF74G mAC/mCh-POLR2A Clone 1,10 µM 5PhIAA,240,Scrambled,pSer2 Pol II (3E10,Goat anti-mouse Alexa647,2059,251017_mACmChPOLR2A_7SK,45.27123264887075,0.16183115815894342,160.65307942226073,1.1958051114779091,2565.925045686041,1.01228335395883,4.0
107,H10,2834.4599160687167,295.80451650250563,284.63316848981316,563.5474780375196,1548.0524590163934,HCT116 OsTIRF74G mAC/mCh-POLR2A Clone 1,10 µM 5PhIAA,120,Scrambled,pSer2 Pol II (3E10,Goat anti-mouse Alexa647,1830,251017_mACmChPOLR2A_7SK,56.93316848981317,0.20351910154128647,151.40451650250563,1.126964359386258,2650.8703399433134,1.0457951307421542,2.0
108,H11,2620.8980174666353,287.30325639440395,323.0154597676411,547.9095599828813,1600.225102319236,HCT116 OsTIRF74G mAC/mCh-POLR2A Clone 1,10 µM 5PhIAA,60,Scrambled,pSer2 Pol II (3E10,Goat anti-mouse Alexa647,2199,251017_mACmChPOLR2A_7SK,95.31545976764113,0.34072434838008114,142.90325639440394,1.0636860809503288,2437.3084413412325,0.9615428041365152,1.0
109,H12,2840.0772645434513,293.74037363831707,388.1264487429676,579.241751039703,1541.4406696208764,HCT116 OsTIRF74G mAC/mCh-POLR2A Clone 1,10 µM 5PhIAA,30,Scrambled,pSer2 Pol II (3E10,Goat anti-mouse Alexa647,2031,251017_mACmChPOLR2A_7SK,160.42644874296764,0.5734767197696002,149.34037363831706,1.1116001186465605,2656.4876884180485,1.048011231467279,0.5
110,H13,3102.169336458129,299.8676229682805,598.1021721062116,623.6424947124643,1437.320610687023,HCT116 OsTIRF74G mAC/mCh-POLR2A Clone 1,Vehicle,480,HEXIM1 + HEXIM2 pool,pSer2 Pol II (3E10,Goat anti-mouse Alexa647,393,251017_mACmChPOLR2A_7SK,370.4021721062116,1.3240773221586164,155.4676229682805,1.15720768555047,2918.5797603327255,1.1514092017430915,0.0
111,H14,3206.6790209705923,304.0188998471303,592.904821302291,597.0689261445117,1281.2704402515724,HCT116 OsTIRF74G mAC/mCh-POLR2A Clone 1,Vehicle,240,HEXIM1 + HEXIM2 pool,pSer2 Pol II (3E10,Goat anti-mouse Alexa647,318,251017_mACmChPOLR2A_7SK,365.204821302291,1.3054983427329754,159.61889984713028,1.188107299356446,3023.089444845189,1.1926393281403223,0.0
112,H15,3063.941155113371,301.46152130314744,560.8057164957368,621.7652309395783,1349.538,HCT116 OsTIRF74G mAC/mCh-POLR2A Clone 1,Vehicle,120,HEXIM1 + HEXIM2 pool,pSer2 Pol II (3E10,Goat anti-mouse Alexa647,500,251017_mACmChPOLR2A_7SK,333.1057164957368,1.190753614066093,157.06152130314743,1.1690717082188455,2880.3515789879684,1.1363277979848339,0.0
113,H16,3105.734143144049,299.09281253330914,573.5104804243531,618.1440943919108,1290.4461077844312,HCT116 OsTIRF74G mAC/mCh-POLR2A Clone 1,Vehicle,60,HEXIM1 + HEXIM2 pool,pSer2 Pol II (3E10,Goat anti-mouse Alexa647,334,251017_mACmChPOLR2A_7SK,345.8104804243531,1.2361693569209593,154.69281253330914,1.1514404616547496,2922.144567018646,1.1528155539957832,0.0
114,H17,3307.2871418614955,299.103749406316,570.4358169378329,611.283805629834,1269.9727891156463,HCT116 OsTIRF74G mAC/mCh-POLR2A Clone 1,Vehicle,30,HEXIM1 + HEXIM2 pool,pSer2 Pol II (3E10,Goat anti-mouse Alexa647,294,251017_mACmChPOLR2A_7SK,342.7358169378329,1.2251783517315968,154.703749406316,1.1515218691739344,3123.6975657360927,1.2323302482715102,0.0
115,H18,3009.4168026391517,324.4328986557973,279.96358677365083,588.4841482551028,1333.7943262411347,HCT116 OsTIRF74G mAC/mCh-POLR2A Clone 1,10 µM 5PhIAA,480,HEXIM1 + HEXIM2 pool,pSer2 Pol II (3E10,Goat anti-mouse Alexa647,282,251017_mACmChPOLR2A_7SK,52.26358677365084,0.18682673923903698,180.0328986557973,1.340056855561003,2825.8272265137484,1.114817390076453,8.0
116,H19,2965.3247216070586,320.9326248548199,282.9238678830864,605.4555553217557,1267.4879032258063,HCT116 OsTIRF74G mAC/mCh-POLR2A Clone 1,10 µM 5PhIAA,240,HEXIM1 + HEXIM2 pool,pSer2 Pol II (3E10,Goat anti-mouse Alexa647,248,251017_mACmChPOLR2A_7SK,55.22386788308643,0.19740886153580975,176.5326248548199,1.3140029179842483,2781.7351454816553,1.097422618648803,4.0
117,H20,2853.8027688116395,305.7024419125888,281.43103697797795,594.6397039288534,1328.5959367945825,HCT116 OsTIRF74G mAC/mCh-POLR2A Clone 1,10 µM 5PhIAA,120,HEXIM1 + HEXIM2 pool,pSer2 Pol II (3E10,Goat anti-mouse Alexa647,443,251017_mACmChPOLR2A_7SK,53.731036977977965,0.19207243616866898,161.30244191258882,1.2006385761580063,2670.2131926862367,1.0534260815692869,2.0
118,H21,2890.517074541398,297.7707345586256,295.07117164788923,612.7281710917415,1251.9510086455332,HCT116 OsTIRF74G mAC/mCh-POLR2A Clone 1,10 µM 5PhIAA,60,HEXIM1 + HEXIM2 pool,pSer2 Pol II (3E10,Goat anti-mouse Alexa647,347,251017_mACmChPOLR2A_7SK,67.37117164788924,0.24083185052339962,153.37073455862557,1.1415997066217034,2706.9274984159947,1.067910246102804,1.0
119,H22,2810.630799260505,280.11963897145745,330.27104614985853,554.2726267474383,1197.5580110497237,HCT116 OsTIRF74G mAC/mCh-POLR2A Clone 1,10 µM 5PhIAA,30,HEXIM1 + HEXIM2 pool,pSer2 Pol II (3E10,Goat anti-mouse Alexa647,181,251017_mACmChPOLR2A_7SK,102.57104614985855,0.3666609062923339,135.71963897145744,1.0102155439139195,2627.041223135102,1.0363943034167233,0.5
120,I03,3305.51597914358,278.57689267796627,510.18001874825177,572.0161379818582,1591.3206039076376,HCT116 OsTIRF74G mAC/mCh-POLR2A Clone 1,Vehicle,480,LARP7 pool,pSer2 Pol II (3E10,Goat anti-mouse Alexa647,1126,251017_mACmChPOLR2A_7SK,282.4800187482518,1.0097818397248775,134.17689267796626,0.9987322663439864,3121.9264030181766,1.2316315066853079,0.0
121,I04,3305.499181027587,288.1837032795437,522.7581375926334,599.0154795820545,1522.5477759472817,HCT116 OsTIRF74G mAC/mCh-POLR2A Clone 1,Vehicle,240,LARP7 pool,pSer2 Pol II (3E10,Goat anti-mouse Alexa647,1214,251017_mACmChPOLR2A_7SK,295.0581375926334,1.0547448641654738,143.7837032795437,1.0702395991861517,3121.9096049021837,1.231624879658838,0.0
122,I05,3241.994734693683,286.31643399147816,518.5372911570632,583.5857335970668,1542.3381147540983,HCT116 OsTIRF74G mAC/mCh-POLR2A Clone 1,Vehicle,120,LARP7 pool,pSer2 Pol II (3E10,Goat anti-mouse Alexa647,976,251017_mACmChPOLR2A_7SK,290.83729115706325,1.0396565966915727,141.91643399147816,1.0563407671985898,3058.40515856828,1.2065717339972917,0.0
123,I06,3350.8505192184125,292.275466217632,539.3568879058804,609.0551270309018,1458.9753191489363,HCT116 OsTIRF74G mAC/mCh-POLR2A Clone 1,Vehicle,60,LARP7 pool,pSer2 Pol II (3E10,Goat anti-mouse Alexa647,1175,251017_mACmChPOLR2A_7SK,311.6568879058804,1.1140804472722639,147.875466217632,1.1006962269328335,3167.2609430930097,1.2495164407578319,0.0
124,I07,3539.4327411244553,298.1903169669835,552.8294105810562,653.147774742356,1453.9102803738317,HCT116 OsTIRF74G mAC/mCh-POLR2A Clone 1,Vehicle,30,LARP7 pool,pSer2 Pol II (3E10,Goat anti-mouse Alexa647,1070,251017_mACmChPOLR2A_7SK,325.1294105810562,1.1622406987228218,153.7903169669835,1.1447228262681177,3355.8431649990525,1.3239140325382333,0.0
125,I08,3217.418338453974,330.3618396353691,270.21206935785716,625.0381310810719,1595.7075913776944,HCT116 OsTIRF74G mAC/mCh-POLR2A Clone 1,10 µM 5PhIAA,480,LARP7 pool,pSer2 Pol II (3E10,Goat anti-mouse Alexa647,1067,251017_mACmChPOLR2A_7SK,42.51206935785717,0.15196797209556356,185.9618396353691,1.3841883341141643,3033.8287623285705,1.1968760973864012,8.0
126,I09,3364.7070229115584,318.31804018725035,272.0167529213921,629.2041720830715,1546.572796934866,HCT116 OsTIRF74G mAC/mCh-POLR2A Clone 1,10 µM 5PhIAA,240,LARP7 pool,pSer2 Pol II (3E10,Goat anti-mouse Alexa647,1044,251017_mACmChPOLR2A_7SK,44.316752921392094,0.15841917773121464,173.91804018725034,1.2945415187934264,3181.1174467861556,1.2549829714564675,4.0
127,I10,3485.8101423705853,303.47753289781565,289.073510372052,635.8715945846452,1482.5559960356788,HCT116 OsTIRF74G mAC/mCh-POLR2A Clone 1,10 µM 5PhIAA,120,LARP7 pool,pSer2 Pol II (3E10,Goat anti-mouse Alexa647,1009,251017_mACmChPOLR2A_7SK,61.37351037205201,0.2193919997898898,159.07753289781564,1.1840776886729552,3302.2205662451825,1.3027593755829114,2.0
128,I11,3112.5226951399377,295.5158116173019,330.000551424057,616.0716056484449,1562.1455563331,HCT116 OsTIRF74G mAC/mCh-POLR2A Clone 1,10 µM 5PhIAA,60,LARP7 pool,pSer2 Pol II (3E10,Goat anti-mouse Alexa647,1429,251017_mACmChPOLR2A_7SK,102.300551424057,0.3656939683012288,151.1158116173019,1.1248154134794828,2928.933119014535,1.1554937063426243,1.0
129,I12,3563.724543328673,305.4790565191499,405.42911846775377,669.3355082414129,1464.1403336604515,HCT116 OsTIRF74G mAC/mCh-POLR2A Clone 1,10 µM 5PhIAA,30,LARP7 pool,pSer2 Pol II (3E10,Goat anti-mouse Alexa647,1019,251017_mACmChPOLR2A_7SK,177.72911846775378,0.635328604884411,161.07905651914987,1.1989758293481447,3380.13496720327,1.3334973939268802,0.5
130,I13,2500.21042850809,278.1762549286365,525.0219681181937,523.1721682447976,1582.6736302719748,HCT116 OsTIRF74G mAC/mCh-POLR2A Clone 1,Vehicle,480,Scrambled,pSer2 Pol II (3E10,Goat anti-mouse Alexa647,2537,251017_mACmChPOLR2A_7SK,297.32196811819375,1.0628373832861375,133.77625492863652,0.9957501593702365,2316.620852382687,0.9139303309905987,0.0
131,I14,2771.449138728985,283.3837605820209,529.9583344783082,540.4854373939894,1602.4090338770388,HCT116 OsTIRF74G mAC/mCh-POLR2A Clone 1,Vehicle,240,Scrambled,pSer2 Pol II (3E10,Goat anti-mouse Alexa647,2391,251017_mACmChPOLR2A_7SK,302.2583344783082,1.0804834211431187,138.9837605820209,1.0345117063057898,2587.859562603582,1.0209367424863265,0.0
132,I15,2571.80873490845,279.582423958586,513.9965650055304,514.8028207617458,1625.0645888096133,HCT116 OsTIRF74G mAC/mCh-POLR2A Clone 1,Vehicle,120,Scrambled,pSer2 Pol II (3E10,Goat anti-mouse Alexa647,2663,251017_mACmChPOLR2A_7SK,286.29656500553045,1.023424854611904,135.18242395858599,1.0062168377536358,2388.2191587830466,0.9421765862202988,0.0
133,I16,2926.6370205702437,284.9317988434834,523.0786086922662,549.7583440876166,1594.4359540636042,HCT116 OsTIRF74G mAC/mCh-POLR2A Clone 1,Vehicle,60,Scrambled,pSer2 Pol II (3E10,Goat anti-mouse Alexa647,2264,251017_mACmChPOLR2A_7SK,295.37860869226625,1.0558904527915294,140.53179884348341,1.0460343741094658,2743.047444444841,1.08215992972952,0.0
134,I17,2802.2881376510436,279.1356176190214,515.4637685199783,528.7663133436885,1574.6028192371475,HCT116 OsTIRF74G mAC/mCh-POLR2A Clone 1,Vehicle,30,Scrambled,pSer2 Pol II (3E10,Goat anti-mouse Alexa647,2412,251017_mACmChPOLR2A_7SK,287.7637685199783,1.0286696696987734,134.73561761902138,1.0028910795010488,2618.698561525641,1.0331030391262221,0.0
135,I18,2784.534735810057,312.0403562728888,270.4761030460568,544.7285114206758,1538.4236937403,HCT116 OsTIRF74G mAC/mCh-POLR2A Clone 1,10 µM 5PhIAA,480,Scrambled,pSer2 Pol II (3E10,Goat anti-mouse Alexa647,1933,251017_mACmChPOLR2A_7SK,42.77610304605679,0.15291181380373467,167.6403562728888,1.2478142071226364,2600.945159684654,1.026099142738061,8.0
136,I19,2486.1933950988378,296.09659058128966,269.89839841027316,495.767579411056,1610.2104187946884,HCT116 OsTIRF74G mAC/mCh-POLR2A Clone 1,10 µM 5PhIAA,240,Scrambled,pSer2 Pol II (3E10,Goat anti-mouse Alexa647,2937,251017_mACmChPOLR2A_7SK,42.19839841027317,0.15084669198547587,151.69659058128966,1.1291383835481112,2302.6038189734345,0.9084004696971338,4.0
137,I20,2681.4149595012177,289.30915260702403,281.6257473170211,534.555011314902,1604.6337709370755,HCT116 OsTIRF74G mAC/mCh-POLR2A Clone 1,10 µM 5PhIAA,120,Scrambled,pSer2 Pol II (3E10,Goat anti-mouse Alexa647,2209,251017_mACmChPOLR2A_7SK,53.92574731702109,0.1927684675738058,144.90915260702403,1.078616768570954,2497.8253833758145,0.9854173491693454,2.0
138,I21,2658.4762946304772,280.0793509136451,319.84736728216495,538.6230250909874,1550.6100386100386,HCT116 OsTIRF74G mAC/mCh-POLR2A Clone 1,10 µM 5PhIAA,60,Scrambled,pSer2 Pol II (3E10,Goat anti-mouse Alexa647,2072,251017_mACmChPOLR2A_7SK,92.14736728216496,0.32939936237725265,135.6793509136451,1.009915663789388,2474.886718505074,0.9763678141294463,1.0
139,I22,2731.6758687223555,272.9541321933783,362.3911179520528,514.9228186850772,1622.3073507646768,HCT116 OsTIRF74G mAC/mCh-POLR2A Clone 1,10 µM 5PhIAA,30,Scrambled,pSer2 Pol II (3E10,Goat anti-mouse Alexa647,2027,251017_mACmChPOLR2A_7SK,134.69111795205282,0.48148058571688296,128.5541321933783,0.9568798116492734,2548.0862925969523,1.0052457856409924,0.5
140,J03,2820.292432541136,303.5398048977712,281.4956278840686,540.2530418871776,1254.0844155844156,HCT116 OsTIRF74G mAC/mCh-POLR2A Clone 1,10 µM 5PhIAA,480,HEXIM1 + HEXIM2 pool,pSer2 Pol II (3E10,Goat anti-mouse Alexa647,154,251017_mACmChPOLR2A_7SK,53.79562788406861,0.19230332939881928,159.1398048977712,1.1845412040697132,2636.7028564157326,1.0402059153570176,8.0
141,J04,2792.9083208799134,301.2115725347226,279.1405652169942,551.7381472305586,1228.8117647058823,HCT116 OsTIRF74G mAC/mCh-POLR2A Clone 1,10 µM 5PhIAA,240,HEXIM1 + HEXIM2 pool,pSer2 Pol II (3E10,Goat anti-mouse Alexa647,170,251017_mACmChPOLR2A_7SK,51.44056521699423,0.18388468257500581,156.81157253472261,1.1672112395869034,2609.3187447545106,1.0294026066461066,4.0
142,J05,2913.555746125544,294.34514764582127,276.20914813026735,574.545731165971,1320.7011494252874,HCT116 OsTIRF74G mAC/mCh-POLR2A Clone 1,10 µM 5PhIAA,120,HEXIM1 + HEXIM2 pool,pSer2 Pol II (3E10,Goat anti-mouse Alexa647,261,251017_mACmChPOLR2A_7SK,48.50914813026736,0.17340574055300725,149.94514764582127,1.116101693419128,2729.9661700001407,1.0769992348015056,2.0
143,J06,2943.823443681866,284.7374002878562,289.043377666107,523.4033017985862,1164.9117647058824,HCT116 OsTIRF74G mAC/mCh-POLR2A Clone 1,10 µM 5PhIAA,60,HEXIM1 + HEXIM2 pool,pSer2 Pol II (3E10,Goat anti-mouse Alexa647,170,251017_mACmChPOLR2A_7SK,61.34337766610702,0.21928428435083022,140.33740028785618,1.0445873879245824,2760.2338675564633,1.088940147280784,1.0
144,J07,2963.9373371732477,294.1596055326401,326.74548240235276,571.4332054867155,1106.4275862068966,HCT116 OsTIRF74G mAC/mCh-POLR2A Clone 1,10 µM 5PhIAA,30,HEXIM1 + HEXIM2 pool,pSer2 Pol II (3E10,Goat anti-mouse Alexa647,145,251017_mACmChPOLR2A_7SK,99.04548240235277,0.3540580671152505,149.7596055326401,1.114720629276851,2780.347761047845,1.0968752814729765,0.5
145,J08,2934.47204871688,288.15601004699505,569.3855580750901,582.806719519062,1373.4847161572052,HCT116 OsTIRF74G mAC/mCh-POLR2A Clone 1,Vehicle,480,HEXIM1 + HEXIM2 pool,pSer2 Pol II (3E10,Goat anti-mouse Alexa647,458,251017_mACmChPOLR2A_7SK,341.6855580750901,1.2214239894538426,143.75601004699504,1.0700334673824285,2750.8824725914774,1.0852509274903366,0.0
146,J09,2975.813564866273,295.8018843169431,559.1380092074347,583.088514857389,1276.7903225806451,HCT116 OsTIRF74G mAC/mCh-POLR2A Clone 1,Vehicle,240,HEXIM1 + HEXIM2 pool,pSer2 Pol II (3E10,Goat anti-mouse Alexa647,186,251017_mACmChPOLR2A_7SK,331.43800920743473,1.1847920577720705,151.40188431694307,1.1269447669765675,2792.2239887408696,1.101560573282917,0.0
147,J10,3069.169777509164,299.27899254577505,581.0794258346176,590.9031256449055,1275.0142857142857,HCT116 OsTIRF74G mAC/mCh-POLR2A Clone 1,Vehicle,120,HEXIM1 + HEXIM2 pool,pSer2 Pol II (3E10,Goat anti-mouse Alexa647,210,251017_mACmChPOLR2A_7SK,353.3794258346176,1.2632260799239607,154.87899254577505,1.1528262739364834,2885.580201383761,1.138390542344532,0.0
148,J11,3280.743180232096,303.29062686876864,591.9497225877863,596.873202085081,1238.037037037037,HCT116 OsTIRF74G mAC/mCh-POLR2A Clone 1,Vehicle,60,HEXIM1 + HEXIM2 pool,pSer2 Pol II (3E10,Goat anti-mouse Alexa647,297,251017_mACmChPOLR2A_7SK,364.24972258778627,1.3020841496111921,158.89062686876863,1.1826864723594914,3097.153604106693,1.2218583872361544,0.0
149,J12,3242.0389496471994,298.8192378645713,602.5407823093113,606.0105453819737,1311.0363636363636,HCT116 OsTIRF74G mAC/mCh-POLR2A Clone 1,Vehicle,30,HEXIM1 + HEXIM2 pool,pSer2 Pol II (3E10,Goat anti-mouse Alexa647,275,251017_mACmChPOLR2A_7SK,374.84078230931135,1.3399440301706338,154.41923786457127,1.149404135999343,3058.4493735217966,1.2065891772431558,0.0
150,J13,3487.0606566811716,345.1035526605841,279.758174406827,660.7294586161161,1553.079954954955,HCT116 OsTIRF74G mAC/mCh-POLR2A Clone 1,10 µM 5PhIAA,480,LARP7 pool,pSer2 Pol II (3E10,Goat anti-mouse Alexa647,888,251017_mACmChPOLR2A_7SK,52.05817440682699,0.18609245127561652,200.7035526605841,1.4939167990205764,3303.471080555769,1.3032527161123328,8.0
151,J15,3299.547776921084,308.9592126967625,291.7085985431868,642.3278787696178,1791.194719471947,HCT116 OsTIRF74G mAC/mCh-POLR2A Clone 1,10 µM 5PhIAA,120,LARP7 pool,pSer2 Pol II (3E10,Goat anti-mouse Alexa647,303,251017_mACmChPOLR2A_7SK,64.00859854318679,0.22881165429528377,164.5592126967625,1.2248800234096373,3115.9582007956806,1.2292769906120304,2.0
152,J16,3258.6405193746973,299.2300089087479,330.8166839144497,635.4689304427654,1542.6676737160121,HCT116 OsTIRF74G mAC/mCh-POLR2A Clone 1,10 µM 5PhIAA,60,LARP7 pool,pSer2 Pol II (3E10,Goat anti-mouse Alexa647,331,251017_mACmChPOLR2A_7SK,103.11668391444971,0.3686113986074851,154.83000890874789,1.152461669138701,3075.0509432492945,1.213138664225633,1.0
153,J17,3722.46762446409,310.2484376436709,394.7214419671116,680.1508363683204,1396.0953346855983,HCT116 OsTIRF74G mAC/mCh-POLR2A Clone 1,10 µM 5PhIAA,30,LARP7 pool,pSer2 Pol II (3E10,Goat anti-mouse Alexa647,493,251017_mACmChPOLR2A_7SK,167.02144196711163,0.5970518541113471,165.8484376436709,1.23447624021981,3538.878048338687,1.396123143209652,0.5
154,J18,3392.701533806768,296.1238590177159,555.6404801611059,610.2175080997366,1524.0284414106939,HCT116 OsTIRF74G mAC/mCh-POLR2A Clone 1,Vehicle,480,LARP7 pool,pSer2 Pol II (3E10,Goat anti-mouse Alexa647,879,251017_mACmChPOLR2A_7SK,327.9404801611059,1.1722894342925647,151.7238590177159,1.1293413534244297,3209.1119576813653,1.2660270888320253,0.0
155,J19,3634.1028668466856,301.701522521302,552.7787577910947,647.7121825325238,1492.2115869017632,HCT116 OsTIRF74G mAC/mCh-POLR2A Clone 1,Vehicle,240,LARP7 pool,pSer2 Pol II (3E10,Goat anti-mouse Alexa647,794,251017_mACmChPOLR2A_7SK,325.0787577910947,1.1620596301018935,157.30152252130202,1.170858133256338,3450.513290721283,1.3612623535840573,0.0
156,J20,3378.0771363419403,289.8654539204323,531.7306096195998,608.0547416229891,1605.5742574257426,HCT116 OsTIRF74G mAC/mCh-POLR2A Clone 1,Vehicle,120,LARP7 pool,pSer2 Pol II (3E10,Goat anti-mouse Alexa647,909,251017_mACmChPOLR2A_7SK,304.03060961959983,1.086818776332496,145.46545392043228,1.08275754169829,3194.4875602165375,1.260257616282462,0.0
157,J21,3575.368473957151,294.78725880562666,543.1837179034834,637.6817805262474,1370.0892086330934,HCT116 OsTIRF74G mAC/mCh-POLR2A Clone 1,Vehicle,60,LARP7 pool,pSer2 Pol II (3E10,Goat anti-mouse Alexa647,695,251017_mACmChPOLR2A_7SK,315.4837179034834,1.1277602234646384,150.38725880562666,1.1193925035712764,3391.7788978317476,1.338091042197969,0.0
158,J22,3688.434766239758,292.2651016969424,540.8217628460072,615.7722786316469,1429.1341653666148,HCT116 OsTIRF74G mAC/mCh-POLR2A Clone 1,Vehicle,30,LARP7 pool,pSer2 Pol II (3E10,Goat anti-mouse Alexa647,641,251017_mACmChPOLR2A_7SK,313.12176284600724,1.1193169384002484,147.8651016969424,1.100619079660816,3504.8451901143553,1.3826968368075796,0.0
159,K03,2840.233256139995,302.9818033339692,261.7444501355088,534.1691046038068,1528.1025950512976,HCT116 OsTIRF74G mAC/mCh-POLR2A Clone 1,10 µM 5PhIAA,480,Scrambled,pSer2 Pol II (3E10,Goat anti-mouse Alexa647,1657,251017_mACmChPOLR2A_7SK,34.04445013550884,0.1216987581726742,158.5818033339692,1.180387775298807,2656.643680014592,1.0480727717280922,8.0
160,K04,2383.2695749804793,285.49223480537216,266.19219868210746,443.61771228962874,1577.2229265715796,HCT116 OsTIRF74G mAC/mCh-POLR2A Clone 1,10 µM 5PhIAA,240,Scrambled,pSer2 Pol II (3E10,Goat anti-mouse Alexa647,1893,251017_mACmChPOLR2A_7SK,38.49219868210747,0.13759813303791255,141.09223480537216,1.0502059230787892,2199.6799988550765,0.8677959828253007,4.0
161,K05,2598.548853139236,281.5316023693012,277.9077255510913,531.9589578057198,1607.5535714285713,HCT116 OsTIRF74G mAC/mCh-POLR2A Clone 1,10 µM 5PhIAA,120,Scrambled,pSer2 Pol II (3E10,Goat anti-mouse Alexa647,2184,251017_mACmChPOLR2A_7SK,50.2077255510913,0.17947764836622263,137.1316023693012,1.0207253520945856,2414.9592770138333,0.9527258330166639,2.0
162,K06,2502.543755204266,273.7131099549698,314.45356752375903,504.08034847195984,1661.9436405178978,HCT116 OsTIRF74G mAC/mCh-POLR2A Clone 1,10 µM 5PhIAA,60,Scrambled,pSer2 Pol II (3E10,Goat anti-mouse Alexa647,2626,251017_mACmChPOLR2A_7SK,86.75356752375905,0.3101181365146732,129.3131099549698,0.962529186625919,2318.9541790788626,0.914850851945744,1.0
163,K07,2642.571855762915,277.9574332038583,366.24966682052764,521.0752511530256,1599.3712418300654,HCT116 OsTIRF74G mAC/mCh-POLR2A Clone 1,10 µM 5PhIAA,30,Scrambled,pSer2 Pol II (3E10,Goat anti-mouse Alexa647,2295,251017_mACmChPOLR2A_7SK,138.54966682052765,0.4952737474149826,133.55743320385827,0.9941213817711189,2458.982279637512,0.9700933523142983,0.5
164,K08,2355.40511527021,266.31815371361034,487.33372421441055,471.1500776191125,1669.2670831706364,HCT116 OsTIRF74G mAC/mCh-POLR2A Clone 1,Vehicle,480,Scrambled,pSer2 Pol II (3E10,Goat anti-mouse Alexa647,2561,251017_mACmChPOLR2A_7SK,259.63372421441056,0.9281131488648752,121.91815371361034,0.9074855702547049,2171.815539144807,0.8568031719561038,0.0
165,K09,2752.6816843113425,278.1389660603832,512.4016085639643,553.4361588387301,1546.5356768100735,HCT116 OsTIRF74G mAC/mCh-POLR2A Clone 1,Vehicle,240,Scrambled,pSer2 Pol II (3E10,Goat anti-mouse Alexa647,1906,251017_mACmChPOLR2A_7SK,284.70160856396427,1.0177233609027823,133.7389660603832,0.9954726034128972,2569.0921081859397,1.013532792111743,0.0
166,K10,2760.947228924843,279.98360147819363,513.4344798370803,531.8436921998357,1584.5616315553564,HCT116 OsTIRF74G mAC/mCh-POLR2A Clone 1,Vehicle,120,Scrambled,pSer2 Pol II (3E10,Goat anti-mouse Alexa647,2231,251017_mACmChPOLR2A_7SK,285.7344798370803,1.0214155677320929,135.58360147819363,1.0092029624534054,2577.35765279944,1.0167936329682277,0.0
167,K11,2788.7327867505114,278.6712793461297,512.2134868833713,523.4585867867582,1579.4145622895624,HCT116 OsTIRF74G mAC/mCh-POLR2A Clone 1,Vehicle,60,Scrambled,pSer2 Pol II (3E10,Goat anti-mouse Alexa647,2376,251017_mACmChPOLR2A_7SK,284.5134868833713,1.017050881987059,134.27127934612972,0.9994348240581062,2605.1432106251086,1.0277553162468072,0.0
168,K12,2619.8752362716987,275.0969431138542,512.4200906900794,508.55914278532896,1595.0017901897602,HCT116 OsTIRF74G mAC/mCh-POLR2A Clone 1,Vehicle,30,Scrambled,pSer2 Pol II (3E10,Goat anti-mouse Alexa647,2793,251017_mACmChPOLR2A_7SK,284.7200906900794,1.017789428992813,130.6969431138542,0.9728296101893983,2436.2856601462954,0.9611393066219959,0.0
169,K13,2842.9287989139025,325.3152910152161,282.1979977643354,627.3587507602435,1380.7970085470085,HCT116 OsTIRF74G mAC/mCh-POLR2A Clone 1,10 µM 5PhIAA,480,HEXIM1 + HEXIM2 pool,pSer2 Pol II (3E10,Goat anti-mouse Alexa647,468,251017_mACmChPOLR2A_7SK,54.49799776433542,0.19481409229456678,180.91529101521607,1.3466248547398336,2659.3392227884997,1.049136190585357,8.0
170,K14,2860.9459060819772,313.38332911860203,282.51271177384115,600.0749722595425,1437.072546230441,HCT116 OsTIRF74G mAC/mCh-POLR2A Clone 1,10 µM 5PhIAA,240,HEXIM1 + HEXIM2 pool,pSer2 Pol II (3E10,Goat anti-mouse Alexa647,703,251017_mACmChPOLR2A_7SK,54.81271177384116,0.19593910104001405,168.98332911860203,1.2578104910361172,2677.356329956574,1.0562441213892584,4.0
171,K15,3013.0314636150183,312.912175145743,289.4399921955598,605.6381850841359,1410.3188073394494,HCT116 OsTIRF74G mAC/mCh-POLR2A Clone 1,10 µM 5PhIAA,120,HEXIM1 + HEXIM2 pool,pSer2 Pol II (3E10,Goat anti-mouse Alexa647,436,251017_mACmChPOLR2A_7SK,61.73999219555981,0.22070206303474266,168.512175145743,1.2543035036128813,2829.4418874896155,1.1162434103502046,2.0
172,K16,2865.297662794959,296.2498644119939,299.6966322155415,573.5836444184818,1373.3966101694916,HCT116 OsTIRF74G mAC/mCh-POLR2A Clone 1,10 µM 5PhIAA,60,HEXIM1 + HEXIM2 pool,pSer2 Pol II (3E10,Goat anti-mouse Alexa647,295,251017_mACmChPOLR2A_7SK,71.99663221554152,0.25736649287536495,151.84986441199388,1.130279261960595,2681.708086669556,1.0579609333781497,1.0
173,K17,3047.535369067098,301.68584541551115,335.2308863847864,600.9794180838678,1250.5741239892184,HCT116 OsTIRF74G mAC/mCh-POLR2A Clone 1,10 µM 5PhIAA,30,HEXIM1 + HEXIM2 pool,pSer2 Pol II (3E10,Goat anti-mouse Alexa647,371,251017_mACmChPOLR2A_7SK,107.53088638478641,0.38439085625254826,157.28584541551115,1.1707414422890354,2863.945792941695,1.1298555496425942,0.5
174,K18,2781.545666298541,284.98993273250414,556.3946308816044,577.4935713235911,1412.8934817170111,HCT116 OsTIRF74G mAC/mCh-POLR2A Clone 1,Vehicle,480,HEXIM1 + HEXIM2 pool,pSer2 Pol II (3E10,Goat anti-mouse Alexa647,629,251017_mACmChPOLR2A_7SK,328.6946308816044,1.1749852982526046,140.58993273250414,1.0464670878918039,2597.9560901731384,1.024919924617321,0.0
175,K19,2967.4774539062646,294.24814052208376,571.4642577613171,612.5610250753215,1221.1174934725848,HCT116 OsTIRF74G mAC/mCh-POLR2A Clone 1,Vehicle,240,HEXIM1 + HEXIM2 pool,pSer2 Pol II (3E10,Goat anti-mouse Alexa647,383,251017_mACmChPOLR2A_7SK,343.7642577613171,1.2288547210245044,149.84814052208375,1.1153796306063124,2783.8878777808613,1.098271893289806,0.0
176,K20,2842.1905469787876,283.70742990836186,521.6377303051509,558.040296798037,1382.357142857143,HCT116 OsTIRF74G mAC/mCh-POLR2A Clone 1,Vehicle,120,HEXIM1 + HEXIM2 pool,pSer2 Pol II (3E10,Goat anti-mouse Alexa647,588,251017_mACmChPOLR2A_7SK,293.93773030515086,1.0507397421854887,139.30742990836185,1.036920906529396,2658.6009708533848,1.048844942738425,0.0
177,K21,2904.2797564652537,283.61848004545664,527.04366220264,566.2621793013127,1161.3082437275987,HCT116 OsTIRF74G mAC/mCh-POLR2A Clone 1,Vehicle,60,HEXIM1 + HEXIM2 pool,pSer2 Pol II (3E10,Goat anti-mouse Alexa647,279,251017_mACmChPOLR2A_7SK,299.34366220264,1.0700643368278409,139.21848004545663,1.036258817130862,2720.6901803398505,1.0733397631655772,0.0
178,K22,2772.0835499664913,278.0090792639488,549.9002888139489,553.1432117109908,1277.08,HCT116 OsTIRF74G mAC/mCh-POLR2A Clone 1,Vehicle,30,HEXIM1 + HEXIM2 pool,pSer2 Pol II (3E10,Goat anti-mouse Alexa647,250,251017_mACmChPOLR2A_7SK,322.20028881394893,1.151769961784066,133.60907926394881,0.9945058040484015,2588.4939738410885,1.0211870241289536,0.0
179,L03,3480.2455580365036,326.547861906974,267.8025087780109,625.0846627968474,1467.1103351955308,HCT116 OsTIRF74G mAC/mCh-POLR2A Clone 1,10 µM 5PhIAA,480,LARP7 pool,pSer2 Pol II (3E10,Goat anti-mouse Alexa647,716,251017_mACmChPOLR2A_7SK,40.10250877801093,0.14335451148327827,182.147861906974,1.3557993727629147,3296.6559819111008,1.3005640908443485,8.0
180,L04,3299.5528091111414,311.6149858100857,271.82615103040916,596.238660256731,1495.3892078071183,HCT116 OsTIRF74G mAC/mCh-POLR2A Clone 1,10 µM 5PhIAA,240,LARP7 pool,pSer2 Pol II (3E10,Goat anti-mouse Alexa647,871,251017_mACmChPOLR2A_7SK,44.126151030409176,0.1577378328028737,167.21498581008572,1.2446480046724817,3115.9632329857386,1.2292789758618485,4.0
181,L05,3287.8390733335073,307.11380018848456,284.99687832984847,634.0983851938566,1449.487714987715,HCT116 OsTIRF74G mAC/mCh-POLR2A Clone 1,10 µM 5PhIAA,120,LARP7 pool,pSer2 Pol II (3E10,Goat anti-mouse Alexa647,814,251017_mACmChPOLR2A_7SK,57.29687832984848,0.20481925577174978,162.71380018848456,1.2111438801740395,3104.249497208104,1.2246577887541785,2.0
182,L06,3095.172537018172,286.18724972792796,322.71137458201525,575.6780694602968,1521.4032258064517,HCT116 OsTIRF74G mAC/mCh-POLR2A Clone 1,10 µM 5PhIAA,60,LARP7 pool,pSer2 Pol II (3E10,Goat anti-mouse Alexa647,1178,251017_mACmChPOLR2A_7SK,95.01137458201526,0.3396373345107992,141.78724972792796,1.055379197067277,2911.582960892769,1.1486488936756503,1.0
183,L07,3492.5894093053494,296.8871810620739,382.33391768999905,618.638203182658,1462.641095890411,HCT116 OsTIRF74G mAC/mCh-POLR2A Clone 1,10 µM 5PhIAA,30,LARP7 pool,pSer2 Pol II (3E10,Goat anti-mouse Alexa647,730,251017_mACmChPOLR2A_7SK,154.63391768999907,0.5527701484189982,152.48718106207392,1.1350230646348816,3308.999833179946,1.305433864879332,0.5
184,L08,3035.4352844656473,286.049501776794,536.9714893629375,592.1588761226053,1539.1594083812654,HCT116 OsTIRF74G mAC/mCh-POLR2A Clone 1,Vehicle,480,LARP7 pool,pSer2 Pol II (3E10,Goat anti-mouse Alexa647,1217,251017_mACmChPOLR2A_7SK,309.27148936293753,1.1055533587374935,141.64950177679398,1.0543538839848638,2851.8457083402445,1.1250819440206625,0.0
185,L09,3311.9421515177723,294.0798260463471,551.3686668517038,640.3732455421289,1431.9776470588235,HCT116 OsTIRF74G mAC/mCh-POLR2A Clone 1,Vehicle,240,LARP7 pool,pSer2 Pol II (3E10,Goat anti-mouse Alexa647,850,251017_mACmChPOLR2A_7SK,323.6686668517038,1.1570189754415492,149.67982604634707,1.1141267986584564,3128.3525753923695,1.2341666966102836,0.0
186,L10,3456.949920029526,293.4027876413627,544.0512395794356,611.5390515973617,1444.8657171922687,HCT116 OsTIRF74G mAC/mCh-POLR2A Clone 1,Vehicle,120,LARP7 pool,pSer2 Pol II (3E10,Goat anti-mouse Alexa647,983,251017_mACmChPOLR2A_7SK,316.35123957943557,1.130861354786514,149.0027876413627,1.1090873310786338,3273.3603439041226,1.2913737262957186,0.0
187,L11,3660.783927759761,302.02495809361784,568.8140789444635,651.0364224709001,1461.3708987161199,HCT116 OsTIRF74G mAC/mCh-POLR2A Clone 1,Vehicle,60,LARP7 pool,pSer2 Pol II (3E10,Goat anti-mouse Alexa647,701,251017_mACmChPOLR2A_7SK,341.11407894446353,1.2193811219602562,157.62495809361783,1.1732655935552623,3477.194351634358,1.3717883016719317,0.0
188,L12,3566.5174403719457,300.3474138008034,569.0103634562745,634.6469570083674,1396.814453125,HCT116 OsTIRF74G mAC/mCh-POLR2A Clone 1,Vehicle,30,LARP7 pool,pSer2 Pol II (3E10,Goat anti-mouse Alexa647,1024,251017_mACmChPOLR2A_7SK,341.3103634562745,1.2200827805636656,155.9474138008034,1.1607789605738583,3382.9278642465424,1.3345992200269756,0.0
189,L13,2759.3046923436136,317.0934339912931,273.34376123669756,557.8468302875472,1566.8635197537199,HCT116 OsTIRF74G mAC/mCh-POLR2A Clone 1,10 µM 5PhIAA,480,Scrambled,pSer2 Pol II (3E10,Goat anti-mouse Alexa647,1949,251017_mACmChPOLR2A_7SK,45.64376123669757,0.1631628367832681,172.69343399129312,1.285426285186082,2575.715116218211,1.016145635692453,8.0
190,L14,2536.1673383736584,298.24516122387564,279.6055931676612,516.851051378753,1629.275957362811,HCT116 OsTIRF74G mAC/mCh-POLR2A Clone 1,10 µM 5PhIAA,240,Scrambled,pSer2 Pol II (3E10,Goat anti-mouse Alexa647,2533,251017_mACmChPOLR2A_7SK,51.90559316766121,0.18554701884087274,153.84516122387564,1.1451310540030772,2352.5777622482556,0.9281156952037537,4.0
191,L15,2731.2985609908174,293.86587839245465,286.4298385656704,546.1604754620457,1629.888044579534,HCT116 OsTIRF74G mAC/mCh-POLR2A Clone 1,10 µM 5PhIAA,120,Scrambled,pSer2 Pol II (3E10,Goat anti-mouse Alexa647,1974,251017_mACmChPOLR2A_7SK,58.729838565670434,0.20994166134787814,149.46587839245464,1.1125343007179669,2547.708984865414,1.0050969339289761,2.0
192,L16,2540.5389611902096,281.86095947046783,325.1290654475144,517.9860110752577,1578.5045146726861,HCT116 OsTIRF74G mAC/mCh-POLR2A Clone 1,10 µM 5PhIAA,60,Scrambled,pSer2 Pol II (3E10,Goat anti-mouse Alexa647,2658,251017_mACmChPOLR2A_7SK,97.4290654475144,0.34827985847007964,137.46095947046783,1.023176888700625,2356.949385064807,0.9298403445712096,1.0
193,L17,2853.303464912674,289.25615546997494,381.0237864961157,569.7462549889948,1500.3434252146408,HCT116 OsTIRF74G mAC/mCh-POLR2A Clone 1,10 µM 5PhIAA,30,Scrambled,pSer2 Pol II (3E10,Goat anti-mouse Alexa647,2213,251017_mACmChPOLR2A_7SK,153.3237864961157,0.5480868200437635,144.85615546997494,1.0782222896876055,2669.7138887872707,1.0532291011366979,0.5
194,L18,2487.34801298678,275.2904858560418,517.4692111921702,514.025435145266,1640.0238841033672,HCT116 OsTIRF74G mAC/mCh-POLR2A Clone 1,Vehicle,480,Scrambled,pSer2 Pol II (3E10,Goat anti-mouse Alexa647,2554,251017_mACmChPOLR2A_7SK,289.7692111921702,1.035838529287364,130.8904858560418,0.9742702262126312,2303.758436861377,0.9088559781189844,0.0
195,L19,2634.7643136228526,275.9385581014707,500.88575041241,546.4849854505233,1546.6400733608436,HCT116 OsTIRF74G mAC/mCh-POLR2A Clone 1,Vehicle,240,Scrambled,pSer2 Pol II (3E10,Goat anti-mouse Alexa647,2181,251017_mACmChPOLR2A_7SK,273.18575041241,0.9765576017038968,131.53855810147067,0.9790940870840052,2451.1747374974493,0.967013198060765,0.0
196,L20,2475.6520958866918,269.07455422031825,493.87477119947346,493.1853661083744,1635.2637362637363,HCT116 OsTIRF74G mAC/mCh-POLR2A Clone 1,Vehicle,120,Scrambled,pSer2 Pol II (3E10,Goat anti-mouse Alexa647,2275,251017_mACmChPOLR2A_7SK,266.17477119947347,0.9514954414871017,124.67455422031824,0.928002561445008,2292.062519761289,0.9042418206596281,0.0
197,L21,2819.7785573844067,277.3379014380655,506.0596177758912,550.0990461300975,1521.8455114822548,HCT116 OsTIRF74G mAC/mCh-POLR2A Clone 1,Vehicle,60,Scrambled,pSer2 Pol II (3E10,Goat anti-mouse Alexa647,1916,251017_mACmChPOLR2A_7SK,278.3596177758912,0.9950526348320439,132.9379014380655,0.9895099591023339,2636.1889812590034,1.0400031864160284,0.0
198,L22,2788.278276271701,271.2464839987764,499.7004388597909,532.1126145163374,1544.8402088772846,HCT116 OsTIRF74G mAC/mCh-POLR2A Clone 1,Vehicle,30,Scrambled,pSer2 Pol II (3E10,Goat anti-mouse Alexa647,1915,251017_mACmChPOLR2A_7SK,272.0004388597909,0.9723204663286065,126.84648399877639,0.9441691032890324,2604.6887001462983,1.0275760072710156,0.0
21,D04,3046.939675744018,369.7998065716493,289.8520115050581,994.8626927986202,1200.1552346570397,HCT116 OsTIRF74G mAC/mCh-POLR2A Clone 1,10 µM 5PhIAA,480,HEXIM1 + HEXIM2 pool,pSer2 Pol II (3E10,Goat anti-mouse Alexa647,277,251103_mACmChPOLR2A_7SK,53.05201150505809,0.1690749956083285,217.3998065716493,1.2583116400512093,2867.049166663136,1.1650111106899936,8.0
22,D05,3174.247781824711,384.87867922741583,282.48516901144274,1114.1627654512845,1427.3042291950887,HCT116 OsTIRF74G mAC/mCh-POLR2A Clone 1,10 µM 5PhIAA,480,LARP7 pool,pSer2 Pol II (3E10,Goat anti-mouse Alexa647,1466,251103_mACmChPOLR2A_7SK,45.685169011442724,0.1455971136785074,232.47867922741582,1.3455882631578062,2994.357272743829,1.2167421238129834,8.0
23,D06,2428.4031819309926,363.61395944525697,279.86500845345904,976.0262484889556,1488.8574040219378,HCT116 OsTIRF74G mAC/mCh-POLR2A Clone 1,10 µM 5PhIAA,480,Scrambled,pSer2 Pol II (3E10,Goat anti-mouse Alexa647,2735,251103_mACmChPOLR2A_7SK,43.06500845345903,0.13724674915383764,211.21395944525696,1.2225079125067164,2248.5126728501104,0.9136718954305315,8.0
24,D07,2755.895761414862,323.83864456936595,550.9889228546388,993.8802539330143,1438.1357012750454,HCT116 OsTIRF74G mAC/mCh-POLR2A Clone 1,Vehicle,480,HEXIM1 + HEXIM2 pool,pSer2 Pol II (3E10,Goat anti-mouse Alexa647,1098,251103_mACmChPOLR2A_7SK,314.18892285463875,1.001309643966446,171.43864456936595,0.9922881046590926,2576.00525233398,1.0467468695898645,0.0
25,D08,3015.7395244385725,342.34421497420044,580.985960140036,1114.746482237336,1450.428749222153,HCT116 OsTIRF74G mAC/mCh-POLR2A Clone 1,Vehicle,480,LARP7 pool,pSer2 Pol II (3E10,Goat anti-mouse Alexa647,1607,251103_mACmChPOLR2A_7SK,344.185960140036,1.096909203783473,189.94421497420043,1.09939847892024,2835.8490153576904,1.1523330850221052,0.0
26,D09,2555.533079129964,318.7604418400547,547.2725346009914,952.6746706490143,1473.6784836784836,HCT116 OsTIRF74G mAC/mCh-POLR2A Clone 1,Vehicle,480,Scrambled,pSer2 Pol II (3E10,Goat anti-mouse Alexa647,2849,251103_mACmChPOLR2A_7SK,310.4725346009914,0.9894656382475608,166.36044184005468,0.9628954308310861,2375.6425700490818,0.9653304942644175,0.0
27,D10,2899.0488371485853,368.6463760484811,287.7005247122943,1039.804667743818,1225.1863857374392,HCT116 OsTIRF74G mAC/mCh-POLR2A Clone 1,10 µM 5PhIAA,480,HEXIM1 + HEXIM2 pool,pSer2 Pol II (3E10,Goat anti-mouse Alexa647,617,251103_mACmChPOLR2A_7SK,50.90052471229427,0.16221827878048048,216.2463760484811,1.2516355759084634,2719.158328067703,1.1049164070008106,8.0
28,D11,2779.5630439911574,374.7703889506263,284.42690967173263,1048.2029478649606,1453.7466611018365,HCT116 OsTIRF74G mAC/mCh-POLR2A Clone 1,10 µM 5PhIAA,480,LARP7 pool,pSer2 Pol II (3E10,Goat anti-mouse Alexa647,2396,251103_mACmChPOLR2A_7SK,47.62690967173262,0.1517853765604855,222.37038895062628,1.2870814065194183,2599.6725349102753,1.056363951669177,8.0
29,D12,2685.778506962845,369.6853823493859,284.01690591058514,1041.0802484313947,1467.0145539906102,HCT116 OsTIRF74G mAC/mCh-POLR2A Clone 1,10 µM 5PhIAA,480,Scrambled,pSer2 Pol II (3E10,Goat anti-mouse Alexa647,2130,251103_mACmChPOLR2A_7SK,47.216905910585126,0.15047870821467166,217.2853823493859,1.2576493518318757,2505.8879978819627,1.0182550734122806,8.0
30,D13,2807.979004717509,325.87347356071894,539.8316949031145,1073.7287356366737,1413.5890493381469,HCT116 OsTIRF74G mAC/mCh-POLR2A Clone 1,Vehicle,480,HEXIM1 + HEXIM2 pool,pSer2 Pol II (3E10,Goat anti-mouse Alexa647,1662,251103_mACmChPOLR2A_7SK,303.03169490311444,0.9657519296896698,173.47347356071893,1.0040657094587973,2628.0884956366267,1.067910635399634,0.0
31,D14,3334.484604310472,353.085486721593,602.5255980672707,1191.190662942815,1356.09705248023,HCT116 OsTIRF74G mAC/mCh-POLR2A Clone 1,Vehicle,480,LARP7 pool,pSer2 Pol II (3E10,Goat anti-mouse Alexa647,1391,251103_mACmChPOLR2A_7SK,365.7255980672707,1.1655553132265613,200.68548672159298,1.161569036851453,3154.59409522959,1.2818535563995546,0.0
32,D15,2582.317000957436,324.7446431491402,545.8918509413618,946.0615551184627,1465.8150398784655,HCT116 OsTIRF74G mAC/mCh-POLR2A Clone 1,Vehicle,480,Scrambled,pSer2 Pol II (3E10,Goat anti-mouse Alexa647,2633,251103_mACmChPOLR2A_7SK,309.09185094136177,0.9850654453601315,172.34464314914018,0.9975320309384108,2402.426491876554,0.976214007138797,0.0
33,D16,2888.7049785221416,369.2527013499803,286.77083758188274,1019.3728721339935,1295.825819672131,HCT116 OsTIRF74G mAC/mCh-POLR2A Clone 1,10 µM 5PhIAA,480,HEXIM1 + HEXIM2 pool,pSer2 Pol II (3E10,Goat anti-mouse Alexa647,488,251103_mACmChPOLR2A_7SK,49.97083758188273,0.15925539682686285,216.85270134998032,1.255144991103286,2708.8144694412595,1.1007132317056905,8.0
34,D17,2969.973779982743,379.61447784782587,281.35861489041747,1076.1309816435444,1428.5321864594894,HCT116 OsTIRF74G mAC/mCh-POLR2A Clone 1,10 µM 5PhIAA,480,LARP7 pool,pSer2 Pol II (3E10,Goat anti-mouse Alexa647,1802,251103_mACmChPOLR2A_7SK,44.55861489041746,0.1420068231756349,227.21447784782586,1.3151190278076423,2790.083270901861,1.133736403318842,8.0
35,D18,2720.6068011775014,368.2924926967816,278.62402198508244,1061.6929590691425,1431.9922965816081,HCT116 OsTIRF74G mAC/mCh-POLR2A Clone 1,10 µM 5PhIAA,480,Scrambled,pSer2 Pol II (3E10,Goat anti-mouse Alexa647,2077,251103_mACmChPOLR2A_7SK,41.824021985082425,0.1332917665671592,215.8924926967816,1.2495872965300865,2540.7162920966193,1.032407376832204,8.0
36,D19,2823.4669521089395,332.65279222191964,561.4824184459023,1067.228167611435,1362.0053022269353,HCT116 OsTIRF74G mAC/mCh-POLR2A Clone 1,Vehicle,480,HEXIM1 + HEXIM2 pool,pSer2 Pol II (3E10,Goat anti-mouse Alexa647,943,251103_mACmChPOLR2A_7SK,324.68241844590233,1.0347520652936704,180.25279222191963,1.0433044545042938,2643.5764430280574,1.074204085474576,0.0
37,D20,3357.0838990832917,351.85383719774717,599.5112986551355,1215.385348416208,1376.1369047619048,HCT116 OsTIRF74G mAC/mCh-POLR2A Clone 1,Vehicle,480,LARP7 pool,pSer2 Pol II (3E10,Goat anti-mouse Alexa647,1344,251103_mACmChPOLR2A_7SK,362.7112986551355,1.155948841286843,199.45383719774716,1.154440240571646,3177.1933900024096,1.2910366669685078,0.0
38,D21,2918.6759646603714,328.3674657890927,553.7183557847565,1011.2502061147368,1437.0454545454545,HCT116 OsTIRF74G mAC/mCh-POLR2A Clone 1,Vehicle,480,Scrambled,pSer2 Pol II (3E10,Goat anti-mouse Alexa647,2354,251103_mACmChPOLR2A_7SK,316.91835578475644,1.010008255905578,175.9674657890927,1.0185009543683905,2738.7854555794893,1.1128917922463915,0.0
41,E04,2982.770869767337,365.7498146816929,287.7459121747397,1085.506065628424,1376.5969827586207,HCT116 OsTIRF74G mAC/mCh-POLR2A Clone 1,10 µM 5PhIAA,240,HEXIM1 + HEXIM2 pool,pSer2 Pol II (3E10,Goat anti-mouse Alexa647,464,251103_mACmChPOLR2A_7SK,50.9459121747397,0.1623629271132379,213.3498146816929,1.234870257937718,2802.880360686455,1.1389364368435204,4.0
42,E05,3316.327398391465,388.7306375295799,288.5892656087325,1241.9516950003526,1396.1275831087153,HCT116 OsTIRF74G mAC/mCh-POLR2A Clone 1,10 µM 5PhIAA,240,LARP7 pool,pSer2 Pol II (3E10,Goat anti-mouse Alexa647,1113,251103_mACmChPOLR2A_7SK,51.78926560873248,0.16505066644872007,236.3306375295799,1.3678834254444734,3136.436889310583,1.2744754664523392,4.0
43,E06,2642.172513145687,357.10542726209155,280.7891146050133,1047.360215382841,1412.7648822269807,HCT116 OsTIRF74G mAC/mCh-POLR2A Clone 1,10 µM 5PhIAA,240,Scrambled,pSer2 Pol II (3E10,Goat anti-mouse Alexa647,2335,251103_mACmChPOLR2A_7SK,43.9891146050133,0.14019184471351817,204.70542726209155,1.1848364815386956,2462.282004064805,1.0005359955951414,4.0
44,E07,3184.7199666356005,350.04409794152406,605.2652472721866,1018.4767016268336,1194.427652733119,HCT116 OsTIRF74G mAC/mCh-POLR2A Clone 1,Vehicle,240,HEXIM1 + HEXIM2 pool,pSer2 Pol II (3E10,Goat anti-mouse Alexa647,311,251103_mACmChPOLR2A_7SK,368.46524727218656,1.1742864840935763,197.64409794152405,1.1439654567736548,3004.8294575547184,1.2209974438122857,0.0
45,E08,3113.7112699344875,347.20363018038523,583.4437475467116,1166.4815969135768,1372.0957960027567,HCT116 OsTIRF74G mAC/mCh-POLR2A Clone 1,Vehicle,240,LARP7 pool,pSer2 Pol II (3E10,Goat anti-mouse Alexa647,1451,251103_mACmChPOLR2A_7SK,346.6437475467116,1.1047420904771332,194.80363018038523,1.1275248089948204,2933.8207608536054,1.1921434145286882,0.0
46,E09,2771.700420679674,335.7708018191182,558.5655659722261,1083.6893683266605,1440.8974495217853,HCT116 OsTIRF74G mAC/mCh-POLR2A Clone 1,Vehicle,240,Scrambled,pSer2 Pol II (3E10,Goat anti-mouse Alexa647,1882,251103_mACmChPOLR2A_7SK,321.76556597222606,1.0254561535047282,183.3708018191182,1.061351516421312,2591.809911598792,1.0531690139528804,0.0
47,E10,2916.346913441436,364.7454193366691,287.45890889652935,1044.2133020255628,1261.1465116279069,HCT116 OsTIRF74G mAC/mCh-POLR2A Clone 1,10 µM 5PhIAA,240,HEXIM1 + HEXIM2 pool,pSer2 Pol II (3E10,Goat anti-mouse Alexa647,430,251103_mACmChPOLR2A_7SK,50.65890889652934,0.1614482572142772,212.3454193366691,1.2290568104752422,2736.4564043605537,1.1119453939149726,4.0
48,E11,3519.320539296935,389.982104284623,288.8824984186753,1246.9232946514994,1301.7223476297968,HCT116 OsTIRF74G mAC/mCh-POLR2A Clone 1,10 µM 5PhIAA,240,LARP7 pool,pSer2 Pol II (3E10,Goat anti-mouse Alexa647,886,251103_mACmChPOLR2A_7SK,52.0824984186753,0.16598518965805348,237.582104284623,1.3751269240006179,3339.4300302160527,1.3569607155016166,4.0
49,E12,2623.9835877491055,357.32853438443914,285.13240165129656,1079.3652243529575,1429.9885426214482,HCT116 OsTIRF74G mAC/mCh-POLR2A Clone 1,10 µM 5PhIAA,240,Scrambled,pSer2 Pol II (3E10,Goat anti-mouse Alexa647,2182,251103_mACmChPOLR2A_7SK,48.33240165129655,0.15403375602739997,204.92853438443913,1.186127827163402,2444.0930786682234,0.9931450165966225,4.0
50,E13,3111.973301983465,348.5294666401717,606.5983970288348,1006.649822382632,1199.1594827586207,HCT116 OsTIRF74G mAC/mCh-POLR2A Clone 1,Vehicle,240,HEXIM1 + HEXIM2 pool,pSer2 Pol II (3E10,Goat anti-mouse Alexa647,232,251103_mACmChPOLR2A_7SK,369.7983970288348,1.1785351880136727,196.12946664017167,1.1351987599355438,2932.0827929025827,1.191437199931287,0.0
51,E14,3430.0105142512257,355.3253334391264,604.5113394525571,1181.5358100116075,1326.981887511916,HCT116 OsTIRF74G mAC/mCh-POLR2A Clone 1,Vehicle,240,LARP7 pool,pSer2 Pol II (3E10,Goat anti-mouse Alexa647,1049,251103_mACmChPOLR2A_7SK,367.71133945255707,1.171883804955184,202.92533343912638,1.174533285721076,3250.1200051703436,1.3206700328429197,0.0
52,E15,2838.991728437644,337.76671288093263,558.5546658462065,1088.596086327392,1410.679192372406,HCT116 OsTIRF74G mAC/mCh-POLR2A Clone 1,Vehicle,240,Scrambled,pSer2 Pol II (3E10,Goat anti-mouse Alexa647,1783,251103_mACmChPOLR2A_7SK,321.7546658462065,1.0254214151657548,185.36671288093262,1.0729038639656523,2659.1012193567617,1.0805125008042538,0.0
53,E16,2817.8959191637946,357.8475293597273,290.0494034859261,981.4916607889355,1329.4398907103825,HCT116 OsTIRF74G mAC/mCh-POLR2A Clone 1,10 µM 5PhIAA,240,HEXIM1 + HEXIM2 pool,pSer2 Pol II (3E10,Goat anti-mouse Alexa647,366,251103_mACmChPOLR2A_7SK,53.24940348592611,0.1697040772840572,205.44752935972727,1.1891317738036116,2638.0054100829125,1.071940324059327,4.0
54,E17,3474.984717685107,379.9161351874305,285.3076408030975,1185.2631453853414,1378.0674157303372,HCT116 OsTIRF74G mAC/mCh-POLR2A Clone 1,10 µM 5PhIAA,240,LARP7 pool,pSer2 Pol II (3E10,Goat anti-mouse Alexa647,801,251103_mACmChPOLR2A_7SK,48.5076408030975,0.154592237373924,227.51613518743048,1.3168650226533474,3295.094208604225,1.3389450758049088,4.0
55,E18,2762.871717163651,357.292590595256,280.7774358958352,1068.4898750546301,1438.5014560279558,HCT116 OsTIRF74G mAC/mCh-POLR2A Clone 1,10 µM 5PhIAA,240,Scrambled,pSer2 Pol II (3E10,Goat anti-mouse Alexa647,1717,251103_mACmChPOLR2A_7SK,43.977435895835185,0.1401546250559221,204.892590595256,1.1859197842537512,2582.9812080827687,1.049581514370121,4.0
56,E19,3024.286472774861,342.33030860986946,601.3196172730127,1001.9178786165501,1215.197628458498,HCT116 OsTIRF74G mAC/mCh-POLR2A Clone 1,Vehicle,240,HEXIM1 + HEXIM2 pool,pSer2 Pol II (3E10,Goat anti-mouse Alexa647,253,251103_mACmChPOLR2A_7SK,364.51961727301267,1.161711892558648,189.93030860986946,1.0993179887837288,2844.395963693979,1.1558060947946787,0.0
57,E20,3449.319374739682,353.1490093760648,608.1352423779819,1205.3924295764398,1363.7335092348285,HCT116 OsTIRF74G mAC/mCh-POLR2A Clone 1,Vehicle,240,LARP7 pool,pSer2 Pol II (3E10,Goat anti-mouse Alexa647,1137,251103_mACmChPOLR2A_7SK,371.33524237798184,1.183433063010042,200.74900937606478,1.1619367064312438,3269.4288656588,1.3285160918730117,0.0
58,E21,2805.0624673158995,337.261961370749,556.7643545185771,1078.5239594492077,1406.915135608049,HCT116 OsTIRF74G mAC/mCh-POLR2A Clone 1,Vehicle,240,Scrambled,pSer2 Pol II (3E10,Goat anti-mouse Alexa647,2286,251103_mACmChPOLR2A_7SK,319.96435451857707,1.0197157525288607,184.86196137074901,1.0699823586036494,2625.1719582350174,1.0667255149918202,0.0
61,F04,2988.3487124207227,358.5885670162952,298.34946169117427,998.4790265470315,1215.505300353357,HCT116 OsTIRF74G mAC/mCh-POLR2A Clone 1,10 µM 5PhIAA,120,HEXIM1 + HEXIM2 pool,pSer2 Pol II (3E10,Goat anti-mouse Alexa647,283,251103_mACmChPOLR2A_7SK,61.54946169117426,0.19615608663845094,206.1885670162952,1.193420905075991,2808.4582033398406,1.141202965349705,2.0
62,F05,2798.6908109644023,353.8067889789285,307.2603846650414,1101.2511099943808,1415.8133874239352,HCT116 OsTIRF74G mAC/mCh-POLR2A Clone 1,10 µM 5PhIAA,120,LARP7 pool,pSer2 Pol II (3E10,Goat anti-mouse Alexa647,1972,251103_mACmChPOLR2A_7SK,70.46038466504137,0.22455490168675676,201.40678897892852,1.1657439394914946,2618.80030188352,1.0641364242537523,2.0
63,F06,2456.6929649975973,340.26541649364754,290.1446430049766,998.5122707953482,1429.4667662434654,HCT116 OsTIRF74G mAC/mCh-POLR2A Clone 1,10 µM 5PhIAA,120,Scrambled,pSer2 Pol II (3E10,Goat anti-mouse Alexa647,2678,251103_mACmChPOLR2A_7SK,53.344643004976604,0.17000760246262026,187.86541649364753,1.0873663784016114,2276.802455916715,0.9251673074990879,2.0
64,F07,3014.811155155358,344.46895020857653,557.3829137117827,991.7602197648831,1218.5720620842571,HCT116 OsTIRF74G mAC/mCh-POLR2A Clone 1,Vehicle,120,HEXIM1 + HEXIM2 pool,pSer2 Pol II (3E10,Goat anti-mouse Alexa647,451,251103_mACmChPOLR2A_7SK,320.58291371178274,1.0216870800979345,192.06895020857652,1.1116964616995448,2834.920646074476,1.1519558468001925,0.0
65,F08,3332.0575450693646,348.257709079703,593.4536347709884,1169.6958533828263,1360.3783783783783,HCT116 OsTIRF74G mAC/mCh-POLR2A Clone 1,Vehicle,120,LARP7 pool,pSer2 Pol II (3E10,Goat anti-mouse Alexa647,1110,251103_mACmChPOLR2A_7SK,356.6536347709884,1.1366432680285838,195.85770907970297,1.1336258252259768,3152.1670359884824,1.2808673329977829,0.0
66,F09,2754.435287309897,335.6260325465138,546.9756473979756,1055.6252460643534,1395.8066211245402,HCT116 OsTIRF74G mAC/mCh-POLR2A Clone 1,Vehicle,120,Scrambled,pSer2 Pol II (3E10,Goat anti-mouse Alexa647,1903,251103_mACmChPOLR2A_7SK,310.17564739797564,0.9885194686090868,183.22603254651378,1.0605135908329106,2574.544778229015,1.0461534132309909,0.0
67,F10,2882.8083914940457,357.1600315477058,291.69642183209123,1020.5091772754001,1281.3298969072166,HCT116 OsTIRF74G mAC/mCh-POLR2A Clone 1,10 µM 5PhIAA,120,HEXIM1 + HEXIM2 pool,pSer2 Pol II (3E10,Goat anti-mouse Alexa647,388,251103_mACmChPOLR2A_7SK,54.89642183209122,0.17495306995643028,204.76003154770578,1.185152531535559,2702.9178824131636,1.0983171830146674,2.0
68,F11,3267.5853791448903,363.4116268439395,298.3064291298062,1223.550442185391,1322.8646101113968,HCT116 OsTIRF74G mAC/mCh-POLR2A Clone 1,10 µM 5PhIAA,120,LARP7 pool,pSer2 Pol II (3E10,Goat anti-mouse Alexa647,1167,251103_mACmChPOLR2A_7SK,61.50642912980618,0.1960189432970787,211.01162684393947,1.2213368099587676,3087.6948700640082,1.2546693903515183,2.0
69,F12,2618.3516891142103,348.05479058753275,294.3473646350524,1050.2997964707445,1400.3154506437768,HCT116 OsTIRF74G mAC/mCh-POLR2A Clone 1,10 µM 5PhIAA,120,Scrambled,pSer2 Pol II (3E10,Goat anti-mouse Alexa647,2330,251103_mACmChPOLR2A_7SK,57.54736463505236,0.1834015364717075,195.65479058753274,1.1324513315375693,2438.461180033328,0.9908565227123096,2.0
70,F13,2828.7711916440344,340.26174110017723,550.9823638801274,1055.52203454256,1349.8948824343015,HCT116 OsTIRF74G mAC/mCh-POLR2A Clone 1,Vehicle,120,HEXIM1 + HEXIM2 pool,pSer2 Pol II (3E10,Goat anti-mouse Alexa647,723,251103_mACmChPOLR2A_7SK,314.1823638801274,1.0012887407328976,187.86174110017723,1.0873451051978382,2648.8806825631523,1.0763594367200306,0.0
71,F14,3199.916076948386,351.76810428760587,584.5498006329798,1118.8697796088713,1383.0291197882198,HCT116 OsTIRF74G mAC/mCh-POLR2A Clone 1,Vehicle,120,LARP7 pool,pSer2 Pol II (3E10,Goat anti-mouse Alexa647,1511,251103_mACmChPOLR2A_7SK,347.74980063297977,1.1082670448643113,199.36810428760586,1.153944017872705,3020.025567867504,1.2271723073477692,0.0
72,F15,2711.6948920845653,335.8344055843195,551.2004088880466,1032.4419637483627,1445.8436802143815,HCT116 OsTIRF74G mAC/mCh-POLR2A Clone 1,Vehicle,120,Scrambled,pSer2 Pol II (3E10,Goat anti-mouse Alexa647,2239,251103_mACmChPOLR2A_7SK,314.40040888804657,1.001983642918705,183.43440558431948,1.061719655470587,2531.804383003683,1.0287860670787987,0.0
73,F16,2892.496851592253,358.4794940622612,291.58144271329166,1024.2308590301707,1251.2592592592594,HCT116 OsTIRF74G mAC/mCh-POLR2A Clone 1,10 µM 5PhIAA,120,HEXIM1 + HEXIM2 pool,pSer2 Pol II (3E10,Goat anti-mouse Alexa647,378,251103_mACmChPOLR2A_7SK,54.78144271329165,0.17458663533021007,206.0794940622612,1.1927895900355587,2712.6063425113707,1.102254040390931,2.0
74,F17,2900.0988552126737,355.4336351724362,293.368436987814,1139.133877198669,1374.2651738361815,HCT116 OsTIRF74G mAC/mCh-POLR2A Clone 1,10 µM 5PhIAA,120,LARP7 pool,pSer2 Pol II (3E10,Goat anti-mouse Alexa647,1697,251103_mACmChPOLR2A_7SK,56.56843698781398,0.18028172662921133,203.0336351724362,1.175160136930424,2720.2083461317916,1.1053430765973116,2.0
75,F18,2775.2422295342576,352.0545622687329,289.8868601324136,1104.9618886443636,1407.9442148760331,HCT116 OsTIRF74G mAC/mCh-POLR2A Clone 1,10 µM 5PhIAA,120,Scrambled,pSer2 Pol II (3E10,Goat anti-mouse Alexa647,1936,251103_mACmChPOLR2A_7SK,53.08686013241356,0.16918605702428482,199.65456226873292,1.1556020387225026,2595.3517204533755,1.0546082102929741,2.0
76,F19,2904.0107925573466,342.47364569092787,558.852700399019,1039.0381150014725,1245.9860279441118,HCT116 OsTIRF74G mAC/mCh-POLR2A Clone 1,Vehicle,120,HEXIM1 + HEXIM2 pool,pSer2 Pol II (3E10,Goat anti-mouse Alexa647,501,251103_mACmChPOLR2A_7SK,322.052700399019,1.0263712413698582,190.07364569092786,1.1001476248371873,2724.1202834764645,1.1069326728009132,0.0
77,F20,3159.003966543335,347.623118170326,571.4110014716612,1157.868224601944,1281.7135771853689,HCT116 OsTIRF74G mAC/mCh-POLR2A Clone 1,Vehicle,120,LARP7 pool,pSer2 Pol II (3E10,Goat anti-mouse Alexa647,1613,251103_mACmChPOLR2A_7SK,334.61100147166115,1.0663941290694623,195.223118170326,1.129952808489982,2979.113457462453,1.2105478756017543,0.0
78,F21,2794.4986351108832,337.40593369454535,545.1342627001056,1056.2662745692721,1425.5664572257128,HCT116 OsTIRF74G mAC/mCh-POLR2A Clone 1,Vehicle,120,Scrambled,pSer2 Pol II (3E10,Goat anti-mouse Alexa647,2069,251103_mACmChPOLR2A_7SK,308.3342627001056,0.9826510368404642,185.00593369454535,1.0708156714466324,2614.608126030001,1.062432954531606,0.0
81,G04,2922.6677985450083,344.82184299984687,303.6393125313835,1005.319416036006,1245.2142857142858,HCT116 OsTIRF74G mAC/mCh-POLR2A Clone 1,10 µM 5PhIAA,60,HEXIM1 + HEXIM2 pool,pSer2 Pol II (3E10,Goat anti-mouse Alexa647,476,251103_mACmChPOLR2A_7SK,66.83931253138348,0.2130146652710786,192.42184299984686,1.1137390077070515,2742.777289464126,1.1145138540100004,1.0
82,G05,2729.415116562467,333.92943745370593,330.3779940568543,1036.1186437259269,1444.9168944778567,HCT116 OsTIRF74G mAC/mCh-POLR2A Clone 1,10 µM 5PhIAA,60,LARP7 pool,pSer2 Pol II (3E10,Goat anti-mouse Alexa647,1829,251103_mACmChPOLR2A_7SK,93.57799405685427,0.2982299536878136,181.52943745370592,1.050693686264457,2549.524607481585,1.0359865917997275,1.0
83,G06,2403.919403467459,322.0284976042418,323.8244570156634,908.9028481495511,1517.1647180192572,HCT116 OsTIRF74G mAC/mCh-POLR2A Clone 1,10 µM 5PhIAA,60,Scrambled,pSer2 Pol II (3E10,Goat anti-mouse Alexa647,2908,251103_mACmChPOLR2A_7SK,87.02445701566342,0.27734404917592304,169.6284976042418,0.9818109610390572,2224.0288943865767,0.9037230343250601,1.0
84,G07,2727.654896418541,326.09037284383163,529.9774038596025,987.7784688050639,1389.5498007968129,HCT116 OsTIRF74G mAC/mCh-POLR2A Clone 1,Vehicle,60,HEXIM1 + HEXIM2 pool,pSer2 Pol II (3E10,Goat anti-mouse Alexa647,1004,251103_mACmChPOLR2A_7SK,293.1774038596025,0.9343466319895795,173.69037284383163,1.0053211240654774,2547.7643873376587,1.0352713351348684,0.0
85,G08,2960.9994081345585,343.9452166663755,456.01169881725014,1011.1499828813668,1411.7754569190602,HCT116 OsTIRF74G mAC/mCh-POLR2A Clone 1,Vehicle,60,LARP7 pool,pSer2 Pol II (3E10,Goat anti-mouse Alexa647,1532,251103_mACmChPOLR2A_7SK,219.21169881725012,0.6986203908835221,191.54521666637547,1.108665088200049,2781.1088990536764,1.1300897121367837,0.0
86,G09,2547.670359108563,319.7132819519251,531.7525225493043,945.4747161821587,1456.2032988108938,HCT116 OsTIRF74G mAC/mCh-POLR2A Clone 1,Vehicle,60,Scrambled,pSer2 Pol II (3E10,Goat anti-mouse Alexa647,2607,251103_mACmChPOLR2A_7SK,294.9525225493043,0.9400038761948625,167.31328195192512,0.9684104762342158,2367.779850027681,0.9621355172505291,0.0
87,G10,2852.1103675283007,341.32212503387956,301.1211316450355,1070.1864584515474,1257.6337662337662,HCT116 OsTIRF74G mAC/mCh-POLR2A Clone 1,10 µM 5PhIAA,60,HEXIM1 + HEXIM2 pool,pSer2 Pol II (3E10,Goat anti-mouse Alexa647,770,251103_mACmChPOLR2A_7SK,64.3211316450355,0.20498930656701383,188.92212503387955,1.0934826150132446,2672.2198584474186,1.085843194283618,1.0
88,G11,2928.4617435380405,338.57230104020715,335.59611144469295,1027.3071087843887,1419.246192893401,HCT116 OsTIRF74G mAC/mCh-POLR2A Clone 1,10 µM 5PhIAA,60,LARP7 pool,pSer2 Pol II (3E10,Goat anti-mouse Alexa647,1576,251103_mACmChPOLR2A_7SK,98.79611144469294,0.31485992019433234,186.17230104020715,1.0775666140107794,2748.5712344571584,1.1168681946226748,1.0
89,G12,2661.461579762237,330.8449979991654,328.3740650422381,982.9389705610275,1426.3019031141869,HCT116 OsTIRF74G mAC/mCh-POLR2A Clone 1,10 µM 5PhIAA,60,Scrambled,pSer2 Pol II (3E10,Goat anti-mouse Alexa647,2312,251103_mACmChPOLR2A_7SK,91.57406504223809,0.29184349858962505,178.4449979991654,1.032840928573974,2481.5710706813547,1.0083740114842357,1.0
90,G13,3031.4595194273406,340.97709319817363,552.816939656069,979.0732475036233,1249.4878048780488,HCT116 OsTIRF74G mAC/mCh-POLR2A Clone 1,Vehicle,60,HEXIM1 + HEXIM2 pool,pSer2 Pol II (3E10,Goat anti-mouse Alexa647,574,251103_mACmChPOLR2A_7SK,316.01693965606904,1.0071354726938695,188.57709319817363,1.0914855682729387,2851.5690103464585,1.1587208264793685,0.0
91,G14,3145.5783487963745,334.6984306128774,569.7370686397238,1068.0305211277532,1436.9590163934427,HCT116 OsTIRF74G mAC/mCh-POLR2A Clone 1,Vehicle,60,LARP7 pool,pSer2 Pol II (3E10,Goat anti-mouse Alexa647,1708,251103_mACmChPOLR2A_7SK,332.9370686397238,1.061059360826387,182.2984306128774,1.055144624186457,2965.6878397154924,1.2050924428784675,0.0
92,G15,2565.281420889056,322.8384120319336,541.1091564366094,907.6267551077132,1440.8386970172685,HCT116 OsTIRF74G mAC/mCh-POLR2A Clone 1,Vehicle,60,Scrambled,pSer2 Pol II (3E10,Goat anti-mouse Alexa647,2548,251103_mACmChPOLR2A_7SK,304.3091564366094,0.9698231570953427,170.4384120319336,0.9864987515568199,2385.3909118081738,0.9692916842545297,0.0
93,G16,2882.0170598670875,338.7477682789745,303.3601792670179,982.8202701043489,1336.2102564102563,HCT116 OsTIRF74G mAC/mCh-POLR2A Clone 1,10 µM 5PhIAA,60,HEXIM1 + HEXIM2 pool,pSer2 Pol II (3E10,Goat anti-mouse Alexa647,780,251103_mACmChPOLR2A_7SK,66.56017926701787,0.2121250768444031,186.34776827897448,1.0785822196475572,2702.1265507862054,1.0979956293600017,1.0
94,G17,2789.6027995238373,335.10749191201035,331.30715698504997,1001.588998900081,1389.9830072090629,HCT116 OsTIRF74G mAC/mCh-POLR2A Clone 1,10 µM 5PhIAA,60,LARP7 pool,pSer2 Pol II (3E10,Goat anti-mouse Alexa647,1942,251103_mACmChPOLR2A_7SK,94.50715698504996,0.30119116502640964,182.70749191201034,1.0575122739204221,2609.7122904429552,1.0604435561908518,1.0
95,G18,2675.118964069738,333.1368248370364,321.3365618942883,990.5039810320883,1417.0132196162047,HCT116 OsTIRF74G mAC/mCh-POLR2A Clone 1,10 µM 5PhIAA,60,Scrambled,pSer2 Pol II (3E10,Goat anti-mouse Alexa647,2345,251103_mACmChPOLR2A_7SK,84.5365618942883,0.26941521019720915,180.73682483703638,1.0461060387530134,2495.228454988856,1.0139236213919445,1.0
96,G19,2704.5888681429706,330.2085900930241,543.5978660228079,986.9985423741914,1285.276048714479,HCT116 OsTIRF74G mAC/mCh-POLR2A Clone 1,Vehicle,60,HEXIM1 + HEXIM2 pool,pSer2 Pol II (3E10,Goat anti-mouse Alexa647,739,251103_mACmChPOLR2A_7SK,306.7978660228079,0.9777545917463513,177.8085900930241,1.029157395047672,2524.6983590620885,1.0258985697379623,0.0
97,G20,3011.2034256060983,330.8676912642781,554.9020310524567,1051.672974886137,1399.4856608478804,HCT116 OsTIRF74G mAC/mCh-POLR2A Clone 1,Vehicle,60,LARP7 pool,pSer2 Pol II (3E10,Goat anti-mouse Alexa647,1604,251103_mACmChPOLR2A_7SK,318.10203105245665,1.0137805896024639,178.4676912642781,1.0329722773552465,2831.312916525216,1.1504898639150285,0.0
98,G21,2540.3770927041974,320.145967488493,535.6316350104246,911.747722624746,1469.1905594405594,HCT116 OsTIRF74G mAC/mCh-POLR2A Clone 1,Vehicle,60,Scrambled,pSer2 Pol II (3E10,Goat anti-mouse Alexa647,2288,251103_mACmChPOLR2A_7SK,298.8316350104246,0.9523664785490745,167.745967488493,0.9709148632239334,2360.4865836233153,0.9591719348700438,0.0
101,H04,2984.8662176171215,343.5565167183684,347.52717512122484,1042.6385123240102,1281.8713318284424,HCT116 OsTIRF74G mAC/mCh-POLR2A Clone 1,10 µM 5PhIAA,30,HEXIM1 + HEXIM2 pool,pSer2 Pol II (3E10,Goat anti-mouse Alexa647,443,251103_mACmChPOLR2A_7SK,110.72717512122483,0.35288382318093237,191.1565167183684,1.1064152901124715,2804.9757085362394,1.1397878709780107,0.5
102,H05,2691.4760117934306,330.8697050803627,416.4187838039466,980.7996149678953,1424.4338385907415,HCT116 OsTIRF74G mAC/mCh-POLR2A Clone 1,10 µM 5PhIAA,30,LARP7 pool,pSer2 Pol II (3E10,Goat anti-mouse Alexa647,2441,251103_mACmChPOLR2A_7SK,179.6187838039466,0.5724390880057418,178.46970508036267,1.032983933337191,2511.5855027125485,1.0205702260465719,0.5
103,H06,2556.609807587812,324.19410500061423,399.0527735281068,942.1714357663786,1467.3655118723239,HCT116 OsTIRF74G mAC/mCh-POLR2A Clone 1,10 µM 5PhIAA,30,Scrambled,pSer2 Pol II (3E10,Goat anti-mouse Alexa647,2569,251103_mACmChPOLR2A_7SK,162.2527735281068,0.5170941910296515,171.79410500061422,0.9943455121852116,2376.71929850693,0.9657680174960297,0.5
104,H07,3193.9006123054296,337.06847491255394,569.4547418228786,969.8796083355152,1262.746506986028,HCT116 OsTIRF74G mAC/mCh-POLR2A Clone 1,Vehicle,30,HEXIM1 + HEXIM2 pool,pSer2 Pol II (3E10,Goat anti-mouse Alexa647,501,251103_mACmChPOLR2A_7SK,332.65474182287863,1.0601595946542097,184.66847491255393,1.068862457595555,3014.0101032245475,1.224727953331628,0.0
105,H08,3292.767054314975,339.6807425291618,587.0387382365533,1099.4320119279428,1354.9706115965053,HCT116 OsTIRF74G mAC/mCh-POLR2A Clone 1,Vehicle,30,LARP7 pool,pSer2 Pol II (3E10,Goat anti-mouse Alexa647,1259,251103_mACmChPOLR2A_7SK,350.2387382365533,1.1161992061991075,187.2807425291618,1.0839822813007485,3112.876545234093,1.2649018382983666,0.0
106,H09,2682.706358288425,323.2394680900226,544.4990864322734,939.9617540336822,1439.1255850234008,HCT116 OsTIRF74G mAC/mCh-POLR2A Clone 1,Vehicle,30,Scrambled,pSer2 Pol II (3E10,Goat anti-mouse Alexa647,2564,251103_mACmChPOLR2A_7SK,307.6990864322734,0.9806267512074113,170.83946809002262,0.9888200668981936,2502.8158492075427,1.0170067211408906,0.0
107,H10,2918.3699497083962,336.7723008455083,343.62171976339954,986.5071751929614,1271.4422788605698,HCT116 OsTIRF74G mAC/mCh-POLR2A Clone 1,10 µM 5PhIAA,30,HEXIM1 + HEXIM2 pool,pSer2 Pol II (3E10,Goat anti-mouse Alexa647,667,251103_mACmChPOLR2A_7SK,106.82171976339953,0.34043726689135834,184.3723008455083,1.0671481999707582,2738.479440627514,1.11276744459891,0.5
108,H11,3297.9809001862163,345.00324026691897,420.7342343318956,1155.0266812246591,1319.5679389312977,HCT116 OsTIRF74G mAC/mCh-POLR2A Clone 1,10 µM 5PhIAA,30,LARP7 pool,pSer2 Pol II (3E10,Goat anti-mouse Alexa647,1310,251103_mACmChPOLR2A_7SK,183.9342343318956,0.5861922852618228,192.60324026691896,1.114788936390199,3118.090391105334,1.2670204585299445,0.5
109,H12,2636.005538647495,323.45812644656814,393.6748396026374,940.3556079125533,1448.512623020967,HCT116 OsTIRF74G mAC/mCh-POLR2A Clone 1,10 µM 5PhIAA,30,Scrambled,pSer2 Pol II (3E10,Goat anti-mouse Alexa647,2337,251103_mACmChPOLR2A_7SK,156.8748396026374,0.4999548945348536,171.05812644656814,0.9900856630345224,2456.115029566613,0.9980300763059731,0.5
110,H13,3204.255426218989,337.75557306193724,560.267552207125,975.1641944799597,1217.7300275482094,HCT116 OsTIRF74G mAC/mCh-POLR2A Clone 1,Vehicle,30,HEXIM1 + HEXIM2 pool,pSer2 Pol II (3E10,Goat anti-mouse Alexa647,363,251103_mACmChPOLR2A_7SK,323.46755220712504,1.030880327009696,185.35557306193724,1.0728393866133907,3024.364917138107,1.2289355802529565,0.0
111,H14,3149.8180927259486,338.2104453493222,575.723068720748,1087.6817788456417,1397.7765263781862,HCT116 OsTIRF74G mAC/mCh-POLR2A Clone 1,Vehicle,30,LARP7 pool,pSer2 Pol II (3E10,Goat anti-mouse Alexa647,1687,251103_mACmChPOLR2A_7SK,338.92306872074795,1.080136543928372,185.81044534932218,1.075472190676004,2969.9275836450665,1.2068152416507618,0.0
112,H15,2642.1216792498703,324.65668104990306,556.8867120526293,926.5563096019506,1436.4960422163588,HCT116 OsTIRF74G mAC/mCh-POLR2A Clone 1,Vehicle,30,Scrambled,pSer2 Pol II (3E10,Goat anti-mouse Alexa647,2274,251103_mACmChPOLR2A_7SK,320.08671205262925,1.0201057019190085,172.25668104990305,0.997022905676991,2462.2311701689882,1.0005153394954434,0.0
113,H16,2946.850000554161,341.6044005571654,342.1736366923269,1022.4099688195167,1243.0243553008595,HCT116 OsTIRF74G mAC/mCh-POLR2A Clone 1,10 µM 5PhIAA,30,HEXIM1 + HEXIM2 pool,pSer2 Pol II (3E10,Goat anti-mouse Alexa647,698,251103_mACmChPOLR2A_7SK,105.3736366923269,0.33582227432206135,189.20440055716537,1.0951164277670522,2766.959491473279,1.1243401710293215,0.5
114,H17,3354.6221132379524,347.7234103164398,408.7552383342479,1079.085599847923,1327.8685540950455,HCT116 OsTIRF74G mAC/mCh-POLR2A Clone 1,10 µM 5PhIAA,30,LARP7 pool,pSer2 Pol II (3E10,Goat anti-mouse Alexa647,989,251103_mACmChPOLR2A_7SK,171.9552383342479,0.5480156235625511,195.3234103164398,1.130533300151179,3174.7316041570703,1.290036332584533,0.5
115,H18,2647.1941198072,327.15157156935516,389.1076823273833,942.366616218592,1407.428634751773,HCT116 OsTIRF74G mAC/mCh-POLR2A Clone 1,10 µM 5PhIAA,30,Scrambled,pSer2 Pol II (3E10,Goat anti-mouse Alexa647,2256,251103_mACmChPOLR2A_7SK,152.3076823273833,0.48539951624947963,174.75157156935515,1.01146334990179,2467.303610726318,1.0025765003838985,0.5
116,H19,3110.6756376634316,344.2968079508587,552.0311828101268,957.3477168836906,1159.2131147540983,HCT116 OsTIRF74G mAC/mCh-POLR2A Clone 1,Vehicle,30,HEXIM1 + HEXIM2 pool,pSer2 Pol II (3E10,Goat anti-mouse Alexa647,305,251103_mACmChPOLR2A_7SK,315.23118281012677,1.0046312917682465,191.8968079508587,1.1107001010769348,2930.7851285825495,1.1909099005154404,0.0
117,H20,3188.039434968102,335.45526565316635,563.4045861281351,1043.8558268770448,1404.3930158730159,HCT116 OsTIRF74G mAC/mCh-POLR2A Clone 1,Vehicle,30,LARP7 pool,pSer2 Pol II (3E10,Goat anti-mouse Alexa647,1575,251103_mACmChPOLR2A_7SK,326.60458612813505,1.0408779497457799,183.05526565316634,1.0595251908291432,3008.14892588722,1.2223462931916107,0.0
118,H21,2842.839847427363,326.40438799177844,538.533823608692,969.8875730213666,1456.9261363636363,HCT116 OsTIRF74G mAC/mCh-POLR2A Clone 1,Vehicle,30,Scrambled,pSer2 Pol II (3E10,Goat anti-mouse Alexa647,1936,251103_mACmChPOLR2A_7SK,301.73382360869203,0.9616156570549608,174.00438799177843,1.007138645994521,2662.949338346481,1.0820761647380321,0.0
121,I04,2945.9533022780897,343.2545966907314,616.2898317683445,1108.2124924772222,1350.496442687747,HCT116 OsTIRF74G mAC/mCh-POLR2A Clone 1,Vehicle,480,LARP7 pool,pSer2 Pol II (3E10,Goat anti-mouse Alexa647,1265,251103_mACmChPOLR2A_7SK,379.48983176834446,1.2094214680911919,190.85459669073137,1.1046677748265503,2766.0627931972076,1.123975802162995,0.0
122,I05,2400.6413456988626,318.07032595870584,548.8817306095501,929.3171406003995,1503.90408975751,HCT116 OsTIRF74G mAC/mCh-POLR2A Clone 1,Vehicle,480,Scrambled,pSer2 Pol II (3E10,Goat anti-mouse Alexa647,2763,251103_mACmChPOLR2A_7SK,312.0817306095501,0.9945940923883442,165.67032595870583,0.9589010351589848,2220.7508366179804,0.9023910119215716,0.0
123,I06,2530.619038074018,329.4952090160883,487.4234300441089,988.4442922995572,1426.2253258845437,HCT116 OsTIRF74G mAC/mCh-POLR2A Clone 1,Vehicle,480,HEXIM1 + HEXIM2 pool,pSer2 Pol II (3E10,Goat anti-mouse Alexa647,1074,251103_mACmChPOLR2A_7SK,250.6234300441089,0.7987285332246431,177.09520901608832,1.0250283402566103,2350.728528993136,0.9552067981032719,0.0
124,I07,2808.394746642307,378.25747265748004,284.7781014164134,1105.0843599096029,1381.8243992606285,HCT116 OsTIRF74G mAC/mCh-POLR2A Clone 1,10 µM 5PhIAA,480,LARP7 pool,pSer2 Pol II (3E10,Goat anti-mouse Alexa647,1623,251103_mACmChPOLR2A_7SK,47.97810141641338,0.15290461296651545,225.85747265748003,1.3072646720308385,2628.504237561425,1.0680795700545402,8.0
125,I08,2297.3130423487855,352.33071000921313,280.24520906191015,959.0257541448426,1445.1407265774378,HCT116 OsTIRF74G mAC/mCh-POLR2A Clone 1,10 µM 5PhIAA,480,Scrambled,pSer2 Pol II (3E10,Goat anti-mouse Alexa647,2615,251103_mACmChPOLR2A_7SK,43.445209061910134,0.13845843584356898,199.93071000921313,1.157200383825471,2117.4225332679034,0.8604040718818615,8.0
126,I09,2525.844753793206,351.62977281585046,281.5996245751397,942.2268924324325,1432.2118644067796,HCT116 OsTIRF74G mAC/mCh-POLR2A Clone 1,10 µM 5PhIAA,480,HEXIM1 + HEXIM2 pool,pSer2 Pol II (3E10,Goat anti-mouse Alexa647,944,251103_mACmChPOLR2A_7SK,44.79962457513972,0.14277491302237136,199.22977281585045,1.1531433543218021,2345.954244712324,0.9532667915287728,8.0
127,I10,3041.3312666330216,346.34949117826545,611.5372063442726,1113.9560318717538,1365.2238193018482,HCT116 OsTIRF74G mAC/mCh-POLR2A Clone 1,Vehicle,480,LARP7 pool,pSer2 Pol II (3E10,Goat anti-mouse Alexa647,974,251103_mACmChPOLR2A_7SK,374.7372063442726,1.1942750089861236,193.94949117826545,1.122581046323004,2861.4407575521395,1.1627321616564092,0.0
128,I11,2348.2211848841625,313.7424877886364,541.9959932755633,881.5757881932709,1500.4868204283362,HCT116 OsTIRF74G mAC/mCh-POLR2A Clone 1,Vehicle,480,Scrambled,pSer2 Pol II (3E10,Goat anti-mouse Alexa647,2428,251103_mACmChPOLR2A_7SK,305.19599327556324,0.9726494765957284,161.34248778863642,0.9338514767829451,2168.3306758032804,0.8810903413633616,0.0
129,I12,2637.9440150262935,324.3450659533253,575.619562726853,967.1182370325772,1379.1736596736596,HCT116 OsTIRF74G mAC/mCh-POLR2A Clone 1,Vehicle,480,HEXIM1 + HEXIM2 pool,pSer2 Pol II (3E10,Goat anti-mouse Alexa647,858,251103_mACmChPOLR2A_7SK,338.819562726853,1.0798066737695082,171.94506595332527,0.9952192752624889,2458.0535059454114,0.9988177665016521,0.0
130,I13,2995.871832592674,378.98151347546894,282.8300586071615,1068.1729983257214,1411.559930008749,HCT116 OsTIRF74G mAC/mCh-POLR2A Clone 1,10 µM 5PhIAA,480,LARP7 pool,pSer2 Pol II (3E10,Goat anti-mouse Alexa647,1143,251103_mACmChPOLR2A_7SK,46.03005860716149,0.1466962653454701,226.58151347546894,1.3114554254795883,2815.9813235117917,1.1442599476607478,8.0
131,I14,2218.7181887938823,348.48205667847157,280.0341456950339,886.1743765207536,1520.377762893503,HCT116 OsTIRF74G mAC/mCh-POLR2A Clone 1,10 µM 5PhIAA,480,Scrambled,pSer2 Pol II (3E10,Goat anti-mouse Alexa647,2986,251103_mACmChPOLR2A_7SK,43.234145695033874,0.13778578391548366,196.08205667847156,1.134924350737107,2038.8276797130002,0.828467445646364,8.0
132,I15,2594.1037273219245,365.51663369480406,289.05535140749356,969.6243762835754,1313.3004201680671,HCT116 OsTIRF74G mAC/mCh-POLR2A Clone 1,10 µM 5PhIAA,480,HEXIM1 + HEXIM2 pool,pSer2 Pol II (3E10,Goat anti-mouse Alexa647,476,251103_mACmChPOLR2A_7SK,52.25535140749355,0.1665360663825401,213.11663369480405,1.2335206047127776,2414.2132182410423,0.9810034845335198,8.0
133,I16,2829.541874106914,327.5022496741974,582.6680093517425,982.4738577552341,1419.3139293139293,HCT116 OsTIRF74G mAC/mCh-POLR2A Clone 1,Vehicle,480,LARP7 pool,pSer2 Pol II (3E10,Goat anti-mouse Alexa647,1443,251103_mACmChPOLR2A_7SK,345.8680093517425,1.1022698386588379,175.1022496741974,1.0134930772883628,2649.6513650260317,1.0766725996899957,0.0
134,I17,2456.66619803712,321.0626263758295,544.7701111478602,952.4418262986134,1478.101195559351,HCT116 OsTIRF74G mAC/mCh-POLR2A Clone 1,Vehicle,480,Scrambled,pSer2 Pol II (3E10,Goat anti-mouse Alexa647,2342,251103_mACmChPOLR2A_7SK,307.9701111478602,0.9814904979589029,168.6626263758295,0.9762204914398985,2276.775688956238,0.9251564308783735,0.0
135,I18,2357.926076638943,324.6416500851197,480.47944445867455,948.1260714604965,1417.0659777424482,HCT116 OsTIRF74G mAC/mCh-POLR2A Clone 1,Vehicle,480,HEXIM1 + HEXIM2 pool,pSer2 Pol II (3E10,Goat anti-mouse Alexa647,1258,251103_mACmChPOLR2A_7SK,243.67944445867454,0.7765982821926031,172.2416500851197,0.9969359063449935,2178.035567558061,0.8850338756612133,0.0
136,I19,2586.345577221164,365.8109511210673,279.5411835079198,997.6096463649214,1396.8399189463019,HCT116 OsTIRF74G mAC/mCh-POLR2A Clone 1,10 µM 5PhIAA,480,LARP7 pool,pSer2 Pol II (3E10,Goat anti-mouse Alexa647,1974,251103_mACmChPOLR2A_7SK,42.7411835079198,0.1362147298261691,213.4109511210673,1.2352241160874067,2406.455068140282,0.9778509989846563,8.0
137,I20,2476.0047929216535,359.87035063111017,281.3498103296965,914.8846688391498,1401.1809145129225,HCT116 OsTIRF74G mAC/mCh-POLR2A Clone 1,10 µM 5PhIAA,480,Scrambled,pSer2 Pol II (3E10,Goat anti-mouse Alexa647,2012,251103_mACmChPOLR2A_7SK,44.54981032969647,0.1419787633335478,207.47035063111016,1.2008398778339868,2296.1142838407713,0.9330145723318163,8.0
138,I21,2729.2152684489865,366.50755126337987,290.50062143924515,1025.4397484712886,1257.6262376237623,HCT116 OsTIRF74G mAC/mCh-POLR2A Clone 1,10 µM 5PhIAA,480,HEXIM1 + HEXIM2 pool,pSer2 Pol II (3E10,Goat anti-mouse Alexa647,404,251103_mACmChPOLR2A_7SK,53.70062143924514,0.17114209388911167,214.10755126337986,1.2392560427084836,2549.3247593681044,1.035905384516866,8.0
141,J04,2895.202391551392,342.4708941771054,602.4139538676435,1118.1325645145732,1328.1040609137056,HCT116 OsTIRF74G mAC/mCh-POLR2A Clone 1,Vehicle,240,LARP7 pool,pSer2 Pol II (3E10,Goat anti-mouse Alexa647,1576,251103_mACmChPOLR2A_7SK,365.6139538676435,1.1651995068767893,190.07089417710537,1.1001316990554435,2715.3118824705098,1.1033534230417283,0.0
142,J05,2633.5841753634,329.9438891222507,574.2400554693968,995.9957298660619,1447.2282768777613,HCT116 OsTIRF74G mAC/mCh-POLR2A Clone 1,Vehicle,240,Scrambled,pSer2 Pol II (3E10,Goat anti-mouse Alexa647,2037,251103_mACmChPOLR2A_7SK,337.4400554693968,1.0754102300366664,177.5438891222507,1.027625303929885,2453.693666282518,0.9970461674278875,0.0
143,J06,2823.0069230560075,333.3526352627276,582.3693092114966,996.1584967918826,1291.5479256080114,HCT116 OsTIRF74G mAC/mCh-POLR2A Clone 1,Vehicle,240,HEXIM1 + HEXIM2 pool,pSer2 Pol II (3E10,Goat anti-mouse Alexa647,699,251103_mACmChPOLR2A_7SK,345.56930921149655,1.1013178912497281,180.95263526272757,1.0473551510451264,2643.1164139751254,1.0740171549663247,0.0
144,J07,2766.0613162379664,356.72485136813214,288.0610400158448,1045.5603451669133,1431.6728579988016,HCT116 OsTIRF74G mAC/mCh-POLR2A Clone 1,10 µM 5PhIAA,240,LARP7 pool,pSer2 Pol II (3E10,Goat anti-mouse Alexa647,1669,251103_mACmChPOLR2A_7SK,51.2610400158448,0.16336722905843043,204.32485136813213,1.1826337055342275,2586.1708071570843,1.0508775920249556,4.0
145,J08,2355.15266967947,344.7687660423058,284.5226269269365,980.9024943869206,1463.4951578947368,HCT116 OsTIRF74G mAC/mCh-POLR2A Clone 1,10 µM 5PhIAA,240,Scrambled,pSer2 Pol II (3E10,Goat anti-mouse Alexa647,2375,251103_mACmChPOLR2A_7SK,47.72262692693647,0.15209042426827485,192.3687660423058,1.1134317978960326,2175.262160598588,0.8839069155937612,4.0
146,J09,2604.6506348243897,348.1047945847903,285.15138241644286,1010.1192204305353,1313.814266487214,HCT116 OsTIRF74G mAC/mCh-POLR2A Clone 1,10 µM 5PhIAA,240,HEXIM1 + HEXIM2 pool,pSer2 Pol II (3E10,Goat anti-mouse Alexa647,743,251103_mACmChPOLR2A_7SK,48.351382416442846,0.15409424709442476,195.70479458479028,1.1327407550324218,2424.7601257435076,0.9852891677253753,4.0
147,J10,2824.530274745716,329.43425780398,566.7314776452904,1031.9106112922188,1417.7020547945206,HCT116 OsTIRF74G mAC/mCh-POLR2A Clone 1,Vehicle,240,LARP7 pool,pSer2 Pol II (3E10,Goat anti-mouse Alexa647,1460,251103_mACmChPOLR2A_7SK,329.9314776452904,1.0514806423241525,177.03425780398,1.0246755542036667,2644.6397656648337,1.074636161317745,0.0
148,J11,2387.9122691403677,321.7496129911222,550.9979102659601,940.9181574886301,1456.2401764234162,HCT116 OsTIRF74G mAC/mCh-POLR2A Clone 1,Vehicle,240,Scrambled,pSer2 Pol II (3E10,Goat anti-mouse Alexa647,2494,251103_mACmChPOLR2A_7SK,314.19791026596005,1.0013382865473128,169.3496129911222,0.9801967748976177,2208.0217600594856,0.8972186152316572,0.0
149,J12,2640.787287343247,329.99345029688084,567.2393142256968,968.3699499208706,1374.0,HCT116 OsTIRF74G mAC/mCh-POLR2A Clone 1,Vehicle,240,HEXIM1 + HEXIM2 pool,pSer2 Pol II (3E10,Goat anti-mouse Alexa647,583,251103_mACmChPOLR2A_7SK,330.4393142256968,1.0530991006100137,177.59345029688083,1.0279121643641935,2460.896778262365,0.9999731160082054,0.0
150,J13,2859.705174137233,355.4917415246962,288.13670090530326,1025.4980689279937,1344.7572335920959,HCT116 OsTIRF74G mAC/mCh-POLR2A Clone 1,10 µM 5PhIAA,240,LARP7 pool,pSer2 Pol II (3E10,Goat anti-mouse Alexa647,1417,251103_mACmChPOLR2A_7SK,51.336700905303246,0.1636083577958712,203.09174152469618,1.1754964569141566,2679.814665056351,1.0889293060203225,4.0
151,J14,2527.429083552005,346.15934667031235,282.4690296318939,970.2200829992655,1413.0532060027285,HCT116 OsTIRF74G mAC/mCh-POLR2A Clone 1,10 µM 5PhIAA,240,Scrambled,pSer2 Pol II (3E10,Goat anti-mouse Alexa647,2199,251103_mACmChPOLR2A_7SK,45.66902963189386,0.14554567801284776,193.75934667031234,1.121480488546885,2347.538574471123,0.9539105760140406,4.0
152,J15,2576.53650285903,352.7867717634084,284.2501991494636,939.7191765329011,1364.11875,HCT116 OsTIRF74G mAC/mCh-POLR2A Clone 1,10 µM 5PhIAA,240,HEXIM1 + HEXIM2 pool,pSer2 Pol II (3E10,Goat anti-mouse Alexa647,640,251103_mACmChPOLR2A_7SK,47.45019914946357,0.15122220600523265,200.3867717634084,1.1598400725305156,2396.645993778148,0.9738651306045996,4.0
153,J16,2981.3682114368235,340.9726709983548,585.5191535118017,1094.5421922069484,1337.9014539579969,HCT116 OsTIRF74G mAC/mCh-POLR2A Clone 1,Vehicle,240,LARP7 pool,pSer2 Pol II (3E10,Goat anti-mouse Alexa647,1238,251103_mACmChPOLR2A_7SK,348.7191535118017,1.11135634023842,188.57267099835477,1.0914599725486627,2801.4777023559413,1.1383664736358603,0.0
154,J17,2438.807548558992,317.9781043964986,548.9669550108212,941.9548895554592,1483.0408584399504,HCT116 OsTIRF74G mAC/mCh-POLR2A Clone 1,Vehicle,240,Scrambled,pSer2 Pol II (3E10,Goat anti-mouse Alexa647,2423,251103_mACmChPOLR2A_7SK,312.16695501082114,0.9948656997197505,165.57810439649862,0.9583672560953369,2258.91703947811,0.917899657849904,0.0
155,J18,2792.4720222736673,332.73384916303195,577.3756445282074,972.4163157277243,1225.6470588235295,HCT116 OsTIRF74G mAC/mCh-POLR2A Clone 1,Vehicle,240,HEXIM1 + HEXIM2 pool,pSer2 Pol II (3E10,Goat anti-mouse Alexa647,323,251103_mACmChPOLR2A_7SK,340.5756445282074,1.0854032480449918,180.33384916303194,1.04377361266095,2612.581513192785,1.0616094505262068,0.0
156,J19,2749.9054740239776,358.75050845205857,287.1553764662562,1030.0557653818578,1356.464324917673,HCT116 OsTIRF74G mAC/mCh-POLR2A Clone 1,10 µM 5PhIAA,240,LARP7 pool,pSer2 Pol II (3E10,Goat anti-mouse Alexa647,1822,251103_mACmChPOLR2A_7SK,50.35537646625619,0.16048090945762286,206.35050845205856,1.1943582232679486,2570.0149649430955,1.0443127462243664,4.0
157,J20,2357.623935681496,346.1924658970995,282.1664679180604,960.4923862390618,1424.0016187778228,HCT116 OsTIRF74G mAC/mCh-POLR2A Clone 1,10 µM 5PhIAA,240,Scrambled,pSer2 Pol II (3E10,Goat anti-mouse Alexa647,2471,251103_mACmChPOLR2A_7SK,45.36646791806038,0.14458142389719056,193.7924658970995,1.1216721828691247,2177.7334266006137,0.8849111021920613,4.0
158,J21,2774.880959355627,360.42255790684334,290.6118534791369,1059.1807105230378,1302.2007233273057,HCT116 OsTIRF74G mAC/mCh-POLR2A Clone 1,10 µM 5PhIAA,240,HEXIM1 + HEXIM2 pool,pSer2 Pol II (3E10,Goat anti-mouse Alexa647,553,251103_mACmChPOLR2A_7SK,53.811853479136914,0.1714965866995193,208.02255790684333,1.2040360575074356,2594.990450274745,1.0544614099600884,4.0
161,K04,3410.065212830557,345.6210155830067,616.572257541202,1127.679300964038,1295.8690591658583,HCT116 OsTIRF74G mAC/mCh-POLR2A Clone 1,Vehicle,120,LARP7 pool,pSer2 Pol II (3E10,Goat anti-mouse Alexa647,1031,251103_mACmChPOLR2A_7SK,379.772257541202,1.2103215496328885,193.22101558300668,1.1183646243516017,3230.174703749675,1.3125653592184405,0.0
162,K05,2669.6597402449443,324.28906965431537,569.2032394284782,962.1228026077907,1432.1075883575884,HCT116 OsTIRF74G mAC/mCh-POLR2A Clone 1,Vehicle,120,Scrambled,pSer2 Pol II (3E10,Goat anti-mouse Alexa647,1924,251103_mACmChPOLR2A_7SK,332.40323942847823,1.059358064890825,171.88906965431536,0.9948951682821051,2489.769231164062,1.01170529305437,0.0
163,K06,2801.8489568989835,329.495573864398,544.8997751051611,1002.921310177925,1273.132587859425,HCT116 OsTIRF74G mAC/mCh-POLR2A Clone 1,Vehicle,120,HEXIM1 + HEXIM2 pool,pSer2 Pol II (3E10,Goat anti-mouse Alexa647,626,251103_mACmChPOLR2A_7SK,308.0997751051611,0.9819037326768572,177.095573864398,1.025030452001244,2621.9584478181014,1.0654197210823344,0.0
164,K07,2805.924696090376,344.0796416961206,298.4555121971044,1042.96137973939,1388.4588644264195,HCT116 OsTIRF74G mAC/mCh-POLR2A Clone 1,10 µM 5PhIAA,120,LARP7 pool,pSer2 Pol II (3E10,Goat anti-mouse Alexa647,1726,251103_mACmChPOLR2A_7SK,61.65551219710437,0.19649406607251418,191.67964169612057,1.1094431412365715,2626.034187009494,1.0670758773483162,2.0
165,K08,2596.0630722044407,335.5082905561999,296.05184364915533,990.7897743718253,1357.5396825396826,HCT116 OsTIRF74G mAC/mCh-POLR2A Clone 1,10 µM 5PhIAA,120,Scrambled,pSer2 Pol II (3E10,Goat anti-mouse Alexa647,2016,251103_mACmChPOLR2A_7SK,59.25184364915532,0.18883365438106273,183.10829055619988,1.059832099348299,2416.1725631235586,0.9817996545414662,2.0
166,K09,2451.554559244526,321.1056465930769,286.8991968005362,925.3324434043111,1436.621273166801,HCT116 OsTIRF74G mAC/mCh-POLR2A Clone 1,10 µM 5PhIAA,120,HEXIM1 + HEXIM2 pool,pSer2 Pol II (3E10,Goat anti-mouse Alexa647,1241,251103_mACmChPOLR2A_7SK,50.09919680053616,0.1596644733861569,168.70564659307692,0.9764694927659514,2271.664050163644,0.9230793419827767,2.0
167,K10,3448.9649243340746,342.3650850558893,604.0494854945463,1075.9879087760103,1313.6659412404788,HCT116 OsTIRF74G mAC/mCh-POLR2A Clone 1,Vehicle,120,LARP7 pool,pSer2 Pol II (3E10,Goat anti-mouse Alexa647,919,251103_mACmChPOLR2A_7SK,367.24948549454626,1.1704118917570405,189.96508505588932,1.099519275102776,3269.0744152531925,1.3283720627208357,0.0
168,K11,2644.0776591700555,321.008547710841,559.552361829843,944.1362879514663,1388.0549553781118,HCT116 OsTIRF74G mAC/mCh-POLR2A Clone 1,Vehicle,120,Scrambled,pSer2 Pol II (3E10,Goat anti-mouse Alexa647,2129,251103_mACmChPOLR2A_7SK,322.752361829843,1.028601039071923,168.608547710841,0.9759074837389878,2464.1871500891734,1.0013101421677513,0.0
169,K12,2852.6925404410517,323.33226136465913,557.6576685123571,852.1127442950431,1321.1753246753246,HCT116 OsTIRF74G mAC/mCh-POLR2A Clone 1,Vehicle,120,HEXIM1 + HEXIM2 pool,pSer2 Pol II (3E10,Goat anti-mouse Alexa647,154,251103_mACmChPOLR2A_7SK,320.85766851235707,1.02256271450618,170.93226136465913,0.9893571550374837,2672.8020313601696,1.0860797573393144,0.0
170,K13,2818.69999023495,341.8048487792509,300.332179597092,1029.6979940000783,1378.69332566168,HCT116 OsTIRF74G mAC/mCh-POLR2A Clone 1,10 µM 5PhIAA,120,LARP7 pool,pSer2 Pol II (3E10,Goat anti-mouse Alexa647,1738,251103_mACmChPOLR2A_7SK,63.53217959709201,0.20247494263891827,189.4048487792509,1.096276623514488,2638.8094811540677,1.0722670543235209,2.0
171,K14,2718.779568262784,332.46457417032985,290.9957947433539,990.3519898107651,1399.3234978540772,HCT116 OsTIRF74G mAC/mCh-POLR2A Clone 1,10 µM 5PhIAA,120,Scrambled,pSer2 Pol II (3E10,Goat anti-mouse Alexa647,1864,251103_mACmChPOLR2A_7SK,54.19579474335387,0.17272019473472358,180.06457417032985,1.042215047071426,2538.8890591819018,1.0316648898625989,2.0
172,K15,2753.034287228952,345.2961201126317,293.91487193590604,928.6906572721325,1281.2356321839081,HCT116 OsTIRF74G mAC/mCh-POLR2A Clone 1,10 µM 5PhIAA,120,HEXIM1 + HEXIM2 pool,pSer2 Pol II (3E10,Goat anti-mouse Alexa647,348,251103_mACmChPOLR2A_7SK,57.114871935906024,0.1820231966287059,192.89612011263168,1.1164841270382884,2573.14377814807,1.0455841238447616,2.0
173,K16,3106.950480508531,336.46118370536743,594.9381710354896,1063.6055036321673,1384.167731629393,HCT116 OsTIRF74G mAC/mCh-POLR2A Clone 1,Vehicle,120,LARP7 pool,pSer2 Pol II (3E10,Goat anti-mouse Alexa647,1252,251103_mACmChPOLR2A_7SK,358.1381710354896,1.1413744357125277,184.06118370536743,1.065347451731685,2927.059971427649,1.1893962015091635,0.0
174,K17,2672.5397256675456,321.94344908987523,559.8317498320702,949.6200833571374,1402.0152409046214,HCT116 OsTIRF74G mAC/mCh-POLR2A Clone 1,Vehicle,120,Scrambled,pSer2 Pol II (3E10,Goat anti-mouse Alexa647,2034,251103_mACmChPOLR2A_7SK,323.03174983207015,1.029491439339688,169.54344908987522,0.98131869962777,2492.6492165866634,1.0128755607480562,0.0
175,K18,2927.7847418113197,335.6500676676385,570.9683174188932,950.5022251854177,1165.1245674740485,HCT116 OsTIRF74G mAC/mCh-POLR2A Clone 1,Vehicle,120,HEXIM1 + HEXIM2 pool,pSer2 Pol II (3E10,Goat anti-mouse Alexa647,289,251103_mACmChPOLR2A_7SK,334.1683174188932,1.0649833097215382,183.2500676676385,1.0606527062864073,2747.8942327304376,1.1165930983520014,0.0
176,K19,2803.821579986085,343.85399018071854,296.5777238387554,1033.614825803602,1344.4928619986404,HCT116 OsTIRF74G mAC/mCh-POLR2A Clone 1,10 µM 5PhIAA,120,LARP7 pool,pSer2 Pol II (3E10,Goat anti-mouse Alexa647,1471,251103_mACmChPOLR2A_7SK,59.77772383875538,0.19050961704910707,191.45399018071853,1.1081370686466128,2623.931070905203,1.0662212866224021,2.0
177,K20,2542.7692575093847,331.8418889443617,293.4617956043136,966.3798131030767,1377.3604887983706,HCT116 OsTIRF74G mAC/mCh-POLR2A Clone 1,10 µM 5PhIAA,120,Scrambled,pSer2 Pol II (3E10,Goat anti-mouse Alexa647,1964,251103_mACmChPOLR2A_7SK,56.66179560431357,0.1805792574339229,179.4418889443617,1.0386109405164121,2362.8787484285026,0.9601439790920437,2.0
178,K21,2768.0459576432295,344.08820709663854,290.99616933084525,1000.956434639022,1266.364653243848,HCT116 OsTIRF74G mAC/mCh-POLR2A Clone 1,10 µM 5PhIAA,120,HEXIM1 + HEXIM2 pool,pSer2 Pol II (3E10,Goat anti-mouse Alexa647,447,251103_mACmChPOLR2A_7SK,54.19616933084524,0.17272138853259592,191.68820709663854,1.1094927178362173,2588.1554485623474,1.0516840411485882,2.0
181,L04,3027.1394362823694,339.5193237428854,591.8689148701527,1073.8740480519723,1378.7496598639457,HCT116 OsTIRF74G mAC/mCh-POLR2A Clone 1,Vehicle,60,LARP7 pool,pSer2 Pol II (3E10,Goat anti-mouse Alexa647,1470,251103_mACmChPOLR2A_7SK,355.0689148701527,1.1315928184287853,187.11932374288537,1.0830479882077708,2847.2489272014873,1.1569653822681156,0.0
182,L05,2707.1090043810746,322.21705490178334,561.4340205277216,956.5766550068689,1403.6257828810021,HCT116 OsTIRF74G mAC/mCh-POLR2A Clone 1,Vehicle,60,Scrambled,pSer2 Pol II (3E10,Goat anti-mouse Alexa647,1916,251103_mACmChPOLR2A_7SK,324.6340205277216,1.0345978227386432,169.81705490178334,0.9829023320299275,2527.2184953001924,1.0269226145126324,0.0
183,L06,2920.006727450962,332.3309378833914,536.633156930664,961.1504599014982,1265.8864097363082,HCT116 OsTIRF74G mAC/mCh-POLR2A Clone 1,Vehicle,60,HEXIM1 + HEXIM2 pool,pSer2 Pol II (3E10,Goat anti-mouse Alexa647,493,251103_mACmChPOLR2A_7SK,299.83315693066396,0.9555582955879058,179.9309378833914,1.0414415592839268,2740.11621837008,1.1134325410604538,0.0
184,L07,2546.96164764497,287.44563949161324,332.4192308318605,604.5035997338559,1028.6896551724137,HCT116 OsTIRF74G mAC/mCh-POLR2A Clone 1,10 µM 5PhIAA,60,LARP7 pool,pSer2 Pol II (3E10,Goat anti-mouse Alexa647,29,251103_mACmChPOLR2A_7SK,95.61923083186048,0.30473530737712334,135.04563949161323,0.7816451301876015,2367.071138564088,0.9618475358866378,1.0
185,L08,2657.233408570692,325.5360358092657,331.1370213250603,987.2148992065079,1409.2088572990706,HCT116 OsTIRF74G mAC/mCh-POLR2A Clone 1,10 µM 5PhIAA,60,Scrambled,pSer2 Pol II (3E10,Goat anti-mouse Alexa647,1829,251103_mACmChPOLR2A_7SK,94.33702132506028,0.30064894833849326,173.13603580926568,1.0021126173326256,2477.34289948981,1.0066559152362449,1.0
186,L09,2826.718874035131,333.9906117811155,303.1230929779216,845.2311106979253,1168.308988764045,HCT116 OsTIRF74G mAC/mCh-POLR2A Clone 1,10 µM 5PhIAA,60,HEXIM1 + HEXIM2 pool,pSer2 Pol II (3E10,Goat anti-mouse Alexa647,178,251103_mACmChPOLR2A_7SK,66.32309297792159,0.21136949072899394,181.59061178111548,1.0510477637103648,2646.828364954249,1.0755254877090272,1.0
187,L10,3076.4898123331177,334.85754456371774,589.9310240918311,1065.3757089115245,1396.838063439065,HCT116 OsTIRF74G mAC/mCh-POLR2A Clone 1,Vehicle,60,LARP7 pool,pSer2 Pol II (3E10,Goat anti-mouse Alexa647,1198,251103_mACmChPOLR2A_7SK,353.1310240918311,1.1254168249925534,182.45754456371773,1.0560655768753957,2896.5993032522356,1.1770186611181488,0.0
188,L11,2713.0860296565234,325.11319280900085,548.4867054300317,946.2582148436655,1423.813633864761,HCT116 OsTIRF74G mAC/mCh-POLR2A Clone 1,Vehicle,60,Scrambled,pSer2 Pol II (3E10,Goat anti-mouse Alexa647,1819,251103_mACmChPOLR2A_7SK,311.68670543003174,0.99333516028384,172.71319280900084,0.9996651990136398,2533.1955205756412,1.029351348883755,0.0
189,L12,2929.54768987223,331.9633807341682,567.2583101660441,929.6156510093679,1231.274111675127,HCT116 OsTIRF74G mAC/mCh-POLR2A Clone 1,Vehicle,60,HEXIM1 + HEXIM2 pool,pSer2 Pol II (3E10,Goat anti-mouse Alexa647,394,251103_mACmChPOLR2A_7SK,330.4583101660441,1.053159640039899,179.5633807341682,1.0393141358673876,2749.657180791348,1.1173094634923035,0.0
190,L13,3112.6735248289974,341.45683602497263,339.1383750280191,1074.5483987178816,1420.3097269624573,HCT116 OsTIRF74G mAC/mCh-POLR2A Clone 1,10 µM 5PhIAA,60,LARP7 pool,pSer2 Pol II (3E10,Goat anti-mouse Alexa647,1172,251103_mACmChPOLR2A_7SK,102.33837502801907,0.3261489963820902,189.05683602497263,1.0942623231961006,2932.7830157481153,1.1917217319876219,1.0
191,L14,2713.3712817478445,330.83207666114924,329.3302629407066,1005.019622615775,1377.714054054054,HCT116 OsTIRF74G mAC/mCh-POLR2A Clone 1,10 µM 5PhIAA,60,Scrambled,pSer2 Pol II (3E10,Goat anti-mouse Alexa647,1850,251103_mACmChPOLR2A_7SK,92.53026294070656,0.29489086947901794,178.43207666114924,1.0327661397768395,2533.4807726669624,1.0294672596465002,1.0
192,L15,2764.8874496247254,335.5874528176105,301.88570886191263,851.0139601222114,1172.0774647887324,HCT116 OsTIRF74G mAC/mCh-POLR2A Clone 1,10 µM 5PhIAA,60,HEXIM1 + HEXIM2 pool,pSer2 Pol II (3E10,Goat anti-mouse Alexa647,142,251103_mACmChPOLR2A_7SK,65.08570886191262,0.20742598871945966,183.18745281761048,1.0602902910852494,2584.9969405438433,1.0504005971890122,1.0
193,L16,3195.1718566796494,338.2286476523529,601.7148017082694,1084.9996478562482,1400.4677002583978,HCT116 OsTIRF74G mAC/mCh-POLR2A Clone 1,Vehicle,60,LARP7 pool,pSer2 Pol II (3E10,Goat anti-mouse Alexa647,1161,251103_mACmChPOLR2A_7SK,364.9148017082694,1.162971332205892,185.82864765235288,1.075577545736528,3015.2813475987673,1.2252445171344357,0.0
194,L17,2729.888718037163,325.0117708538581,568.3236627255405,970.9916060814274,1399.8228840125391,HCT116 OsTIRF74G mAC/mCh-POLR2A Clone 1,Vehicle,60,Scrambled,pSer2 Pol II (3E10,Goat anti-mouse Alexa647,1914,251103_mACmChPOLR2A_7SK,331.52366272554053,1.0565548832023757,172.61177085385808,0.9990781680096777,2549.998208956281,1.0361790373937814,0.0
195,L18,2895.352814401648,333.1922782989411,560.42656101248,952.0980335716396,1273.6666666666667,HCT116 OsTIRF74G mAC/mCh-POLR2A Clone 1,Vehicle,60,HEXIM1 + HEXIM2 pool,pSer2 Pol II (3E10,Goat anti-mouse Alexa647,348,251103_mACmChPOLR2A_7SK,323.62656101247995,1.0313870827820857,180.7922782989411,1.0464270037883383,2715.462305320766,1.1034145466157108,0.0
196,L19,3234.7770569018057,344.0644334599743,340.4264016527942,1113.0993989628123,1354.7747105966162,HCT116 OsTIRF74G mAC/mCh-POLR2A Clone 1,10 µM 5PhIAA,60,LARP7 pool,pSer2 Pol II (3E10,Goat anti-mouse Alexa647,1123,251103_mACmChPOLR2A_7SK,103.62640165279419,0.3302538943821689,191.66443345997428,1.1093551158566537,3054.8865478209236,1.2413378924544045,1.0
197,L20,2624.7009773391082,326.0133080838171,326.15666287581945,966.5366386894909,1421.3048026628626,HCT116 OsTIRF74G mAC/mCh-POLR2A Clone 1,10 µM 5PhIAA,60,Scrambled,pSer2 Pol II (3E10,Goat anti-mouse Alexa647,2103,251103_mACmChPOLR2A_7SK,89.35666287581944,0.2847767116589658,173.6133080838171,1.0048750726816547,2444.810468258226,0.9934365242738414,1.0
198,L21,2947.1927404418843,335.1767990520576,306.6695443895484,941.2679762833833,1220.2118644067796,HCT116 OsTIRF74G mAC/mCh-POLR2A Clone 1,10 µM 5PhIAA,60,HEXIM1 + HEXIM2 pool,pSer2 Pol II (3E10,Goat anti-mouse Alexa647,236,251103_mACmChPOLR2A_7SK,69.86954438954837,0.2226719133862155,182.7767990520576,1.0579134241442214,2767.302231361002,1.1244794416710382,1.0
201,M04,3019.0195162252458,332.46282278233457,575.566383752809,1033.2275437793014,1386.3719391131701,HCT116 OsTIRF74G mAC/mCh-POLR2A Clone 1,Vehicle,30,LARP7 pool,pSer2 Pol II (3E10,Goat anti-mouse Alexa647,1511,251103_mACmChPOLR2A_7SK,338.76638375280896,1.0796371941485121,180.06282278233456,1.042204910025145,2839.1290071443636,1.1536658933041808,0.0
202,M05,2696.5986438665545,325.3406468247465,552.9622804577339,979.0855425842512,1433.822425164891,HCT116 OsTIRF74G mAC/mCh-POLR2A Clone 1,Vehicle,30,Scrambled,pSer2 Pol II (3E10,Goat anti-mouse Alexa647,1971,251103_mACmChPOLR2A_7SK,316.16228045773386,1.007598668993238,172.9406468247465,1.0009817044885185,2516.7081347856724,1.0226517820068108,0.0
203,M06,2847.471809635798,338.6526654642655,549.4420938786474,1046.855477961826,1175.4325259515572,HCT116 OsTIRF74G mAC/mCh-POLR2A Clone 1,Vehicle,30,HEXIM1 + HEXIM2 pool,pSer2 Pol II (3E10,Goat anti-mouse Alexa647,578,251103_mACmChPOLR2A_7SK,312.64209387864736,0.9963799514834825,186.2526654642655,1.0780317638737593,2667.5813005549157,1.083958339449184,0.0
204,M07,2928.282367522832,332.94776172346144,411.5062902956989,1079.3762173565985,1439.1462140992166,HCT116 OsTIRF74G mAC/mCh-POLR2A Clone 1,10 µM 5PhIAA,30,LARP7 pool,pSer2 Pol II (3E10,Goat anti-mouse Alexa647,1532,251103_mACmChPOLR2A_7SK,174.70629029569886,0.55678313463527,180.54776172346143,1.0450117400953132,2748.39185844195,1.1167953060747073,0.5
205,M08,2602.123446613644,324.3673775924526,407.42498193896523,971.1033283404299,1364.9824394874229,HCT116 OsTIRF74G mAC/mCh-POLR2A Clone 1,10 µM 5PhIAA,30,Scrambled,pSer2 Pol II (3E10,Goat anti-mouse Alexa647,2107,251103_mACmChPOLR2A_7SK,170.62498193896522,0.5437761406888636,171.9673775924526,0.9953484151898204,2422.2329375327618,0.9842622574168401,0.5
206,M09,2813.6556266665384,335.77536733359716,346.34621189163533,1017.1649523466992,1176.4643584521384,HCT116 OsTIRF74G mAC/mCh-POLR2A Clone 1,10 µM 5PhIAA,30,HEXIM1 + HEXIM2 pool,pSer2 Pol II (3E10,Goat anti-mouse Alexa647,491,251103_mACmChPOLR2A_7SK,109.54621189163532,0.34912013265927505,183.37536733359715,1.061377941651869,2633.7651175856563,1.070217302379295,0.5
207,M10,2886.493390659395,329.24622838327633,561.2798607817031,1010.1318275125628,1417.0961538461538,HCT116 OsTIRF74G mAC/mCh-POLR2A Clone 1,Vehicle,30,LARP7 pool,pSer2 Pol II (3E10,Goat anti-mouse Alexa647,1508,251103_mACmChPOLR2A_7SK,324.47986078170305,1.0341065207570288,176.84622838327633,1.023587238567721,2706.602881578513,1.0998145640224413,0.0
208,M11,2508.1642819975723,319.47739276864485,531.4154999162156,954.2726126455317,1464.3779370768618,HCT116 OsTIRF74G mAC/mCh-POLR2A Clone 1,Vehicle,30,Scrambled,pSer2 Pol II (3E10,Goat anti-mouse Alexa647,2511,251103_mACmChPOLR2A_7SK,294.6154999162156,0.9389297962760652,167.07739276864484,0.9670451479491333,2328.27377291669,0.9460824201117567,0.0
209,M12,2875.077474599807,330.5936484434531,549.0332787469359,992.5731964728404,1165.8155555555556,HCT116 OsTIRF74G mAC/mCh-POLR2A Clone 1,Vehicle,30,HEXIM1 + HEXIM2 pool,pSer2 Pol II (3E10,Goat anti-mouse Alexa647,450,251103_mACmChPOLR2A_7SK,312.2332787469359,0.9950770712601352,178.1936484434531,1.031386115542343,2695.186965518925,1.09517576354327,0.0
210,M13,3044.3747426010764,340.1530178649237,411.9367465471587,1104.2957409196376,1359.1506622516556,HCT116 OsTIRF74G mAC/mCh-POLR2A Clone 1,10 µM 5PhIAA,30,LARP7 pool,pSer2 Pol II (3E10,Goat anti-mouse Alexa647,1208,251103_mACmChPOLR2A_7SK,175.13674654715868,0.558154984387248,187.7530178649237,1.0867158143322162,2864.4842335201943,1.1639688629167606,0.5
211,M14,2496.5114980586764,320.508077015935,392.32135158010186,916.7483381668534,1415.85367825384,HCT116 OsTIRF74G mAC/mCh-POLR2A Clone 1,10 µM 5PhIAA,30,Scrambled,pSer2 Pol II (3E10,Goat anti-mouse Alexa647,2474,251103_mACmChPOLR2A_7SK,155.52135158010185,0.4956413732380352,168.10807701593498,0.9730107557665219,2316.6209889777942,0.9413473695527584,0.5
212,M15,2748.740088223282,337.58360439620657,341.18142398586974,902.0690153161119,1115.4416666666666,HCT116 OsTIRF74G mAC/mCh-POLR2A Clone 1,10 µM 5PhIAA,30,HEXIM1 + HEXIM2 pool,pSer2 Pol II (3E10,Goat anti-mouse Alexa647,120,251103_mACmChPOLR2A_7SK,104.38142398586973,0.3326601254378333,185.18360439620656,1.0718440307424475,2568.8495791423998,1.0438391975242471,0.5
213,M16,2945.8126766974933,333.518951977121,569.8597734499597,1050.6587241305067,1333.2179570592064,HCT116 OsTIRF74G mAC/mCh-POLR2A Clone 1,Vehicle,30,LARP7 pool,pSer2 Pol II (3E10,Goat anti-mouse Alexa647,1537,251103_mACmChPOLR2A_7SK,333.05977344995966,1.0614504169741783,181.118951977121,1.0483177933811827,2765.922167616611,1.1239186596606108,0.0
214,M17,2664.7406774628625,319.6463331506713,543.7867036103515,938.0329370465764,1368.5015787099685,HCT116 OsTIRF74G mAC/mCh-POLR2A Clone 1,Vehicle,30,Scrambled,pSer2 Pol II (3E10,Goat anti-mouse Alexa647,2217,251103_mACmChPOLR2A_7SK,306.9867036103515,0.9783564108551627,167.2463331506713,0.9680229760922716,2484.8501683819804,1.0097064564589109,0.0
215,M18,2869.4814167558966,334.4379673109475,561.0288921782033,991.0399093799323,1181.5250659630608,HCT116 OsTIRF74G mAC/mCh-POLR2A Clone 1,Vehicle,30,HEXIM1 + HEXIM2 pool,pSer2 Pol II (3E10,Goat anti-mouse Alexa647,379,251103_mACmChPOLR2A_7SK,324.22889217820324,1.033306692167485,182.0379673109475,1.053637060726337,2689.5909076750145,1.0929018333853833,0.0
216,M19,2860.8728045570033,328.78706389121794,404.66912884632507,1013.299184690062,1377.1392326732673,HCT116 OsTIRF74G mAC/mCh-POLR2A Clone 1,10 µM 5PhIAA,30,LARP7 pool,pSer2 Pol II (3E10,Goat anti-mouse Alexa647,1616,251103_mACmChPOLR2A_7SK,167.86912884632505,0.53499332857078,176.38706389121793,1.0209295911936656,2680.982295476121,1.0894037668101928,0.5
217,M20,2633.2422275893537,320.14826765503875,389.92400215283476,930.5338495603914,1429.6356842596917,HCT116 OsTIRF74G mAC/mCh-POLR2A Clone 1,10 µM 5PhIAA,30,Scrambled,pSer2 Pol II (3E10,Goat anti-mouse Alexa647,2141,251103_mACmChPOLR2A_7SK,153.12400215283475,0.48800110037395783,167.74826765503875,0.9709281766044016,2453.3517185084715,0.9969072186576077,0.5
218,M21,2786.338043173201,335.07942303901433,336.9801390846198,963.9128461183553,1224.0721649484535,HCT116 OsTIRF74G mAC/mCh-POLR2A Clone 1,10 µM 5PhIAA,30,HEXIM1 + HEXIM2 pool,pSer2 Pol II (3E10,Goat anti-mouse Alexa647,291,251103_mACmChPOLR2A_7SK,100.18013908461978,0.3192707702357135,182.67942303901432,1.0573498110821566,2606.447534092319,1.0591169387521235,0.5
