,EXPERIMENT,WELL,CELL,DRUG,DRUG_TIME_MINUTES,SIRNA,PRIMARY,SECONDARY,TotalNumberCells,TIME_IN_AUXIN,GFP_488_Intensity,GFP_Intensity_BGS,GFP_Intensity_FC,RFP_561_Intensity,RFP_Intensity_BGS,RFP_Intensity_FC,IF_647_Intensity,IF_647_Intensity_BGS,IF_647_Intensity_FC
20,251017_mACmChPOLR2A_7SK,D03,HCT116 OsTIRF74G mAC/mCh-POLR2A Clone 1,10 µM 5PhIAA,480,HEXIM1 + HEXIM2 pool,pSer2 Pol II (3E10,Goat anti-mouse Alexa647,84,8.0,284.50921811009607,56.80921811009608,0.20307601589218482,307.59374218851406,163.19374218851405,1.2147162803976277,2981.425782741537,2797.8362066161344,1.1037746499347163
21,251017_mACmChPOLR2A_7SK,D04,HCT116 OsTIRF74G mAC/mCh-POLR2A Clone 1,10 µM 5PhIAA,240,HEXIM1 + HEXIM2 pool,pSer2 Pol II (3E10,Goat anti-mouse Alexa647,159,4.0,283.20387999500286,55.503879995002876,0.19840982134446875,315.58531962315203,171.18531962315203,1.2742007868850111,2993.0267651982454,2809.4371890728426,1.1083513547181385
22,251017_mACmChPOLR2A_7SK,D05,HCT116 OsTIRF74G mAC/mCh-POLR2A Clone 1,10 µM 5PhIAA,120,HEXIM1 + HEXIM2 pool,pSer2 Pol II (3E10,Goat anti-mouse Alexa647,104,2.0,290.5583894644615,62.85838946446154,0.22469999979763045,305.23564873687724,160.83564873687723,1.1971640478917178,3073.1378734096825,2889.548297284279,1.139955996266797
23,251017_mACmChPOLR2A_7SK,D06,HCT116 OsTIRF74G mAC/mCh-POLR2A Clone 1,10 µM 5PhIAA,60,HEXIM1 + HEXIM2 pool,pSer2 Pol II (3E10,Goat anti-mouse Alexa647,121,1.0,318.2731986828919,90.57319868289193,0.32377217900600086,303.02594896863354,158.62594896863354,1.180716368910401,2978.84123421466,2795.251658089257,1.1027550194292752
24,251017_mACmChPOLR2A_7SK,D07,HCT116 OsTIRF74G mAC/mCh-POLR2A Clone 1,10 µM 5PhIAA,30,HEXIM1 + HEXIM2 pool,pSer2 Pol II (3E10,Goat anti-mouse Alexa647,242,0.5,337.62668858433995,109.92668858433996,0.39295513475763477,312.9315306408344,168.5315306408344,1.254447574302648,3329.1959120357747,3145.606335910372,1.2409734794486715
25,251017_mACmChPOLR2A_7SK,D08,HCT116 OsTIRF74G mAC/mCh-POLR2A Clone 1,Vehicle,480,HEXIM1 + HEXIM2 pool,pSer2 Pol II (3E10,Goat anti-mouse Alexa647,304,0.0,591.7598924505206,364.05989245052064,1.301405563472276,301.37600465538503,156.97600465538503,1.1684351736134804,3263.021861746593,3079.43228562119,1.2148671480558684
26,251017_mACmChPOLR2A_7SK,D09,HCT116 OsTIRF74G mAC/mCh-POLR2A Clone 1,Vehicle,240,HEXIM1 + HEXIM2 pool,pSer2 Pol II (3E10,Goat anti-mouse Alexa647,205,0.0,571.3412399487769,343.6412399487769,1.228414969024996,302.9757605925192,158.57576059251917,1.1803427967578461,3317.422922385519,3133.833346260116,1.2363289160896132
27,251017_mACmChPOLR2A_7SK,D10,HCT116 OsTIRF74G mAC/mCh-POLR2A Clone 1,Vehicle,120,HEXIM1 + HEXIM2 pool,pSer2 Pol II (3E10,Goat anti-mouse Alexa647,267,0.0,573.2735828019985,345.5735828019985,1.2353225185570011,304.3557099480072,159.95570994800718,1.1906143116196057,3408.859989539567,3225.270413414164,1.2724017628668312
28,251017_mACmChPOLR2A_7SK,D11,HCT116 OsTIRF74G mAC/mCh-POLR2A Clone 1,Vehicle,60,HEXIM1 + HEXIM2 pool,pSer2 Pol II (3E10,Goat anti-mouse Alexa647,97,0.0,559.1172444604338,331.4172444604338,1.184717829992984,295.60110432039323,151.20110432039323,1.125450281175111,3169.456966770329,2985.8673906449258,1.1779548517054288
29,251017_mACmChPOLR2A_7SK,D12,HCT116 OsTIRF74G mAC/mCh-POLR2A Clone 1,Vehicle,30,HEXIM1 + HEXIM2 pool,pSer2 Pol II (3E10,Goat anti-mouse Alexa647,116,0.0,563.6339688322294,335.93396883222937,1.2008637728667226,288.4315782449041,144.03157824490407,1.072084631672621,3185.284002173982,3001.694426048579,1.1841987770720606
30,251017_mACmChPOLR2A_7SK,D13,HCT116 OsTIRF74G mAC/mCh-POLR2A Clone 1,10 µM 5PhIAA,480,LARP7 pool,pSer2 Pol II (3E10,Goat anti-mouse Alexa647,847,8.0,275.56370757648114,47.86370757648115,0.1710984830247637,341.95870643861355,197.55870643861354,1.4705084510413884,3631.630648833942,3448.041072708539,1.3602870386013126
31,251017_mACmChPOLR2A_7SK,D14,HCT116 OsTIRF74G mAC/mCh-POLR2A Clone 1,10 µM 5PhIAA,240,LARP7 pool,pSer2 Pol II (3E10,Goat anti-mouse Alexa647,916,4.0,286.4390677399131,58.73906773991314,0.2099746528939253,334.0944170599682,189.69441705996817,1.411971400454218,3664.827015649408,3481.237439524005,1.3733833406915488
32,251017_mACmChPOLR2A_7SK,D15,HCT116 OsTIRF74G mAC/mCh-POLR2A Clone 1,10 µM 5PhIAA,120,LARP7 pool,pSer2 Pol II (3E10,Goat anti-mouse Alexa647,674,2.0,286.66651754908474,58.966517549084756,0.2107877181428167,316.7937754305692,172.3937754305692,1.2831958066922966,3762.0954464118167,3578.5058702864135,1.4117567193262928
33,251017_mACmChPOLR2A_7SK,D16,HCT116 OsTIRF74G mAC/mCh-POLR2A Clone 1,10 µM 5PhIAA,60,LARP7 pool,pSer2 Pol II (3E10,Goat anti-mouse Alexa647,1007,1.0,325.0081368893099,97.30813688930994,0.3478475749318666,304.23885952032884,159.83885952032884,1.1897445471606944,3518.72477966878,3335.1352035433765,1.3157445325322823
34,251017_mACmChPOLR2A_7SK,D17,HCT116 OsTIRF74G mAC/mCh-POLR2A Clone 1,10 µM 5PhIAA,30,LARP7 pool,pSer2 Pol II (3E10,Goat anti-mouse Alexa647,873,0.5,380.57633004234816,152.87633004234817,0.5464872966400044,305.3728728592455,160.97287285924548,1.1981854619071612,3615.8267377654474,3432.237161640044,1.3540522360185248
35,251017_mACmChPOLR2A_7SK,D18,HCT116 OsTIRF74G mAC/mCh-POLR2A Clone 1,Vehicle,480,LARP7 pool,pSer2 Pol II (3E10,Goat anti-mouse Alexa647,848,0.0,535.8162278544169,308.1162278544169,1.1014236433098088,304.05040188452455,159.65040188452454,1.1883417816176856,3575.341867693484,3391.752291568081,1.3380805457581506
36,251017_mACmChPOLR2A_7SK,D19,HCT116 OsTIRF74G mAC/mCh-POLR2A Clone 1,Vehicle,240,LARP7 pool,pSer2 Pol II (3E10,Goat anti-mouse Alexa647,1025,0.0,510.05175122892354,282.35175122892355,1.009323321588911,294.53835340840965,150.13835340840964,1.1175398011684534,3394.4710231197564,3210.8814469943536,1.2667251702430773
37,251017_mACmChPOLR2A_7SK,D20,HCT116 OsTIRF74G mAC/mCh-POLR2A Clone 1,Vehicle,120,LARP7 pool,pSer2 Pol II (3E10,Goat anti-mouse Alexa647,849,0.0,520.9459027504478,293.2459027504478,1.0482666649602177,296.3511099160481,151.95110991604807,1.1310328727329348,3511.712992198436,3328.123416073033,1.3129783115354299
38,251017_mACmChPOLR2A_7SK,D21,HCT116 OsTIRF74G mAC/mCh-POLR2A Clone 1,Vehicle,60,LARP7 pool,pSer2 Pol II (3E10,Goat anti-mouse Alexa647,966,0.0,512.728178894463,285.028178894463,1.0188907524605704,297.9534193138938,153.55341931389378,1.1429595023064447,3455.353436882557,3271.7638607571544,1.2907438975650358
39,251017_mACmChPOLR2A_7SK,D22,HCT116 OsTIRF74G mAC/mCh-POLR2A Clone 1,Vehicle,30,LARP7 pool,pSer2 Pol II (3E10,Goat anti-mouse Alexa647,784,0.0,516.9606596462922,289.26065964629225,1.0340206091460842,294.5014038780591,150.10140387805907,1.1172647710388175,3607.385524317976,3423.7959481925727,1.3507220920322636
40,251017_mACmChPOLR2A_7SK,E03,HCT116 OsTIRF74G mAC/mCh-POLR2A Clone 1,10 µM 5PhIAA,480,Scrambled,pSer2 Pol II (3E10,Goat anti-mouse Alexa647,1799,8.0,263.7362355442712,36.03623554427122,0.12881879711670197,314.0456681556694,169.64566815566937,1.2627405453426064,2976.661465799171,2793.071889673768,1.101895078767254
41,251017_mACmChPOLR2A_7SK,E04,HCT116 OsTIRF74G mAC/mCh-POLR2A Clone 1,10 µM 5PhIAA,240,Scrambled,pSer2 Pol II (3E10,Goat anti-mouse Alexa647,1773,4.0,269.16470333643446,41.46470333643447,0.14822395086296766,310.1250170113036,165.7250170113036,1.2335575711001303,3012.0440208923005,2828.4544447668977,1.115853854219999
42,251017_mACmChPOLR2A_7SK,E05,HCT116 OsTIRF74G mAC/mCh-POLR2A Clone 1,10 µM 5PhIAA,120,Scrambled,pSer2 Pol II (3E10,Goat anti-mouse Alexa647,2432,2.0,281.12066932226674,53.42066932226675,0.19096296434208118,289.5594110950634,145.1594110950634,1.0804795425698368,2674.067413930467,2490.477837805064,0.9825186682097324
43,251017_mACmChPOLR2A_7SK,E06,HCT116 OsTIRF74G mAC/mCh-POLR2A Clone 1,10 µM 5PhIAA,60,Scrambled,pSer2 Pol II (3E10,Goat anti-mouse Alexa647,2196,1.0,320.7614414660596,93.06144146605959,0.33266690503442276,289.8114168176309,145.4114168176309,1.0823553219339896,2884.103771640927,2700.514195515524,1.0653801333152317
44,251017_mACmChPOLR2A_7SK,E07,HCT116 OsTIRF74G mAC/mCh-POLR2A Clone 1,10 µM 5PhIAA,30,Scrambled,pSer2 Pol II (3E10,Goat anti-mouse Alexa647,2085,0.5,375.5352875915991,147.83528759159913,0.5284670729703609,287.5344919322118,143.13449193221177,1.0654072595238135,2884.4041744540414,2700.8145983286386,1.0654986452599629
45,251017_mACmChPOLR2A_7SK,E08,HCT116 OsTIRF74G mAC/mCh-POLR2A Clone 1,Vehicle,480,Scrambled,pSer2 Pol II (3E10,Goat anti-mouse Alexa647,2441,0.0,513.7045851350698,286.0045851350698,1.022381113634886,283.05615255839393,138.65615255839393,1.0320731887832928,2773.136831038671,2589.5472549132683,1.0216025541531841
46,251017_mACmChPOLR2A_7SK,E09,HCT116 OsTIRF74G mAC/mCh-POLR2A Clone 1,Vehicle,240,Scrambled,pSer2 Pol II (3E10,Goat anti-mouse Alexa647,2385,0.0,513.5876444760582,285.88764447605826,1.0219630856472124,283.30960035489005,138.90960035489005,1.0339597020803475,2719.5413412611106,2535.9517651357073,1.0004585919628972
47,251017_mACmChPOLR2A_7SK,E10,HCT116 OsTIRF74G mAC/mCh-POLR2A Clone 1,Vehicle,120,Scrambled,pSer2 Pol II (3E10,Goat anti-mouse Alexa647,1857,0.0,528.2222872699841,300.52228726998413,1.0742775700119878,293.74031260227514,149.34031260227513,1.1115996643308936,2967.932701534756,2784.343125409353,1.098451493078594
48,251017_mACmChPOLR2A_7SK,E11,HCT116 OsTIRF74G mAC/mCh-POLR2A Clone 1,Vehicle,60,Scrambled,pSer2 Pol II (3E10,Goat anti-mouse Alexa647,2184,0.0,525.0261510196532,297.3261510196532,1.062852335911636,289.70144003142957,145.30144003142956,1.081536720737197,2956.912990616178,2773.3234144907747,1.0941041057895267
49,251017_mACmChPOLR2A_7SK,E12,HCT116 OsTIRF74G mAC/mCh-POLR2A Clone 1,Vehicle,30,Scrambled,pSer2 Pol II (3E10,Goat anti-mouse Alexa647,1819,0.0,538.6158687296675,310.91586872966747,1.1114315246676012,296.27183559389783,151.87183559389783,1.1304428022532582,3187.7178120620583,3004.128235936655,1.1851589396615883
50,251017_mACmChPOLR2A_7SK,E13,HCT116 OsTIRF74G mAC/mCh-POLR2A Clone 1,10 µM 5PhIAA,480,HEXIM1 + HEXIM2 pool,pSer2 Pol II (3E10,Goat anti-mouse Alexa647,833,8.0,278.57067446881933,50.870674468819345,0.18184749307507492,320.59171898820796,176.19171898820795,1.3114654192989237,2835.27195981296,2651.6823836875574,1.0461154902033032
51,251017_mACmChPOLR2A_7SK,E14,HCT116 OsTIRF74G mAC/mCh-POLR2A Clone 1,10 µM 5PhIAA,240,HEXIM1 + HEXIM2 pool,pSer2 Pol II (3E10,Goat anti-mouse Alexa647,289,4.0,282.66014461143635,54.96014461143636,0.19646612947424616,316.78153882058103,172.38153882058103,1.2831047247110257,3186.3427978588147,3002.753221733412,1.1846164826666967
52,251017_mACmChPOLR2A_7SK,E15,HCT116 OsTIRF74G mAC/mCh-POLR2A Clone 1,10 µM 5PhIAA,120,HEXIM1 + HEXIM2 pool,pSer2 Pol II (3E10,Goat anti-mouse Alexa647,398,2.0,281.2697142876832,53.56971428768321,0.1914957556525848,314.07134352436776,169.67134352436776,1.2629316573787968,3113.6497667477474,2930.0601906223446,1.1559383474786635
53,251017_mACmChPOLR2A_7SK,E16,HCT116 OsTIRF74G mAC/mCh-POLR2A Clone 1,10 µM 5PhIAA,60,HEXIM1 + HEXIM2 pool,pSer2 Pol II (3E10,Goat anti-mouse Alexa647,211,1.0,297.6980943122369,69.9980943122369,0.25022231577674553,302.03649818438436,157.63649818438435,1.1733514910654448,3076.5678907487945,2892.9783146233913,1.1413091727604012
54,251017_mACmChPOLR2A_7SK,E17,HCT116 OsTIRF74G mAC/mCh-POLR2A Clone 1,10 µM 5PhIAA,30,HEXIM1 + HEXIM2 pool,pSer2 Pol II (3E10,Goat anti-mouse Alexa647,354,0.5,331.16072754650065,103.46072754650066,0.36984125200829376,301.69314151875784,157.29314151875784,1.1707957501030384,3198.766567841409,3015.1769917160063,1.1895177854416696
56,251017_mACmChPOLR2A_7SK,E19,HCT116 OsTIRF74G mAC/mCh-POLR2A Clone 1,Vehicle,240,HEXIM1 + HEXIM2 pool,pSer2 Pol II (3E10,Goat anti-mouse Alexa647,630,0.0,532.268044181824,304.56804418182406,1.088739944645141,292.4390860418992,148.0390860418992,1.1019141147125229,2915.9763146896594,2732.386738564256,1.0779541735549543
57,251017_mACmChPOLR2A_7SK,E20,HCT116 OsTIRF74G mAC/mCh-POLR2A Clone 1,Vehicle,120,HEXIM1 + HEXIM2 pool,pSer2 Pol II (3E10,Goat anti-mouse Alexa647,668,0.0,507.4937816882168,279.7937816882168,1.0001793431927717,284.5351679784422,140.13516797844218,1.0430820919777328,2850.0735930867518,2666.484016961349,1.051954884070109
58,251017_mACmChPOLR2A_7SK,E21,HCT116 OsTIRF74G mAC/mCh-POLR2A Clone 1,Vehicle,60,HEXIM1 + HEXIM2 pool,pSer2 Pol II (3E10,Goat anti-mouse Alexa647,440,0.0,523.8188122967244,296.11881229672446,1.0585364599703482,288.6548970253132,144.25489702531317,1.0737468826550642,2947.626426729751,2764.036850604348,1.0904404625145565
59,251017_mACmChPOLR2A_7SK,E22,HCT116 OsTIRF74G mAC/mCh-POLR2A Clone 1,Vehicle,30,HEXIM1 + HEXIM2 pool,pSer2 Pol II (3E10,Goat anti-mouse Alexa647,28,0.0,459.20867368771513,231.50867368771515,0.8275744793014465,249.77429182951832,105.37429182951831,0.7843429907552885,2655.2547218489517,2471.6651457235484,0.9750968711197165
60,251017_mACmChPOLR2A_7SK,F03,HCT116 OsTIRF74G mAC/mCh-POLR2A Clone 1,10 µM 5PhIAA,480,LARP7 pool,pSer2 Pol II (3E10,Goat anti-mouse Alexa647,818,8.0,265.9260211474787,38.22602114747872,0.13664662771798974,323.7481644605705,179.34816446057047,1.3349601051370426,3434.6514651838834,3251.06188905848,1.2825767605787364
61,251017_mACmChPOLR2A_7SK,F04,HCT116 OsTIRF74G mAC/mCh-POLR2A Clone 1,10 µM 5PhIAA,240,LARP7 pool,pSer2 Pol II (3E10,Goat anti-mouse Alexa647,1136,4.0,271.62819750165494,43.92819750165495,0.15703020796154424,314.14170345957285,169.74170345957285,1.2634553745117896,3393.9569568132138,3210.3673806878105,1.2665223658915552
62,251017_mACmChPOLR2A_7SK,F05,HCT116 OsTIRF74G mAC/mCh-POLR2A Clone 1,10 µM 5PhIAA,120,LARP7 pool,pSer2 Pol II (3E10,Goat anti-mouse Alexa647,971,2.0,283.11924309483845,55.419243094838464,0.19810726966263528,306.84513491857695,162.44513491857694,1.209144097137278,3372.4810905296226,3188.8915144042194,1.2580499196728805
63,251017_mACmChPOLR2A_7SK,F06,HCT116 OsTIRF74G mAC/mCh-POLR2A Clone 1,10 µM 5PhIAA,60,LARP7 pool,pSer2 Pol II (3E10,Goat anti-mouse Alexa647,1064,1.0,323.5299308150845,95.82993081508454,0.34256342897443487,295.87579595968776,151.47579595968776,1.1274949208890208,3332.0935071924514,3148.503931067048,1.2421166100122656
64,251017_mACmChPOLR2A_7SK,F07,HCT116 OsTIRF74G mAC/mCh-POLR2A Clone 1,10 µM 5PhIAA,30,LARP7 pool,pSer2 Pol II (3E10,Goat anti-mouse Alexa647,1210,0.5,381.4008683039548,153.7008683039548,0.5494347750719947,294.1438500990557,149.74385009905572,1.1146033552844599,3144.7612539629495,2961.1716778375467,1.1682121435031423
65,251017_mACmChPOLR2A_7SK,F08,HCT116 OsTIRF74G mAC/mCh-POLR2A Clone 1,Vehicle,480,LARP7 pool,pSer2 Pol II (3E10,Goat anti-mouse Alexa647,578,0.0,567.13995057851,339.43995057851004,1.2133966122282076,306.53580713399595,162.13580713399594,1.206841646743832,3973.363681998656,3789.7741058732527,1.4951041726996355
66,251017_mACmChPOLR2A_7SK,F09,HCT116 OsTIRF74G mAC/mCh-POLR2A Clone 1,Vehicle,240,LARP7 pool,pSer2 Pol II (3E10,Goat anti-mouse Alexa647,816,0.0,567.9251290364376,340.22512903643764,1.2162033910979906,302.8257562308685,158.42575623086847,1.1792262543109104,3578.2797785126277,3394.6902023872244,1.3392395812578952
67,251017_mACmChPOLR2A_7SK,F10,HCT116 OsTIRF74G mAC/mCh-POLR2A Clone 1,Vehicle,120,LARP7 pool,pSer2 Pol II (3E10,Goat anti-mouse Alexa647,854,0.0,569.8208119070206,342.1208119070206,1.222979892123,302.9214729866222,158.52147298662217,1.179938712398835,3669.319428021009,3485.729851895606,1.3751556427588036
68,251017_mACmChPOLR2A_7SK,F11,HCT116 OsTIRF74G mAC/mCh-POLR2A Clone 1,Vehicle,60,LARP7 pool,pSer2 Pol II (3E10,Goat anti-mouse Alexa647,1094,0.0,576.9040173063406,349.20401730634063,1.2483002394203744,305.27468250280054,160.87468250280054,1.1974545918201578,3539.301425082327,3355.711848956924,1.3238622270329328
69,251017_mACmChPOLR2A_7SK,F12,HCT116 OsTIRF74G mAC/mCh-POLR2A Clone 1,Vehicle,30,LARP7 pool,pSer2 Pol II (3E10,Goat anti-mouse Alexa647,868,0.0,581.7094061734463,354.0094061734463,1.2654780717935161,307.41165881447756,163.01165881447756,1.2133609610338718,3794.627975742429,3611.038399617026,1.4245911308220311
70,251017_mACmChPOLR2A_7SK,F13,HCT116 OsTIRF74G mAC/mCh-POLR2A Clone 1,10 µM 5PhIAA,480,Scrambled,pSer2 Pol II (3E10,Goat anti-mouse Alexa647,2891,8.0,271.84780776064076,44.147807760640774,0.15781524915604656,310.8905412578998,166.49054125789982,1.2392556741824494,2485.80714402408,2302.217567898677,0.9082480897458631
71,251017_mACmChPOLR2A_7SK,F14,HCT116 OsTIRF74G mAC/mCh-POLR2A Clone 1,10 µM 5PhIAA,240,Scrambled,pSer2 Pol II (3E10,Goat anti-mouse Alexa647,2492,4.0,274.9135431923527,47.21354319235269,0.168774339211555,304.5278763384791,160.12787633847907,1.1918958149091248,2648.5746089249174,2464.9850327995146,0.9724614990822777
72,251017_mACmChPOLR2A_7SK,F15,HCT116 OsTIRF74G mAC/mCh-POLR2A Clone 1,10 µM 5PhIAA,120,Scrambled,pSer2 Pol II (3E10,Goat anti-mouse Alexa647,2378,2.0,281.5532754710696,53.853275471069594,0.19250940233351926,290.1467847792961,145.74678477929612,1.08485159977832,2605.755543548186,2422.165967422783,0.9555689451918927
73,251017_mACmChPOLR2A_7SK,F16,HCT116 OsTIRF74G mAC/mCh-POLR2A Clone 1,10 µM 5PhIAA,60,Scrambled,pSer2 Pol II (3E10,Goat anti-mouse Alexa647,2149,1.0,322.3321283037881,94.63212830378814,0.33828164214631273,280.6323797711591,136.2323797711591,1.0140320787189259,2778.833689677713,2595.2441135523104,1.0238500224414158
74,251017_mACmChPOLR2A_7SK,F17,HCT116 OsTIRF74G mAC/mCh-POLR2A Clone 1,10 µM 5PhIAA,30,Scrambled,pSer2 Pol II (3E10,Goat anti-mouse Alexa647,2812,0.5,375.0449257676634,147.34492576766343,0.5267141756613802,280.056708062046,135.65670806204602,1.0097471239905993,2607.6913482347986,2424.101772109396,0.956332639698117
75,251017_mACmChPOLR2A_7SK,F18,HCT116 OsTIRF74G mAC/mCh-POLR2A Clone 1,Vehicle,480,Scrambled,pSer2 Pol II (3E10,Goat anti-mouse Alexa647,2012,0.0,512.8328044122318,285.1328044122318,1.0192647574903169,280.67641674249995,136.27641674249995,1.0143598635059512,2736.440530621694,2552.850954496291,1.0071254928974656
76,251017_mACmChPOLR2A_7SK,F19,HCT116 OsTIRF74G mAC/mCh-POLR2A Clone 1,Vehicle,240,Scrambled,pSer2 Pol II (3E10,Goat anti-mouse Alexa647,3082,0.0,486.99097544880595,259.29097544880597,0.9268879242255208,275.8765178712963,131.4765178712963,0.9786322968424077,2426.441402098478,2242.8518259730754,0.8848277047865531
77,251017_mACmChPOLR2A_7SK,F20,HCT116 OsTIRF74G mAC/mCh-POLR2A Clone 1,Vehicle,120,Scrambled,pSer2 Pol II (3E10,Goat anti-mouse Alexa647,2596,0.0,480.7692449017993,253.06924490179932,0.9046470926584996,273.293163692512,128.893163692512,0.9594033586679427,2563.829067096924,2380.2394909715213,0.9390285266503948
78,251017_mACmChPOLR2A_7SK,F21,HCT116 OsTIRF74G mAC/mCh-POLR2A Clone 1,Vehicle,60,Scrambled,pSer2 Pol II (3E10,Goat anti-mouse Alexa647,2001,0.0,492.5846319973815,264.8846319973815,0.9468835785214927,281.2626631920512,136.8626631920512,1.0187235302559459,2843.6181269082144,2660.028550782811,1.0494081374433653
79,251017_mACmChPOLR2A_7SK,F22,HCT116 OsTIRF74G mAC/mCh-POLR2A Clone 1,Vehicle,30,Scrambled,pSer2 Pol II (3E10,Goat anti-mouse Alexa647,2388,0.0,467.9789005137142,240.27890051371423,0.8589254251786286,267.3559186142116,122.95591861421158,0.9152100693873333,2599.557890829133,2415.9683147037304,0.9531239085795947
80,251017_mACmChPOLR2A_7SK,G03,HCT116 OsTIRF74G mAC/mCh-POLR2A Clone 1,Vehicle,480,HEXIM1 + HEXIM2 pool,pSer2 Pol II (3E10,Goat anti-mouse Alexa647,73,0.0,535.507271469988,307.80727146998805,1.1003192163572557,274.2181155148705,129.81811551487047,0.9662881449479486,2969.5472429412052,2785.9576668158024,1.099088445975084
81,251017_mACmChPOLR2A_7SK,G04,HCT116 OsTIRF74G mAC/mCh-POLR2A Clone 1,Vehicle,240,HEXIM1 + HEXIM2 pool,pSer2 Pol II (3E10,Goat anti-mouse Alexa647,247,0.0,532.9753050410004,305.2753050410004,1.091268191332143,286.2967699895282,141.89676998952817,1.05619440016891,3139.9325730949913,2956.342996969588,1.1663071801167675
82,251017_mACmChPOLR2A_7SK,G05,HCT116 OsTIRF74G mAC/mCh-POLR2A Clone 1,Vehicle,120,HEXIM1 + HEXIM2 pool,pSer2 Pol II (3E10,Goat anti-mouse Alexa647,255,0.0,539.179300572203,311.47930057220304,1.113445625505729,293.3915391685633,148.99153916856332,1.109003604197592,2916.907554989556,2733.317978864153,1.078321557261546
83,251017_mACmChPOLR2A_7SK,G06,HCT116 OsTIRF74G mAC/mCh-POLR2A Clone 1,Vehicle,60,HEXIM1 + HEXIM2 pool,pSer2 Pol II (3E10,Goat anti-mouse Alexa647,110,0.0,547.4908749524255,319.79087495242555,1.1431570256460377,288.51838938965864,144.11838938965863,1.0727308017367372,3089.861271402308,2906.271695276905,1.146553545730693
84,251017_mACmChPOLR2A_7SK,G07,HCT116 OsTIRF74G mAC/mCh-POLR2A Clone 1,Vehicle,30,HEXIM1 + HEXIM2 pool,pSer2 Pol II (3E10,Goat anti-mouse Alexa647,215,0.0,565.8367886067448,338.1367886067448,1.2087381967440267,290.8561033559878,146.45610335598778,1.0901313415842313,3155.330072855952,2971.7404967305492,1.1723816493327763
85,251017_mACmChPOLR2A_7SK,G08,HCT116 OsTIRF74G mAC/mCh-POLR2A Clone 1,10 µM 5PhIAA,480,HEXIM1 + HEXIM2 pool,pSer2 Pol II (3E10,Goat anti-mouse Alexa647,87,8.0,285.27828568982903,57.578285689829045,0.20582520317621572,320.863720269031,176.46372026903097,1.3134900335989197,2882.5735741504354,2698.9839980250326,1.0647764549457104
86,251017_mACmChPOLR2A_7SK,G09,HCT116 OsTIRF74G mAC/mCh-POLR2A Clone 1,10 µM 5PhIAA,240,HEXIM1 + HEXIM2 pool,pSer2 Pol II (3E10,Goat anti-mouse Alexa647,267,4.0,282.2327327323897,54.53273273238972,0.19493825944840681,317.80766737777327,173.40766737777327,1.2907426098865644,2983.312321031616,2799.722744906213,1.1045189083497715
87,251017_mACmChPOLR2A_7SK,G10,HCT116 OsTIRF74G mAC/mCh-POLR2A Clone 1,10 µM 5PhIAA,120,HEXIM1 + HEXIM2 pool,pSer2 Pol II (3E10,Goat anti-mouse Alexa647,238,2.0,287.2827131987281,59.58271319872813,0.2129904338587268,310.1337665372903,165.73376653729028,1.2336226973207762,3066.877076674924,2883.2875005495207,1.1374860487023615
88,251017_mACmChPOLR2A_7SK,G11,HCT116 OsTIRF74G mAC/mCh-POLR2A Clone 1,10 µM 5PhIAA,60,HEXIM1 + HEXIM2 pool,pSer2 Pol II (3E10,Goat anti-mouse Alexa647,297,1.0,309.748480684405,82.04848068440504,0.2932988539836053,308.83282444243224,164.43282444243223,1.223939265093006,3238.9087205996893,3055.319144474286,1.205354270259337
89,251017_mACmChPOLR2A_7SK,G12,HCT116 OsTIRF74G mAC/mCh-POLR2A Clone 1,10 µM 5PhIAA,30,HEXIM1 + HEXIM2 pool,pSer2 Pol II (3E10,Goat anti-mouse Alexa647,199,0.5,342.8980254282375,115.19802542823749,0.41179859221571496,301.15225204497546,156.75225204497545,1.1667696934608651,3188.0058611170607,3004.4162849916574,1.1852725779239346
90,251017_mACmChPOLR2A_7SK,G13,HCT116 OsTIRF74G mAC/mCh-POLR2A Clone 1,Vehicle,480,LARP7 pool,pSer2 Pol II (3E10,Goat anti-mouse Alexa647,1059,0.0,580.0514804435376,352.3514804435376,1.2595514816541744,307.66726772302565,163.26726772302564,1.2152635603521065,3456.9061252496517,3273.316549124249,1.2913564488126017
91,251017_mACmChPOLR2A_7SK,G14,HCT116 OsTIRF74G mAC/mCh-POLR2A Clone 1,Vehicle,240,LARP7 pool,pSer2 Pol II (3E10,Goat anti-mouse Alexa647,793,0.0,562.6195411759743,334.9195411759743,1.1972374964683414,305.14984077457746,160.74984077457745,1.1965253449157613,3667.8086068701077,3484.2190307447045,1.3745596085510088
92,251017_mACmChPOLR2A_7SK,G15,HCT116 OsTIRF74G mAC/mCh-POLR2A Clone 1,Vehicle,120,LARP7 pool,pSer2 Pol II (3E10,Goat anti-mouse Alexa647,981,0.0,559.9766429998505,332.2766429998505,1.1877899235238274,306.8262589482425,162.42625894824252,1.2090035957420282,3630.9278510778295,3447.338274952426,1.360009777786189
93,251017_mACmChPOLR2A_7SK,G16,HCT116 OsTIRF74G mAC/mCh-POLR2A Clone 1,Vehicle,60,LARP7 pool,pSer2 Pol II (3E10,Goat anti-mouse Alexa647,953,0.0,554.6740266665315,326.97402666653153,1.1688346512176968,302.0632416596201,157.66324165962007,1.1735505534457027,3538.5087908754845,3354.9192147500817,1.3235495248303826
94,251017_mACmChPOLR2A_7SK,G17,HCT116 OsTIRF74G mAC/mCh-POLR2A Clone 1,Vehicle,30,LARP7 pool,pSer2 Pol II (3E10,Goat anti-mouse Alexa647,823,0.0,563.863144081336,336.16314408133604,1.201683006048906,305.0564545244693,160.6564545244693,1.1958302337132705,3760.164692179752,3576.5751160543487,1.4109950172754122
95,251017_mACmChPOLR2A_7SK,G18,HCT116 OsTIRF74G mAC/mCh-POLR2A Clone 1,10 µM 5PhIAA,480,LARP7 pool,pSer2 Pol II (3E10,Goat anti-mouse Alexa647,805,8.0,275.47754060645707,47.77754060645708,0.17079046179940416,338.4299760996792,194.0299760996792,1.444242700073529,3468.2797568513024,3284.690180725899,1.295843461386787
96,251017_mACmChPOLR2A_7SK,G19,HCT116 OsTIRF74G mAC/mCh-POLR2A Clone 1,10 µM 5PhIAA,240,LARP7 pool,pSer2 Pol II (3E10,Goat anti-mouse Alexa647,831,4.0,272.87511553876084,45.17511553876085,0.1614875681496185,325.8294859152046,181.4294859152046,1.3504522129947352,3516.405980580177,3332.816404454774,1.3148297428650961
97,251017_mACmChPOLR2A_7SK,G20,HCT116 OsTIRF74G mAC/mCh-POLR2A Clone 1,10 µM 5PhIAA,120,LARP7 pool,pSer2 Pol II (3E10,Goat anti-mouse Alexa647,998,2.0,281.96103932473125,54.26103932473126,0.19396703652707523,299.4924191953404,155.0924191953404,1.1544148938334295,3324.069439050772,3140.479862925369,1.2389510340635412
98,251017_mACmChPOLR2A_7SK,G21,HCT116 OsTIRF74G mAC/mCh-POLR2A Clone 1,10 µM 5PhIAA,60,LARP7 pool,pSer2 Pol II (3E10,Goat anti-mouse Alexa647,755,1.0,321.4380076872877,93.73800768728773,0.3350854275430053,304.83377026523476,160.43377026523476,1.194172705725659,3402.793740947051,3219.204164821648,1.2700085665100225
99,251017_mACmChPOLR2A_7SK,G22,HCT116 OsTIRF74G mAC/mCh-POLR2A Clone 1,10 µM 5PhIAA,30,LARP7 pool,pSer2 Pol II (3E10,Goat anti-mouse Alexa647,661,0.5,381.2433371922811,153.54333719228111,0.5488716483189428,295.6033329879034,151.2033329879034,1.1254668700385801,3463.0655890893227,3279.47601296392,1.2937864195261628
100,251017_mACmChPOLR2A_7SK,H03,HCT116 OsTIRF74G mAC/mCh-POLR2A Clone 1,Vehicle,480,Scrambled,pSer2 Pol II (3E10,Goat anti-mouse Alexa647,1759,0.0,492.0623906852615,264.3623906852615,0.9450167215477865,271.28804641534254,126.88804641534253,0.944478468975354,2729.7526348992114,2546.163058773808,1.0044870504674095
101,251017_mACmChPOLR2A_7SK,H04,HCT116 OsTIRF74G mAC/mCh-POLR2A Clone 1,Vehicle,240,Scrambled,pSer2 Pol II (3E10,Goat anti-mouse Alexa647,2182,0.0,483.56003245843885,255.86003245843887,0.914623326042059,272.4792426135933,128.07924261359332,0.9533450186099076,2629.0315559872306,2445.4419798618273,0.9647515672556964
102,251017_mACmChPOLR2A_7SK,H05,HCT116 OsTIRF74G mAC/mCh-POLR2A Clone 1,Vehicle,120,Scrambled,pSer2 Pol II (3E10,Goat anti-mouse Alexa647,1726,0.0,508.31216715269414,280.61216715269416,1.0031048272096093,282.336762105901,137.936762105901,1.0267184779782894,2791.1223516974587,2607.5327755720555,1.0286980237600545
103,251017_mACmChPOLR2A_7SK,H06,HCT116 OsTIRF74G mAC/mCh-POLR2A Clone 1,Vehicle,60,Scrambled,pSer2 Pol II (3E10,Goat anti-mouse Alexa647,2080,0.0,504.2035139095505,276.5035139095505,0.9884176169458964,278.95185949049477,134.55185949049476,1.0015232942699286,2802.085251697445,2618.4956755720423,1.0330229985677792
104,251017_mACmChPOLR2A_7SK,H07,HCT116 OsTIRF74G mAC/mCh-POLR2A Clone 1,Vehicle,30,Scrambled,pSer2 Pol II (3E10,Goat anti-mouse Alexa647,2184,0.0,511.54472471955165,283.84472471955166,1.0146602566567697,280.5095595607868,136.10955956078678,1.0131178787802495,2768.389960990204,2584.8003848648013,1.01972986596163
105,251017_mACmChPOLR2A_7SK,H08,HCT116 OsTIRF74G mAC/mCh-POLR2A Clone 1,10 µM 5PhIAA,480,Scrambled,pSer2 Pol II (3E10,Goat anti-mouse Alexa647,2127,8.0,269.0395293809767,41.33952938097673,0.14777649129542778,316.506974324145,172.106974324145,1.2810610313722532,2608.921295713607,2425.3317195882037,0.9568178664046156
106,251017_mACmChPOLR2A_7SK,H09,HCT116 OsTIRF74G mAC/mCh-POLR2A Clone 1,10 µM 5PhIAA,240,Scrambled,pSer2 Pol II (3E10,Goat anti-mouse Alexa647,2059,4.0,272.97123264887074,45.27123264887075,0.16183115815894342,305.05307942226074,160.65307942226073,1.1958051114779091,2749.5146218114437,2565.925045686041,1.01228335395883
107,251017_mACmChPOLR2A_7SK,H10,HCT116 OsTIRF74G mAC/mCh-POLR2A Clone 1,10 µM 5PhIAA,120,Scrambled,pSer2 Pol II (3E10,Goat anti-mouse Alexa647,1830,2.0,284.63316848981316,56.93316848981317,0.20351910154128647,295.80451650250563,151.40451650250563,1.126964359386258,2834.4599160687167,2650.8703399433134,1.0457951307421542
108,251017_mACmChPOLR2A_7SK,H11,HCT116 OsTIRF74G mAC/mCh-POLR2A Clone 1,10 µM 5PhIAA,60,Scrambled,pSer2 Pol II (3E10,Goat anti-mouse Alexa647,2199,1.0,323.0154597676411,95.31545976764113,0.34072434838008114,287.30325639440395,142.90325639440394,1.0636860809503288,2620.8980174666353,2437.3084413412325,0.9615428041365152
109,251017_mACmChPOLR2A_7SK,H12,HCT116 OsTIRF74G mAC/mCh-POLR2A Clone 1,10 µM 5PhIAA,30,Scrambled,pSer2 Pol II (3E10,Goat anti-mouse Alexa647,2031,0.5,388.1264487429676,160.42644874296764,0.5734767197696002,293.74037363831707,149.34037363831706,1.1116001186465605,2840.0772645434513,2656.4876884180485,1.048011231467279
110,251017_mACmChPOLR2A_7SK,H13,HCT116 OsTIRF74G mAC/mCh-POLR2A Clone 1,Vehicle,480,HEXIM1 + HEXIM2 pool,pSer2 Pol II (3E10,Goat anti-mouse Alexa647,393,0.0,598.1021721062116,370.4021721062116,1.3240773221586164,299.8676229682805,155.4676229682805,1.15720768555047,3102.169336458129,2918.5797603327255,1.1514092017430915
111,251017_mACmChPOLR2A_7SK,H14,HCT116 OsTIRF74G mAC/mCh-POLR2A Clone 1,Vehicle,240,HEXIM1 + HEXIM2 pool,pSer2 Pol II (3E10,Goat anti-mouse Alexa647,318,0.0,592.904821302291,365.204821302291,1.3054983427329754,304.0188998471303,159.61889984713028,1.188107299356446,3206.6790209705923,3023.089444845189,1.1926393281403223
112,251017_mACmChPOLR2A_7SK,H15,HCT116 OsTIRF74G mAC/mCh-POLR2A Clone 1,Vehicle,120,HEXIM1 + HEXIM2 pool,pSer2 Pol II (3E10,Goat anti-mouse Alexa647,500,0.0,560.8057164957368,333.1057164957368,1.190753614066093,301.46152130314744,157.06152130314743,1.1690717082188455,3063.941155113371,2880.3515789879684,1.1363277979848339
113,251017_mACmChPOLR2A_7SK,H16,HCT116 OsTIRF74G mAC/mCh-POLR2A Clone 1,Vehicle,60,HEXIM1 + HEXIM2 pool,pSer2 Pol II (3E10,Goat anti-mouse Alexa647,334,0.0,573.5104804243531,345.8104804243531,1.2361693569209593,299.09281253330914,154.69281253330914,1.1514404616547496,3105.734143144049,2922.144567018646,1.1528155539957832
114,251017_mACmChPOLR2A_7SK,H17,HCT116 OsTIRF74G mAC/mCh-POLR2A Clone 1,Vehicle,30,HEXIM1 + HEXIM2 pool,pSer2 Pol II (3E10,Goat anti-mouse Alexa647,294,0.0,570.4358169378329,342.7358169378329,1.2251783517315968,299.103749406316,154.703749406316,1.1515218691739344,3307.2871418614955,3123.6975657360927,1.2323302482715102
115,251017_mACmChPOLR2A_7SK,H18,HCT116 OsTIRF74G mAC/mCh-POLR2A Clone 1,10 µM 5PhIAA,480,HEXIM1 + HEXIM2 pool,pSer2 Pol II (3E10,Goat anti-mouse Alexa647,282,8.0,279.96358677365083,52.26358677365084,0.18682673923903698,324.4328986557973,180.0328986557973,1.340056855561003,3009.4168026391517,2825.8272265137484,1.114817390076453
116,251017_mACmChPOLR2A_7SK,H19,HCT116 OsTIRF74G mAC/mCh-POLR2A Clone 1,10 µM 5PhIAA,240,HEXIM1 + HEXIM2 pool,pSer2 Pol II (3E10,Goat anti-mouse Alexa647,248,4.0,282.9238678830864,55.22386788308643,0.19740886153580975,320.9326248548199,176.5326248548199,1.3140029179842483,2965.3247216070586,2781.7351454816553,1.097422618648803
117,251017_mACmChPOLR2A_7SK,H20,HCT116 OsTIRF74G mAC/mCh-POLR2A Clone 1,10 µM 5PhIAA,120,HEXIM1 + HEXIM2 pool,pSer2 Pol II (3E10,Goat anti-mouse Alexa647,443,2.0,281.43103697797795,53.731036977977965,0.19207243616866898,305.7024419125888,161.30244191258882,1.2006385761580063,2853.8027688116395,2670.2131926862367,1.0534260815692869
118,251017_mACmChPOLR2A_7SK,H21,HCT116 OsTIRF74G mAC/mCh-POLR2A Clone 1,10 µM 5PhIAA,60,HEXIM1 + HEXIM2 pool,pSer2 Pol II (3E10,Goat anti-mouse Alexa647,347,1.0,295.07117164788923,67.37117164788924,0.24083185052339962,297.7707345586256,153.37073455862557,1.1415997066217034,2890.517074541398,2706.9274984159947,1.067910246102804
119,251017_mACmChPOLR2A_7SK,H22,HCT116 OsTIRF74G mAC/mCh-POLR2A Clone 1,10 µM 5PhIAA,30,HEXIM1 + HEXIM2 pool,pSer2 Pol II (3E10,Goat anti-mouse Alexa647,181,0.5,330.27104614985853,102.57104614985855,0.3666609062923339,280.11963897145745,135.71963897145744,1.0102155439139195,2810.630799260505,2627.041223135102,1.0363943034167233
120,251017_mACmChPOLR2A_7SK,I03,HCT116 OsTIRF74G mAC/mCh-POLR2A Clone 1,Vehicle,480,LARP7 pool,pSer2 Pol II (3E10,Goat anti-mouse Alexa647,1126,0.0,510.18001874825177,282.4800187482518,1.0097818397248775,278.57689267796627,134.17689267796626,0.9987322663439864,3305.51597914358,3121.9264030181766,1.2316315066853079
121,251017_mACmChPOLR2A_7SK,I04,HCT116 OsTIRF74G mAC/mCh-POLR2A Clone 1,Vehicle,240,LARP7 pool,pSer2 Pol II (3E10,Goat anti-mouse Alexa647,1214,0.0,522.7581375926334,295.0581375926334,1.0547448641654738,288.1837032795437,143.7837032795437,1.0702395991861517,3305.499181027587,3121.9096049021837,1.231624879658838
122,251017_mACmChPOLR2A_7SK,I05,HCT116 OsTIRF74G mAC/mCh-POLR2A Clone 1,Vehicle,120,LARP7 pool,pSer2 Pol II (3E10,Goat anti-mouse Alexa647,976,0.0,518.5372911570632,290.83729115706325,1.0396565966915727,286.31643399147816,141.91643399147816,1.0563407671985898,3241.994734693683,3058.40515856828,1.2065717339972917
123,251017_mACmChPOLR2A_7SK,I06,HCT116 OsTIRF74G mAC/mCh-POLR2A Clone 1,Vehicle,60,LARP7 pool,pSer2 Pol II (3E10,Goat anti-mouse Alexa647,1175,0.0,539.3568879058804,311.6568879058804,1.1140804472722639,292.275466217632,147.875466217632,1.1006962269328335,3350.8505192184125,3167.2609430930097,1.2495164407578319
124,251017_mACmChPOLR2A_7SK,I07,HCT116 OsTIRF74G mAC/mCh-POLR2A Clone 1,Vehicle,30,LARP7 pool,pSer2 Pol II (3E10,Goat anti-mouse Alexa647,1070,0.0,552.8294105810562,325.1294105810562,1.1622406987228218,298.1903169669835,153.7903169669835,1.1447228262681177,3539.4327411244553,3355.8431649990525,1.3239140325382333
125,251017_mACmChPOLR2A_7SK,I08,HCT116 OsTIRF74G mAC/mCh-POLR2A Clone 1,10 µM 5PhIAA,480,LARP7 pool,pSer2 Pol II (3E10,Goat anti-mouse Alexa647,1067,8.0,270.21206935785716,42.51206935785717,0.15196797209556356,330.3618396353691,185.9618396353691,1.3841883341141643,3217.418338453974,3033.8287623285705,1.1968760973864012
126,251017_mACmChPOLR2A_7SK,I09,HCT116 OsTIRF74G mAC/mCh-POLR2A Clone 1,10 µM 5PhIAA,240,LARP7 pool,pSer2 Pol II (3E10,Goat anti-mouse Alexa647,1044,4.0,272.0167529213921,44.316752921392094,0.15841917773121464,318.31804018725035,173.91804018725034,1.2945415187934264,3364.7070229115584,3181.1174467861556,1.2549829714564675
127,251017_mACmChPOLR2A_7SK,I10,HCT116 OsTIRF74G mAC/mCh-POLR2A Clone 1,10 µM 5PhIAA,120,LARP7 pool,pSer2 Pol II (3E10,Goat anti-mouse Alexa647,1009,2.0,289.073510372052,61.37351037205201,0.2193919997898898,303.47753289781565,159.07753289781564,1.1840776886729552,3485.8101423705853,3302.2205662451825,1.3027593755829114
128,251017_mACmChPOLR2A_7SK,I11,HCT116 OsTIRF74G mAC/mCh-POLR2A Clone 1,10 µM 5PhIAA,60,LARP7 pool,pSer2 Pol II (3E10,Goat anti-mouse Alexa647,1429,1.0,330.000551424057,102.300551424057,0.3656939683012288,295.5158116173019,151.1158116173019,1.1248154134794828,3112.5226951399377,2928.933119014535,1.1554937063426243
129,251017_mACmChPOLR2A_7SK,I12,HCT116 OsTIRF74G mAC/mCh-POLR2A Clone 1,10 µM 5PhIAA,30,LARP7 pool,pSer2 Pol II (3E10,Goat anti-mouse Alexa647,1019,0.5,405.42911846775377,177.72911846775378,0.635328604884411,305.4790565191499,161.07905651914987,1.1989758293481447,3563.724543328673,3380.13496720327,1.3334973939268802
130,251017_mACmChPOLR2A_7SK,I13,HCT116 OsTIRF74G mAC/mCh-POLR2A Clone 1,Vehicle,480,Scrambled,pSer2 Pol II (3E10,Goat anti-mouse Alexa647,2537,0.0,525.0219681181937,297.32196811819375,1.0628373832861375,278.1762549286365,133.77625492863652,0.9957501593702365,2500.21042850809,2316.620852382687,0.9139303309905987
131,251017_mACmChPOLR2A_7SK,I14,HCT116 OsTIRF74G mAC/mCh-POLR2A Clone 1,Vehicle,240,Scrambled,pSer2 Pol II (3E10,Goat anti-mouse Alexa647,2391,0.0,529.9583344783082,302.2583344783082,1.0804834211431187,283.3837605820209,138.9837605820209,1.0345117063057898,2771.449138728985,2587.859562603582,1.0209367424863265
132,251017_mACmChPOLR2A_7SK,I15,HCT116 OsTIRF74G mAC/mCh-POLR2A Clone 1,Vehicle,120,Scrambled,pSer2 Pol II (3E10,Goat anti-mouse Alexa647,2663,0.0,513.9965650055304,286.29656500553045,1.023424854611904,279.582423958586,135.18242395858599,1.0062168377536358,2571.80873490845,2388.2191587830466,0.9421765862202988
133,251017_mACmChPOLR2A_7SK,I16,HCT116 OsTIRF74G mAC/mCh-POLR2A Clone 1,Vehicle,60,Scrambled,pSer2 Pol II (3E10,Goat anti-mouse Alexa647,2264,0.0,523.0786086922662,295.37860869226625,1.0558904527915294,284.9317988434834,140.53179884348341,1.0460343741094658,2926.6370205702437,2743.047444444841,1.08215992972952
134,251017_mACmChPOLR2A_7SK,I17,HCT116 OsTIRF74G mAC/mCh-POLR2A Clone 1,Vehicle,30,Scrambled,pSer2 Pol II (3E10,Goat anti-mouse Alexa647,2412,0.0,515.4637685199783,287.7637685199783,1.0286696696987734,279.1356176190214,134.73561761902138,1.0028910795010488,2802.2881376510436,2618.698561525641,1.0331030391262221
135,251017_mACmChPOLR2A_7SK,I18,HCT116 OsTIRF74G mAC/mCh-POLR2A Clone 1,10 µM 5PhIAA,480,Scrambled,pSer2 Pol II (3E10,Goat anti-mouse Alexa647,1933,8.0,270.4761030460568,42.77610304605679,0.15291181380373467,312.0403562728888,167.6403562728888,1.2478142071226364,2784.534735810057,2600.945159684654,1.026099142738061
136,251017_mACmChPOLR2A_7SK,I19,HCT116 OsTIRF74G mAC/mCh-POLR2A Clone 1,10 µM 5PhIAA,240,Scrambled,pSer2 Pol II (3E10,Goat anti-mouse Alexa647,2937,4.0,269.89839841027316,42.19839841027317,0.15084669198547587,296.09659058128966,151.69659058128966,1.1291383835481112,2486.1933950988378,2302.6038189734345,0.9084004696971338
137,251017_mACmChPOLR2A_7SK,I20,HCT116 OsTIRF74G mAC/mCh-POLR2A Clone 1,10 µM 5PhIAA,120,Scrambled,pSer2 Pol II (3E10,Goat anti-mouse Alexa647,2209,2.0,281.6257473170211,53.92574731702109,0.1927684675738058,289.30915260702403,144.90915260702403,1.078616768570954,2681.4149595012177,2497.8253833758145,0.9854173491693454
138,251017_mACmChPOLR2A_7SK,I21,HCT116 OsTIRF74G mAC/mCh-POLR2A Clone 1,10 µM 5PhIAA,60,Scrambled,pSer2 Pol II (3E10,Goat anti-mouse Alexa647,2072,1.0,319.84736728216495,92.14736728216496,0.32939936237725265,280.0793509136451,135.6793509136451,1.009915663789388,2658.4762946304772,2474.886718505074,0.9763678141294463
139,251017_mACmChPOLR2A_7SK,I22,HCT116 OsTIRF74G mAC/mCh-POLR2A Clone 1,10 µM 5PhIAA,30,Scrambled,pSer2 Pol II (3E10,Goat anti-mouse Alexa647,2027,0.5,362.3911179520528,134.69111795205282,0.48148058571688296,272.9541321933783,128.5541321933783,0.9568798116492734,2731.6758687223555,2548.0862925969523,1.0052457856409924
140,251017_mACmChPOLR2A_7SK,J03,HCT116 OsTIRF74G mAC/mCh-POLR2A Clone 1,10 µM 5PhIAA,480,HEXIM1 + HEXIM2 pool,pSer2 Pol II (3E10,Goat anti-mouse Alexa647,154,8.0,281.4956278840686,53.79562788406861,0.19230332939881928,303.5398048977712,159.1398048977712,1.1845412040697132,2820.292432541136,2636.7028564157326,1.0402059153570176
141,251017_mACmChPOLR2A_7SK,J04,HCT116 OsTIRF74G mAC/mCh-POLR2A Clone 1,10 µM 5PhIAA,240,HEXIM1 + HEXIM2 pool,pSer2 Pol II (3E10,Goat anti-mouse Alexa647,170,4.0,279.1405652169942,51.44056521699423,0.18388468257500581,301.2115725347226,156.81157253472261,1.1672112395869034,2792.9083208799134,2609.3187447545106,1.0294026066461066
142,251017_mACmChPOLR2A_7SK,J05,HCT116 OsTIRF74G mAC/mCh-POLR2A Clone 1,10 µM 5PhIAA,120,HEXIM1 + HEXIM2 pool,pSer2 Pol II (3E10,Goat anti-mouse Alexa647,261,2.0,276.20914813026735,48.50914813026736,0.17340574055300725,294.34514764582127,149.94514764582127,1.116101693419128,2913.555746125544,2729.9661700001407,1.0769992348015056
143,251017_mACmChPOLR2A_7SK,J06,HCT116 OsTIRF74G mAC/mCh-POLR2A Clone 1,10 µM 5PhIAA,60,HEXIM1 + HEXIM2 pool,pSer2 Pol II (3E10,Goat anti-mouse Alexa647,170,1.0,289.043377666107,61.34337766610702,0.21928428435083022,284.7374002878562,140.33740028785618,1.0445873879245824,2943.823443681866,2760.2338675564633,1.088940147280784
144,251017_mACmChPOLR2A_7SK,J07,HCT116 OsTIRF74G mAC/mCh-POLR2A Clone 1,10 µM 5PhIAA,30,HEXIM1 + HEXIM2 pool,pSer2 Pol II (3E10,Goat anti-mouse Alexa647,145,0.5,326.74548240235276,99.04548240235277,0.3540580671152505,294.1596055326401,149.7596055326401,1.114720629276851,2963.9373371732477,2780.347761047845,1.0968752814729765
145,251017_mACmChPOLR2A_7SK,J08,HCT116 OsTIRF74G mAC/mCh-POLR2A Clone 1,Vehicle,480,HEXIM1 + HEXIM2 pool,pSer2 Pol II (3E10,Goat anti-mouse Alexa647,458,0.0,569.3855580750901,341.6855580750901,1.2214239894538426,288.15601004699505,143.75601004699504,1.0700334673824285,2934.47204871688,2750.8824725914774,1.0852509274903366
146,251017_mACmChPOLR2A_7SK,J09,HCT116 OsTIRF74G mAC/mCh-POLR2A Clone 1,Vehicle,240,HEXIM1 + HEXIM2 pool,pSer2 Pol II (3E10,Goat anti-mouse Alexa647,186,0.0,559.1380092074347,331.43800920743473,1.1847920577720705,295.8018843169431,151.40188431694307,1.1269447669765675,2975.813564866273,2792.2239887408696,1.101560573282917
147,251017_mACmChPOLR2A_7SK,J10,HCT116 OsTIRF74G mAC/mCh-POLR2A Clone 1,Vehicle,120,HEXIM1 + HEXIM2 pool,pSer2 Pol II (3E10,Goat anti-mouse Alexa647,210,0.0,581.0794258346176,353.3794258346176,1.2632260799239607,299.27899254577505,154.87899254577505,1.1528262739364834,3069.169777509164,2885.580201383761,1.138390542344532
148,251017_mACmChPOLR2A_7SK,J11,HCT116 OsTIRF74G mAC/mCh-POLR2A Clone 1,Vehicle,60,HEXIM1 + HEXIM2 pool,pSer2 Pol II (3E10,Goat anti-mouse Alexa647,297,0.0,591.9497225877863,364.24972258778627,1.3020841496111921,303.29062686876864,158.89062686876863,1.1826864723594914,3280.743180232096,3097.153604106693,1.2218583872361544
149,251017_mACmChPOLR2A_7SK,J12,HCT116 OsTIRF74G mAC/mCh-POLR2A Clone 1,Vehicle,30,HEXIM1 + HEXIM2 pool,pSer2 Pol II (3E10,Goat anti-mouse Alexa647,275,0.0,602.5407823093113,374.84078230931135,1.3399440301706338,298.8192378645713,154.41923786457127,1.149404135999343,3242.0389496471994,3058.4493735217966,1.2065891772431558
150,251017_mACmChPOLR2A_7SK,J13,HCT116 OsTIRF74G mAC/mCh-POLR2A Clone 1,10 µM 5PhIAA,480,LARP7 pool,pSer2 Pol II (3E10,Goat anti-mouse Alexa647,888,8.0,279.758174406827,52.05817440682699,0.18609245127561652,345.1035526605841,200.7035526605841,1.4939167990205764,3487.0606566811716,3303.471080555769,1.3032527161123328
151,251017_mACmChPOLR2A_7SK,J15,HCT116 OsTIRF74G mAC/mCh-POLR2A Clone 1,10 µM 5PhIAA,120,LARP7 pool,pSer2 Pol II (3E10,Goat anti-mouse Alexa647,303,2.0,291.7085985431868,64.00859854318679,0.22881165429528377,308.9592126967625,164.5592126967625,1.2248800234096373,3299.547776921084,3115.9582007956806,1.2292769906120304
152,251017_mACmChPOLR2A_7SK,J16,HCT116 OsTIRF74G mAC/mCh-POLR2A Clone 1,10 µM 5PhIAA,60,LARP7 pool,pSer2 Pol II (3E10,Goat anti-mouse Alexa647,331,1.0,330.8166839144497,103.11668391444971,0.3686113986074851,299.2300089087479,154.83000890874789,1.152461669138701,3258.6405193746973,3075.0509432492945,1.213138664225633
153,251017_mACmChPOLR2A_7SK,J17,HCT116 OsTIRF74G mAC/mCh-POLR2A Clone 1,10 µM 5PhIAA,30,LARP7 pool,pSer2 Pol II (3E10,Goat anti-mouse Alexa647,493,0.5,394.7214419671116,167.02144196711163,0.5970518541113471,310.2484376436709,165.8484376436709,1.23447624021981,3722.46762446409,3538.878048338687,1.396123143209652
154,251017_mACmChPOLR2A_7SK,J18,HCT116 OsTIRF74G mAC/mCh-POLR2A Clone 1,Vehicle,480,LARP7 pool,pSer2 Pol II (3E10,Goat anti-mouse Alexa647,879,0.0,555.6404801611059,327.9404801611059,1.1722894342925647,296.1238590177159,151.7238590177159,1.1293413534244297,3392.701533806768,3209.1119576813653,1.2660270888320253
155,251017_mACmChPOLR2A_7SK,J19,HCT116 OsTIRF74G mAC/mCh-POLR2A Clone 1,Vehicle,240,LARP7 pool,pSer2 Pol II (3E10,Goat anti-mouse Alexa647,794,0.0,552.7787577910947,325.0787577910947,1.1620596301018935,301.701522521302,157.30152252130202,1.170858133256338,3634.1028668466856,3450.513290721283,1.3612623535840573
156,251017_mACmChPOLR2A_7SK,J20,HCT116 OsTIRF74G mAC/mCh-POLR2A Clone 1,Vehicle,120,LARP7 pool,pSer2 Pol II (3E10,Goat anti-mouse Alexa647,909,0.0,531.7306096195998,304.03060961959983,1.086818776332496,289.8654539204323,145.46545392043228,1.08275754169829,3378.0771363419403,3194.4875602165375,1.260257616282462
157,251017_mACmChPOLR2A_7SK,J21,HCT116 OsTIRF74G mAC/mCh-POLR2A Clone 1,Vehicle,60,LARP7 pool,pSer2 Pol II (3E10,Goat anti-mouse Alexa647,695,0.0,543.1837179034834,315.4837179034834,1.1277602234646384,294.78725880562666,150.38725880562666,1.1193925035712764,3575.368473957151,3391.7788978317476,1.338091042197969
158,251017_mACmChPOLR2A_7SK,J22,HCT116 OsTIRF74G mAC/mCh-POLR2A Clone 1,Vehicle,30,LARP7 pool,pSer2 Pol II (3E10,Goat anti-mouse Alexa647,641,0.0,540.8217628460072,313.12176284600724,1.1193169384002484,292.2651016969424,147.8651016969424,1.100619079660816,3688.434766239758,3504.8451901143553,1.3826968368075796
159,251017_mACmChPOLR2A_7SK,K03,HCT116 OsTIRF74G mAC/mCh-POLR2A Clone 1,10 µM 5PhIAA,480,Scrambled,pSer2 Pol II (3E10,Goat anti-mouse Alexa647,1657,8.0,261.7444501355088,34.04445013550884,0.1216987581726742,302.9818033339692,158.5818033339692,1.180387775298807,2840.233256139995,2656.643680014592,1.0480727717280922
160,251017_mACmChPOLR2A_7SK,K04,HCT116 OsTIRF74G mAC/mCh-POLR2A Clone 1,10 µM 5PhIAA,240,Scrambled,pSer2 Pol II (3E10,Goat anti-mouse Alexa647,1893,4.0,266.19219868210746,38.49219868210747,0.13759813303791255,285.49223480537216,141.09223480537216,1.0502059230787892,2383.2695749804793,2199.6799988550765,0.8677959828253007
161,251017_mACmChPOLR2A_7SK,K05,HCT116 OsTIRF74G mAC/mCh-POLR2A Clone 1,10 µM 5PhIAA,120,Scrambled,pSer2 Pol II (3E10,Goat anti-mouse Alexa647,2184,2.0,277.9077255510913,50.2077255510913,0.17947764836622263,281.5316023693012,137.1316023693012,1.0207253520945856,2598.548853139236,2414.9592770138333,0.9527258330166639
162,251017_mACmChPOLR2A_7SK,K06,HCT116 OsTIRF74G mAC/mCh-POLR2A Clone 1,10 µM 5PhIAA,60,Scrambled,pSer2 Pol II (3E10,Goat anti-mouse Alexa647,2626,1.0,314.45356752375903,86.75356752375905,0.3101181365146732,273.7131099549698,129.3131099549698,0.962529186625919,2502.543755204266,2318.9541790788626,0.914850851945744
163,251017_mACmChPOLR2A_7SK,K07,HCT116 OsTIRF74G mAC/mCh-POLR2A Clone 1,10 µM 5PhIAA,30,Scrambled,pSer2 Pol II (3E10,Goat anti-mouse Alexa647,2295,0.5,366.24966682052764,138.54966682052765,0.4952737474149826,277.9574332038583,133.55743320385827,0.9941213817711189,2642.571855762915,2458.982279637512,0.9700933523142983
164,251017_mACmChPOLR2A_7SK,K08,HCT116 OsTIRF74G mAC/mCh-POLR2A Clone 1,Vehicle,480,Scrambled,pSer2 Pol II (3E10,Goat anti-mouse Alexa647,2561,0.0,487.33372421441055,259.63372421441056,0.9281131488648752,266.31815371361034,121.91815371361034,0.9074855702547049,2355.40511527021,2171.815539144807,0.8568031719561038
165,251017_mACmChPOLR2A_7SK,K09,HCT116 OsTIRF74G mAC/mCh-POLR2A Clone 1,Vehicle,240,Scrambled,pSer2 Pol II (3E10,Goat anti-mouse Alexa647,1906,0.0,512.4016085639643,284.70160856396427,1.0177233609027823,278.1389660603832,133.7389660603832,0.9954726034128972,2752.6816843113425,2569.0921081859397,1.013532792111743
166,251017_mACmChPOLR2A_7SK,K10,HCT116 OsTIRF74G mAC/mCh-POLR2A Clone 1,Vehicle,120,Scrambled,pSer2 Pol II (3E10,Goat anti-mouse Alexa647,2231,0.0,513.4344798370803,285.7344798370803,1.0214155677320929,279.98360147819363,135.58360147819363,1.0092029624534054,2760.947228924843,2577.35765279944,1.0167936329682277
167,251017_mACmChPOLR2A_7SK,K11,HCT116 OsTIRF74G mAC/mCh-POLR2A Clone 1,Vehicle,60,Scrambled,pSer2 Pol II (3E10,Goat anti-mouse Alexa647,2376,0.0,512.2134868833713,284.5134868833713,1.017050881987059,278.6712793461297,134.27127934612972,0.9994348240581062,2788.7327867505114,2605.1432106251086,1.0277553162468072
168,251017_mACmChPOLR2A_7SK,K12,HCT116 OsTIRF74G mAC/mCh-POLR2A Clone 1,Vehicle,30,Scrambled,pSer2 Pol II (3E10,Goat anti-mouse Alexa647,2793,0.0,512.4200906900794,284.7200906900794,1.017789428992813,275.0969431138542,130.6969431138542,0.9728296101893983,2619.8752362716987,2436.2856601462954,0.9611393066219959
169,251017_mACmChPOLR2A_7SK,K13,HCT116 OsTIRF74G mAC/mCh-POLR2A Clone 1,10 µM 5PhIAA,480,HEXIM1 + HEXIM2 pool,pSer2 Pol II (3E10,Goat anti-mouse Alexa647,468,8.0,282.1979977643354,54.49799776433542,0.19481409229456678,325.3152910152161,180.91529101521607,1.3466248547398336,2842.9287989139025,2659.3392227884997,1.049136190585357
170,251017_mACmChPOLR2A_7SK,K14,HCT116 OsTIRF74G mAC/mCh-POLR2A Clone 1,10 µM 5PhIAA,240,HEXIM1 + HEXIM2 pool,pSer2 Pol II (3E10,Goat anti-mouse Alexa647,703,4.0,282.51271177384115,54.81271177384116,0.19593910104001405,313.38332911860203,168.98332911860203,1.2578104910361172,2860.9459060819772,2677.356329956574,1.0562441213892584
171,251017_mACmChPOLR2A_7SK,K15,HCT116 OsTIRF74G mAC/mCh-POLR2A Clone 1,10 µM 5PhIAA,120,HEXIM1 + HEXIM2 pool,pSer2 Pol II (3E10,Goat anti-mouse Alexa647,436,2.0,289.4399921955598,61.73999219555981,0.22070206303474266,312.912175145743,168.512175145743,1.2543035036128813,3013.0314636150183,2829.4418874896155,1.1162434103502046
172,251017_mACmChPOLR2A_7SK,K16,HCT116 OsTIRF74G mAC/mCh-POLR2A Clone 1,10 µM 5PhIAA,60,HEXIM1 + HEXIM2 pool,pSer2 Pol II (3E10,Goat anti-mouse Alexa647,295,1.0,299.6966322155415,71.99663221554152,0.25736649287536495,296.2498644119939,151.84986441199388,1.130279261960595,2865.297662794959,2681.708086669556,1.0579609333781497
173,251017_mACmChPOLR2A_7SK,K17,HCT116 OsTIRF74G mAC/mCh-POLR2A Clone 1,10 µM 5PhIAA,30,HEXIM1 + HEXIM2 pool,pSer2 Pol II (3E10,Goat anti-mouse Alexa647,371,0.5,335.2308863847864,107.53088638478641,0.38439085625254826,301.68584541551115,157.28584541551115,1.1707414422890354,3047.535369067098,2863.945792941695,1.1298555496425942
174,251017_mACmChPOLR2A_7SK,K18,HCT116 OsTIRF74G mAC/mCh-POLR2A Clone 1,Vehicle,480,HEXIM1 + HEXIM2 pool,pSer2 Pol II (3E10,Goat anti-mouse Alexa647,629,0.0,556.3946308816044,328.6946308816044,1.1749852982526046,284.98993273250414,140.58993273250414,1.0464670878918039,2781.545666298541,2597.9560901731384,1.024919924617321
175,251017_mACmChPOLR2A_7SK,K19,HCT116 OsTIRF74G mAC/mCh-POLR2A Clone 1,Vehicle,240,HEXIM1 + HEXIM2 pool,pSer2 Pol II (3E10,Goat anti-mouse Alexa647,383,0.0,571.4642577613171,343.7642577613171,1.2288547210245044,294.24814052208376,149.84814052208375,1.1153796306063124,2967.4774539062646,2783.8878777808613,1.098271893289806
176,251017_mACmChPOLR2A_7SK,K20,HCT116 OsTIRF74G mAC/mCh-POLR2A Clone 1,Vehicle,120,HEXIM1 + HEXIM2 pool,pSer2 Pol II (3E10,Goat anti-mouse Alexa647,588,0.0,521.6377303051509,293.93773030515086,1.0507397421854887,283.70742990836186,139.30742990836185,1.036920906529396,2842.1905469787876,2658.6009708533848,1.048844942738425
177,251017_mACmChPOLR2A_7SK,K21,HCT116 OsTIRF74G mAC/mCh-POLR2A Clone 1,Vehicle,60,HEXIM1 + HEXIM2 pool,pSer2 Pol II (3E10,Goat anti-mouse Alexa647,279,0.0,527.04366220264,299.34366220264,1.0700643368278409,283.61848004545664,139.21848004545663,1.036258817130862,2904.2797564652537,2720.6901803398505,1.0733397631655772
178,251017_mACmChPOLR2A_7SK,K22,HCT116 OsTIRF74G mAC/mCh-POLR2A Clone 1,Vehicle,30,HEXIM1 + HEXIM2 pool,pSer2 Pol II (3E10,Goat anti-mouse Alexa647,250,0.0,549.9002888139489,322.20028881394893,1.151769961784066,278.0090792639488,133.60907926394881,0.9945058040484015,2772.0835499664913,2588.4939738410885,1.0211870241289536
179,251017_mACmChPOLR2A_7SK,L03,HCT116 OsTIRF74G mAC/mCh-POLR2A Clone 1,10 µM 5PhIAA,480,LARP7 pool,pSer2 Pol II (3E10,Goat anti-mouse Alexa647,716,8.0,267.8025087780109,40.10250877801093,0.14335451148327827,326.547861906974,182.147861906974,1.3557993727629147,3480.2455580365036,3296.6559819111008,1.3005640908443485
180,251017_mACmChPOLR2A_7SK,L04,HCT116 OsTIRF74G mAC/mCh-POLR2A Clone 1,10 µM 5PhIAA,240,LARP7 pool,pSer2 Pol II (3E10,Goat anti-mouse Alexa647,871,4.0,271.82615103040916,44.126151030409176,0.1577378328028737,311.6149858100857,167.21498581008572,1.2446480046724817,3299.5528091111414,3115.9632329857386,1.2292789758618485
181,251017_mACmChPOLR2A_7SK,L05,HCT116 OsTIRF74G mAC/mCh-POLR2A Clone 1,10 µM 5PhIAA,120,LARP7 pool,pSer2 Pol II (3E10,Goat anti-mouse Alexa647,814,2.0,284.99687832984847,57.29687832984848,0.20481925577174978,307.11380018848456,162.71380018848456,1.2111438801740395,3287.8390733335073,3104.249497208104,1.2246577887541785
182,251017_mACmChPOLR2A_7SK,L06,HCT116 OsTIRF74G mAC/mCh-POLR2A Clone 1,10 µM 5PhIAA,60,LARP7 pool,pSer2 Pol II (3E10,Goat anti-mouse Alexa647,1178,1.0,322.71137458201525,95.01137458201526,0.3396373345107992,286.18724972792796,141.78724972792796,1.055379197067277,3095.172537018172,2911.582960892769,1.1486488936756503
183,251017_mACmChPOLR2A_7SK,L07,HCT116 OsTIRF74G mAC/mCh-POLR2A Clone 1,10 µM 5PhIAA,30,LARP7 pool,pSer2 Pol II (3E10,Goat anti-mouse Alexa647,730,0.5,382.33391768999905,154.63391768999907,0.5527701484189982,296.8871810620739,152.48718106207392,1.1350230646348816,3492.5894093053494,3308.999833179946,1.305433864879332
184,251017_mACmChPOLR2A_7SK,L08,HCT116 OsTIRF74G mAC/mCh-POLR2A Clone 1,Vehicle,480,LARP7 pool,pSer2 Pol II (3E10,Goat anti-mouse Alexa647,1217,0.0,536.9714893629375,309.27148936293753,1.1055533587374935,286.049501776794,141.64950177679398,1.0543538839848638,3035.4352844656473,2851.8457083402445,1.1250819440206625
185,251017_mACmChPOLR2A_7SK,L09,HCT116 OsTIRF74G mAC/mCh-POLR2A Clone 1,Vehicle,240,LARP7 pool,pSer2 Pol II (3E10,Goat anti-mouse Alexa647,850,0.0,551.3686668517038,323.6686668517038,1.1570189754415492,294.0798260463471,149.67982604634707,1.1141267986584564,3311.9421515177723,3128.3525753923695,1.2341666966102836
186,251017_mACmChPOLR2A_7SK,L10,HCT116 OsTIRF74G mAC/mCh-POLR2A Clone 1,Vehicle,120,LARP7 pool,pSer2 Pol II (3E10,Goat anti-mouse Alexa647,983,0.0,544.0512395794356,316.35123957943557,1.130861354786514,293.4027876413627,149.0027876413627,1.1090873310786338,3456.949920029526,3273.3603439041226,1.2913737262957186
187,251017_mACmChPOLR2A_7SK,L11,HCT116 OsTIRF74G mAC/mCh-POLR2A Clone 1,Vehicle,60,LARP7 pool,pSer2 Pol II (3E10,Goat anti-mouse Alexa647,701,0.0,568.8140789444635,341.11407894446353,1.2193811219602562,302.02495809361784,157.62495809361783,1.1732655935552623,3660.783927759761,3477.194351634358,1.3717883016719317
188,251017_mACmChPOLR2A_7SK,L12,HCT116 OsTIRF74G mAC/mCh-POLR2A Clone 1,Vehicle,30,LARP7 pool,pSer2 Pol II (3E10,Goat anti-mouse Alexa647,1024,0.0,569.0103634562745,341.3103634562745,1.2200827805636656,300.3474138008034,155.9474138008034,1.1607789605738583,3566.5174403719457,3382.9278642465424,1.3345992200269756
189,251017_mACmChPOLR2A_7SK,L13,HCT116 OsTIRF74G mAC/mCh-POLR2A Clone 1,10 µM 5PhIAA,480,Scrambled,pSer2 Pol II (3E10,Goat anti-mouse Alexa647,1949,8.0,273.34376123669756,45.64376123669757,0.1631628367832681,317.0934339912931,172.69343399129312,1.285426285186082,2759.3046923436136,2575.715116218211,1.016145635692453
190,251017_mACmChPOLR2A_7SK,L14,HCT116 OsTIRF74G mAC/mCh-POLR2A Clone 1,10 µM 5PhIAA,240,Scrambled,pSer2 Pol II (3E10,Goat anti-mouse Alexa647,2533,4.0,279.6055931676612,51.90559316766121,0.18554701884087274,298.24516122387564,153.84516122387564,1.1451310540030772,2536.1673383736584,2352.5777622482556,0.9281156952037537
191,251017_mACmChPOLR2A_7SK,L15,HCT116 OsTIRF74G mAC/mCh-POLR2A Clone 1,10 µM 5PhIAA,120,Scrambled,pSer2 Pol II (3E10,Goat anti-mouse Alexa647,1974,2.0,286.4298385656704,58.729838565670434,0.20994166134787814,293.86587839245465,149.46587839245464,1.1125343007179669,2731.2985609908174,2547.708984865414,1.0050969339289761
192,251017_mACmChPOLR2A_7SK,L16,HCT116 OsTIRF74G mAC/mCh-POLR2A Clone 1,10 µM 5PhIAA,60,Scrambled,pSer2 Pol II (3E10,Goat anti-mouse Alexa647,2658,1.0,325.1290654475144,97.4290654475144,0.34827985847007964,281.86095947046783,137.46095947046783,1.023176888700625,2540.5389611902096,2356.949385064807,0.9298403445712096
193,251017_mACmChPOLR2A_7SK,L17,HCT116 OsTIRF74G mAC/mCh-POLR2A Clone 1,10 µM 5PhIAA,30,Scrambled,pSer2 Pol II (3E10,Goat anti-mouse Alexa647,2213,0.5,381.0237864961157,153.3237864961157,0.5480868200437635,289.25615546997494,144.85615546997494,1.0782222896876055,2853.303464912674,2669.7138887872707,1.0532291011366979
194,251017_mACmChPOLR2A_7SK,L18,HCT116 OsTIRF74G mAC/mCh-POLR2A Clone 1,Vehicle,480,Scrambled,pSer2 Pol II (3E10,Goat anti-mouse Alexa647,2554,0.0,517.4692111921702,289.7692111921702,1.035838529287364,275.2904858560418,130.8904858560418,0.9742702262126312,2487.34801298678,2303.758436861377,0.9088559781189844
195,251017_mACmChPOLR2A_7SK,L19,HCT116 OsTIRF74G mAC/mCh-POLR2A Clone 1,Vehicle,240,Scrambled,pSer2 Pol II (3E10,Goat anti-mouse Alexa647,2181,0.0,500.88575041241,273.18575041241,0.9765576017038968,275.9385581014707,131.53855810147067,0.9790940870840052,2634.7643136228526,2451.1747374974493,0.967013198060765
196,251017_mACmChPOLR2A_7SK,L20,HCT116 OsTIRF74G mAC/mCh-POLR2A Clone 1,Vehicle,120,Scrambled,pSer2 Pol II (3E10,Goat anti-mouse Alexa647,2275,0.0,493.87477119947346,266.17477119947347,0.9514954414871017,269.07455422031825,124.67455422031824,0.928002561445008,2475.6520958866918,2292.062519761289,0.9042418206596281
197,251017_mACmChPOLR2A_7SK,L21,HCT116 OsTIRF74G mAC/mCh-POLR2A Clone 1,Vehicle,60,Scrambled,pSer2 Pol II (3E10,Goat anti-mouse Alexa647,1916,0.0,506.0596177758912,278.3596177758912,0.9950526348320439,277.3379014380655,132.9379014380655,0.9895099591023339,2819.7785573844067,2636.1889812590034,1.0400031864160284
198,251017_mACmChPOLR2A_7SK,L22,HCT116 OsTIRF74G mAC/mCh-POLR2A Clone 1,Vehicle,30,Scrambled,pSer2 Pol II (3E10,Goat anti-mouse Alexa647,1915,0.0,499.7004388597909,272.0004388597909,0.9723204663286065,271.2464839987764,126.84648399877639,0.9441691032890324,2788.278276271701,2604.6887001462983,1.0275760072710156
21,251103_mACmChPOLR2A_7SK,D04,HCT116 OsTIRF74G mAC/mCh-POLR2A Clone 1,10 µM 5PhIAA,480,HEXIM1 + HEXIM2 pool,pSer2 Pol II (3E10,Goat anti-mouse Alexa647,277,8.0,289.8520115050581,53.05201150505809,0.1690749956083285,369.7998065716493,217.3998065716493,1.2583116400512093,3046.939675744018,2867.049166663136,1.1650111106899936
22,251103_mACmChPOLR2A_7SK,D05,HCT116 OsTIRF74G mAC/mCh-POLR2A Clone 1,10 µM 5PhIAA,480,LARP7 pool,pSer2 Pol II (3E10,Goat anti-mouse Alexa647,1466,8.0,282.48516901144274,45.685169011442724,0.1455971136785074,384.87867922741583,232.47867922741582,1.3455882631578062,3174.247781824711,2994.357272743829,1.2167421238129834
23,251103_mACmChPOLR2A_7SK,D06,HCT116 OsTIRF74G mAC/mCh-POLR2A Clone 1,10 µM 5PhIAA,480,Scrambled,pSer2 Pol II (3E10,Goat anti-mouse Alexa647,2735,8.0,279.86500845345904,43.06500845345903,0.13724674915383764,363.61395944525697,211.21395944525696,1.2225079125067164,2428.4031819309926,2248.5126728501104,0.9136718954305315
24,251103_mACmChPOLR2A_7SK,D07,HCT116 OsTIRF74G mAC/mCh-POLR2A Clone 1,Vehicle,480,HEXIM1 + HEXIM2 pool,pSer2 Pol II (3E10,Goat anti-mouse Alexa647,1098,0.0,550.9889228546388,314.18892285463875,1.001309643966446,323.83864456936595,171.43864456936595,0.9922881046590926,2755.895761414862,2576.00525233398,1.0467468695898645
25,251103_mACmChPOLR2A_7SK,D08,HCT116 OsTIRF74G mAC/mCh-POLR2A Clone 1,Vehicle,480,LARP7 pool,pSer2 Pol II (3E10,Goat anti-mouse Alexa647,1607,0.0,580.985960140036,344.185960140036,1.096909203783473,342.34421497420044,189.94421497420043,1.09939847892024,3015.7395244385725,2835.8490153576904,1.1523330850221052
26,251103_mACmChPOLR2A_7SK,D09,HCT116 OsTIRF74G mAC/mCh-POLR2A Clone 1,Vehicle,480,Scrambled,pSer2 Pol II (3E10,Goat anti-mouse Alexa647,2849,0.0,547.2725346009914,310.4725346009914,0.9894656382475608,318.7604418400547,166.36044184005468,0.9628954308310861,2555.533079129964,2375.6425700490818,0.9653304942644175
27,251103_mACmChPOLR2A_7SK,D10,HCT116 OsTIRF74G mAC/mCh-POLR2A Clone 1,10 µM 5PhIAA,480,HEXIM1 + HEXIM2 pool,pSer2 Pol II (3E10,Goat anti-mouse Alexa647,617,8.0,287.7005247122943,50.90052471229427,0.16221827878048048,368.6463760484811,216.2463760484811,1.2516355759084634,2899.0488371485853,2719.158328067703,1.1049164070008106
28,251103_mACmChPOLR2A_7SK,D11,HCT116 OsTIRF74G mAC/mCh-POLR2A Clone 1,10 µM 5PhIAA,480,LARP7 pool,pSer2 Pol II (3E10,Goat anti-mouse Alexa647,2396,8.0,284.42690967173263,47.62690967173262,0.1517853765604855,374.7703889506263,222.37038895062628,1.2870814065194183,2779.5630439911574,2599.6725349102753,1.056363951669177
29,251103_mACmChPOLR2A_7SK,D12,HCT116 OsTIRF74G mAC/mCh-POLR2A Clone 1,10 µM 5PhIAA,480,Scrambled,pSer2 Pol II (3E10,Goat anti-mouse Alexa647,2130,8.0,284.01690591058514,47.216905910585126,0.15047870821467166,369.6853823493859,217.2853823493859,1.2576493518318757,2685.778506962845,2505.8879978819627,1.0182550734122806
30,251103_mACmChPOLR2A_7SK,D13,HCT116 OsTIRF74G mAC/mCh-POLR2A Clone 1,Vehicle,480,HEXIM1 + HEXIM2 pool,pSer2 Pol II (3E10,Goat anti-mouse Alexa647,1662,0.0,539.8316949031145,303.03169490311444,0.9657519296896698,325.87347356071894,173.47347356071893,1.0040657094587973,2807.979004717509,2628.0884956366267,1.067910635399634
31,251103_mACmChPOLR2A_7SK,D14,HCT116 OsTIRF74G mAC/mCh-POLR2A Clone 1,Vehicle,480,LARP7 pool,pSer2 Pol II (3E10,Goat anti-mouse Alexa647,1391,0.0,602.5255980672707,365.7255980672707,1.1655553132265613,353.085486721593,200.68548672159298,1.161569036851453,3334.484604310472,3154.59409522959,1.2818535563995546
32,251103_mACmChPOLR2A_7SK,D15,HCT116 OsTIRF74G mAC/mCh-POLR2A Clone 1,Vehicle,480,Scrambled,pSer2 Pol II (3E10,Goat anti-mouse Alexa647,2633,0.0,545.8918509413618,309.09185094136177,0.9850654453601315,324.7446431491402,172.34464314914018,0.9975320309384108,2582.317000957436,2402.426491876554,0.976214007138797
33,251103_mACmChPOLR2A_7SK,D16,HCT116 OsTIRF74G mAC/mCh-POLR2A Clone 1,10 µM 5PhIAA,480,HEXIM1 + HEXIM2 pool,pSer2 Pol II (3E10,Goat anti-mouse Alexa647,488,8.0,286.77083758188274,49.97083758188273,0.15925539682686285,369.2527013499803,216.85270134998032,1.255144991103286,2888.7049785221416,2708.8144694412595,1.1007132317056905
34,251103_mACmChPOLR2A_7SK,D17,HCT116 OsTIRF74G mAC/mCh-POLR2A Clone 1,10 µM 5PhIAA,480,LARP7 pool,pSer2 Pol II (3E10,Goat anti-mouse Alexa647,1802,8.0,281.35861489041747,44.55861489041746,0.1420068231756349,379.61447784782587,227.21447784782586,1.3151190278076423,2969.973779982743,2790.083270901861,1.133736403318842
35,251103_mACmChPOLR2A_7SK,D18,HCT116 OsTIRF74G mAC/mCh-POLR2A Clone 1,10 µM 5PhIAA,480,Scrambled,pSer2 Pol II (3E10,Goat anti-mouse Alexa647,2077,8.0,278.62402198508244,41.824021985082425,0.1332917665671592,368.2924926967816,215.8924926967816,1.2495872965300865,2720.6068011775014,2540.7162920966193,1.032407376832204
36,251103_mACmChPOLR2A_7SK,D19,HCT116 OsTIRF74G mAC/mCh-POLR2A Clone 1,Vehicle,480,HEXIM1 + HEXIM2 pool,pSer2 Pol II (3E10,Goat anti-mouse Alexa647,943,0.0,561.4824184459023,324.68241844590233,1.0347520652936704,332.65279222191964,180.25279222191963,1.0433044545042938,2823.4669521089395,2643.5764430280574,1.074204085474576
37,251103_mACmChPOLR2A_7SK,D20,HCT116 OsTIRF74G mAC/mCh-POLR2A Clone 1,Vehicle,480,LARP7 pool,pSer2 Pol II (3E10,Goat anti-mouse Alexa647,1344,0.0,599.5112986551355,362.7112986551355,1.155948841286843,351.85383719774717,199.45383719774716,1.154440240571646,3357.0838990832917,3177.1933900024096,1.2910366669685078
38,251103_mACmChPOLR2A_7SK,D21,HCT116 OsTIRF74G mAC/mCh-POLR2A Clone 1,Vehicle,480,Scrambled,pSer2 Pol II (3E10,Goat anti-mouse Alexa647,2354,0.0,553.7183557847565,316.91835578475644,1.010008255905578,328.3674657890927,175.9674657890927,1.0185009543683905,2918.6759646603714,2738.7854555794893,1.1128917922463915
41,251103_mACmChPOLR2A_7SK,E04,HCT116 OsTIRF74G mAC/mCh-POLR2A Clone 1,10 µM 5PhIAA,240,HEXIM1 + HEXIM2 pool,pSer2 Pol II (3E10,Goat anti-mouse Alexa647,464,4.0,287.7459121747397,50.9459121747397,0.1623629271132379,365.7498146816929,213.3498146816929,1.234870257937718,2982.770869767337,2802.880360686455,1.1389364368435204
42,251103_mACmChPOLR2A_7SK,E05,HCT116 OsTIRF74G mAC/mCh-POLR2A Clone 1,10 µM 5PhIAA,240,LARP7 pool,pSer2 Pol II (3E10,Goat anti-mouse Alexa647,1113,4.0,288.5892656087325,51.78926560873248,0.16505066644872007,388.7306375295799,236.3306375295799,1.3678834254444734,3316.327398391465,3136.436889310583,1.2744754664523392
43,251103_mACmChPOLR2A_7SK,E06,HCT116 OsTIRF74G mAC/mCh-POLR2A Clone 1,10 µM 5PhIAA,240,Scrambled,pSer2 Pol II (3E10,Goat anti-mouse Alexa647,2335,4.0,280.7891146050133,43.9891146050133,0.14019184471351817,357.10542726209155,204.70542726209155,1.1848364815386956,2642.172513145687,2462.282004064805,1.0005359955951414
44,251103_mACmChPOLR2A_7SK,E07,HCT116 OsTIRF74G mAC/mCh-POLR2A Clone 1,Vehicle,240,HEXIM1 + HEXIM2 pool,pSer2 Pol II (3E10,Goat anti-mouse Alexa647,311,0.0,605.2652472721866,368.46524727218656,1.1742864840935763,350.04409794152406,197.64409794152405,1.1439654567736548,3184.7199666356005,3004.8294575547184,1.2209974438122857
45,251103_mACmChPOLR2A_7SK,E08,HCT116 OsTIRF74G mAC/mCh-POLR2A Clone 1,Vehicle,240,LARP7 pool,pSer2 Pol II (3E10,Goat anti-mouse Alexa647,1451,0.0,583.4437475467116,346.6437475467116,1.1047420904771332,347.20363018038523,194.80363018038523,1.1275248089948204,3113.7112699344875,2933.8207608536054,1.1921434145286882
46,251103_mACmChPOLR2A_7SK,E09,HCT116 OsTIRF74G mAC/mCh-POLR2A Clone 1,Vehicle,240,Scrambled,pSer2 Pol II (3E10,Goat anti-mouse Alexa647,1882,0.0,558.5655659722261,321.76556597222606,1.0254561535047282,335.7708018191182,183.3708018191182,1.061351516421312,2771.700420679674,2591.809911598792,1.0531690139528804
47,251103_mACmChPOLR2A_7SK,E10,HCT116 OsTIRF74G mAC/mCh-POLR2A Clone 1,10 µM 5PhIAA,240,HEXIM1 + HEXIM2 pool,pSer2 Pol II (3E10,Goat anti-mouse Alexa647,430,4.0,287.45890889652935,50.65890889652934,0.1614482572142772,364.7454193366691,212.3454193366691,1.2290568104752422,2916.346913441436,2736.4564043605537,1.1119453939149726
48,251103_mACmChPOLR2A_7SK,E11,HCT116 OsTIRF74G mAC/mCh-POLR2A Clone 1,10 µM 5PhIAA,240,LARP7 pool,pSer2 Pol II (3E10,Goat anti-mouse Alexa647,886,4.0,288.8824984186753,52.0824984186753,0.16598518965805348,389.982104284623,237.582104284623,1.3751269240006179,3519.320539296935,3339.4300302160527,1.3569607155016166
49,251103_mACmChPOLR2A_7SK,E12,HCT116 OsTIRF74G mAC/mCh-POLR2A Clone 1,10 µM 5PhIAA,240,Scrambled,pSer2 Pol II (3E10,Goat anti-mouse Alexa647,2182,4.0,285.13240165129656,48.33240165129655,0.15403375602739997,357.32853438443914,204.92853438443913,1.186127827163402,2623.9835877491055,2444.0930786682234,0.9931450165966225
50,251103_mACmChPOLR2A_7SK,E13,HCT116 OsTIRF74G mAC/mCh-POLR2A Clone 1,Vehicle,240,HEXIM1 + HEXIM2 pool,pSer2 Pol II (3E10,Goat anti-mouse Alexa647,232,0.0,606.5983970288348,369.7983970288348,1.1785351880136727,348.5294666401717,196.12946664017167,1.1351987599355438,3111.973301983465,2932.0827929025827,1.191437199931287
51,251103_mACmChPOLR2A_7SK,E14,HCT116 OsTIRF74G mAC/mCh-POLR2A Clone 1,Vehicle,240,LARP7 pool,pSer2 Pol II (3E10,Goat anti-mouse Alexa647,1049,0.0,604.5113394525571,367.71133945255707,1.171883804955184,355.3253334391264,202.92533343912638,1.174533285721076,3430.0105142512257,3250.1200051703436,1.3206700328429197
52,251103_mACmChPOLR2A_7SK,E15,HCT116 OsTIRF74G mAC/mCh-POLR2A Clone 1,Vehicle,240,Scrambled,pSer2 Pol II (3E10,Goat anti-mouse Alexa647,1783,0.0,558.5546658462065,321.7546658462065,1.0254214151657548,337.76671288093263,185.36671288093262,1.0729038639656523,2838.991728437644,2659.1012193567617,1.0805125008042538
53,251103_mACmChPOLR2A_7SK,E16,HCT116 OsTIRF74G mAC/mCh-POLR2A Clone 1,10 µM 5PhIAA,240,HEXIM1 + HEXIM2 pool,pSer2 Pol II (3E10,Goat anti-mouse Alexa647,366,4.0,290.0494034859261,53.24940348592611,0.1697040772840572,357.8475293597273,205.44752935972727,1.1891317738036116,2817.8959191637946,2638.0054100829125,1.071940324059327
54,251103_mACmChPOLR2A_7SK,E17,HCT116 OsTIRF74G mAC/mCh-POLR2A Clone 1,10 µM 5PhIAA,240,LARP7 pool,pSer2 Pol II (3E10,Goat anti-mouse Alexa647,801,4.0,285.3076408030975,48.5076408030975,0.154592237373924,379.9161351874305,227.51613518743048,1.3168650226533474,3474.984717685107,3295.094208604225,1.3389450758049088
55,251103_mACmChPOLR2A_7SK,E18,HCT116 OsTIRF74G mAC/mCh-POLR2A Clone 1,10 µM 5PhIAA,240,Scrambled,pSer2 Pol II (3E10,Goat anti-mouse Alexa647,1717,4.0,280.7774358958352,43.977435895835185,0.1401546250559221,357.292590595256,204.892590595256,1.1859197842537512,2762.871717163651,2582.9812080827687,1.049581514370121
56,251103_mACmChPOLR2A_7SK,E19,HCT116 OsTIRF74G mAC/mCh-POLR2A Clone 1,Vehicle,240,HEXIM1 + HEXIM2 pool,pSer2 Pol II (3E10,Goat anti-mouse Alexa647,253,0.0,601.3196172730127,364.51961727301267,1.161711892558648,342.33030860986946,189.93030860986946,1.0993179887837288,3024.286472774861,2844.395963693979,1.1558060947946787
57,251103_mACmChPOLR2A_7SK,E20,HCT116 OsTIRF74G mAC/mCh-POLR2A Clone 1,Vehicle,240,LARP7 pool,pSer2 Pol II (3E10,Goat anti-mouse Alexa647,1137,0.0,608.1352423779819,371.33524237798184,1.183433063010042,353.1490093760648,200.74900937606478,1.1619367064312438,3449.319374739682,3269.4288656588,1.3285160918730117
58,251103_mACmChPOLR2A_7SK,E21,HCT116 OsTIRF74G mAC/mCh-POLR2A Clone 1,Vehicle,240,Scrambled,pSer2 Pol II (3E10,Goat anti-mouse Alexa647,2286,0.0,556.7643545185771,319.96435451857707,1.0197157525288607,337.261961370749,184.86196137074901,1.0699823586036494,2805.0624673158995,2625.1719582350174,1.0667255149918202
61,251103_mACmChPOLR2A_7SK,F04,HCT116 OsTIRF74G mAC/mCh-POLR2A Clone 1,10 µM 5PhIAA,120,HEXIM1 + HEXIM2 pool,pSer2 Pol II (3E10,Goat anti-mouse Alexa647,283,2.0,298.34946169117427,61.54946169117426,0.19615608663845094,358.5885670162952,206.1885670162952,1.193420905075991,2988.3487124207227,2808.4582033398406,1.141202965349705
62,251103_mACmChPOLR2A_7SK,F05,HCT116 OsTIRF74G mAC/mCh-POLR2A Clone 1,10 µM 5PhIAA,120,LARP7 pool,pSer2 Pol II (3E10,Goat anti-mouse Alexa647,1972,2.0,307.2603846650414,70.46038466504137,0.22455490168675676,353.8067889789285,201.40678897892852,1.1657439394914946,2798.6908109644023,2618.80030188352,1.0641364242537523
63,251103_mACmChPOLR2A_7SK,F06,HCT116 OsTIRF74G mAC/mCh-POLR2A Clone 1,10 µM 5PhIAA,120,Scrambled,pSer2 Pol II (3E10,Goat anti-mouse Alexa647,2678,2.0,290.1446430049766,53.344643004976604,0.17000760246262026,340.26541649364754,187.86541649364753,1.0873663784016114,2456.6929649975973,2276.802455916715,0.9251673074990879
64,251103_mACmChPOLR2A_7SK,F07,HCT116 OsTIRF74G mAC/mCh-POLR2A Clone 1,Vehicle,120,HEXIM1 + HEXIM2 pool,pSer2 Pol II (3E10,Goat anti-mouse Alexa647,451,0.0,557.3829137117827,320.58291371178274,1.0216870800979345,344.46895020857653,192.06895020857652,1.1116964616995448,3014.811155155358,2834.920646074476,1.1519558468001925
65,251103_mACmChPOLR2A_7SK,F08,HCT116 OsTIRF74G mAC/mCh-POLR2A Clone 1,Vehicle,120,LARP7 pool,pSer2 Pol II (3E10,Goat anti-mouse Alexa647,1110,0.0,593.4536347709884,356.6536347709884,1.1366432680285838,348.257709079703,195.85770907970297,1.1336258252259768,3332.0575450693646,3152.1670359884824,1.2808673329977829
66,251103_mACmChPOLR2A_7SK,F09,HCT116 OsTIRF74G mAC/mCh-POLR2A Clone 1,Vehicle,120,Scrambled,pSer2 Pol II (3E10,Goat anti-mouse Alexa647,1903,0.0,546.9756473979756,310.17564739797564,0.9885194686090868,335.6260325465138,183.22603254651378,1.0605135908329106,2754.435287309897,2574.544778229015,1.0461534132309909
67,251103_mACmChPOLR2A_7SK,F10,HCT116 OsTIRF74G mAC/mCh-POLR2A Clone 1,10 µM 5PhIAA,120,HEXIM1 + HEXIM2 pool,pSer2 Pol II (3E10,Goat anti-mouse Alexa647,388,2.0,291.69642183209123,54.89642183209122,0.17495306995643028,357.1600315477058,204.76003154770578,1.185152531535559,2882.8083914940457,2702.9178824131636,1.0983171830146674
68,251103_mACmChPOLR2A_7SK,F11,HCT116 OsTIRF74G mAC/mCh-POLR2A Clone 1,10 µM 5PhIAA,120,LARP7 pool,pSer2 Pol II (3E10,Goat anti-mouse Alexa647,1167,2.0,298.3064291298062,61.50642912980618,0.1960189432970787,363.4116268439395,211.01162684393947,1.2213368099587676,3267.5853791448903,3087.6948700640082,1.2546693903515183
69,251103_mACmChPOLR2A_7SK,F12,HCT116 OsTIRF74G mAC/mCh-POLR2A Clone 1,10 µM 5PhIAA,120,Scrambled,pSer2 Pol II (3E10,Goat anti-mouse Alexa647,2330,2.0,294.3473646350524,57.54736463505236,0.1834015364717075,348.05479058753275,195.65479058753274,1.1324513315375693,2618.3516891142103,2438.461180033328,0.9908565227123096
70,251103_mACmChPOLR2A_7SK,F13,HCT116 OsTIRF74G mAC/mCh-POLR2A Clone 1,Vehicle,120,HEXIM1 + HEXIM2 pool,pSer2 Pol II (3E10,Goat anti-mouse Alexa647,723,0.0,550.9823638801274,314.1823638801274,1.0012887407328976,340.26174110017723,187.86174110017723,1.0873451051978382,2828.7711916440344,2648.8806825631523,1.0763594367200306
71,251103_mACmChPOLR2A_7SK,F14,HCT116 OsTIRF74G mAC/mCh-POLR2A Clone 1,Vehicle,120,LARP7 pool,pSer2 Pol II (3E10,Goat anti-mouse Alexa647,1511,0.0,584.5498006329798,347.74980063297977,1.1082670448643113,351.76810428760587,199.36810428760586,1.153944017872705,3199.916076948386,3020.025567867504,1.2271723073477692
72,251103_mACmChPOLR2A_7SK,F15,HCT116 OsTIRF74G mAC/mCh-POLR2A Clone 1,Vehicle,120,Scrambled,pSer2 Pol II (3E10,Goat anti-mouse Alexa647,2239,0.0,551.2004088880466,314.40040888804657,1.001983642918705,335.8344055843195,183.43440558431948,1.061719655470587,2711.6948920845653,2531.804383003683,1.0287860670787987
73,251103_mACmChPOLR2A_7SK,F16,HCT116 OsTIRF74G mAC/mCh-POLR2A Clone 1,10 µM 5PhIAA,120,HEXIM1 + HEXIM2 pool,pSer2 Pol II (3E10,Goat anti-mouse Alexa647,378,2.0,291.58144271329166,54.78144271329165,0.17458663533021007,358.4794940622612,206.0794940622612,1.1927895900355587,2892.496851592253,2712.6063425113707,1.102254040390931
74,251103_mACmChPOLR2A_7SK,F17,HCT116 OsTIRF74G mAC/mCh-POLR2A Clone 1,10 µM 5PhIAA,120,LARP7 pool,pSer2 Pol II (3E10,Goat anti-mouse Alexa647,1697,2.0,293.368436987814,56.56843698781398,0.18028172662921133,355.4336351724362,203.0336351724362,1.175160136930424,2900.0988552126737,2720.2083461317916,1.1053430765973116
75,251103_mACmChPOLR2A_7SK,F18,HCT116 OsTIRF74G mAC/mCh-POLR2A Clone 1,10 µM 5PhIAA,120,Scrambled,pSer2 Pol II (3E10,Goat anti-mouse Alexa647,1936,2.0,289.8868601324136,53.08686013241356,0.16918605702428482,352.0545622687329,199.65456226873292,1.1556020387225026,2775.2422295342576,2595.3517204533755,1.0546082102929741
76,251103_mACmChPOLR2A_7SK,F19,HCT116 OsTIRF74G mAC/mCh-POLR2A Clone 1,Vehicle,120,HEXIM1 + HEXIM2 pool,pSer2 Pol II (3E10,Goat anti-mouse Alexa647,501,0.0,558.852700399019,322.052700399019,1.0263712413698582,342.47364569092787,190.07364569092786,1.1001476248371873,2904.0107925573466,2724.1202834764645,1.1069326728009132
77,251103_mACmChPOLR2A_7SK,F20,HCT116 OsTIRF74G mAC/mCh-POLR2A Clone 1,Vehicle,120,LARP7 pool,pSer2 Pol II (3E10,Goat anti-mouse Alexa647,1613,0.0,571.4110014716612,334.61100147166115,1.0663941290694623,347.623118170326,195.223118170326,1.129952808489982,3159.003966543335,2979.113457462453,1.2105478756017543
78,251103_mACmChPOLR2A_7SK,F21,HCT116 OsTIRF74G mAC/mCh-POLR2A Clone 1,Vehicle,120,Scrambled,pSer2 Pol II (3E10,Goat anti-mouse Alexa647,2069,0.0,545.1342627001056,308.3342627001056,0.9826510368404642,337.40593369454535,185.00593369454535,1.0708156714466324,2794.4986351108832,2614.608126030001,1.062432954531606
81,251103_mACmChPOLR2A_7SK,G04,HCT116 OsTIRF74G mAC/mCh-POLR2A Clone 1,10 µM 5PhIAA,60,HEXIM1 + HEXIM2 pool,pSer2 Pol II (3E10,Goat anti-mouse Alexa647,476,1.0,303.6393125313835,66.83931253138348,0.2130146652710786,344.82184299984687,192.42184299984686,1.1137390077070515,2922.6677985450083,2742.777289464126,1.1145138540100004
82,251103_mACmChPOLR2A_7SK,G05,HCT116 OsTIRF74G mAC/mCh-POLR2A Clone 1,10 µM 5PhIAA,60,LARP7 pool,pSer2 Pol II (3E10,Goat anti-mouse Alexa647,1829,1.0,330.3779940568543,93.57799405685427,0.2982299536878136,333.92943745370593,181.52943745370592,1.050693686264457,2729.415116562467,2549.524607481585,1.0359865917997275
83,251103_mACmChPOLR2A_7SK,G06,HCT116 OsTIRF74G mAC/mCh-POLR2A Clone 1,10 µM 5PhIAA,60,Scrambled,pSer2 Pol II (3E10,Goat anti-mouse Alexa647,2908,1.0,323.8244570156634,87.02445701566342,0.27734404917592304,322.0284976042418,169.6284976042418,0.9818109610390572,2403.919403467459,2224.0288943865767,0.9037230343250601
84,251103_mACmChPOLR2A_7SK,G07,HCT116 OsTIRF74G mAC/mCh-POLR2A Clone 1,Vehicle,60,HEXIM1 + HEXIM2 pool,pSer2 Pol II (3E10,Goat anti-mouse Alexa647,1004,0.0,529.9774038596025,293.1774038596025,0.9343466319895795,326.09037284383163,173.69037284383163,1.0053211240654774,2727.654896418541,2547.7643873376587,1.0352713351348684
85,251103_mACmChPOLR2A_7SK,G08,HCT116 OsTIRF74G mAC/mCh-POLR2A Clone 1,Vehicle,60,LARP7 pool,pSer2 Pol II (3E10,Goat anti-mouse Alexa647,1532,0.0,456.01169881725014,219.21169881725012,0.6986203908835221,343.9452166663755,191.54521666637547,1.108665088200049,2960.9994081345585,2781.1088990536764,1.1300897121367837
86,251103_mACmChPOLR2A_7SK,G09,HCT116 OsTIRF74G mAC/mCh-POLR2A Clone 1,Vehicle,60,Scrambled,pSer2 Pol II (3E10,Goat anti-mouse Alexa647,2607,0.0,531.7525225493043,294.9525225493043,0.9400038761948625,319.7132819519251,167.31328195192512,0.9684104762342158,2547.670359108563,2367.779850027681,0.9621355172505291
87,251103_mACmChPOLR2A_7SK,G10,HCT116 OsTIRF74G mAC/mCh-POLR2A Clone 1,10 µM 5PhIAA,60,HEXIM1 + HEXIM2 pool,pSer2 Pol II (3E10,Goat anti-mouse Alexa647,770,1.0,301.1211316450355,64.3211316450355,0.20498930656701383,341.32212503387956,188.92212503387955,1.0934826150132446,2852.1103675283007,2672.2198584474186,1.085843194283618
88,251103_mACmChPOLR2A_7SK,G11,HCT116 OsTIRF74G mAC/mCh-POLR2A Clone 1,10 µM 5PhIAA,60,LARP7 pool,pSer2 Pol II (3E10,Goat anti-mouse Alexa647,1576,1.0,335.59611144469295,98.79611144469294,0.31485992019433234,338.57230104020715,186.17230104020715,1.0775666140107794,2928.4617435380405,2748.5712344571584,1.1168681946226748
89,251103_mACmChPOLR2A_7SK,G12,HCT116 OsTIRF74G mAC/mCh-POLR2A Clone 1,10 µM 5PhIAA,60,Scrambled,pSer2 Pol II (3E10,Goat anti-mouse Alexa647,2312,1.0,328.3740650422381,91.57406504223809,0.29184349858962505,330.8449979991654,178.4449979991654,1.032840928573974,2661.461579762237,2481.5710706813547,1.0083740114842357
90,251103_mACmChPOLR2A_7SK,G13,HCT116 OsTIRF74G mAC/mCh-POLR2A Clone 1,Vehicle,60,HEXIM1 + HEXIM2 pool,pSer2 Pol II (3E10,Goat anti-mouse Alexa647,574,0.0,552.816939656069,316.01693965606904,1.0071354726938695,340.97709319817363,188.57709319817363,1.0914855682729387,3031.4595194273406,2851.5690103464585,1.1587208264793685
91,251103_mACmChPOLR2A_7SK,G14,HCT116 OsTIRF74G mAC/mCh-POLR2A Clone 1,Vehicle,60,LARP7 pool,pSer2 Pol II (3E10,Goat anti-mouse Alexa647,1708,0.0,569.7370686397238,332.9370686397238,1.061059360826387,334.6984306128774,182.2984306128774,1.055144624186457,3145.5783487963745,2965.6878397154924,1.2050924428784675
92,251103_mACmChPOLR2A_7SK,G15,HCT116 OsTIRF74G mAC/mCh-POLR2A Clone 1,Vehicle,60,Scrambled,pSer2 Pol II (3E10,Goat anti-mouse Alexa647,2548,0.0,541.1091564366094,304.3091564366094,0.9698231570953427,322.8384120319336,170.4384120319336,0.9864987515568199,2565.281420889056,2385.3909118081738,0.9692916842545297
93,251103_mACmChPOLR2A_7SK,G16,HCT116 OsTIRF74G mAC/mCh-POLR2A Clone 1,10 µM 5PhIAA,60,HEXIM1 + HEXIM2 pool,pSer2 Pol II (3E10,Goat anti-mouse Alexa647,780,1.0,303.3601792670179,66.56017926701787,0.2121250768444031,338.7477682789745,186.34776827897448,1.0785822196475572,2882.0170598670875,2702.1265507862054,1.0979956293600017
94,251103_mACmChPOLR2A_7SK,G17,HCT116 OsTIRF74G mAC/mCh-POLR2A Clone 1,10 µM 5PhIAA,60,LARP7 pool,pSer2 Pol II (3E10,Goat anti-mouse Alexa647,1942,1.0,331.30715698504997,94.50715698504996,0.30119116502640964,335.10749191201035,182.70749191201034,1.0575122739204221,2789.6027995238373,2609.7122904429552,1.0604435561908518
95,251103_mACmChPOLR2A_7SK,G18,HCT116 OsTIRF74G mAC/mCh-POLR2A Clone 1,10 µM 5PhIAA,60,Scrambled,pSer2 Pol II (3E10,Goat anti-mouse Alexa647,2345,1.0,321.3365618942883,84.5365618942883,0.26941521019720915,333.1368248370364,180.73682483703638,1.0461060387530134,2675.118964069738,2495.228454988856,1.0139236213919445
96,251103_mACmChPOLR2A_7SK,G19,HCT116 OsTIRF74G mAC/mCh-POLR2A Clone 1,Vehicle,60,HEXIM1 + HEXIM2 pool,pSer2 Pol II (3E10,Goat anti-mouse Alexa647,739,0.0,543.5978660228079,306.7978660228079,0.9777545917463513,330.2085900930241,177.8085900930241,1.029157395047672,2704.5888681429706,2524.6983590620885,1.0258985697379623
97,251103_mACmChPOLR2A_7SK,G20,HCT116 OsTIRF74G mAC/mCh-POLR2A Clone 1,Vehicle,60,LARP7 pool,pSer2 Pol II (3E10,Goat anti-mouse Alexa647,1604,0.0,554.9020310524567,318.10203105245665,1.0137805896024639,330.8676912642781,178.4676912642781,1.0329722773552465,3011.2034256060983,2831.312916525216,1.1504898639150285
98,251103_mACmChPOLR2A_7SK,G21,HCT116 OsTIRF74G mAC/mCh-POLR2A Clone 1,Vehicle,60,Scrambled,pSer2 Pol II (3E10,Goat anti-mouse Alexa647,2288,0.0,535.6316350104246,298.8316350104246,0.9523664785490745,320.145967488493,167.745967488493,0.9709148632239334,2540.3770927041974,2360.4865836233153,0.9591719348700438
101,251103_mACmChPOLR2A_7SK,H04,HCT116 OsTIRF74G mAC/mCh-POLR2A Clone 1,10 µM 5PhIAA,30,HEXIM1 + HEXIM2 pool,pSer2 Pol II (3E10,Goat anti-mouse Alexa647,443,0.5,347.52717512122484,110.72717512122483,0.35288382318093237,343.5565167183684,191.1565167183684,1.1064152901124715,2984.8662176171215,2804.9757085362394,1.1397878709780107
102,251103_mACmChPOLR2A_7SK,H05,HCT116 OsTIRF74G mAC/mCh-POLR2A Clone 1,10 µM 5PhIAA,30,LARP7 pool,pSer2 Pol II (3E10,Goat anti-mouse Alexa647,2441,0.5,416.4187838039466,179.6187838039466,0.5724390880057418,330.8697050803627,178.46970508036267,1.032983933337191,2691.4760117934306,2511.5855027125485,1.0205702260465719
103,251103_mACmChPOLR2A_7SK,H06,HCT116 OsTIRF74G mAC/mCh-POLR2A Clone 1,10 µM 5PhIAA,30,Scrambled,pSer2 Pol II (3E10,Goat anti-mouse Alexa647,2569,0.5,399.0527735281068,162.2527735281068,0.5170941910296515,324.19410500061423,171.79410500061422,0.9943455121852116,2556.609807587812,2376.71929850693,0.9657680174960297
104,251103_mACmChPOLR2A_7SK,H07,HCT116 OsTIRF74G mAC/mCh-POLR2A Clone 1,Vehicle,30,HEXIM1 + HEXIM2 pool,pSer2 Pol II (3E10,Goat anti-mouse Alexa647,501,0.0,569.4547418228786,332.65474182287863,1.0601595946542097,337.06847491255394,184.66847491255393,1.068862457595555,3193.9006123054296,3014.0101032245475,1.224727953331628
105,251103_mACmChPOLR2A_7SK,H08,HCT116 OsTIRF74G mAC/mCh-POLR2A Clone 1,Vehicle,30,LARP7 pool,pSer2 Pol II (3E10,Goat anti-mouse Alexa647,1259,0.0,587.0387382365533,350.2387382365533,1.1161992061991075,339.6807425291618,187.2807425291618,1.0839822813007485,3292.767054314975,3112.876545234093,1.2649018382983666
106,251103_mACmChPOLR2A_7SK,H09,HCT116 OsTIRF74G mAC/mCh-POLR2A Clone 1,Vehicle,30,Scrambled,pSer2 Pol II (3E10,Goat anti-mouse Alexa647,2564,0.0,544.4990864322734,307.6990864322734,0.9806267512074113,323.2394680900226,170.83946809002262,0.9888200668981936,2682.706358288425,2502.8158492075427,1.0170067211408906
107,251103_mACmChPOLR2A_7SK,H10,HCT116 OsTIRF74G mAC/mCh-POLR2A Clone 1,10 µM 5PhIAA,30,HEXIM1 + HEXIM2 pool,pSer2 Pol II (3E10,Goat anti-mouse Alexa647,667,0.5,343.62171976339954,106.82171976339953,0.34043726689135834,336.7723008455083,184.3723008455083,1.0671481999707582,2918.3699497083962,2738.479440627514,1.11276744459891
108,251103_mACmChPOLR2A_7SK,H11,HCT116 OsTIRF74G mAC/mCh-POLR2A Clone 1,10 µM 5PhIAA,30,LARP7 pool,pSer2 Pol II (3E10,Goat anti-mouse Alexa647,1310,0.5,420.7342343318956,183.9342343318956,0.5861922852618228,345.00324026691897,192.60324026691896,1.114788936390199,3297.9809001862163,3118.090391105334,1.2670204585299445
109,251103_mACmChPOLR2A_7SK,H12,HCT116 OsTIRF74G mAC/mCh-POLR2A Clone 1,10 µM 5PhIAA,30,Scrambled,pSer2 Pol II (3E10,Goat anti-mouse Alexa647,2337,0.5,393.6748396026374,156.8748396026374,0.4999548945348536,323.45812644656814,171.05812644656814,0.9900856630345224,2636.005538647495,2456.115029566613,0.9980300763059731
110,251103_mACmChPOLR2A_7SK,H13,HCT116 OsTIRF74G mAC/mCh-POLR2A Clone 1,Vehicle,30,HEXIM1 + HEXIM2 pool,pSer2 Pol II (3E10,Goat anti-mouse Alexa647,363,0.0,560.267552207125,323.46755220712504,1.030880327009696,337.75557306193724,185.35557306193724,1.0728393866133907,3204.255426218989,3024.364917138107,1.2289355802529565
111,251103_mACmChPOLR2A_7SK,H14,HCT116 OsTIRF74G mAC/mCh-POLR2A Clone 1,Vehicle,30,LARP7 pool,pSer2 Pol II (3E10,Goat anti-mouse Alexa647,1687,0.0,575.723068720748,338.92306872074795,1.080136543928372,338.2104453493222,185.81044534932218,1.075472190676004,3149.8180927259486,2969.9275836450665,1.2068152416507618
112,251103_mACmChPOLR2A_7SK,H15,HCT116 OsTIRF74G mAC/mCh-POLR2A Clone 1,Vehicle,30,Scrambled,pSer2 Pol II (3E10,Goat anti-mouse Alexa647,2274,0.0,556.8867120526293,320.08671205262925,1.0201057019190085,324.65668104990306,172.25668104990305,0.997022905676991,2642.1216792498703,2462.2311701689882,1.0005153394954434
113,251103_mACmChPOLR2A_7SK,H16,HCT116 OsTIRF74G mAC/mCh-POLR2A Clone 1,10 µM 5PhIAA,30,HEXIM1 + HEXIM2 pool,pSer2 Pol II (3E10,Goat anti-mouse Alexa647,698,0.5,342.1736366923269,105.3736366923269,0.33582227432206135,341.6044005571654,189.20440055716537,1.0951164277670522,2946.850000554161,2766.959491473279,1.1243401710293215
114,251103_mACmChPOLR2A_7SK,H17,HCT116 OsTIRF74G mAC/mCh-POLR2A Clone 1,10 µM 5PhIAA,30,LARP7 pool,pSer2 Pol II (3E10,Goat anti-mouse Alexa647,989,0.5,408.7552383342479,171.9552383342479,0.5480156235625511,347.7234103164398,195.3234103164398,1.130533300151179,3354.6221132379524,3174.7316041570703,1.290036332584533
115,251103_mACmChPOLR2A_7SK,H18,HCT116 OsTIRF74G mAC/mCh-POLR2A Clone 1,10 µM 5PhIAA,30,Scrambled,pSer2 Pol II (3E10,Goat anti-mouse Alexa647,2256,0.5,389.1076823273833,152.3076823273833,0.48539951624947963,327.15157156935516,174.75157156935515,1.01146334990179,2647.1941198072,2467.303610726318,1.0025765003838985
116,251103_mACmChPOLR2A_7SK,H19,HCT116 OsTIRF74G mAC/mCh-POLR2A Clone 1,Vehicle,30,HEXIM1 + HEXIM2 pool,pSer2 Pol II (3E10,Goat anti-mouse Alexa647,305,0.0,552.0311828101268,315.23118281012677,1.0046312917682465,344.2968079508587,191.8968079508587,1.1107001010769348,3110.6756376634316,2930.7851285825495,1.1909099005154404
117,251103_mACmChPOLR2A_7SK,H20,HCT116 OsTIRF74G mAC/mCh-POLR2A Clone 1,Vehicle,30,LARP7 pool,pSer2 Pol II (3E10,Goat anti-mouse Alexa647,1575,0.0,563.4045861281351,326.60458612813505,1.0408779497457799,335.45526565316635,183.05526565316634,1.0595251908291432,3188.039434968102,3008.14892588722,1.2223462931916107
118,251103_mACmChPOLR2A_7SK,H21,HCT116 OsTIRF74G mAC/mCh-POLR2A Clone 1,Vehicle,30,Scrambled,pSer2 Pol II (3E10,Goat anti-mouse Alexa647,1936,0.0,538.533823608692,301.73382360869203,0.9616156570549608,326.40438799177844,174.00438799177843,1.007138645994521,2842.839847427363,2662.949338346481,1.0820761647380321
121,251103_mACmChPOLR2A_7SK,I04,HCT116 OsTIRF74G mAC/mCh-POLR2A Clone 1,Vehicle,480,LARP7 pool,pSer2 Pol II (3E10,Goat anti-mouse Alexa647,1265,0.0,616.2898317683445,379.48983176834446,1.2094214680911919,343.2545966907314,190.85459669073137,1.1046677748265503,2945.9533022780897,2766.0627931972076,1.123975802162995
122,251103_mACmChPOLR2A_7SK,I05,HCT116 OsTIRF74G mAC/mCh-POLR2A Clone 1,Vehicle,480,Scrambled,pSer2 Pol II (3E10,Goat anti-mouse Alexa647,2763,0.0,548.8817306095501,312.0817306095501,0.9945940923883442,318.07032595870584,165.67032595870583,0.9589010351589848,2400.6413456988626,2220.7508366179804,0.9023910119215716
123,251103_mACmChPOLR2A_7SK,I06,HCT116 OsTIRF74G mAC/mCh-POLR2A Clone 1,Vehicle,480,HEXIM1 + HEXIM2 pool,pSer2 Pol II (3E10,Goat anti-mouse Alexa647,1074,0.0,487.4234300441089,250.6234300441089,0.7987285332246431,329.4952090160883,177.09520901608832,1.0250283402566103,2530.619038074018,2350.728528993136,0.9552067981032719
124,251103_mACmChPOLR2A_7SK,I07,HCT116 OsTIRF74G mAC/mCh-POLR2A Clone 1,10 µM 5PhIAA,480,LARP7 pool,pSer2 Pol II (3E10,Goat anti-mouse Alexa647,1623,8.0,284.7781014164134,47.97810141641338,0.15290461296651545,378.25747265748004,225.85747265748003,1.3072646720308385,2808.394746642307,2628.504237561425,1.0680795700545402
125,251103_mACmChPOLR2A_7SK,I08,HCT116 OsTIRF74G mAC/mCh-POLR2A Clone 1,10 µM 5PhIAA,480,Scrambled,pSer2 Pol II (3E10,Goat anti-mouse Alexa647,2615,8.0,280.24520906191015,43.445209061910134,0.13845843584356898,352.33071000921313,199.93071000921313,1.157200383825471,2297.3130423487855,2117.4225332679034,0.8604040718818615
126,251103_mACmChPOLR2A_7SK,I09,HCT116 OsTIRF74G mAC/mCh-POLR2A Clone 1,10 µM 5PhIAA,480,HEXIM1 + HEXIM2 pool,pSer2 Pol II (3E10,Goat anti-mouse Alexa647,944,8.0,281.5996245751397,44.79962457513972,0.14277491302237136,351.62977281585046,199.22977281585045,1.1531433543218021,2525.844753793206,2345.954244712324,0.9532667915287728
127,251103_mACmChPOLR2A_7SK,I10,HCT116 OsTIRF74G mAC/mCh-POLR2A Clone 1,Vehicle,480,LARP7 pool,pSer2 Pol II (3E10,Goat anti-mouse Alexa647,974,0.0,611.5372063442726,374.7372063442726,1.1942750089861236,346.34949117826545,193.94949117826545,1.122581046323004,3041.3312666330216,2861.4407575521395,1.1627321616564092
128,251103_mACmChPOLR2A_7SK,I11,HCT116 OsTIRF74G mAC/mCh-POLR2A Clone 1,Vehicle,480,Scrambled,pSer2 Pol II (3E10,Goat anti-mouse Alexa647,2428,0.0,541.9959932755633,305.19599327556324,0.9726494765957284,313.7424877886364,161.34248778863642,0.9338514767829451,2348.2211848841625,2168.3306758032804,0.8810903413633616
129,251103_mACmChPOLR2A_7SK,I12,HCT116 OsTIRF74G mAC/mCh-POLR2A Clone 1,Vehicle,480,HEXIM1 + HEXIM2 pool,pSer2 Pol II (3E10,Goat anti-mouse Alexa647,858,0.0,575.619562726853,338.819562726853,1.0798066737695082,324.3450659533253,171.94506595332527,0.9952192752624889,2637.9440150262935,2458.0535059454114,0.9988177665016521
130,251103_mACmChPOLR2A_7SK,I13,HCT116 OsTIRF74G mAC/mCh-POLR2A Clone 1,10 µM 5PhIAA,480,LARP7 pool,pSer2 Pol II (3E10,Goat anti-mouse Alexa647,1143,8.0,282.8300586071615,46.03005860716149,0.1466962653454701,378.98151347546894,226.58151347546894,1.3114554254795883,2995.871832592674,2815.9813235117917,1.1442599476607478
131,251103_mACmChPOLR2A_7SK,I14,HCT116 OsTIRF74G mAC/mCh-POLR2A Clone 1,10 µM 5PhIAA,480,Scrambled,pSer2 Pol II (3E10,Goat anti-mouse Alexa647,2986,8.0,280.0341456950339,43.234145695033874,0.13778578391548366,348.48205667847157,196.08205667847156,1.134924350737107,2218.7181887938823,2038.8276797130002,0.828467445646364
132,251103_mACmChPOLR2A_7SK,I15,HCT116 OsTIRF74G mAC/mCh-POLR2A Clone 1,10 µM 5PhIAA,480,HEXIM1 + HEXIM2 pool,pSer2 Pol II (3E10,Goat anti-mouse Alexa647,476,8.0,289.05535140749356,52.25535140749355,0.1665360663825401,365.51663369480406,213.11663369480405,1.2335206047127776,2594.1037273219245,2414.2132182410423,0.9810034845335198
133,251103_mACmChPOLR2A_7SK,I16,HCT116 OsTIRF74G mAC/mCh-POLR2A Clone 1,Vehicle,480,LARP7 pool,pSer2 Pol II (3E10,Goat anti-mouse Alexa647,1443,0.0,582.6680093517425,345.8680093517425,1.1022698386588379,327.5022496741974,175.1022496741974,1.0134930772883628,2829.541874106914,2649.6513650260317,1.0766725996899957
134,251103_mACmChPOLR2A_7SK,I17,HCT116 OsTIRF74G mAC/mCh-POLR2A Clone 1,Vehicle,480,Scrambled,pSer2 Pol II (3E10,Goat anti-mouse Alexa647,2342,0.0,544.7701111478602,307.9701111478602,0.9814904979589029,321.0626263758295,168.6626263758295,0.9762204914398985,2456.66619803712,2276.775688956238,0.9251564308783735
135,251103_mACmChPOLR2A_7SK,I18,HCT116 OsTIRF74G mAC/mCh-POLR2A Clone 1,Vehicle,480,HEXIM1 + HEXIM2 pool,pSer2 Pol II (3E10,Goat anti-mouse Alexa647,1258,0.0,480.47944445867455,243.67944445867454,0.7765982821926031,324.6416500851197,172.2416500851197,0.9969359063449935,2357.926076638943,2178.035567558061,0.8850338756612133
136,251103_mACmChPOLR2A_7SK,I19,HCT116 OsTIRF74G mAC/mCh-POLR2A Clone 1,10 µM 5PhIAA,480,LARP7 pool,pSer2 Pol II (3E10,Goat anti-mouse Alexa647,1974,8.0,279.5411835079198,42.7411835079198,0.1362147298261691,365.8109511210673,213.4109511210673,1.2352241160874067,2586.345577221164,2406.455068140282,0.9778509989846563
137,251103_mACmChPOLR2A_7SK,I20,HCT116 OsTIRF74G mAC/mCh-POLR2A Clone 1,10 µM 5PhIAA,480,Scrambled,pSer2 Pol II (3E10,Goat anti-mouse Alexa647,2012,8.0,281.3498103296965,44.54981032969647,0.1419787633335478,359.87035063111017,207.47035063111016,1.2008398778339868,2476.0047929216535,2296.1142838407713,0.9330145723318163
138,251103_mACmChPOLR2A_7SK,I21,HCT116 OsTIRF74G mAC/mCh-POLR2A Clone 1,10 µM 5PhIAA,480,HEXIM1 + HEXIM2 pool,pSer2 Pol II (3E10,Goat anti-mouse Alexa647,404,8.0,290.50062143924515,53.70062143924514,0.17114209388911167,366.50755126337987,214.10755126337986,1.2392560427084836,2729.2152684489865,2549.3247593681044,1.035905384516866
141,251103_mACmChPOLR2A_7SK,J04,HCT116 OsTIRF74G mAC/mCh-POLR2A Clone 1,Vehicle,240,LARP7 pool,pSer2 Pol II (3E10,Goat anti-mouse Alexa647,1576,0.0,602.4139538676435,365.6139538676435,1.1651995068767893,342.4708941771054,190.07089417710537,1.1001316990554435,2895.202391551392,2715.3118824705098,1.1033534230417283
142,251103_mACmChPOLR2A_7SK,J05,HCT116 OsTIRF74G mAC/mCh-POLR2A Clone 1,Vehicle,240,Scrambled,pSer2 Pol II (3E10,Goat anti-mouse Alexa647,2037,0.0,574.2400554693968,337.4400554693968,1.0754102300366664,329.9438891222507,177.5438891222507,1.027625303929885,2633.5841753634,2453.693666282518,0.9970461674278875
143,251103_mACmChPOLR2A_7SK,J06,HCT116 OsTIRF74G mAC/mCh-POLR2A Clone 1,Vehicle,240,HEXIM1 + HEXIM2 pool,pSer2 Pol II (3E10,Goat anti-mouse Alexa647,699,0.0,582.3693092114966,345.56930921149655,1.1013178912497281,333.3526352627276,180.95263526272757,1.0473551510451264,2823.0069230560075,2643.1164139751254,1.0740171549663247
144,251103_mACmChPOLR2A_7SK,J07,HCT116 OsTIRF74G mAC/mCh-POLR2A Clone 1,10 µM 5PhIAA,240,LARP7 pool,pSer2 Pol II (3E10,Goat anti-mouse Alexa647,1669,4.0,288.0610400158448,51.2610400158448,0.16336722905843043,356.72485136813214,204.32485136813213,1.1826337055342275,2766.0613162379664,2586.1708071570843,1.0508775920249556
145,251103_mACmChPOLR2A_7SK,J08,HCT116 OsTIRF74G mAC/mCh-POLR2A Clone 1,10 µM 5PhIAA,240,Scrambled,pSer2 Pol II (3E10,Goat anti-mouse Alexa647,2375,4.0,284.5226269269365,47.72262692693647,0.15209042426827485,344.7687660423058,192.3687660423058,1.1134317978960326,2355.15266967947,2175.262160598588,0.8839069155937612
146,251103_mACmChPOLR2A_7SK,J09,HCT116 OsTIRF74G mAC/mCh-POLR2A Clone 1,10 µM 5PhIAA,240,HEXIM1 + HEXIM2 pool,pSer2 Pol II (3E10,Goat anti-mouse Alexa647,743,4.0,285.15138241644286,48.351382416442846,0.15409424709442476,348.1047945847903,195.70479458479028,1.1327407550324218,2604.6506348243897,2424.7601257435076,0.9852891677253753
147,251103_mACmChPOLR2A_7SK,J10,HCT116 OsTIRF74G mAC/mCh-POLR2A Clone 1,Vehicle,240,LARP7 pool,pSer2 Pol II (3E10,Goat anti-mouse Alexa647,1460,0.0,566.7314776452904,329.9314776452904,1.0514806423241525,329.43425780398,177.03425780398,1.0246755542036667,2824.530274745716,2644.6397656648337,1.074636161317745
148,251103_mACmChPOLR2A_7SK,J11,HCT116 OsTIRF74G mAC/mCh-POLR2A Clone 1,Vehicle,240,Scrambled,pSer2 Pol II (3E10,Goat anti-mouse Alexa647,2494,0.0,550.9979102659601,314.19791026596005,1.0013382865473128,321.7496129911222,169.3496129911222,0.9801967748976177,2387.9122691403677,2208.0217600594856,0.8972186152316572
149,251103_mACmChPOLR2A_7SK,J12,HCT116 OsTIRF74G mAC/mCh-POLR2A Clone 1,Vehicle,240,HEXIM1 + HEXIM2 pool,pSer2 Pol II (3E10,Goat anti-mouse Alexa647,583,0.0,567.2393142256968,330.4393142256968,1.0530991006100137,329.99345029688084,177.59345029688083,1.0279121643641935,2640.787287343247,2460.896778262365,0.9999731160082054
150,251103_mACmChPOLR2A_7SK,J13,HCT116 OsTIRF74G mAC/mCh-POLR2A Clone 1,10 µM 5PhIAA,240,LARP7 pool,pSer2 Pol II (3E10,Goat anti-mouse Alexa647,1417,4.0,288.13670090530326,51.336700905303246,0.1636083577958712,355.4917415246962,203.09174152469618,1.1754964569141566,2859.705174137233,2679.814665056351,1.0889293060203225
151,251103_mACmChPOLR2A_7SK,J14,HCT116 OsTIRF74G mAC/mCh-POLR2A Clone 1,10 µM 5PhIAA,240,Scrambled,pSer2 Pol II (3E10,Goat anti-mouse Alexa647,2199,4.0,282.4690296318939,45.66902963189386,0.14554567801284776,346.15934667031235,193.75934667031234,1.121480488546885,2527.429083552005,2347.538574471123,0.9539105760140406
152,251103_mACmChPOLR2A_7SK,J15,HCT116 OsTIRF74G mAC/mCh-POLR2A Clone 1,10 µM 5PhIAA,240,HEXIM1 + HEXIM2 pool,pSer2 Pol II (3E10,Goat anti-mouse Alexa647,640,4.0,284.2501991494636,47.45019914946357,0.15122220600523265,352.7867717634084,200.3867717634084,1.1598400725305156,2576.53650285903,2396.645993778148,0.9738651306045996
153,251103_mACmChPOLR2A_7SK,J16,HCT116 OsTIRF74G mAC/mCh-POLR2A Clone 1,Vehicle,240,LARP7 pool,pSer2 Pol II (3E10,Goat anti-mouse Alexa647,1238,0.0,585.5191535118017,348.7191535118017,1.11135634023842,340.9726709983548,188.57267099835477,1.0914599725486627,2981.3682114368235,2801.4777023559413,1.1383664736358603
154,251103_mACmChPOLR2A_7SK,J17,HCT116 OsTIRF74G mAC/mCh-POLR2A Clone 1,Vehicle,240,Scrambled,pSer2 Pol II (3E10,Goat anti-mouse Alexa647,2423,0.0,548.9669550108212,312.16695501082114,0.9948656997197505,317.9781043964986,165.57810439649862,0.9583672560953369,2438.807548558992,2258.91703947811,0.917899657849904
155,251103_mACmChPOLR2A_7SK,J18,HCT116 OsTIRF74G mAC/mCh-POLR2A Clone 1,Vehicle,240,HEXIM1 + HEXIM2 pool,pSer2 Pol II (3E10,Goat anti-mouse Alexa647,323,0.0,577.3756445282074,340.5756445282074,1.0854032480449918,332.73384916303195,180.33384916303194,1.04377361266095,2792.4720222736673,2612.581513192785,1.0616094505262068
156,251103_mACmChPOLR2A_7SK,J19,HCT116 OsTIRF74G mAC/mCh-POLR2A Clone 1,10 µM 5PhIAA,240,LARP7 pool,pSer2 Pol II (3E10,Goat anti-mouse Alexa647,1822,4.0,287.1553764662562,50.35537646625619,0.16048090945762286,358.75050845205857,206.35050845205856,1.1943582232679486,2749.9054740239776,2570.0149649430955,1.0443127462243664
157,251103_mACmChPOLR2A_7SK,J20,HCT116 OsTIRF74G mAC/mCh-POLR2A Clone 1,10 µM 5PhIAA,240,Scrambled,pSer2 Pol II (3E10,Goat anti-mouse Alexa647,2471,4.0,282.1664679180604,45.36646791806038,0.14458142389719056,346.1924658970995,193.7924658970995,1.1216721828691247,2357.623935681496,2177.7334266006137,0.8849111021920613
158,251103_mACmChPOLR2A_7SK,J21,HCT116 OsTIRF74G mAC/mCh-POLR2A Clone 1,10 µM 5PhIAA,240,HEXIM1 + HEXIM2 pool,pSer2 Pol II (3E10,Goat anti-mouse Alexa647,553,4.0,290.6118534791369,53.811853479136914,0.1714965866995193,360.42255790684334,208.02255790684333,1.2040360575074356,2774.880959355627,2594.990450274745,1.0544614099600884
161,251103_mACmChPOLR2A_7SK,K04,HCT116 OsTIRF74G mAC/mCh-POLR2A Clone 1,Vehicle,120,LARP7 pool,pSer2 Pol II (3E10,Goat anti-mouse Alexa647,1031,0.0,616.572257541202,379.772257541202,1.2103215496328885,345.6210155830067,193.22101558300668,1.1183646243516017,3410.065212830557,3230.174703749675,1.3125653592184405
162,251103_mACmChPOLR2A_7SK,K05,HCT116 OsTIRF74G mAC/mCh-POLR2A Clone 1,Vehicle,120,Scrambled,pSer2 Pol II (3E10,Goat anti-mouse Alexa647,1924,0.0,569.2032394284782,332.40323942847823,1.059358064890825,324.28906965431537,171.88906965431536,0.9948951682821051,2669.6597402449443,2489.769231164062,1.01170529305437
163,251103_mACmChPOLR2A_7SK,K06,HCT116 OsTIRF74G mAC/mCh-POLR2A Clone 1,Vehicle,120,HEXIM1 + HEXIM2 pool,pSer2 Pol II (3E10,Goat anti-mouse Alexa647,626,0.0,544.8997751051611,308.0997751051611,0.9819037326768572,329.495573864398,177.095573864398,1.025030452001244,2801.8489568989835,2621.9584478181014,1.0654197210823344
164,251103_mACmChPOLR2A_7SK,K07,HCT116 OsTIRF74G mAC/mCh-POLR2A Clone 1,10 µM 5PhIAA,120,LARP7 pool,pSer2 Pol II (3E10,Goat anti-mouse Alexa647,1726,2.0,298.4555121971044,61.65551219710437,0.19649406607251418,344.0796416961206,191.67964169612057,1.1094431412365715,2805.924696090376,2626.034187009494,1.0670758773483162
165,251103_mACmChPOLR2A_7SK,K08,HCT116 OsTIRF74G mAC/mCh-POLR2A Clone 1,10 µM 5PhIAA,120,Scrambled,pSer2 Pol II (3E10,Goat anti-mouse Alexa647,2016,2.0,296.05184364915533,59.25184364915532,0.18883365438106273,335.5082905561999,183.10829055619988,1.059832099348299,2596.0630722044407,2416.1725631235586,0.9817996545414662
166,251103_mACmChPOLR2A_7SK,K09,HCT116 OsTIRF74G mAC/mCh-POLR2A Clone 1,10 µM 5PhIAA,120,HEXIM1 + HEXIM2 pool,pSer2 Pol II (3E10,Goat anti-mouse Alexa647,1241,2.0,286.8991968005362,50.09919680053616,0.1596644733861569,321.1056465930769,168.70564659307692,0.9764694927659514,2451.554559244526,2271.664050163644,0.9230793419827767
167,251103_mACmChPOLR2A_7SK,K10,HCT116 OsTIRF74G mAC/mCh-POLR2A Clone 1,Vehicle,120,LARP7 pool,pSer2 Pol II (3E10,Goat anti-mouse Alexa647,919,0.0,604.0494854945463,367.24948549454626,1.1704118917570405,342.3650850558893,189.96508505588932,1.099519275102776,3448.9649243340746,3269.0744152531925,1.3283720627208357
168,251103_mACmChPOLR2A_7SK,K11,HCT116 OsTIRF74G mAC/mCh-POLR2A Clone 1,Vehicle,120,Scrambled,pSer2 Pol II (3E10,Goat anti-mouse Alexa647,2129,0.0,559.552361829843,322.752361829843,1.028601039071923,321.008547710841,168.608547710841,0.9759074837389878,2644.0776591700555,2464.1871500891734,1.0013101421677513
169,251103_mACmChPOLR2A_7SK,K12,HCT116 OsTIRF74G mAC/mCh-POLR2A Clone 1,Vehicle,120,HEXIM1 + HEXIM2 pool,pSer2 Pol II (3E10,Goat anti-mouse Alexa647,154,0.0,557.6576685123571,320.85766851235707,1.02256271450618,323.33226136465913,170.93226136465913,0.9893571550374837,2852.6925404410517,2672.8020313601696,1.0860797573393144
170,251103_mACmChPOLR2A_7SK,K13,HCT116 OsTIRF74G mAC/mCh-POLR2A Clone 1,10 µM 5PhIAA,120,LARP7 pool,pSer2 Pol II (3E10,Goat anti-mouse Alexa647,1738,2.0,300.332179597092,63.53217959709201,0.20247494263891827,341.8048487792509,189.4048487792509,1.096276623514488,2818.69999023495,2638.8094811540677,1.0722670543235209
171,251103_mACmChPOLR2A_7SK,K14,HCT116 OsTIRF74G mAC/mCh-POLR2A Clone 1,10 µM 5PhIAA,120,Scrambled,pSer2 Pol II (3E10,Goat anti-mouse Alexa647,1864,2.0,290.9957947433539,54.19579474335387,0.17272019473472358,332.46457417032985,180.06457417032985,1.042215047071426,2718.779568262784,2538.8890591819018,1.0316648898625989
172,251103_mACmChPOLR2A_7SK,K15,HCT116 OsTIRF74G mAC/mCh-POLR2A Clone 1,10 µM 5PhIAA,120,HEXIM1 + HEXIM2 pool,pSer2 Pol II (3E10,Goat anti-mouse Alexa647,348,2.0,293.91487193590604,57.114871935906024,0.1820231966287059,345.2961201126317,192.89612011263168,1.1164841270382884,2753.034287228952,2573.14377814807,1.0455841238447616
173,251103_mACmChPOLR2A_7SK,K16,HCT116 OsTIRF74G mAC/mCh-POLR2A Clone 1,Vehicle,120,LARP7 pool,pSer2 Pol II (3E10,Goat anti-mouse Alexa647,1252,0.0,594.9381710354896,358.1381710354896,1.1413744357125277,336.46118370536743,184.06118370536743,1.065347451731685,3106.950480508531,2927.059971427649,1.1893962015091635
174,251103_mACmChPOLR2A_7SK,K17,HCT116 OsTIRF74G mAC/mCh-POLR2A Clone 1,Vehicle,120,Scrambled,pSer2 Pol II (3E10,Goat anti-mouse Alexa647,2034,0.0,559.8317498320702,323.03174983207015,1.029491439339688,321.94344908987523,169.54344908987522,0.98131869962777,2672.5397256675456,2492.6492165866634,1.0128755607480562
175,251103_mACmChPOLR2A_7SK,K18,HCT116 OsTIRF74G mAC/mCh-POLR2A Clone 1,Vehicle,120,HEXIM1 + HEXIM2 pool,pSer2 Pol II (3E10,Goat anti-mouse Alexa647,289,0.0,570.9683174188932,334.1683174188932,1.0649833097215382,335.6500676676385,183.2500676676385,1.0606527062864073,2927.7847418113197,2747.8942327304376,1.1165930983520014
176,251103_mACmChPOLR2A_7SK,K19,HCT116 OsTIRF74G mAC/mCh-POLR2A Clone 1,10 µM 5PhIAA,120,LARP7 pool,pSer2 Pol II (3E10,Goat anti-mouse Alexa647,1471,2.0,296.5777238387554,59.77772383875538,0.19050961704910707,343.85399018071854,191.45399018071853,1.1081370686466128,2803.821579986085,2623.931070905203,1.0662212866224021
177,251103_mACmChPOLR2A_7SK,K20,HCT116 OsTIRF74G mAC/mCh-POLR2A Clone 1,10 µM 5PhIAA,120,Scrambled,pSer2 Pol II (3E10,Goat anti-mouse Alexa647,1964,2.0,293.4617956043136,56.66179560431357,0.1805792574339229,331.8418889443617,179.4418889443617,1.0386109405164121,2542.7692575093847,2362.8787484285026,0.9601439790920437
178,251103_mACmChPOLR2A_7SK,K21,HCT116 OsTIRF74G mAC/mCh-POLR2A Clone 1,10 µM 5PhIAA,120,HEXIM1 + HEXIM2 pool,pSer2 Pol II (3E10,Goat anti-mouse Alexa647,447,2.0,290.99616933084525,54.19616933084524,0.17272138853259592,344.08820709663854,191.68820709663854,1.1094927178362173,2768.0459576432295,2588.1554485623474,1.0516840411485882
181,251103_mACmChPOLR2A_7SK,L04,HCT116 OsTIRF74G mAC/mCh-POLR2A Clone 1,Vehicle,60,LARP7 pool,pSer2 Pol II (3E10,Goat anti-mouse Alexa647,1470,0.0,591.8689148701527,355.0689148701527,1.1315928184287853,339.5193237428854,187.11932374288537,1.0830479882077708,3027.1394362823694,2847.2489272014873,1.1569653822681156
182,251103_mACmChPOLR2A_7SK,L05,HCT116 OsTIRF74G mAC/mCh-POLR2A Clone 1,Vehicle,60,Scrambled,pSer2 Pol II (3E10,Goat anti-mouse Alexa647,1916,0.0,561.4340205277216,324.6340205277216,1.0345978227386432,322.21705490178334,169.81705490178334,0.9829023320299275,2707.1090043810746,2527.2184953001924,1.0269226145126324
183,251103_mACmChPOLR2A_7SK,L06,HCT116 OsTIRF74G mAC/mCh-POLR2A Clone 1,Vehicle,60,HEXIM1 + HEXIM2 pool,pSer2 Pol II (3E10,Goat anti-mouse Alexa647,493,0.0,536.633156930664,299.83315693066396,0.9555582955879058,332.3309378833914,179.9309378833914,1.0414415592839268,2920.006727450962,2740.11621837008,1.1134325410604538
184,251103_mACmChPOLR2A_7SK,L07,HCT116 OsTIRF74G mAC/mCh-POLR2A Clone 1,10 µM 5PhIAA,60,LARP7 pool,pSer2 Pol II (3E10,Goat anti-mouse Alexa647,29,1.0,332.4192308318605,95.61923083186048,0.30473530737712334,287.44563949161324,135.04563949161323,0.7816451301876015,2546.96164764497,2367.071138564088,0.9618475358866378
185,251103_mACmChPOLR2A_7SK,L08,HCT116 OsTIRF74G mAC/mCh-POLR2A Clone 1,10 µM 5PhIAA,60,Scrambled,pSer2 Pol II (3E10,Goat anti-mouse Alexa647,1829,1.0,331.1370213250603,94.33702132506028,0.30064894833849326,325.5360358092657,173.13603580926568,1.0021126173326256,2657.233408570692,2477.34289948981,1.0066559152362449
186,251103_mACmChPOLR2A_7SK,L09,HCT116 OsTIRF74G mAC/mCh-POLR2A Clone 1,10 µM 5PhIAA,60,HEXIM1 + HEXIM2 pool,pSer2 Pol II (3E10,Goat anti-mouse Alexa647,178,1.0,303.1230929779216,66.32309297792159,0.21136949072899394,333.9906117811155,181.59061178111548,1.0510477637103648,2826.718874035131,2646.828364954249,1.0755254877090272
187,251103_mACmChPOLR2A_7SK,L10,HCT116 OsTIRF74G mAC/mCh-POLR2A Clone 1,Vehicle,60,LARP7 pool,pSer2 Pol II (3E10,Goat anti-mouse Alexa647,1198,0.0,589.9310240918311,353.1310240918311,1.1254168249925534,334.85754456371774,182.45754456371773,1.0560655768753957,3076.4898123331177,2896.5993032522356,1.1770186611181488
188,251103_mACmChPOLR2A_7SK,L11,HCT116 OsTIRF74G mAC/mCh-POLR2A Clone 1,Vehicle,60,Scrambled,pSer2 Pol II (3E10,Goat anti-mouse Alexa647,1819,0.0,548.4867054300317,311.68670543003174,0.99333516028384,325.11319280900085,172.71319280900084,0.9996651990136398,2713.0860296565234,2533.1955205756412,1.029351348883755
189,251103_mACmChPOLR2A_7SK,L12,HCT116 OsTIRF74G mAC/mCh-POLR2A Clone 1,Vehicle,60,HEXIM1 + HEXIM2 pool,pSer2 Pol II (3E10,Goat anti-mouse Alexa647,394,0.0,567.2583101660441,330.4583101660441,1.053159640039899,331.9633807341682,179.5633807341682,1.0393141358673876,2929.54768987223,2749.657180791348,1.1173094634923035
190,251103_mACmChPOLR2A_7SK,L13,HCT116 OsTIRF74G mAC/mCh-POLR2A Clone 1,10 µM 5PhIAA,60,LARP7 pool,pSer2 Pol II (3E10,Goat anti-mouse Alexa647,1172,1.0,339.1383750280191,102.33837502801907,0.3261489963820902,341.45683602497263,189.05683602497263,1.0942623231961006,3112.6735248289974,2932.7830157481153,1.1917217319876219
191,251103_mACmChPOLR2A_7SK,L14,HCT116 OsTIRF74G mAC/mCh-POLR2A Clone 1,10 µM 5PhIAA,60,Scrambled,pSer2 Pol II (3E10,Goat anti-mouse Alexa647,1850,1.0,329.3302629407066,92.53026294070656,0.29489086947901794,330.83207666114924,178.43207666114924,1.0327661397768395,2713.3712817478445,2533.4807726669624,1.0294672596465002
192,251103_mACmChPOLR2A_7SK,L15,HCT116 OsTIRF74G mAC/mCh-POLR2A Clone 1,10 µM 5PhIAA,60,HEXIM1 + HEXIM2 pool,pSer2 Pol II (3E10,Goat anti-mouse Alexa647,142,1.0,301.88570886191263,65.08570886191262,0.20742598871945966,335.5874528176105,183.18745281761048,1.0602902910852494,2764.8874496247254,2584.9969405438433,1.0504005971890122
193,251103_mACmChPOLR2A_7SK,L16,HCT116 OsTIRF74G mAC/mCh-POLR2A Clone 1,Vehicle,60,LARP7 pool,pSer2 Pol II (3E10,Goat anti-mouse Alexa647,1161,0.0,601.7148017082694,364.9148017082694,1.162971332205892,338.2286476523529,185.82864765235288,1.075577545736528,3195.1718566796494,3015.2813475987673,1.2252445171344357
194,251103_mACmChPOLR2A_7SK,L17,HCT116 OsTIRF74G mAC/mCh-POLR2A Clone 1,Vehicle,60,Scrambled,pSer2 Pol II (3E10,Goat anti-mouse Alexa647,1914,0.0,568.3236627255405,331.52366272554053,1.0565548832023757,325.0117708538581,172.61177085385808,0.9990781680096777,2729.888718037163,2549.998208956281,1.0361790373937814
195,251103_mACmChPOLR2A_7SK,L18,HCT116 OsTIRF74G mAC/mCh-POLR2A Clone 1,Vehicle,60,HEXIM1 + HEXIM2 pool,pSer2 Pol II (3E10,Goat anti-mouse Alexa647,348,0.0,560.42656101248,323.62656101247995,1.0313870827820857,333.1922782989411,180.7922782989411,1.0464270037883383,2895.352814401648,2715.462305320766,1.1034145466157108
196,251103_mACmChPOLR2A_7SK,L19,HCT116 OsTIRF74G mAC/mCh-POLR2A Clone 1,10 µM 5PhIAA,60,LARP7 pool,pSer2 Pol II (3E10,Goat anti-mouse Alexa647,1123,1.0,340.4264016527942,103.62640165279419,0.3302538943821689,344.0644334599743,191.66443345997428,1.1093551158566537,3234.7770569018057,3054.8865478209236,1.2413378924544045
197,251103_mACmChPOLR2A_7SK,L20,HCT116 OsTIRF74G mAC/mCh-POLR2A Clone 1,10 µM 5PhIAA,60,Scrambled,pSer2 Pol II (3E10,Goat anti-mouse Alexa647,2103,1.0,326.15666287581945,89.35666287581944,0.2847767116589658,326.0133080838171,173.6133080838171,1.0048750726816547,2624.7009773391082,2444.810468258226,0.9934365242738414
198,251103_mACmChPOLR2A_7SK,L21,HCT116 OsTIRF74G mAC/mCh-POLR2A Clone 1,10 µM 5PhIAA,60,HEXIM1 + HEXIM2 pool,pSer2 Pol II (3E10,Goat anti-mouse Alexa647,236,1.0,306.6695443895484,69.86954438954837,0.2226719133862155,335.1767990520576,182.7767990520576,1.0579134241442214,2947.1927404418843,2767.302231361002,1.1244794416710382
201,251103_mACmChPOLR2A_7SK,M04,HCT116 OsTIRF74G mAC/mCh-POLR2A Clone 1,Vehicle,30,LARP7 pool,pSer2 Pol II (3E10,Goat anti-mouse Alexa647,1511,0.0,575.566383752809,338.76638375280896,1.0796371941485121,332.46282278233457,180.06282278233456,1.042204910025145,3019.0195162252458,2839.1290071443636,1.1536658933041808
202,251103_mACmChPOLR2A_7SK,M05,HCT116 OsTIRF74G mAC/mCh-POLR2A Clone 1,Vehicle,30,Scrambled,pSer2 Pol II (3E10,Goat anti-mouse Alexa647,1971,0.0,552.9622804577339,316.16228045773386,1.007598668993238,325.3406468247465,172.9406468247465,1.0009817044885185,2696.5986438665545,2516.7081347856724,1.0226517820068108
203,251103_mACmChPOLR2A_7SK,M06,HCT116 OsTIRF74G mAC/mCh-POLR2A Clone 1,Vehicle,30,HEXIM1 + HEXIM2 pool,pSer2 Pol II (3E10,Goat anti-mouse Alexa647,578,0.0,549.4420938786474,312.64209387864736,0.9963799514834825,338.6526654642655,186.2526654642655,1.0780317638737593,2847.471809635798,2667.5813005549157,1.083958339449184
204,251103_mACmChPOLR2A_7SK,M07,HCT116 OsTIRF74G mAC/mCh-POLR2A Clone 1,10 µM 5PhIAA,30,LARP7 pool,pSer2 Pol II (3E10,Goat anti-mouse Alexa647,1532,0.5,411.5062902956989,174.70629029569886,0.55678313463527,332.94776172346144,180.54776172346143,1.0450117400953132,2928.282367522832,2748.39185844195,1.1167953060747073
205,251103_mACmChPOLR2A_7SK,M08,HCT116 OsTIRF74G mAC/mCh-POLR2A Clone 1,10 µM 5PhIAA,30,Scrambled,pSer2 Pol II (3E10,Goat anti-mouse Alexa647,2107,0.5,407.42498193896523,170.62498193896522,0.5437761406888636,324.3673775924526,171.9673775924526,0.9953484151898204,2602.123446613644,2422.2329375327618,0.9842622574168401
206,251103_mACmChPOLR2A_7SK,M09,HCT116 OsTIRF74G mAC/mCh-POLR2A Clone 1,10 µM 5PhIAA,30,HEXIM1 + HEXIM2 pool,pSer2 Pol II (3E10,Goat anti-mouse Alexa647,491,0.5,346.34621189163533,109.54621189163532,0.34912013265927505,335.77536733359716,183.37536733359715,1.061377941651869,2813.6556266665384,2633.7651175856563,1.070217302379295
207,251103_mACmChPOLR2A_7SK,M10,HCT116 OsTIRF74G mAC/mCh-POLR2A Clone 1,Vehicle,30,LARP7 pool,pSer2 Pol II (3E10,Goat anti-mouse Alexa647,1508,0.0,561.2798607817031,324.47986078170305,1.0341065207570288,329.24622838327633,176.84622838327633,1.023587238567721,2886.493390659395,2706.602881578513,1.0998145640224413
208,251103_mACmChPOLR2A_7SK,M11,HCT116 OsTIRF74G mAC/mCh-POLR2A Clone 1,Vehicle,30,Scrambled,pSer2 Pol II (3E10,Goat anti-mouse Alexa647,2511,0.0,531.4154999162156,294.6154999162156,0.9389297962760652,319.47739276864485,167.07739276864484,0.9670451479491333,2508.1642819975723,2328.27377291669,0.9460824201117567
209,251103_mACmChPOLR2A_7SK,M12,HCT116 OsTIRF74G mAC/mCh-POLR2A Clone 1,Vehicle,30,HEXIM1 + HEXIM2 pool,pSer2 Pol II (3E10,Goat anti-mouse Alexa647,450,0.0,549.0332787469359,312.2332787469359,0.9950770712601352,330.5936484434531,178.1936484434531,1.031386115542343,2875.077474599807,2695.186965518925,1.09517576354327
210,251103_mACmChPOLR2A_7SK,M13,HCT116 OsTIRF74G mAC/mCh-POLR2A Clone 1,10 µM 5PhIAA,30,LARP7 pool,pSer2 Pol II (3E10,Goat anti-mouse Alexa647,1208,0.5,411.9367465471587,175.13674654715868,0.558154984387248,340.1530178649237,187.7530178649237,1.0867158143322162,3044.3747426010764,2864.4842335201943,1.1639688629167606
211,251103_mACmChPOLR2A_7SK,M14,HCT116 OsTIRF74G mAC/mCh-POLR2A Clone 1,10 µM 5PhIAA,30,Scrambled,pSer2 Pol II (3E10,Goat anti-mouse Alexa647,2474,0.5,392.32135158010186,155.52135158010185,0.4956413732380352,320.508077015935,168.10807701593498,0.9730107557665219,2496.5114980586764,2316.6209889777942,0.9413473695527584
212,251103_mACmChPOLR2A_7SK,M15,HCT116 OsTIRF74G mAC/mCh-POLR2A Clone 1,10 µM 5PhIAA,30,HEXIM1 + HEXIM2 pool,pSer2 Pol II (3E10,Goat anti-mouse Alexa647,120,0.5,341.18142398586974,104.38142398586973,0.3326601254378333,337.58360439620657,185.18360439620656,1.0718440307424475,2748.740088223282,2568.8495791423998,1.0438391975242471
213,251103_mACmChPOLR2A_7SK,M16,HCT116 OsTIRF74G mAC/mCh-POLR2A Clone 1,Vehicle,30,LARP7 pool,pSer2 Pol II (3E10,Goat anti-mouse Alexa647,1537,0.0,569.8597734499597,333.05977344995966,1.0614504169741783,333.518951977121,181.118951977121,1.0483177933811827,2945.8126766974933,2765.922167616611,1.1239186596606108
214,251103_mACmChPOLR2A_7SK,M17,HCT116 OsTIRF74G mAC/mCh-POLR2A Clone 1,Vehicle,30,Scrambled,pSer2 Pol II (3E10,Goat anti-mouse Alexa647,2217,0.0,543.7867036103515,306.9867036103515,0.9783564108551627,319.6463331506713,167.2463331506713,0.9680229760922716,2664.7406774628625,2484.8501683819804,1.0097064564589109
215,251103_mACmChPOLR2A_7SK,M18,HCT116 OsTIRF74G mAC/mCh-POLR2A Clone 1,Vehicle,30,HEXIM1 + HEXIM2 pool,pSer2 Pol II (3E10,Goat anti-mouse Alexa647,379,0.0,561.0288921782033,324.22889217820324,1.033306692167485,334.4379673109475,182.0379673109475,1.053637060726337,2869.4814167558966,2689.5909076750145,1.0929018333853833
216,251103_mACmChPOLR2A_7SK,M19,HCT116 OsTIRF74G mAC/mCh-POLR2A Clone 1,10 µM 5PhIAA,30,LARP7 pool,pSer2 Pol II (3E10,Goat anti-mouse Alexa647,1616,0.5,404.66912884632507,167.86912884632505,0.53499332857078,328.78706389121794,176.38706389121793,1.0209295911936656,2860.8728045570033,2680.982295476121,1.0894037668101928
217,251103_mACmChPOLR2A_7SK,M20,HCT116 OsTIRF74G mAC/mCh-POLR2A Clone 1,10 µM 5PhIAA,30,Scrambled,pSer2 Pol II (3E10,Goat anti-mouse Alexa647,2141,0.5,389.92400215283476,153.12400215283475,0.48800110037395783,320.14826765503875,167.74826765503875,0.9709281766044016,2633.2422275893537,2453.3517185084715,0.9969072186576077
218,251103_mACmChPOLR2A_7SK,M21,HCT116 OsTIRF74G mAC/mCh-POLR2A Clone 1,10 µM 5PhIAA,30,HEXIM1 + HEXIM2 pool,pSer2 Pol II (3E10,Goat anti-mouse Alexa647,291,0.5,336.9801390846198,100.18013908461978,0.3192707702357135,335.07942303901433,182.67942303901432,1.0573498110821566,2786.338043173201,2606.447534092319,1.0591169387521235
