,WELL,IF_561_Intensity,GFP_Intensity,DAPI_Intensity,NucleusArea,CELL,EU,DRUG,DRUG TIME HOURS,PRIMARY,SECONDARY,TotalNumberCells,Alexa647_Intensity,NucleusArea2,EXPERIMENT,GFP_Intensity_BGS,GFP_Intensity_FC,IF_Intensity_BGS,IF_Intensity_FC,TIME_HOURS,TIME_IN_AUXIN_HRS
0,C03,709.8873123501361,342.8332047332353,542.0237289806661,1711.940730203888,HCT116 OsTIRF74G,No addition,No addition,No addition,Total Pol II F12,Goat anti-mouse Alexa647,4218,134.07343068890947,1616.6305988928032,250128_ARMC5mAC_TotalPolII,8.194533933840319,0.13319632369822637,535.1371129611521,1.1907286466526648,No addition,0.0
1,C04,732.9282773616551,345.2668605572173,587.0489149893114,1771.2459165154264,HCT116 OsTIRF74G,No addition,No addition,No addition,Total Pol II F12,Goat anti-mouse Alexa647,3306,135.090093764122,1647.1443883984869,250128_ARMC5mAC_TotalPolII,10.628189757822327,0.17275366906018136,558.1780779726711,1.2419968850559486,No addition,0.0
2,C05,700.6996479855655,344.0512909694715,551.6661794724648,1714.9958757217487,HCT116 OsTIRF74G,No addition,No addition,No addition,Total Pol II F12,Goat anti-mouse Alexa647,3637,134.11776119576345,1597.7005005561734,250128_ARMC5mAC_TotalPolII,9.412620170076536,0.15299544954528213,525.9494485965815,1.170285259547278,No addition,0.0
3,C06,709.931460704461,341.2956208398161,560.2473447545336,1715.4301948051948,HCT116 OsTIRF74G,No addition,No addition,No addition,Total Pol II F12,Goat anti-mouse Alexa647,3696,134.08810507934717,1636.3472837022132,250128_ARMC5mAC_TotalPolII,6.656950040421123,0.10820399056073163,535.181261315477,1.190826880748047,No addition,0.0
4,C07,685.701935132267,339.7770383124041,527.3845775438131,1699.9624191139872,HCT116 OsTIRF74G,No addition,No addition,No addition,Total Pol II F12,Goat anti-mouse Alexa647,4018,134.02329947874375,1584.0226424483703,250128_ARMC5mAC_TotalPolII,5.138367513009143,0.08352051111983995,510.95173574328294,1.1369139872206846,No addition,0.0
5,C08,696.5970018052554,333.141746760972,542.7736257077178,1676.5186039803864,HCT116 OsTIRF74G,No addition,No addition,No addition,Total Pol II F12,Goat anti-mouse Alexa647,3467,136.35451367979218,1548.1626949102676,250128_ARMC5mAC_TotalPolII,-1.4969240384229465,-0.024331436099136215,521.8468024162714,1.1611564994301862,No addition,0.0
6,C09,686.5481695826808,337.6278199822987,539.8383024681463,1675.7666583478913,HCT116 OsTIRF74G,No addition,No addition,No addition,Total Pol II F12,Goat anti-mouse Alexa647,4007,134.37956413016357,1581.593136035812,250128_ARMC5mAC_TotalPolII,2.989149182903759,0.04858649501763065,511.79797019369676,1.138796935679102,No addition,0.0
7,C10,656.1959532291205,342.20466005112013,547.3101990371293,1711.1895939086294,HCT116 OsTIRF74G,No addition,No addition,No addition,Total Pol II F12,Goat anti-mouse Alexa647,3940,134.4782616706743,1584.9066431806743,250128_ARMC5mAC_TotalPolII,7.565989251725171,0.12297977671535563,481.4457538401365,1.0712604994532569,No addition,0.0
8,C11,665.2018451805337,340.64133422037156,532.8758906443495,1673.5855427713857,HCT116 OsTIRF74G,No addition,No addition,No addition,Total Pol II F12,Goat anti-mouse Alexa647,3998,134.24103175755238,1567.115157480315,250128_ARMC5mAC_TotalPolII,6.002663420976603,0.09756902668620791,490.4516457915497,1.0912994264412732,No addition,0.0
9,C12,682.6824979317529,341.2454867134108,536.431717623962,1648.4386562804284,HCT116 OsTIRF74G,No addition,No addition,No addition,Total Pol II F12,Goat anti-mouse Alexa647,4108,134.49009754670706,1529.6049962898837,250128_ARMC5mAC_TotalPolII,6.60681591401584,0.10738909597576572,507.9322985427689,1.1301954653982562,No addition,0.0
10,C13,663.7572245277357,341.50999758433966,538.0157795405806,1705.4516864175023,HCT116 OsTIRF74G,No addition,No addition,No addition,Total Pol II F12,Goat anti-mouse Alexa647,4388,134.33768648700902,1597.3234476367006,250128_ARMC5mAC_TotalPolII,6.871326784944699,0.1116885321450939,489.0070251387517,1.0880850143715997,No addition,0.0
11,C14,657.3248609226792,341.2428290789214,553.7726059869697,1651.0299928588431,HCT116 OsTIRF74G,No addition,No addition,No addition,Total Pol II F12,Goat anti-mouse Alexa647,4201,135.05071529895164,1560.625925925926,250128_ARMC5mAC_TotalPolII,6.604158279526416,0.10734589801642078,482.57466153369523,1.0737724215337658,No addition,0.0
12,C15,665.5884703573038,341.42985504096725,542.1976638021594,1707.1304981773997,HCT116 OsTIRF74G,No addition,No addition,No addition,Total Pol II F12,Goat anti-mouse Alexa647,4115,133.6093401881522,1608.9283110571082,250128_ARMC5mAC_TotalPolII,6.791184241572296,0.11038587207495283,490.83827096831976,1.092159702550605,No addition,0.0
13,C16,682.5294233707541,340.30491484839,569.1363721494865,1685.700612780858,HCT116 OsTIRF74G,No addition,No addition,No addition,Total Pol II F12,Goat anti-mouse Alexa647,3427,134.62453231813322,1585.3073047858943,250128_ARMC5mAC_TotalPolII,5.666244048995054,0.09210076895116324,507.7792239817701,1.1298548606066234,No addition,0.0
14,C17,611.4975824503425,330.1272720506812,525.2306221917418,1737.7508524111056,HCT116 OsTIRF74G,No addition,No addition,No addition,Total Pol II F12,Goat anti-mouse Alexa647,4106,133.0392246162553,1621.171089925277,250128_ARMC5mAC_TotalPolII,-4.511398748713759,-0.07332957956082833,436.7473830613585,0.9718025675402874,No addition,0.0
15,C18,612.1312588177075,334.0040597591726,539.7380982598556,1682.9422300706358,HCT116 OsTIRF74G,No addition,No addition,No addition,Total Pol II F12,Goat anti-mouse Alexa647,3964,133.59737518338292,1586.9694555112883,250128_ARMC5mAC_TotalPolII,-0.634611040222353,-0.010315151321401778,437.38105942872346,0.973212554971645,No addition,0.0
16,C19,640.4731394431342,336.0355610242101,553.896534513802,1697.2709331829715,HCT116 OsTIRF74G,No addition,No addition,No addition,Total Pol II F12,Goat anti-mouse Alexa647,3547,134.42206750464482,1583.7277628032346,250128_ARMC5mAC_TotalPolII,1.396890224815138,0.022705457571785187,465.7229400541502,1.0362758117395523,No addition,0.0
17,C20,643.7464840734317,336.4414116625175,551.218410193072,1717.2533333333333,HCT116 OsTIRF74G,No addition,No addition,No addition,Total Pol II F12,Goat anti-mouse Alexa647,3225,135.25748782955094,1627.2592091922947,250128_ARMC5mAC_TotalPolII,1.8027408631225512,0.02930227118309842,468.9962846844477,1.0435593006384896,No addition,0.0
18,C21,628.8541726860642,336.3533708358453,543.432814640247,1717.9690964057777,HCT116 OsTIRF74G,No addition,No addition,No addition,Total Pol II F12,Goat anti-mouse Alexa647,2977,135.12592741509857,1626.5133004926108,250128_ARMC5mAC_TotalPolII,1.7147000364503242,0.027871230132714028,454.1039732970802,1.0104225561400801,No addition,0.0
19,C22,593.0038956813531,336.31104335873096,508.4471597245902,1697.4161123429417,HCT116 OsTIRF74G,No addition,No addition,No addition,Total Pol II F12,Goat anti-mouse Alexa647,4059,134.05475641963005,1602.0577133479212,250128_ARMC5mAC_TotalPolII,1.6723725593359973,0.027183227082318823,418.2536962923691,0.9306524359483945,No addition,0.0
20,D03,546.3570348761623,332.31868710301404,495.7967895173023,1663.4580169234107,HCT116 OsTIRF74G,"EU 1 mM, 30 mins",No addition,No addition,Total Pol II F12,Goat anti-mouse Alexa647,4609,154.77791781634906,1556.8863687401752,250128_ARMC5mAC_TotalPolII,-2.319983696380916,-0.037709685735957774,371.6068354871783,0.8268589368770785,No addition,0.0
21,D04,686.357852861707,389.9334027474956,620.2351805396241,1409.8309859154929,HCT116 OsTIRF74G ARMC5mAC Clone 5A1,"EU 1 mM, 30 mins",Vehicle,72,Total Pol II F12,Goat anti-mouse Alexa647,2201,178.93250473253315,1308.151563328034,250128_ARMC5mAC_TotalPolII,55.29473194810066,0.8987765594515374,511.607653472723,1.138373463701338,72,0.0
22,D05,634.9962793784798,396.8964035512113,597.7907746874411,1457.9972440944882,HCT116 OsTIRF74G ARMC5mAC Clone 5F9,"EU 1 mM, 30 mins",Vehicle,72,Total Pol II F12,Goat anti-mouse Alexa647,2540,168.7720082443049,1333.4357233771743,250128_ARMC5mAC_TotalPolII,62.25773275181632,1.0119551876017878,460.2460799894958,1.0240893010028818,72,0.0
23,D06,544.9058906643372,331.8465215302753,511.77590034357996,1657.3929374718848,HCT116 OsTIRF74G,"EU 1 mM, 30 mins",Vehicle,72,Total Pol II F12,Goat anti-mouse Alexa647,4446,171.00314976960018,1560.291325695581,250128_ARMC5mAC_TotalPolII,-2.7921492691196477,-0.04538440146395686,370.1556912753532,0.8236300092964758,72,0.0
27,D10,680.5962747450841,389.07359886358523,615.514396889419,1450.5694783032668,HCT116 OsTIRF74G ARMC5mAC Clone 5A1,"EU 1 mM, 30 mins",Vehicle,72,Total Pol II F12,Goat anti-mouse Alexa647,2051,176.71388338411228,1367.4,250128_ARMC5mAC_TotalPolII,54.434928064190274,0.8848010585428909,505.8460753561001,1.1255534294573517,72,0.0
28,D11,627.9657676270855,395.5227885365621,586.2136926740873,1451.3248756218904,HCT116 OsTIRF74G ARMC5mAC Clone 5F9,"EU 1 mM, 30 mins",Vehicle,72,Total Pol II F12,Goat anti-mouse Alexa647,2010,,,250128_ARMC5mAC_TotalPolII,60.88411773716712,0.9896280520251808,453.21556823810147,1.0084457742501014,72,0.0
29,D12,539.7784439339149,335.40070779129155,517.1468424496031,1645.0185603210434,HCT116 OsTIRF74G,"EU 1 mM, 30 mins",Vehicle,72,Total Pol II F12,Goat anti-mouse Alexa647,3987,,,250128_ARMC5mAC_TotalPolII,0.7620369918965935,0.01238636958027871,365.0282445449309,0.8122209749420549,72,0.0
33,D16,704.6582465405261,394.3954676579332,635.6657903100718,1410.6311280342693,HCT116 OsTIRF74G ARMC5mAC Clone 5A1,"EU 1 mM, 30 mins",Vehicle,72,Total Pol II F12,Goat anti-mouse Alexa647,2101,178.82316979030938,1326.2288770053476,250128_ARMC5mAC_TotalPolII,59.75679685853822,0.9713042525420229,529.9080471515421,1.1790935006238625,72,0.0
34,D17,633.2634216950819,395.38491137312906,616.5057193609673,1417.8011289622232,HCT116 OsTIRF74G ARMC5mAC Clone 5F9,"EU 1 mM, 30 mins",Vehicle,72,Total Pol II F12,Goat anti-mouse Alexa647,2303,166.85877257770443,1288.3047381546135,250128_ARMC5mAC_TotalPolII,60.7462405737341,0.9873869567488066,458.5132223060979,1.0202335353790466,72,0.0
35,D18,569.3803693887911,335.8341609336834,521.5835303912808,1681.4311499272198,HCT116 OsTIRF74G,"EU 1 mM, 30 mins",Vehicle,72,Total Pol II F12,Goat anti-mouse Alexa647,3435,163.99849652864125,1597.562363919129,250128_ARMC5mAC_TotalPolII,1.195490134288434,0.019431842273193674,394.6301699998071,0.8780879458201458,72,0.0
39,D22,561.6196916738088,334.66323358741505,499.0967573273731,1696.4068259385665,HCT116 OsTIRF74G,"EU 1 mM, 30 mins",No addition,No addition,Total Pol II F12,Goat anti-mouse Alexa647,4395,157.782880978648,1605.571567436209,250128_ARMC5mAC_TotalPolII,0.024562788020091375,0.00039925065787381,386.8694922848248,0.8608197335267869,No addition,0.0
40,E03,574.4658244355284,333.0652126184055,472.91405822644975,1632.3983559209064,HCT116 OsTIRF74G,"EU 1 mM, 30 mins",No addition,No addition,Total Pol II F12,Goat anti-mouse Alexa647,4501,159.91852934638612,1540.6165572232646,250128_ARMC5mAC_TotalPolII,-1.573458180989462,-0.02557544417934663,399.71562504654435,0.8894035448671025,No addition,0.0
41,E04,741.9329049377556,389.487840186728,595.8706104815539,1452.0608695652174,HCT116 OsTIRF74G ARMC5mAC Clone 5A1,"EU 1 mM, 30 mins",Vehicle,48,Total Pol II F12,Goat anti-mouse Alexa647,2300,180.25069794446384,1342.736040609137,250128_ARMC5mAC_TotalPolII,54.84916938733306,0.8915342567713656,567.1827055487715,1.2620329986941365,48,0.0
42,E05,672.8944299296024,393.77221529205076,580.9149681603327,1417.1104270873413,HCT116 OsTIRF74G ARMC5mAC Clone 5F9,"EU 1 mM, 30 mins",Vehicle,48,Total Pol II F12,Goat anti-mouse Alexa647,2599,173.39101717888664,1290.210193955796,250128_ARMC5mAC_TotalPolII,59.1335444926558,0.9611737283972707,498.1442305406184,1.1084161257051952,48,0.0
43,E06,604.095827601115,331.45589452756195,510.86722044237297,1633.8882820258193,HCT116 OsTIRF74G,"EU 1 mM, 30 mins",Vehicle,48,Total Pol II F12,Goat anti-mouse Alexa647,4028,171.4762180014297,1530.1024193548387,250128_ARMC5mAC_TotalPolII,-3.1827762718330064,-0.051733765700989545,429.34562821213103,0.9553329911999239,48,0.0
44,E07,1121.9891088014544,331.79310518783643,574.1066744104253,1429.9648941662365,HCT116 OsTIRF74G ARMC5mAC Clone 5A1,"EU 1 mM, 30 mins",10 µM 5PhIAA,48,Total Pol II F12,Goat anti-mouse Alexa647,1937,177.84663206235942,1313.1284760845383,250128_ARMC5mAC_TotalPolII,-2.845565611558527,-0.04625264613726068,947.2389094124704,2.107692547093695,48,48.0
45,E08,1007.0731083463863,331.5370563776124,591.619335432815,1416.4035087719299,HCT116 OsTIRF74G ARMC5mAC Clone 5F9,"EU 1 mM, 30 mins",10 µM 5PhIAA,48,Total Pol II F12,Goat anti-mouse Alexa647,1995,172.0312276876062,1315.8980789754535,250128_ARMC5mAC_TotalPolII,-3.1016144217825854,-0.05041453752541025,832.3229089574023,1.851994016032304,48,48.0
46,E09,583.9950947969751,330.96542666540677,487.3616340957792,1672.4733659660237,HCT116 OsTIRF74G,"EU 1 mM, 30 mins",10 µM 5PhIAA,48,Total Pol II F12,Goat anti-mouse Alexa647,3473,164.82730523884857,1549.5941002949853,250128_ARMC5mAC_TotalPolII,-3.6732441339881916,-0.05970597213257403,409.24489540799107,0.9106070363205098,48,48.0
47,E10,936.0438242002107,336.14156166119267,590.071454413261,1434.96802646086,HCT116 OsTIRF74G ARMC5mAC Clone 5A1,"EU 1 mM, 30 mins",Vehicle,48,Total Pol II F12,Goat anti-mouse Alexa647,1814,182.61106612297527,1332.9573901464714,250128_ARMC5mAC_TotalPolII,1.5028908617977095,0.02442842257134948,761.2936248112267,1.6939474120207016,48,0.0
48,E11,644.9057722744259,392.4030631980047,583.1756130058654,1417.6863636363637,HCT116 OsTIRF74G ARMC5mAC Clone 5F9,"EU 1 mM, 30 mins",Vehicle,48,Total Pol II F12,Goat anti-mouse Alexa647,2640,168.52848316931576,1294.4561933534744,250128_ARMC5mAC_TotalPolII,57.76439239860974,0.9389191344224309,470.15557288544187,1.0461388221054495,48,0.0
49,E12,582.7096290483788,333.8692014688124,505.0036149491775,1585.9269394261423,HCT116 OsTIRF74G,"EU 1 mM, 30 mins",Vehicle,48,Total Pol II F12,Goat anti-mouse Alexa647,3764,169.28473858446682,1492.9282485875706,250128_ARMC5mAC_TotalPolII,-0.7694693305825808,-0.012507176962058589,407.9594296593948,0.9077467583579617,48,0.0
50,E13,1034.1542197095798,337.57927613105886,577.0190360577013,1435.577441077441,HCT116 OsTIRF74G ARMC5mAC Clone 5A1,"EU 1 mM, 30 mins",10 µM 5PhIAA,48,Total Pol II F12,Goat anti-mouse Alexa647,1782,170.36795557328188,1329.7947269303202,250128_ARMC5mAC_TotalPolII,2.940605331663903,0.047797449224971124,859.4040203205958,1.9122519467613326,48,48.0
51,E14,943.4943152905722,336.482203294824,581.8212819177122,1462.6924277907885,HCT116 OsTIRF74G ARMC5mAC Clone 5F9,"EU 1 mM, 30 mins",10 µM 5PhIAA,48,Total Pol II F12,Goat anti-mouse Alexa647,2562,166.84763025555327,1336.2592087312414,250128_ARMC5mAC_TotalPolII,1.8435324954290309,0.029965310167955807,768.7441159015882,1.7105254309210054,48,48.0
52,E15,542.3762944472222,331.2843107354954,471.20848304694994,1645.6414948453607,HCT116 OsTIRF74G,"EU 1 mM, 30 mins",10 µM 5PhIAA,48,Total Pol II F12,Goat anti-mouse Alexa647,3880,162.47231162555005,1544.5306391970416,250128_ARMC5mAC_TotalPolII,-3.3543600638995485,-0.054522738264161756,367.6260950582382,0.8180014281212402,48,48.0
53,E16,715.1633833032533,391.6788288536809,577.4146488177514,1422.5405887600357,HCT116 OsTIRF74G ARMC5mAC Clone 5A1,"EU 1 mM, 30 mins",Vehicle,48,Total Pol II F12,Goat anti-mouse Alexa647,2242,179.16703030187506,1292.4215952251764,250128_ARMC5mAC_TotalPolII,57.04015805428594,0.9271472200049969,540.4131839142693,1.202468383392069,48,0.0
54,E17,644.4288976675596,391.68987021052607,563.0376112276517,1383.218787158145,HCT116 OsTIRF74G ARMC5mAC Clone 5F9,"EU 1 mM, 30 mins",Vehicle,48,Total Pol II F12,Goat anti-mouse Alexa647,2523,173.4343859532626,1272.7517630465445,250128_ARMC5mAC_TotalPolII,57.05119941113111,0.9273266894113464,469.67869827857555,1.045077732822901,48,0.0
55,E18,534.9744594505669,332.80202742144655,480.41565446448715,1640.108239095315,HCT116 OsTIRF74G,"EU 1 mM, 30 mins",Vehicle,48,Total Pol II F12,Goat anti-mouse Alexa647,4333,164.27591665829564,1526.535294117647,250128_ARMC5mAC_TotalPolII,-1.8366433779484055,-0.029853332460699617,360.22426006158287,0.8015316734455754,48,0.0
56,E19,1033.8838254139955,336.3018509613174,539.9019133037109,1504.3130962705984,HCT116 OsTIRF74G ARMC5mAC Clone 5A1,"EU 1 mM, 30 mins",10 µM 5PhIAA,48,Total Pol II F12,Goat anti-mouse Alexa647,2306,176.67696234414817,1402.5728962818005,250128_ARMC5mAC_TotalPolII,1.6631801619224689,0.027033811197127503,859.1336260250115,1.9116502949120298,48,48.0
57,E20,956.8625078577492,336.7602627545717,568.7784455759628,1450.255006129955,HCT116 OsTIRF74G ARMC5mAC Clone 5F9,"EU 1 mM, 30 mins",10 µM 5PhIAA,48,Total Pol II F12,Goat anti-mouse Alexa647,2447,169.1735809133015,1323.393643031785,250128_ARMC5mAC_TotalPolII,2.1215919551767684,0.03448496901700479,782.1123084687651,1.7402708727118503,48,48.0
58,E21,531.9020112596604,330.5796825849379,472.0183745912066,1695.0144822592324,HCT116 OsTIRF74G,"EU 1 mM, 30 mins",10 µM 5PhIAA,48,Total Pol II F12,Goat anti-mouse Alexa647,4143,162.36856401753838,1575.783536585366,250128_ARMC5mAC_TotalPolII,-4.058988214457031,-0.06597596793973319,357.1518118706764,0.7946951973581207,48,48.0
59,E22,513.8620517433448,329.403492436788,459.4918490341644,1614.591068844325,HCT116 OsTIRF74G,"EU 1 mM, 30 mins",No addition,No addition,Total Pol II F12,Goat anti-mouse Alexa647,4837,159.05314114604275,1516.0317700453859,250128_ARMC5mAC_TotalPolII,-5.235178362606973,-0.08509410265837541,339.11185235436074,0.7545546500847888,No addition,0.0
60,F03,519.2015879676893,331.23180774351545,453.7485786670929,1663.1412125863392,HCT116 OsTIRF74G,"EU 1 mM, 30 mins",No addition,No addition,Total Pol II F12,Goat anti-mouse Alexa647,3909,157.14502679782774,1567.1296866974833,250128_ARMC5mAC_TotalPolII,-3.406863055879512,-0.05537613707504584,344.4513885787053,0.7664356028129324,No addition,0.0
61,F04,741.7687425190474,412.6234786817052,586.3688368238883,1363.4522792022792,HCT116 OsTIRF74G ARMC5mAC Clone 5A1,"EU 1 mM, 30 mins",Vehicle,24,Total Pol II F12,Goat anti-mouse Alexa647,1404,182.58528475374118,1268.4206748025842,250128_ARMC5mAC_TotalPolII,77.98480788231024,1.2675876136580044,567.0185431300633,1.2616677224127402,24,0.0
62,F05,673.3207594291907,407.0063714142813,567.6221821418605,1389.1167332445627,HCT116 OsTIRF74G ARMC5mAC Clone 5F9,"EU 1 mM, 30 mins",Vehicle,24,Total Pol II F12,Goat anti-mouse Alexa647,2253,198.61155163068372,1301.0748560460652,250128_ARMC5mAC_TotalPolII,72.36770061488636,1.1762855281605291,498.5705600402067,1.109364747536456,24,0.0
63,F06,575.0774657249409,330.63331936763484,477.1678604731828,1676.4270186335405,HCT116 OsTIRF74G,"EU 1 mM, 30 mins",Vehicle,24,Total Pol II F12,Goat anti-mouse Alexa647,3864,166.75574349388924,1532.0101171458998,250128_ARMC5mAC_TotalPolII,-4.005351431760118,-0.06510414016674337,400.3272663359569,0.8907645022500601,24,0.0
64,F07,1051.1360604669321,332.6374278829049,570.4392255230756,1398.2316448491747,HCT116 OsTIRF74G ARMC5mAC Clone 5A1,"EU 1 mM, 30 mins",10 µM 5PhIAA,24,Total Pol II F12,Goat anti-mouse Alexa647,1757,173.1093022593684,1317.9433617539587,250128_ARMC5mAC_TotalPolII,-2.001242916490071,-0.03252878094784741,876.3858610779481,1.9500380837586018,24,24.0
65,F08,858.3253272990114,332.759436465133,556.7859846334113,1429.8830548926014,HCT116 OsTIRF74G ARMC5mAC Clone 5F9,"EU 1 mM, 30 mins",10 µM 5PhIAA,24,Total Pol II F12,Goat anti-mouse Alexa647,2514,165.38655082593408,1312.891621129326,250128_ARMC5mAC_TotalPolII,-1.8792343342619802,-0.030545618178174375,683.5751279100274,1.5210167025003505,24,24.0
66,F09,546.7581619320216,328.5959099628268,476.78306467526204,1653.6238490905007,HCT116 OsTIRF74G,"EU 1 mM, 30 mins",10 µM 5PhIAA,24,Total Pol II F12,Goat anti-mouse Alexa647,4453,164.4227816833759,1544.8910094274545,250128_ARMC5mAC_TotalPolII,-6.0427608365681635,-0.09822078167187467,372.0079625430376,0.8277514809836087,24,24.0
67,F10,712.7798128432638,406.7141714062469,577.9591557597115,1368.14947016174,HCT116 OsTIRF74G ARMC5mAC Clone 5A1,"EU 1 mM, 30 mins",Vehicle,24,Total Pol II F12,Goat anti-mouse Alexa647,1793,180.11032188006416,1267.4804292929293,250128_ARMC5mAC_TotalPolII,72.07550060685196,1.1715360247514275,538.0296134542798,1.1971647227800817,24,0.0
68,F11,612.3969720648103,402.7931259515534,548.2883449253109,1465.8464405516213,HCT116 OsTIRF74G ARMC5mAC Clone 5F9,"EU 1 mM, 30 mins",Vehicle,24,Total Pol II F12,Goat anti-mouse Alexa647,2683,166.22984086021202,1324.4433033804023,250128_ARMC5mAC_TotalPolII,68.15445515215845,1.107802218309789,437.64677267582624,0.9738037910632135,24,0.0
69,F12,580.6231230227683,335.8035610385221,485.8624244766286,1607.3215911814043,HCT116 OsTIRF74G,"EU 1 mM, 30 mins",Vehicle,24,Total Pol II F12,Goat anti-mouse Alexa647,4173,168.5195261812098,1490.5041719342605,250128_ARMC5mAC_TotalPolII,1.1648902391271463,0.01893446273044711,405.87292363378424,0.9031040930747406,24,0.0
70,F13,974.5996787090696,338.80772809524035,550.2862203357429,1466.9115002366304,HCT116 OsTIRF74G ARMC5mAC Clone 5A1,"EU 1 mM, 30 mins",10 µM 5PhIAA,24,Total Pol II F12,Goat anti-mouse Alexa647,2113,172.92480331049086,1348.2404600104549,250128_ARMC5mAC_TotalPolII,4.169057295845391,0.06776506261090502,799.8494793200856,1.7797376877237503,24,24.0
71,F14,959.0216481193768,336.9548618595815,548.5849710120884,1443.6501584786054,HCT116 OsTIRF74G ARMC5mAC Clone 5F9,"EU 1 mM, 30 mins",10 µM 5PhIAA,24,Total Pol II F12,Goat anti-mouse Alexa647,2524,166.62448589090965,1303.4874517374517,250128_ARMC5mAC_TotalPolII,2.3161910601865543,0.03764803913075822,784.2714487303928,1.7450751557626651,24,24.0
72,F15,545.735811545864,330.7430297454984,471.37867139652514,1637.5927634774162,HCT116 OsTIRF74G,"EU 1 mM, 30 mins",10 µM 5PhIAA,24,Total Pol II F12,Goat anti-mouse Alexa647,4118,174.5574983948483,1543.7387928875532,250128_ARMC5mAC_TotalPolII,-3.8956410538965542,-0.06332087596636905,370.98561215687994,0.8254766585834612,24,24.0
73,F16,934.951023015289,336.6648320771705,568.3265152872516,1352.3560606060605,HCT116 OsTIRF74G ARMC5mAC Clone 5A1,"EU 1 mM, 30 mins",Vehicle,24,Total Pol II F12,Goat anti-mouse Alexa647,1584,178.7482251804411,1221.6775106082036,250128_ARMC5mAC_TotalPolII,2.026161277775543,0.0329338111963772,760.200823626305,1.6915158301990225,24,0.0
74,F17,607.5838494736387,401.2478085090811,548.4552365083088,1398.0168665667165,HCT116 OsTIRF74G ARMC5mAC Clone 5F9,"EU 1 mM, 30 mins",Vehicle,24,Total Pol II F12,Goat anti-mouse Alexa647,2668,168.5055942980829,1275.7219445706496,250128_ARMC5mAC_TotalPolII,66.60913770968614,1.0826841818301238,432.83365008465466,0.9630941564474301,24,0.0
75,F18,558.2565701732861,333.4497928501946,486.3974232424339,1626.2605452674898,HCT116 OsTIRF74G,"EU 1 mM, 30 mins",Vehicle,24,Total Pol II F12,Goat anti-mouse Alexa647,3888,164.97931722791154,1515.0121720313768,250128_ARMC5mAC_TotalPolII,-1.1888779492003323,-0.019324365905110025,383.50637078430213,0.8533364829432368,24,0.0
76,F19,930.1630069158736,337.3484564861435,552.2481523035799,1398.1512565196776,HCT116 OsTIRF74G ARMC5mAC Clone 5A1,"EU 1 mM, 30 mins",10 µM 5PhIAA,24,Total Pol II F12,Goat anti-mouse Alexa647,2109,172.5405940420596,1267.2736051502145,250128_ARMC5mAC_TotalPolII,2.709785686748546,0.044045639983802065,755.4128075268895,1.6808620598061212,24,24.0
77,F20,917.1824615869012,338.53452581710985,577.598744573887,1422.4858921161826,HCT116 OsTIRF74G ARMC5mAC Clone 5F9,"EU 1 mM, 30 mins",10 µM 5PhIAA,24,Total Pol II F12,Goat anti-mouse Alexa647,2410,169.58223430918358,1306.576652601969,250128_ARMC5mAC_TotalPolII,3.8958550177148936,0.06332435379613184,742.4322621979172,1.6519791683040648,24,24.0
78,F21,562.3774685492375,329.4934097358243,472.0721704254677,1693.1393034825871,HCT116 OsTIRF74G,"EU 1 mM, 30 mins",10 µM 5PhIAA,24,Total Pol II F12,Goat anti-mouse Alexa647,4020,163.87588876589427,1566.3656795346378,250128_ARMC5mAC_TotalPolII,-5.145261063570672,-0.08363256088367481,387.6272691602535,0.8625058558522429,24,24.0
79,F22,531.7632429054315,328.1660073747346,456.215853190325,1641.961030927835,HCT116 OsTIRF74G,"EU 1 mM, 30 mins",No addition,No addition,Total Pol II F12,Goat anti-mouse Alexa647,4850,158.18690610842054,1552.2408837408836,250128_ARMC5mAC_TotalPolII,-6.472663424660368,-0.10520854262869571,357.0130435164475,0.7943864251750162,No addition,0.0
80,G03,518.7076669108228,331.6911826534685,460.03179076332265,1655.2679674796748,HCT116 OsTIRF74G,"EU 1 mM, 30 mins",No addition,No addition,Total Pol II F12,Goat anti-mouse Alexa647,3075,158.34135913279454,1562.1729217818308,250128_ARMC5mAC_TotalPolII,-2.9474881459264566,-0.04790932447789844,343.9574675218388,0.7653365836319574,No addition,0.0
81,G04,639.106534459061,414.4133907184848,583.0418462002777,1365.7593865679535,HCT116 OsTIRF74G ARMC5mAC Clone 5A1,"EU 1 mM, 30 mins",Vehicle,8,Total Pol II F12,Goat anti-mouse Alexa647,1891,174.3292446833595,1268.2478736330497,250128_ARMC5mAC_TotalPolII,79.77471991908982,1.2966813613887573,464.35633507007697,1.0332349916136785,8,0.0
82,G05,606.7490368214469,408.8900795903217,586.8034520857904,1409.9736590038315,HCT116 OsTIRF74G ARMC5mAC Clone 5F9,"EU 1 mM, 30 mins",Vehicle,8,Total Pol II F12,Goat anti-mouse Alexa647,2088,169.02670387827612,1270.100742311771,250128_ARMC5mAC_TotalPolII,74.25140879092675,1.2069038654564108,431.9988374324629,0.9612366225267264,8,0.0
83,G06,506.528975119575,333.43060890651856,473.91819949165193,1674.1348265261308,HCT116 OsTIRF74G,"EU 1 mM, 30 mins",Vehicle,8,Total Pol II F12,Goat anti-mouse Alexa647,4554,165.87495528761679,1581.6800087970091,250128_ARMC5mAC_TotalPolII,-1.208061892876401,-0.01963618727192798,331.77877573059095,0.7382378890294674,8,0.0
84,G07,783.3645845578114,337.5055804899889,551.8288141903859,1462.780455153949,HCT116 OsTIRF74G ARMC5mAC Clone 5A1,"EU 1 mM, 30 mins",10 µM 5PhIAA,8,Total Pol II F12,Goat anti-mouse Alexa647,2241,171.7581915913155,1370.6948156066276,250128_ARMC5mAC_TotalPolII,2.866909690593957,0.04659957896873061,608.6143851688274,1.3542222462863087,8,8.0
85,G08,731.003974185075,336.79165111674183,571.9229324460309,1417.1491604841858,HCT116 OsTIRF74G ARMC5mAC Clone 5F9,"EU 1 mM, 30 mins",10 µM 5PhIAA,8,Total Pol II F12,Goat anti-mouse Alexa647,2561,168.1557638705001,1306.8422496570645,250128_ARMC5mAC_TotalPolII,2.1529803173468736,0.034995164530467894,556.253774796091,1.2377151358337357,8,8.0
86,G09,498.55599714300547,333.1186221378377,480.1700940666608,1663.8100756859035,HCT116 OsTIRF74G,"EU 1 mM, 30 mins",10 µM 5PhIAA,8,Total Pol II F12,Goat anti-mouse Alexa647,4228,159.5860174000804,1555.422641509434,250128_ARMC5mAC_TotalPolII,-1.5200486615572686,-0.024707310409166093,323.80579775402146,0.7204972893852015,8,8.0
87,G10,624.1149115866803,412.9415688925476,594.8115607435436,1392.7890250399573,HCT116 OsTIRF74G ARMC5mAC Clone 5A1,"EU 1 mM, 30 mins",Vehicle,8,Total Pol II F12,Goat anti-mouse Alexa647,1877,172.6908745564776,1315.4750462107208,250128_ARMC5mAC_TotalPolII,78.30289809315263,1.272757943908714,449.36471219769624,0.9998772700473686,8,0.0
88,G11,551.6675582741441,411.4007189186566,576.4761718943345,1455.4587118084228,HCT116 OsTIRF74G ARMC5mAC Clone 5F9,"EU 1 mM, 30 mins",Vehicle,8,Total Pol II F12,Goat anti-mouse Alexa647,2422,165.831460227946,1344.3854216293473,250128_ARMC5mAC_TotalPolII,76.76204811926164,1.2477125229549677,376.91735888516007,0.8386753334332919,8,0.0
89,G12,498.6656486817322,334.5933149568642,481.99969969495066,1617.1138647019425,HCT116 OsTIRF74G,"EU 1 mM, 30 mins",Vehicle,8,Total Pol II F12,Goat anti-mouse Alexa647,4479,162.78539588077504,1520.228366496992,250128_ARMC5mAC_TotalPolII,-0.04535584253073921,-0.0007372269774101643,323.9154492927481,0.7207412740111021,8,0.0
90,G13,739.4977872013974,339.74544906130564,576.3862483154969,1419.2263374485597,HCT116 OsTIRF74G ARMC5mAC Clone 5A1,"EU 1 mM, 30 mins",10 µM 5PhIAA,8,Total Pol II F12,Goat anti-mouse Alexa647,1944,170.1543391512473,1339.5761627906977,250128_ARMC5mAC_TotalPolII,5.1067782619106765,0.08300705029965587,564.7475878124134,1.256614640713676,8,8.0
91,G14,715.460242451043,341.6375999658254,595.0558692912819,1415.1682085786374,HCT116 OsTIRF74G ARMC5mAC Clone 5F9,"EU 1 mM, 30 mins",10 µM 5PhIAA,8,Total Pol II F12,Goat anti-mouse Alexa647,2378,163.43447791047734,1325.0216674517192,250128_ARMC5mAC_TotalPolII,6.998929166430457,0.1137626181451352,540.710043062059,1.2031289219395416,8,8.0
92,G15,468.15264803096005,335.0234912875943,480.05788210485065,1670.475486381323,HCT116 OsTIRF74G,"EU 1 mM, 30 mins",10 µM 5PhIAA,8,Total Pol II F12,Goat anti-mouse Alexa647,3855,160.3712823737665,1566.1670741646292,250128_ARMC5mAC_TotalPolII,0.38482048819935244,0.006254983471389362,293.402448641976,0.6528470781307963,8,8.0
93,G16,610.9307496928185,357.8956195299577,577.5528418334862,1448.586940015186,HCT116 OsTIRF74G ARMC5mAC Clone 5A1,"EU 1 mM, 30 mins",Vehicle,8,Total Pol II F12,Goat anti-mouse Alexa647,2634,171.15952503309882,1325.3342116820377,250128_ARMC5mAC_TotalPolII,23.256948730562726,0.3780251685280837,436.1805503038345,0.9705413132077104,8,0.0
94,G17,538.5161531263354,406.8977983945719,567.6953430385407,1437.2746346946421,HCT116 OsTIRF74G ARMC5mAC Clone 5F9,"EU 1 mM, 30 mins",Vehicle,8,Total Pol II F12,Goat anti-mouse Alexa647,2669,165.98514461349305,1337.895087427144,250128_ARMC5mAC_TotalPolII,72.25912759517695,1.1745207509084163,363.7659537373514,0.8094122633266818,8,0.0
95,G18,478.87691966366214,334.2618162575117,485.89915877515404,1666.4697782963826,HCT116 OsTIRF74G,"EU 1 mM, 30 mins",Vehicle,8,Total Pol II F12,Goat anti-mouse Alexa647,4285,163.53536801416803,1552.3490252020922,250128_ARMC5mAC_TotalPolII,-0.3768545418832332,-0.006125502676916983,304.12672027467806,0.6767095558738976,8,0.0
96,G19,751.3864270491771,338.2566191930737,576.4009274308419,1419.612112112112,HCT116 OsTIRF74G ARMC5mAC Clone 5A1,"EU 1 mM, 30 mins",10 µM 5PhIAA,8,Total Pol II F12,Goat anti-mouse Alexa647,1998,170.43289867859585,1346.409568261377,250128_ARMC5mAC_TotalPolII,3.6179483936787165,0.05880717918292518,576.6362276601931,1.2830679434161467,8,8.0
97,G20,677.2244813274692,338.0772815362282,572.6887533870756,1421.0494479116658,HCT116 OsTIRF74G ARMC5mAC Clone 5F9,"EU 1 mM, 30 mins",10 µM 5PhIAA,8,Total Pol II F12,Goat anti-mouse Alexa647,2083,162.85043376879005,1309.9261891744122,250128_ARMC5mAC_TotalPolII,3.4386107368332546,0.05589217305990154,502.4742819384852,1.1180508830711877,8,8.0
98,G21,476.8168322319539,330.96490641369024,489.12242647227805,1617.7612257281553,HCT116 OsTIRF74G,"EU 1 mM, 30 mins",10 µM 5PhIAA,8,Total Pol II F12,Goat anti-mouse Alexa647,3296,161.84991521462877,1501.312582781457,250128_ARMC5mAC_TotalPolII,-3.6737643857047146,-0.059714428454385376,302.06663284296985,0.6721256743599234,8,8.0
99,G22,472.11804796710015,330.40253061513505,462.27709209481424,1655.9774453394707,HCT116 OsTIRF74G,"EU 1 mM, 30 mins",No addition,No addition,Total Pol II F12,Goat anti-mouse Alexa647,4345,156.44278980660195,1581.1530054644809,250128_ARMC5mAC_TotalPolII,-4.236140184259909,-0.06885544727365846,297.3678485781161,0.661670452897815,No addition,0.0
100,H03,432.9337650136415,331.9376210494238,437.2321039999356,1705.9258737316798,HCT116 OsTIRF74G,"EU 1 mM, 30 mins",No addition,No addition,Total Pol II F12,Goat anti-mouse Alexa647,3548,155.63975493707443,1601.1674325100516,250128_ARMC5mAC_TotalPolII,-2.701049749971162,-0.04390364354175885,258.1835656246575,0.5744818668678756,No addition,0.0
101,H04,571.0626211303781,410.9821166625213,568.8391206207652,1380.6116883116883,HCT116 OsTIRF74G ARMC5mAC Clone 5A1,"EU 1 mM, 30 mins",Vehicle,2,Total Pol II F12,Goat anti-mouse Alexa647,1540,168.71087314309844,1323.40395480226,250128_ARMC5mAC_TotalPolII,76.34344586312636,1.2409084408608355,396.31242174139413,0.8818311086303365,2,0.0
102,H05,525.0813638512327,407.1217500420189,546.9881474811174,1401.851786501985,HCT116 OsTIRF74G ARMC5mAC Clone 5F9,"EU 1 mM, 30 mins",Vehicle,2,Total Pol II F12,Goat anti-mouse Alexa647,2267,161.25145902358025,1306.242908715833,250128_ARMC5mAC_TotalPolII,72.48307924262394,1.1781609257331145,350.3311644622487,0.7795186378162268,2,0.0
103,H06,459.647723342295,329.88692220973707,471.3134268790883,1680.8432558139534,HCT116 OsTIRF74G,"EU 1 mM, 30 mins",Vehicle,2,Total Pol II F12,Goat anti-mouse Alexa647,4300,164.12332964003915,1562.2255130597016,250128_ARMC5mAC_TotalPolII,-4.751748589657893,-0.07723629536354258,284.89752395331095,0.6339228487713722,2,0.0
104,H07,591.282696044333,340.1686023698173,557.0949399514152,1477.3581241117954,HCT116 OsTIRF74G ARMC5mAC Clone 5A1,"EU 1 mM, 30 mins",10 µM 5PhIAA,2,Total Pol II F12,Goat anti-mouse Alexa647,2111,166.61733249744603,1372.1925925925925,250128_ARMC5mAC_TotalPolII,5.52993157042232,0.08988510651487719,416.53249665534895,0.9268226105358617,2,2.0
105,H08,572.7623295593061,338.02881148268415,573.0661744460696,1401.6509764646971,HCT116 OsTIRF74G ARMC5mAC Clone 5F9,"EU 1 mM, 30 mins",10 µM 5PhIAA,2,Total Pol II F12,Goat anti-mouse Alexa647,1997,164.1178826750021,1289.4128902316213,250128_ARMC5mAC_TotalPolII,3.3901406832891894,0.05510432679632519,398.01213017032205,0.885613114154271,2,2.0
106,H09,446.26657191695074,331.8067801975488,470.77661010168464,1660.9724391364264,HCT116 OsTIRF74G,"EU 1 mM, 30 mins",10 µM 5PhIAA,2,Total Pol II F12,Goat anti-mouse Alexa647,4354,156.2159932555968,1555.2526632700324,250128_ARMC5mAC_TotalPolII,-2.831890601846169,-0.046030368575787454,271.5163725279667,0.6041485723449281,2,2.0
107,H10,548.9091656712533,407.1083668943034,565.7927811978027,1441.0962162162161,HCT116 OsTIRF74G ARMC5mAC Clone 5A1,"EU 1 mM, 30 mins",Vehicle,2,Total Pol II F12,Goat anti-mouse Alexa647,1850,167.2754779182288,1330.4220183486239,250128_ARMC5mAC_TotalPolII,72.46969609490844,1.177943392180919,374.15896628226926,0.8325376595336023,2,0.0
108,H11,528.9390857313109,411.22422024877335,560.7504592074519,1379.4436926051233,HCT116 OsTIRF74G ARMC5mAC Clone 5F9,"EU 1 mM, 30 mins",Vehicle,2,Total Pol II F12,Goat anti-mouse Alexa647,2069,161.61379478027834,1277.6225306994127,250128_ARMC5mAC_TotalPolII,76.58554944937839,1.244843662546813,354.1888863423269,0.7881024191353918,2,0.0
109,H12,447.56861779109585,336.791695314713,477.16796269086655,1612.4358865848499,HCT116 OsTIRF74G,"EU 1 mM, 30 mins",Vehicle,2,Total Pol II F12,Goat anti-mouse Alexa647,4726,157.42028958175638,1535.2024070021882,250128_ARMC5mAC_TotalPolII,2.153024515318066,0.03499588293706982,272.8184184021118,0.6070457425916739,2,0.0
110,H13,578.4573094810434,342.68804914873346,569.5273803677583,1446.5532786885246,HCT116 OsTIRF74G ARMC5mAC Clone 5A1,"EU 1 mM, 30 mins",10 µM 5PhIAA,2,Total Pol II F12,Goat anti-mouse Alexa647,2440,164.97906038654708,1370.9634418189924,250128_ARMC5mAC_TotalPolII,8.049378349338497,0.1308369228615214,403.70711009205934,0.8982849613700268,2,2.0
111,H14,589.8752307620557,342.15592507453573,561.3096387475496,1415.4968652037617,HCT116 OsTIRF74G ARMC5mAC Clone 5F9,"EU 1 mM, 30 mins",10 µM 5PhIAA,2,Total Pol II F12,Goat anti-mouse Alexa647,2552,156.68560964698727,1309.6191369606004,250128_ARMC5mAC_TotalPolII,7.517254275140772,0.12218762431608929,415.1250313730717,0.9236908725379063,2,2.0
112,H15,463.1117120409295,331.5726095811415,480.82476535467686,1655.447300103842,HCT116 OsTIRF74G,"EU 1 mM, 30 mins",10 µM 5PhIAA,2,Total Pol II F12,Goat anti-mouse Alexa647,3852,154.18624049333377,1550.7392344497607,250128_ARMC5mAC_TotalPolII,-3.0660612182534805,-0.04983664547639261,288.3615126519454,0.6416305380256672,2,2.0
113,H16,572.99075758672,410.8786996417535,557.9346521781862,1430.2719576719576,HCT116 OsTIRF74G ARMC5mAC Clone 5A1,"EU 1 mM, 30 mins",Vehicle,2,Total Pol II F12,Goat anti-mouse Alexa647,1890,165.8460283576367,1348.4165202108964,250128_ARMC5mAC_TotalPolII,76.24002884235853,1.23922747070618,398.24055819773594,0.8861213872479368,2,0.0
114,H17,533.7462630533233,405.27210567831315,576.9341503015273,1429.111269614836,HCT116 OsTIRF74G ARMC5mAC Clone 5F9,"EU 1 mM, 30 mins",Vehicle,2,Total Pol II F12,Goat anti-mouse Alexa647,2103,161.82344054220164,1324.946418808092,250128_ARMC5mAC_TotalPolII,70.6334348789182,1.1480962714911749,358.9960636643393,0.7987988249876893,2,0.0
115,H18,464.4834959616712,335.5823570818221,478.63331760682667,1667.979980227385,HCT116 OsTIRF74G,"EU 1 mM, 30 mins",Vehicle,2,Total Pol II F12,Goat anti-mouse Alexa647,4046,158.07080111545676,1565.923076923077,250128_ARMC5mAC_TotalPolII,0.9436862824271657,0.015338949665541035,289.7332965726872,0.6446828817556811,2,0.0
116,H19,624.9993189188765,338.81508734997533,562.6766131955638,1476.8786264061575,HCT116 OsTIRF74G ARMC5mAC Clone 5A1,"EU 1 mM, 30 mins",10 µM 5PhIAA,2,Total Pol II F12,Goat anti-mouse Alexa647,1689,166.81687768681195,1373.6061728395061,250128_ARMC5mAC_TotalPolII,4.17641655058037,0.06788468206501576,450.2491195298925,1.0018451566324131,2,2.0
117,H20,631.6285084948655,343.1244338616326,585.0598787125019,1359.688155922039,HCT116 OsTIRF74G ARMC5mAC Clone 5F9,"EU 1 mM, 30 mins",10 µM 5PhIAA,2,Total Pol II F12,Goat anti-mouse Alexa647,2001,164.61680802455624,1237.6203331418724,250128_ARMC5mAC_TotalPolII,8.485763062237652,0.1379300461490143,456.8783091058815,1.0165957051199639,2,2.0
118,H21,479.8183882713508,335.4818361019612,487.9807688758812,1640.6417096959265,HCT116 OsTIRF74G,"EU 1 mM, 30 mins",10 µM 5PhIAA,2,Total Pol II F12,Goat anti-mouse Alexa647,3486,159.05739227120299,1552.012901290129,250128_ARMC5mAC_TotalPolII,0.8431653025662627,0.01370505259706663,305.0681888823667,0.6788044089759294,2,2.0
119,H22,466.05558789661535,331.5333663635776,459.6307454283569,1633.7111572153067,HCT116 OsTIRF74G,"EU 1 mM, 30 mins",No addition,No addition,Total Pol II F12,Goat anti-mouse Alexa647,4338,157.2129252486742,1564.9218077474893,250128_ARMC5mAC_TotalPolII,-3.105304435817345,-0.05047451608035834,291.3053885076313,0.6481809289977258,No addition,0.0
120,I03,460.4242178608259,330.19153735545484,449.3052198857117,1679.6651685393258,HCT116 OsTIRF74G,"EU 1 mM, 30 mins",No addition,No addition,Total Pol II F12,Goat anti-mouse Alexa647,4005,155.25150527199148,1579.2792275574113,250128_ARMC5mAC_TotalPolII,-4.447133443940118,-0.07228499271717076,285.6740184718418,0.6356506195515882,No addition,0.0
121,I04,599.5156301476923,390.84166185998765,571.9667100014555,1353.5250720461095,HCT116 OsTIRF74G ARMC5mAC Clone 5A1,"EU 1 mM, 30 mins",Vehicle,72,Total Pol II F12,Goat anti-mouse Alexa647,1735,166.37449190979552,1262.2751004016063,250128_ARMC5mAC_TotalPolII,56.202991060592694,0.913539665654535,424.76543075870825,0.9451416361564697,72,0.0
122,I05,544.1326223930807,393.65514697795726,542.1208060449646,1416.262962962963,HCT116 OsTIRF74G ARMC5mAC Clone 5F9,"EU 1 mM, 30 mins",Vehicle,72,Total Pol II F12,Goat anti-mouse Alexa647,1890,179.3865315967827,1317.3102040816327,250128_ARMC5mAC_TotalPolII,59.0164761785623,0.9592708661741478,369.3824230040967,0.8219094172092671,72,0.0
123,I06,455.4592000341372,328.9601310272529,457.5357026730286,1624.2490502321655,HCT116 OsTIRF74G,"EU 1 mM, 30 mins",Vehicle,72,Total Pol II F12,Goat anti-mouse Alexa647,4738,156.46721377175092,1522.703369301916,250128_ARMC5mAC_TotalPolII,-5.678539772142074,-0.09230062719003525,280.7090006451532,0.6246030042504075,72,0.0
130,I13,544.3230231070012,399.77474367656157,581.5134244106008,1437.872043918919,HCT116 OsTIRF74G ARMC5mAC Clone 5A1,"EU 1 mM, 30 mins",Vehicle,72,Total Pol II F12,Goat anti-mouse Alexa647,2368,159.08041169317588,1334.1802982376864,250128_ARMC5mAC_TotalPolII,65.13607287716661,1.058740560161723,369.57282371801716,0.8223330760789607,72,0.0
131,I14,518.7605736047022,401.8893571565516,578.2434551735578,1425.4291497975707,HCT116 OsTIRF74G ARMC5mAC Clone 5F9,"EU 1 mM, 30 mins",Vehicle,72,Total Pol II F12,Goat anti-mouse Alexa647,2470,155.14131941488222,1329.703829787234,250128_ARMC5mAC_TotalPolII,67.25068635715667,1.0931120990254823,344.01037421571823,0.7654543058277762,72,0.0
132,I15,435.70764791650527,333.9490227698608,472.42753865902546,1669.7891917074307,HCT116 OsTIRF74G,"EU 1 mM, 30 mins",Vehicle,72,Total Pol II F12,Goat anti-mouse Alexa647,4293,155.0474798747742,1581.0545103714423,250128_ARMC5mAC_TotalPolII,-0.6896480295341689,-0.011209738457526671,260.95744852752125,0.5806540080909414,72,0.0
136,I19,531.4987860818933,387.9071929960078,551.566284374972,1399.8821887213846,HCT116 OsTIRF74G ARMC5mAC Clone 5A1,"EU 1 mM, 30 mins",Vehicle,72,Total Pol II F12,Goat anti-mouse Alexa647,1791,160.92996428062168,1291.9937733499378,250128_ARMC5mAC_TotalPolII,53.26852219661282,0.8658419603494263,356.74858669290927,0.7937979847399149,72,0.0
137,I20,501.1911429269216,397.71690669125553,549.8106808139481,1450.6704599336178,HCT116 OsTIRF74G ARMC5mAC Clone 5F9,"EU 1 mM, 30 mins",Vehicle,72,Total Pol II F12,Goat anti-mouse Alexa647,2109,157.43391170826823,1345.64542651593,250128_ARMC5mAC_TotalPolII,63.07823589186057,1.0252918828573199,326.4409435379375,0.7263607279264985,72,0.0
138,I21,447.7503936548443,332.08056328560605,478.0310944667254,1673.797119215446,HCT116 OsTIRF74G,"EU 1 mM, 30 mins",Vehicle,72,Total Pol II F12,Goat anti-mouse Alexa647,3263,153.81465321997285,1579.2271459559963,250128_ARMC5mAC_TotalPolII,-2.5581075137889115,-0.04158021910854564,273.0001942658603,0.6074502103869229,72,0.0
139,I22,438.4069753412279,332.26628044368914,459.2949873556817,1641.486406214302,HCT116 OsTIRF74G,"EU 1 mM, 30 mins",No addition,No addition,Total Pol II F12,Goat anti-mouse Alexa647,4377,154.45391772149387,1546.1800643086817,250128_ARMC5mAC_TotalPolII,-2.372390355705818,-0.03856151872801556,263.65677595224383,0.5866602566083109,No addition,0.0
140,J03,443.39551189882036,329.1022794832442,450.2832634828247,1739.0995681991365,HCT116 OsTIRF74G,"EU 1 mM, 30 mins",No addition,No addition,Total Pol II F12,Goat anti-mouse Alexa647,3937,153.49749133380246,1636.8534126163393,250128_ARMC5mAC_TotalPolII,-5.536391316150741,-0.08999010508953655,268.64531250983634,0.5977602032203686,No addition,0.0
141,J04,792.5991209894635,331.10607767841475,511.09482390489825,1525.2446808510638,HCT116 OsTIRF74G ARMC5mAC Clone 5A1,"EU 1 mM, 30 mins",10 µM 5PhIAA,48,Total Pol II F12,Goat anti-mouse Alexa647,2256,171.27734132770922,1438.388731060606,250128_ARMC5mAC_TotalPolII,-3.5325931209802093,-0.057419789903255344,617.8489216004795,1.374769927995172,48,48.0
142,J05,771.5055595695541,334.6242502307215,526.0966561142479,1479.2670744138634,HCT116 OsTIRF74G ARMC5mAC Clone 5F9,"EU 1 mM, 30 mins",10 µM 5PhIAA,48,Total Pol II F12,Goat anti-mouse Alexa647,1962,160.94348142239528,1374.5200880572372,250128_ARMC5mAC_TotalPolII,-0.01442056867347219,-0.0002343960923771718,596.75536018057,1.32783483933419,48,48.0
143,J06,446.10156262813763,328.17098764449497,466.98464714866014,1659.9653727393031,HCT116 OsTIRF74G,"EU 1 mM, 30 mins",10 µM 5PhIAA,48,Total Pol II F12,Goat anti-mouse Alexa647,4534,158.79832337134394,1543.8301973382286,250128_ARMC5mAC_TotalPolII,-6.467683154899987,-0.10512759188415505,271.35136323915356,0.6037814117006843,48,48.0
144,J07,537.8716203466051,384.53926896005424,522.9381359165144,1445.1951886276654,HCT116 OsTIRF74G ARMC5mAC Clone 5A1,"EU 1 mM, 30 mins",Vehicle,48,Total Pol II F12,Goat anti-mouse Alexa647,1829,160.4615652728966,1370.2130484988452,250128_ARMC5mAC_TotalPolII,49.900598160659285,0.8110987493619928,363.1214209576211,0.8079781193924576,48,0.0
145,J08,531.6866683012279,391.6529749134901,544.57031009959,1451.7398130841123,HCT116 OsTIRF74G ARMC5mAC Clone 5F9,"EU 1 mM, 30 mins",Vehicle,48,Total Pol II F12,Goat anti-mouse Alexa647,2675,158.41085247384748,1343.0219734660034,250128_ARMC5mAC_TotalPolII,57.014304114095125,0.9267269825864527,356.93646891224387,0.7942160397305704,48,0.0
146,J09,463.7674199717273,332.1584995595772,482.6304202068832,1615.3891604675878,HCT116 OsTIRF74G,"EU 1 mM, 30 mins",Vehicle,48,Total Pol II F12,Goat anti-mouse Alexa647,4705,154.29855401104203,1505.121683841263,250128_ARMC5mAC_TotalPolII,-2.480171239817764,-0.04031342037911141,289.0172205827432,0.6430895476852999,48,0.0
147,J10,826.34763228646,337.76080296278803,538.4668845855094,1492.1310413552567,HCT116 OsTIRF74G ARMC5mAC Clone 5A1,"EU 1 mM, 30 mins",10 µM 5PhIAA,48,Total Pol II F12,Goat anti-mouse Alexa647,2007,160.71303484871694,1386.234439834025,250128_ARMC5mAC_TotalPolII,3.1221321633930756,0.050748038829471195,651.597432897476,1.4498634287259502,48,48.0
148,J11,757.9277129893237,347.5367184834658,549.8508425103304,1439.3278404163052,HCT116 OsTIRF74G ARMC5mAC Clone 5F9,"EU 1 mM, 30 mins",10 µM 5PhIAA,48,Total Pol II F12,Goat anti-mouse Alexa647,2306,156.36700833026208,1328.7067395264116,250128_ARMC5mAC_TotalPolII,12.898047684070832,0.2096485960364484,583.1775136003397,1.2976228983356055,48,48.0
149,J12,460.4261296695716,340.50246688675145,476.8316716989767,1634.6016949152543,HCT116 OsTIRF74G,"EU 1 mM, 30 mins",10 µM 5PhIAA,48,Total Pol II F12,Goat anti-mouse Alexa647,4484,157.1109208660962,1547.0718879191547,250128_ARMC5mAC_TotalPolII,5.863796087356491,0.09531183689734268,285.6759302805875,0.6356548734995677,48,48.0
150,J13,541.8201489837539,399.5428366193528,552.8688515796715,1416.5063492063491,HCT116 OsTIRF74G ARMC5mAC Clone 5A1,"EU 1 mM, 30 mins",Vehicle,48,Total Pol II F12,Goat anti-mouse Alexa647,2520,160.6044299832846,1338.9123232323232,250128_ARMC5mAC_TotalPolII,64.90416581995783,1.0549710758067525,367.0699495947699,0.8167639539879414,48,0.0
151,J14,542.1085322239487,404.42978044787975,568.7023180327799,1392.7985148514852,HCT116 OsTIRF74G ARMC5mAC Clone 5F9,"EU 1 mM, 30 mins",Vehicle,48,Total Pol II F12,Goat anti-mouse Alexa647,2020,156.6560229105814,1316.9872549019608,250128_ARMC5mAC_TotalPolII,69.79110964848479,1.1344048736694305,367.3583328349647,0.817405632871722,48,0.0
152,J15,435.54079866520345,336.33309432060014,452.3605047001821,1669.718045112782,HCT116 OsTIRF74G,"EU 1 mM, 30 mins",Vehicle,48,Total Pol II F12,Goat anti-mouse Alexa647,3990,153.2898598542977,1585.6238926853962,250128_ARMC5mAC_TotalPolII,1.6944235212051808,0.02754164979173685,260.7905992762194,0.5802827533631608,48,0.0
153,J16,838.9224286768257,342.2345830738904,536.182756885841,1439.5727798213347,HCT116 OsTIRF74G ARMC5mAC Clone 5A1,"EU 1 mM, 30 mins",10 µM 5PhIAA,48,Total Pol II F12,Goat anti-mouse Alexa647,1903,161.7524894380592,1369.7156231714453,250128_ARMC5mAC_TotalPolII,7.595912274495447,0.12346615417856681,664.1722292878417,1.4778434920128707,48,48.0
154,J17,728.2842222060949,339.74089854077863,524.2414645226472,1446.5501858736059,HCT116 OsTIRF74G ARMC5mAC Clone 5F9,"EU 1 mM, 30 mins",10 µM 5PhIAA,48,Total Pol II F12,Goat anti-mouse Alexa647,2421,157.0528247555085,1315.9132093466858,250128_ARMC5mAC_TotalPolII,5.102227741383672,0.08293308482340013,553.5340228171109,1.2316634408293623,48,48.0
155,J18,381.8365858905041,332.7798628708874,430.11525968643014,1900.836629145117,HCT116 OsTIRF74G,"EU 1 mM, 30 mins",10 µM 5PhIAA,48,Total Pol II F12,Goat anti-mouse Alexa647,3287,153.911536187601,1871.2909987669543,250128_ARMC5mAC_TotalPolII,-1.858807928507531,-0.030213601473523807,207.08638650152008,0.4607860056176785,48,48.0
156,J19,523.5388083992102,394.36816411852016,548.1008241703938,1402.623263888889,HCT116 OsTIRF74G ARMC5mAC Clone 5A1,"EU 1 mM, 30 mins",Vehicle,48,Total Pol II F12,Goat anti-mouse Alexa647,1728,161.87208636426277,1326.7118644067796,250128_ARMC5mAC_TotalPolII,59.7294933191252,0.9708604529186243,348.7886090102262,0.7760863119294837,48,0.0
157,J20,497.85699794415405,400.47729577733116,548.9043402306768,1408.5579126007638,HCT116 OsTIRF74G ARMC5mAC Clone 5F9,"EU 1 mM, 30 mins",Vehicle,48,Total Pol II F12,Goat anti-mouse Alexa647,2357,157.67912338445873,1315.5848007414272,250128_ARMC5mAC_TotalPolII,65.8386249779362,1.0701600451238313,323.10679855517003,0.7189419527249312,48,0.0
158,J21,438.2941192834924,334.04286550645475,467.88916063573384,1658.7246460560532,HCT116 OsTIRF74G,"EU 1 mM, 30 mins",Vehicle,48,Total Pol II F12,Goat anti-mouse Alexa647,3461,154.10129592886548,1559.4631983446645,250128_ARMC5mAC_TotalPolII,-0.5958052929402129,-0.009684391485873075,263.54391989450835,0.5864091416367659,48,0.0
159,J22,433.11653560863283,334.14366523892625,458.2150500606222,1636.2429107589658,HCT116 OsTIRF74G,"EU 1 mM, 30 mins",No addition,No addition,Total Pol II F12,Goat anti-mouse Alexa647,4796,156.36076736022494,1552.3414364640885,250128_ARMC5mAC_TotalPolII,-0.49500556046871225,-0.008045963491875308,258.3663362196488,0.5748885480304242,No addition,0.0
160,K03,455.82205038292614,328.4186301635456,449.6540544667321,1630.246492985972,HCT116 OsTIRF74G,"EU 1 mM, 30 mins",No addition,No addition,Total Pol II F12,Goat anti-mouse Alexa647,3992,156.5060563465446,1557.3598189590143,250128_ARMC5mAC_TotalPolII,-6.2200406358493865,-0.10110233878309799,281.0718509939421,0.6254103792096215,No addition,0.0
161,K04,819.8787631664429,333.88630802098874,547.5182663750913,1392.8722466960353,HCT116 OsTIRF74G ARMC5mAC Clone 5A1,"EU 1 mM, 30 mins",10 µM 5PhIAA,24,Total Pol II F12,Goat anti-mouse Alexa647,1362,164.42734042557677,1365.6721056721058,250128_ARMC5mAC_TotalPolII,-0.7523627784062228,-0.012229122117275615,645.1285637774589,1.4354696078040021,24,24.0
162,K05,737.1095793296878,333.7590645896219,547.5747875441823,1389.7993645029505,HCT116 OsTIRF74G ARMC5mAC Clone 5F9,"EU 1 mM, 30 mins",10 µM 5PhIAA,24,Total Pol II F12,Goat anti-mouse Alexa647,2203,161.8810527203525,1327.0272865083375,250128_ARMC5mAC_TotalPolII,-0.8796062097730442,-0.014297373638306958,562.3593799407038,1.251300661439709,24,24.0
163,K06,454.5684966405047,329.968104204843,441.6226541058277,1636.7845589821004,HCT116 OsTIRF74G,"EU 1 mM, 30 mins",10 µM 5PhIAA,24,Total Pol II F12,Goat anti-mouse Alexa647,4637,159.89024608085398,1513.97657425317,250128_ARMC5mAC_TotalPolII,-4.670566594551985,-0.07591673974440723,279.8182972515207,0.6226211083572217,24,24.0
164,K07,626.8296823114414,348.5880983411901,556.1041274003736,1334.032217308907,HCT116 OsTIRF74G ARMC5mAC Clone 5A1,"EU 1 mM, 30 mins",Vehicle,24,Total Pol II F12,Goat anti-mouse Alexa647,1583,163.74913892605122,1265.5983827493262,250128_ARMC5mAC_TotalPolII,13.94942754179516,0.22673802821036776,452.0794829224574,1.0059178813089944,24,0.0
165,K08,514.6598051898948,414.17515647457776,543.5618039658269,1411.410105757932,HCT116 OsTIRF74G ARMC5mAC Clone 5F9,"EU 1 mM, 30 mins",Vehicle,24,Total Pol II F12,Goat anti-mouse Alexa647,2553,159.22215735390122,1295.5331040412725,250128_ARMC5mAC_TotalPolII,79.5364856751828,1.2928090331119289,339.90960580091075,0.7563297239093583,24,0.0
166,K09,455.3164818137036,334.37990518624895,469.86010417912195,1643.1829108391607,HCT116 OsTIRF74G,"EU 1 mM, 30 mins",Vehicle,24,Total Pol II F12,Goat anti-mouse Alexa647,4576,152.42551317975827,1537.1890833717182,250128_ARMC5mAC_TotalPolII,-0.25876561314601076,-0.004206051088303138,280.5662824247196,0.6242854432564984,24,0.0
167,K10,773.7131792789127,339.3214016690894,536.4392969204916,1413.3968620212274,HCT116 OsTIRF74G ARMC5mAC Clone 5A1,"EU 1 mM, 30 mins",10 µM 5PhIAA,24,Total Pol II F12,Goat anti-mouse Alexa647,2167,163.23179544233884,1316.6511397423192,250128_ARMC5mAC_TotalPolII,4.682730869694467,0.07611446138941028,598.9629798899286,1.3327469935563159,24,24.0
168,K11,677.4944550492114,346.43907574946235,528.3332803850726,1449.9746609564597,HCT116 OsTIRF74G ARMC5mAC Clone 5F9,"EU 1 mM, 30 mins",10 µM 5PhIAA,24,Total Pol II F12,Goat anti-mouse Alexa647,2802,155.00533120027464,1336.766752105456,250128_ARMC5mAC_TotalPolII,11.800404950067389,0.19180719369633847,502.7442556602274,1.1186515991055197,24,24.0
169,K12,441.6792566075545,341.07871904867824,472.785266476763,1654.0590697674418,HCT116 OsTIRF74G,"EU 1 mM, 30 mins",10 µM 5PhIAA,24,Total Pol II F12,Goat anti-mouse Alexa647,4300,152.4898711128908,1559.5084496693607,250128_ARMC5mAC_TotalPolII,6.440048249283279,0.10467840613867996,266.9290572185705,0.5939413794258998,24,24.0
170,K13,550.4507490002575,424.10329751255676,571.2329413934784,1358.3248820754718,HCT116 OsTIRF74G ARMC5mAC Clone 5A1,"EU 1 mM, 30 mins",Vehicle,24,Total Pol II F12,Goat anti-mouse Alexa647,1696,160.44416752366084,1281.3722842043453,250128_ARMC5mAC_TotalPolII,89.4646267131618,1.4541839078873346,375.70054961127346,0.8359678223583973,24,0.0
171,K14,508.6699070680758,414.5379742299864,540.9875067753684,1397.9384761003312,HCT116 OsTIRF74G ARMC5mAC Clone 5F9,"EU 1 mM, 30 mins",Vehicle,24,Total Pol II F12,Goat anti-mouse Alexa647,2113,157.00564383670851,1288.1838516093835,250128_ARMC5mAC_TotalPolII,79.89930343059143,1.298706377803285,333.91970767909174,0.7430016569309451,24,0.0
172,K15,428.86600976296074,337.8484931444288,457.8878524714932,1616.2339111849917,HCT116 OsTIRF74G,"EU 1 mM, 30 mins",Vehicle,24,Total Pol II F12,Goat anti-mouse Alexa647,4211,151.94243526301966,1512.1697451484686,250128_ARMC5mAC_TotalPolII,3.2098223450338423,0.05217338039413857,254.1158103739767,0.5654307422359927,24,0.0
173,K16,723.1413971741707,344.54299168414633,540.7051668473568,1502.979020979021,HCT116 OsTIRF74G ARMC5mAC Clone 5A1,"EU 1 mM, 30 mins",10 µM 5PhIAA,24,Total Pol II F12,Goat anti-mouse Alexa647,2002,160.6552352357791,1427.0434782608695,250128_ARMC5mAC_TotalPolII,9.904320884751371,0.1609876951181534,548.3911977851867,1.2202201883583286,24,24.0
174,K17,653.5657449639542,342.16242998962593,542.7346096817031,1430.5273010920437,HCT116 OsTIRF74G ARMC5mAC Clone 5F9,"EU 1 mM, 30 mins",10 µM 5PhIAA,24,Total Pol II F12,Goat anti-mouse Alexa647,2564,158.07157130784458,1336.5188679245282,250128_ARMC5mAC_TotalPolII,7.523759190230976,0.12229335708661408,478.8155455749702,1.065408047339319,24,24.0
175,K18,431.1489448502392,335.443989539171,453.5987336215339,1639.6987896780088,HCT116 OsTIRF74G,"EU 1 mM, 30 mins",10 µM 5PhIAA,24,Total Pol II F12,Goat anti-mouse Alexa647,4379,158.65617820297507,1533.451923076923,250128_ARMC5mAC_TotalPolII,0.8053187397760553,0.013089883623581489,256.3987454612552,0.5705104800097927,24,24.0
176,K19,493.93326925842257,412.06613973058285,541.1193011680364,1418.6226030191758,HCT116 OsTIRF74G ARMC5mAC Clone 5A1,"EU 1 mM, 30 mins",Vehicle,24,Total Pol II F12,Goat anti-mouse Alexa647,2451,163.09359946294907,1320.9472507822977,250128_ARMC5mAC_TotalPolII,77.42746893118789,1.2585284652131175,319.18306986943855,0.7102113002722533,24,0.0
177,K20,506.0426996416533,424.08689202149174,551.102826363554,1364.5754005655042,HCT116 OsTIRF74G ARMC5mAC Clone 5F9,"EU 1 mM, 30 mins",Vehicle,24,Total Pol II F12,Goat anti-mouse Alexa647,2122,161.40527608960804,1243.3601236476043,250128_ARMC5mAC_TotalPolII,89.44822122209678,1.4539172482925404,331.29250025266924,0.7371558819555755,24,0.0
178,K21,449.78908837387644,335.2935694372523,474.33784303566875,1632.3508889634352,HCT116 OsTIRF74G,"EU 1 mM, 30 mins",Vehicle,24,Total Pol II F12,Goat anti-mouse Alexa647,2981,157.5358407048931,1507.3431205189484,250128_ARMC5mAC_TotalPolII,0.6548986378573431,0.010644911798747577,275.0388889848924,0.6119864911735394,24,0.0
179,K22,402.21165835506974,331.8588664744214,440.8400992106972,1662.2315041101976,HCT116 OsTIRF74G,"EU 1 mM, 30 mins",No addition,No addition,Total Pol II F12,Goat anti-mouse Alexa647,4501,151.24877685531007,1594.4045475011255,250128_ARMC5mAC_TotalPolII,-2.7798043249735542,-0.04518374317273553,227.4614589660857,0.5061223911412581,No addition,0.0
180,L03,458.0331902508544,328.8756332949728,462.79131033932015,1662.491715085001,HCT116 OsTIRF74G,"EU 1 mM, 30 mins",No addition,No addition,Total Pol II F12,Goat anti-mouse Alexa647,4647,156.6815697155849,1539.4150464919696,250128_ARMC5mAC_TotalPolII,-5.763037504422186,-0.09367407775981933,283.2829908618703,0.6303303661040625,No addition,0.0
181,L04,744.5711832584847,333.31480466612186,573.608211442451,1371.7154416722858,HCT116 OsTIRF74G ARMC5mAC Clone 5A1,"EU 1 mM, 30 mins",10 µM 5PhIAA,8,Total Pol II F12,Goat anti-mouse Alexa647,1483,167.41929639037585,1308.56,250128_ARMC5mAC_TotalPolII,-1.3238661332730999,-0.02151850287572428,569.8209838695007,1.267903407414159,8,8.0
182,L05,718.796120178438,335.3255361240895,547.3111587342167,1380.8473951129554,HCT116 OsTIRF74G ARMC5mAC Clone 5F9,"EU 1 mM, 30 mins",10 µM 5PhIAA,8,Total Pol II F12,Goat anti-mouse Alexa647,2169,168.27523538987762,1285.4601293103449,250128_ARMC5mAC_TotalPolII,0.6868653246945655,0.011164507568550568,544.0459207894539,1.210551552655173,8,8.0
183,L06,461.2356149921072,328.81255862321643,441.4554665996776,1659.3212318477717,HCT116 OsTIRF74G,"EU 1 mM, 30 mins",10 µM 5PhIAA,8,Total Pol II F12,Goat anti-mouse Alexa647,3994,158.8400890321814,1577.2019931939717,250128_ARMC5mAC_TotalPolII,-5.826112176178526,-0.09469931171018746,286.4854156031231,0.6374560518130179,8,8.0
184,L07,544.285992181856,407.8295616936734,521.0894636532918,1430.2526720820863,HCT116 OsTIRF74G ARMC5mAC Clone 5A1,"EU 1 mM, 30 mins",Vehicle,8,Total Pol II F12,Goat anti-mouse Alexa647,2339,162.09496024747523,1370.7303271441203,250128_ARMC5mAC_TotalPolII,73.19089089427843,1.1896659009559047,369.53579279287203,0.8222506789094981,8,0.0
185,L08,534.6320547395866,412.11817598190106,522.9685455897023,1404.581047381546,HCT116 OsTIRF74G ARMC5mAC Clone 5F9,"EU 1 mM, 30 mins",Vehicle,8,Total Pol II F12,Goat anti-mouse Alexa647,2005,157.39487281866434,1294.303937881309,250128_ARMC5mAC_TotalPolII,77.4795051825061,1.2593742774863452,359.88185535060256,0.8007697918861802,8,0.0
186,L09,476.12917696363223,333.0162074752742,471.0755643498146,1597.0221118012423,HCT116 OsTIRF74G,"EU 1 mM, 30 mins",Vehicle,8,Total Pol II F12,Goat anti-mouse Alexa647,4025,154.46394456201932,1486.6650683289379,250128_ARMC5mAC_TotalPolII,-1.6224633241207584,-0.02637198794377462,301.37897757464816,0.6705955789746839,8,0.0
187,L10,764.3013375718341,340.0381343924112,554.8854734351991,1371.972566949706,HCT116 OsTIRF74G ARMC5mAC Clone 5A1,"EU 1 mM, 30 mins",10 µM 5PhIAA,8,Total Pol II F12,Goat anti-mouse Alexa647,1531,165.13939186504956,1282.091033538672,250128_ARMC5mAC_TotalPolII,5.399463593016264,0.08776444229026938,589.5511381828501,1.311804791516981,8,8.0
188,L11,680.6957985851183,342.9098669941411,551.9580682979791,1361.6741095162147,HCT116 OsTIRF74G ARMC5mAC Clone 5F9,"EU 1 mM, 30 mins",10 µM 5PhIAA,8,Total Pol II F12,Goat anti-mouse Alexa647,1881,158.1700361483858,1268.1283547257876,250128_ARMC5mAC_TotalPolII,8.271196194746153,0.1344424142509646,505.94559919613425,1.1257748790344475,8,8.0
189,L12,457.58330632511695,338.02075887287106,467.1964539249145,1659.8191636665745,HCT116 OsTIRF74G,"EU 1 mM, 30 mins",10 µM 5PhIAA,8,Total Pol II F12,Goat anti-mouse Alexa647,3611,155.2070795154246,1570.9441201000834,250128_ARMC5mAC_TotalPolII,3.3820880734760976,0.05497343734831757,282.83310693613294,0.6293293335367642,8,8.0
190,L13,537.7072690153518,416.58004516538097,553.5531951505034,1460.6836786255685,HCT116 OsTIRF74G ARMC5mAC Clone 5A1,"EU 1 mM, 30 mins",Vehicle,8,Total Pol II F12,Goat anti-mouse Alexa647,1979,162.02544065797665,1354.111607142857,250128_ARMC5mAC_TotalPolII,81.94137436598601,1.331898789174274,362.9570696263678,0.8076124227635021,8,0.0
191,L14,546.590334406251,423.16423822146055,553.2473788766735,1390.4819347319346,HCT116 OsTIRF74G ARMC5mAC Clone 5F9,"EU 1 mM, 30 mins",Vehicle,8,Total Pol II F12,Goat anti-mouse Alexa647,1716,155.6598953653233,1304.9712609970675,250128_ARMC5mAC_TotalPolII,88.52556742206559,1.4389201666766054,371.840135017267,0.8273780495063447,8,0.0
192,L15,435.7475092254615,335.6558369536152,475.57561718628665,1590.2785911309145,HCT116 OsTIRF74G,"EU 1 mM, 30 mins",Vehicle,8,Total Pol II F12,Goat anti-mouse Alexa647,4713,154.98159920124945,1497.3269433326311,250128_ARMC5mAC_TotalPolII,1.0171661542202628,0.016533312745574166,260.9973098364775,0.580742703121276,8,0.0
193,L16,707.1732445870625,341.65040405288187,556.732081354285,1399.567270730368,HCT116 OsTIRF74G ARMC5mAC Clone 5A1,"EU 1 mM, 30 mins",10 µM 5PhIAA,8,Total Pol II F12,Goat anti-mouse Alexa647,1821,164.25892592604455,1317.5032295948326,250128_ARMC5mAC_TotalPolII,7.011733253486909,0.1139707394779652,532.4230451980785,1.1846895995445963,8,8.0
194,L17,645.0772125857454,345.29376816433984,563.0676403848285,1406.4024096385542,HCT116 OsTIRF74G ARMC5mAC Clone 5F9,"EU 1 mM, 30 mins",10 µM 5PhIAA,8,Total Pol II F12,Goat anti-mouse Alexa647,2075,158.98999734635063,1319.3989283974672,250128_ARMC5mAC_TotalPolII,10.65509736494488,0.17319103308566178,470.3270131967614,1.0465202923584649,8,8.0
195,L18,457.18479045459037,338.46389647439685,464.0535329021844,1669.2748554913294,HCT116 OsTIRF74G,"EU 1 mM, 30 mins",10 µM 5PhIAA,8,Total Pol II F12,Goat anti-mouse Alexa647,3460,153.22969083694193,1554.6908773968623,250128_ARMC5mAC_TotalPolII,3.8252256750018887,0.062176324039888514,282.43459106560636,0.6284425995545967,8,8.0
196,L19,509.7998890821919,415.3178684953806,559.3821898784215,1419.272838002436,HCT116 OsTIRF74G ARMC5mAC Clone 5A1,"EU 1 mM, 30 mins",Vehicle,8,Total Pol II F12,Goat anti-mouse Alexa647,1642,159.6518749347178,1340.75,250128_ARMC5mAC_TotalPolII,80.67919769598564,1.3113830046697448,335.0496896932078,0.7455159694722021,8,0.0
197,L20,509.24702162196945,418.6265253834214,555.4297719462245,1375.1762962962962,HCT116 OsTIRF74G ARMC5mAC Clone 5F9,"EU 1 mM, 30 mins",Vehicle,8,Total Pol II F12,Goat anti-mouse Alexa647,2025,160.4650418555311,1254.6467203682394,250128_ARMC5mAC_TotalPolII,83.98785458402642,1.3651628703001646,334.49682223298544,0.7442857891936449,8,0.0
198,L21,432.3481761763185,332.90872069181944,464.827274761278,1665.3793911007026,HCT116 OsTIRF74G,"EU 1 mM, 30 mins",Vehicle,8,Total Pol II F12,Goat anti-mouse Alexa647,3416,155.67314901479122,1558.6521739130435,250128_ARMC5mAC_TotalPolII,-1.7299501075755188,-0.028119109197760558,257.59797678733446,0.5731788785553995,8,0.0
199,L22,429.1326881879742,330.8565580891089,448.83825655892343,1638.0036047497879,HCT116 OsTIRF74G,"EU 1 mM, 30 mins",No addition,No addition,Total Pol II F12,Goat anti-mouse Alexa647,4716,154.56682597867632,1545.7623655913978,250128_ARMC5mAC_TotalPolII,-3.7821127102860714,-0.06147555344692484,254.38248879899018,0.5660241259360143,No addition,0.0
200,M03,470.4242262149923,331.90631083890395,453.195366645115,1676.919839205486,HCT116 OsTIRF74G,"EU 1 mM, 30 mins",No addition,No addition,Total Pol II F12,Goat anti-mouse Alexa647,4229,153.51286902519567,1563.8695949021392,250128_ARMC5mAC_TotalPolII,-2.73235996049101,-0.0444125687557041,295.67402682600823,0.6579015457640939,No addition,0.0
201,M04,695.727738383134,336.67385529694985,552.5280119450892,1358.4010695187167,HCT116 OsTIRF74G ARMC5mAC Clone 5A1,"EU 1 mM, 30 mins",10 µM 5PhIAA,2,Total Pol II F12,Goat anti-mouse Alexa647,1122,165.87069904008393,1296.2556634304208,250128_ARMC5mAC_TotalPolII,2.0351844975548943,0.03308047721939133,520.97753899415,1.1592223094195553,2,2.0
202,M05,623.627170803951,339.5677998631318,535.7512183798922,1439.117178158629,HCT116 OsTIRF74G ARMC5mAC Clone 5F9,"EU 1 mM, 30 mins",10 µM 5PhIAA,2,Total Pol II F12,Goat anti-mouse Alexa647,2509,157.4383980350646,1319.1416739319966,250128_ARMC5mAC_TotalPolII,4.929129063736866,0.08011948887203481,448.876971414967,0.9987920025372853,2,2.0
203,M06,464.2790477188438,329.6557968929325,424.94220136242217,1686.5686382393399,HCT116 OsTIRF74G,"EU 1 mM, 30 mins",10 µM 5PhIAA,2,Total Pol II F12,Goat anti-mouse Alexa647,3635,155.06425474565413,1622.7083914134373,250128_ARMC5mAC_TotalPolII,-4.98287390646243,-0.08099307308397176,289.5288483298598,0.6442279658591825,2,2.0
204,M07,596.4837544806709,409.30264764839103,535.7362427144725,1421.9435637285985,HCT116 OsTIRF74G ARMC5mAC Clone 5A1,"EU 1 mM, 30 mins",Vehicle,2,Total Pol II F12,Goat anti-mouse Alexa647,1577,159.17826789849883,1332.074433656958,250128_ARMC5mAC_TotalPolII,74.66397684899607,1.2136098659506205,421.73355509168687,0.9383954376171179,2,0.0
205,M08,590.538030565986,412.8257565737504,521.1660953500917,1417.2310660877954,HCT116 OsTIRF74G ARMC5mAC Clone 5F9,"EU 1 mM, 30 mins",Vehicle,2,Total Pol II F12,Goat anti-mouse Alexa647,2073,156.97429554273506,1308.0279162512463,250128_ARMC5mAC_TotalPolII,78.18708577435547,1.2708754969962608,415.787831177002,0.9251656622589339,2,0.0
206,M09,490.68923335395743,333.6773966787483,464.5671345749492,1712.4318514899853,HCT116 OsTIRF74G,"EU 1 mM, 30 mins",Vehicle,2,Total Pol II F12,Goat anti-mouse Alexa647,4094,151.75514114489982,1595.2516222062004,250128_ARMC5mAC_TotalPolII,-0.9612741206466353,-0.015624827472814285,315.9390339649734,0.7029930259484225,2,0.0
207,M10,635.3925829232876,344.08166991819456,514.1704794198905,1359.589638718473,HCT116 OsTIRF74G ARMC5mAC Clone 5A1,"EU 1 mM, 30 mins",10 µM 5PhIAA,2,Total Pol II F12,Goat anti-mouse Alexa647,1467,157.71085382366854,1300.7855641205326,250128_ARMC5mAC_TotalPolII,9.442999118799605,0.15348923776074364,460.6423835343036,1.024971112359529,2,2.0
208,M11,644.1660923026631,350.23417876003055,548.782093574422,1448.2363199037884,HCT116 OsTIRF74G ARMC5mAC Clone 5F9,"EU 1 mM, 30 mins",10 µM 5PhIAA,2,Total Pol II F12,Goat anti-mouse Alexa647,1663,154.28179364034895,1299.1969309462916,250128_ARMC5mAC_TotalPolII,15.595507960635587,0.2534938952396999,469.41589291367904,1.044492967033168,2,2.0
209,M12,466.3541560284223,341.90611517249135,409.2046441823263,1736.0992496589358,HCT116 OsTIRF74G,"EU 1 mM, 30 mins",10 µM 5PhIAA,2,Total Pol II F12,Goat anti-mouse Alexa647,2932,149.49859017742912,1624.954811443433,250128_ARMC5mAC_TotalPolII,7.267444373096396,0.11812714194523512,291.60395663943825,0.6488452701897485,2,2.0
210,M13,606.001661191945,409.99346546349835,583.2933373553349,1343.5408759124089,HCT116 OsTIRF74G ARMC5mAC Clone 5A1,"EU 1 mM, 30 mins",Vehicle,2,Total Pol II F12,Goat anti-mouse Alexa647,1370,156.44802826108648,1296.4360679970437,250128_ARMC5mAC_TotalPolII,75.3547946641034,1.224838618441052,431.251461802961,0.9595736439174992,2,0.0
211,M14,543.7581067945787,422.25196535127776,510.57945125290075,1403.6443176414646,HCT116 OsTIRF74G ARMC5mAC Clone 5F9,"EU 1 mM, 30 mins",Vehicle,2,Total Pol II F12,Goat anti-mouse Alexa647,2103,151.92121251882241,1294.7066961815162,250128_ARMC5mAC_TotalPolII,87.6132945518828,1.4240918196956769,369.00790740559466,0.8210760860106757,2,0.0
212,M15,475.15803006262485,340.95642142344855,481.97604976926084,1603.275117836765,HCT116 OsTIRF74G,"EU 1 mM, 30 mins",Vehicle,2,Total Pol II F12,Goat anti-mouse Alexa647,4031,149.69526489273008,1502.6200103680665,250128_ARMC5mAC_TotalPolII,6.317750624053588,0.10269054518049311,300.4078306736408,0.6684346889763455,2,0.0
213,M16,641.7087470723021,352.71719024511606,525.6842400077282,1404.3553664921467,HCT116 OsTIRF74G ARMC5mAC Clone 5A1,"EU 1 mM, 30 mins",10 µM 5PhIAA,2,Total Pol II F12,Goat anti-mouse Alexa647,1528,158.8511903536609,1331.8665401644528,250128_ARMC5mAC_TotalPolII,18.0785194457211,0.2938534817865421,466.9585476833181,1.039025150861131,2,2.0
214,M17,581.9813087179544,346.51333408769733,557.2256648360469,1410.6490958060792,HCT116 OsTIRF74G ARMC5mAC Clone 5F9,"EU 1 mM, 30 mins",10 µM 5PhIAA,2,Total Pol II F12,Goat anti-mouse Alexa647,2599,156.97846136119858,1330.3493816254418,250128_ARMC5mAC_TotalPolII,11.874663288302372,0.19301421019498197,407.23110932897043,0.9061261795186861,2,2.0
215,M18,448.774327693212,340.95217603711126,441.0477563215383,1606.5697529323684,HCT116 OsTIRF74G,"EU 1 mM, 30 mins",10 µM 5PhIAA,2,Total Pol II F12,Goat anti-mouse Alexa647,4007,152.05441651299853,1494.4164171656687,250128_ARMC5mAC_TotalPolII,6.313505237716299,0.10262153944357495,274.02412830422793,0.6097285565569738,2,2.0
216,M19,559.6749772978437,423.13887823846176,566.3408415472228,1377.6657159155734,HCT116 OsTIRF74G ARMC5mAC Clone 5A1,"EU 1 mM, 30 mins",Vehicle,2,Total Pol II F12,Goat anti-mouse Alexa647,1753,158.04013938729335,1293.8984651711924,250128_ARMC5mAC_TotalPolII,88.5002074390668,1.4385079581810691,384.9247779088597,0.8564925675333735,2,0.0
217,M20,511.59374715709686,418.4282922734126,534.7772874933162,1399.4273166447078,HCT116 OsTIRF74G ARMC5mAC Clone 5F9,"EU 1 mM, 30 mins",Vehicle,2,Total Pol II F12,Goat anti-mouse Alexa647,2277,153.7426712452018,1300.9551312649164,250128_ARMC5mAC_TotalPolII,83.78962147401762,1.3619407320185228,336.8435477681128,0.7495074665036808,2,0.0
218,M21,463.00107203050425,337.5918314267187,471.59763896034735,1680.7778606038016,HCT116 OsTIRF74G,"EU 1 mM, 30 mins",Vehicle,2,Total Pol II F12,Goat anti-mouse Alexa647,2683,152.52770150320023,1547.5549410029498,250128_ARMC5mAC_TotalPolII,2.9531606273237685,0.04800152663051244,288.25087264152023,0.6413843539605213,2,0.0
219,M22,409.9378891700837,335.6539216622558,441.88481970006535,1693.1517904863708,HCT116 OsTIRF74G,"EU 1 mM, 30 mins",No addition,No addition,Total Pol II F12,Goat anti-mouse Alexa647,3742,151.6067482636132,1602.1834981780323,250128_ARMC5mAC_TotalPolII,1.015250862860853,0.016502181046084724,235.18768978109964,0.5233139559557051,No addition,0.0
220,N03,433.75954503857616,329.34446911471196,451.20369856981006,1721.5317589576548,HCT116 OsTIRF74G,No addition,No addition,No addition,Total Pol II F12,Goat anti-mouse Alexa647,3684,132.16520310944418,1615.6054677030286,250128_ARMC5mAC_TotalPolII,-5.294201684683003,-0.08605348479974623,259.0093456495921,0.5763193023731095,No addition,0.0
222,N05,435.5161684886319,325.1620656724176,420.28207911822136,1676.5338530066815,HCT116 OsTIRF74G,No addition,No addition,No addition,Total Pol II F12,Goat anti-mouse Alexa647,4490,130.65641386657674,1592.8959591267999,250128_ARMC5mAC_TotalPolII,-9.476605126977347,-0.15403547953356278,260.7659690996478,0.5802279489847958,No addition,0.0
224,N07,453.1749147955503,327.82591068675066,441.03089127579346,1717.5111571198527,HCT116 OsTIRF74G,No addition,No addition,No addition,Total Pol II F12,Goat anti-mouse Alexa647,4347,130.89937708748695,1641.69654199012,250128_ARMC5mAC_TotalPolII,-6.812760112644298,-0.11073657252119905,278.4247154065663,0.6195202622674034,No addition,0.0
226,N09,447.31856664680356,331.2264836317242,407.3678020120709,1731.9701308318934,HCT116 OsTIRF74G,No addition,No addition,No addition,Total Pol II F12,Goat anti-mouse Alexa647,4051,130.8020511051455,1623.9673063255152,250128_ARMC5mAC_TotalPolII,-3.4121871676707656,-0.05546267672736516,272.56836725781955,0.6064893561003885,No addition,0.0
228,N11,434.9956595176121,335.7384183949892,427.11950074952534,1710.355898945303,HCT116 OsTIRF74G,No addition,No addition,No addition,Total Pol II F12,Goat anti-mouse Alexa647,4077,131.32491355289423,1595.0513843266071,250128_ARMC5mAC_TotalPolII,1.0997475955942377,0.017875615368947304,260.2454601286281,0.5790697692816477,No addition,0.0
230,N13,459.33949184086464,341.08719131126486,446.7347309029026,1689.955990842025,HCT116 OsTIRF74G,No addition,No addition,No addition,Total Pol II F12,Goat anti-mouse Alexa647,3931,130.94239750680416,1607.9954186815983,250128_ARMC5mAC_TotalPolII,6.448520511869901,0.10481611674419516,284.5892924518806,0.6332370057048672,No addition,0.0
232,N15,483.24018348261404,339.89714636052344,470.91142791662367,1703.8372582001682,HCT116 OsTIRF74G,No addition,No addition,No addition,Total Pol II F12,Goat anti-mouse Alexa647,2378,132.11861564520106,1607.8494714587737,250128_ARMC5mAC_TotalPolII,5.258475561128478,0.08547278205864217,308.48998409363,0.6864182138912427,No addition,0.0
234,N17,480.9792342432633,341.85210183091255,497.4286064008185,1681.5329776915617,HCT116 OsTIRF74G,No addition,No addition,No addition,Total Pol II F12,Goat anti-mouse Alexa647,2062,132.73944624592747,1571.5053314789059,250128_ARMC5mAC_TotalPolII,7.213431031517587,0.1172491934753113,306.22903485427923,0.6813873966245696,No addition,0.0
236,N19,468.52959273081564,337.6608454713099,500.68752195445893,1663.9840142095916,HCT116 OsTIRF74G,No addition,No addition,No addition,Total Pol II F12,Goat anti-mouse Alexa647,2815,133.07557645076326,1563.6778846153845,250128_ARMC5mAC_TotalPolII,3.022174671914968,0.04912330086408196,293.77939334183156,0.6536858143003703,No addition,0.0
238,N21,447.18425869709466,338.1721874908502,457.9975000101515,1738.2981766178048,HCT116 OsTIRF74G,No addition,No addition,No addition,Total Pol II F12,Goat anti-mouse Alexa647,2797,131.72657752477542,1624.4440028901734,250128_ARMC5mAC_TotalPolII,3.5335166914552474,0.05743480188477187,272.4340593081106,0.6061905087221778,No addition,0.0
0,C03,444.398223883566,259.49310590849984,440.9435324059617,1734.4132431126147,HCT116 OsTIRF74G,No addition,No addition,No addition,Total Pol II F12,Goat anti-mouse Alexa647,4218,135.04025030595102,1633.1424418604652,250203_ARMC5mAC_TotalPolII,10.34838420561897,0.21513780696284904,296.21431493993543,1.011557634835059,No addition,0.0
1,C04,440.1301200444293,258.3233483311108,453.79041802784303,1728.4544992374174,HCT116 OsTIRF74G,No addition,No addition,No addition,Total Pol II F12,Goat anti-mouse Alexa647,3306,135.82794930796524,1595.5012594458437,250203_ARMC5mAC_TotalPolII,9.17862662822995,0.190819123497173,291.9462111007987,0.9969822655602045,No addition,0.0
2,C05,470.56476183172543,259.9064672200733,468.2900273599582,1649.8355263157894,HCT116 OsTIRF74G,No addition,No addition,No addition,Total Pol II F12,Goat anti-mouse Alexa647,3637,136.0890649574445,1528.11131898971,250203_ARMC5mAC_TotalPolII,10.761745517192423,0.2237313848865323,322.38085288809486,1.1009151030723021,No addition,0.0
3,C06,460.14179940758214,260.730616980866,468.11184092520443,1721.67194092827,HCT116 OsTIRF74G,No addition,No addition,No addition,Total Pol II F12,Goat anti-mouse Alexa647,3696,135.57470671825425,1578.012201591512,250203_ARMC5mAC_TotalPolII,11.585895277985117,0.24086505219370696,311.95789046395157,1.0653211878360347,No addition,0.0
4,C07,464.7189752629562,262.01739968190833,484.4727097935988,1663.941596076683,HCT116 OsTIRF74G,No addition,No addition,No addition,Total Pol II F12,Goat anti-mouse Alexa647,4018,135.0996285412174,1543.4196510560148,250203_ARMC5mAC_TotalPolII,12.872677979027458,0.26761663029897914,316.53506631932555,1.0809520231770786,No addition,0.0
5,C08,444.80245283299985,260.2921023654176,454.780608142284,1762.422990570274,HCT116 OsTIRF74G,No addition,No addition,No addition,Total Pol II F12,Goat anti-mouse Alexa647,3467,134.4860716735454,1637.5392290249433,250203_ARMC5mAC_TotalPolII,11.147380662536705,0.2317485494804135,296.6185438893692,1.0129380572501743,No addition,0.0
6,C09,449.2573286330402,259.8839437687449,463.5885672633983,1703.6279969064192,HCT116 OsTIRF74G,No addition,No addition,No addition,Total Pol II F12,Goat anti-mouse Alexa647,4007,134.67719868531142,1597.562185199535,250203_ARMC5mAC_TotalPolII,10.739222065864055,0.22326313343512325,301.07341968940955,1.0281512437860327,No addition,0.0
7,C10,468.1015843635118,261.90908746438197,454.54241982830916,1705.624674196351,HCT116 OsTIRF74G,No addition,No addition,No addition,Total Pol II F12,Goat anti-mouse Alexa647,3940,135.03562327151633,1554.0538156153507,250203_ARMC5mAC_TotalPolII,12.764365761501097,0.2653648726832103,319.9176754198812,1.0925034705202747,No addition,0.0
8,C11,454.36158437066496,261.0430819640109,477.97906434228304,1759.8955613577023,HCT116 OsTIRF74G,No addition,No addition,No addition,Total Pol II F12,Goat anti-mouse Alexa647,3998,134.1687764574407,1640.5070175438595,250203_ARMC5mAC_TotalPolII,11.898360261130051,0.2473610451807072,306.1776754270344,1.0455820315674809,No addition,0.0
9,C12,452.69140065919726,262.1829723146644,435.20929617547364,1742.3019425675675,HCT116 OsTIRF74G,No addition,No addition,No addition,Total Pol II F12,Goat anti-mouse Alexa647,4108,132.81061889263242,1556.332972972973,250203_ARMC5mAC_TotalPolII,13.038250611783553,0.27105880372397334,304.50749171556663,1.0398784345443088,No addition,0.0
10,C13,442.49970135715466,261.5040497452384,466.5587713995737,1673.259115044248,HCT116 OsTIRF74G,No addition,No addition,No addition,Total Pol II F12,Goat anti-mouse Alexa647,4388,134.87766984639288,1567.4437679083094,250203_ARMC5mAC_TotalPolII,12.359328042357504,0.2569443381434826,294.31579241352404,1.0050742717440917,No addition,0.0
11,C14,441.1022660395474,257.0924346926302,438.11131770459605,1713.8856372737775,HCT116 OsTIRF74G,No addition,No addition,No addition,Total Pol II F12,Goat anti-mouse Alexa647,4201,134.2402937009938,1576.6378568635118,250203_ARMC5mAC_TotalPolII,7.947712989749334,0.16522903566494979,292.9183570959168,1.0003020973641992,No addition,0.0
12,C15,459.1331170876499,252.7559958593765,454.53837882652044,1647.640038040894,HCT116 OsTIRF74G,No addition,No addition,No addition,Total Pol II F12,Goat anti-mouse Alexa647,4115,134.9976476997816,1535.9191321499013,250203_ARMC5mAC_TotalPolII,3.611274156495625,0.07507660973277626,310.9492081440193,1.0618765862405393,No addition,0.0
13,C16,428.2563454847568,249.41559766243358,415.9570181600521,1738.5986368799697,HCT116 OsTIRF74G,No addition,No addition,No addition,Total Pol II F12,Goat anti-mouse Alexa647,3427,133.57959079752388,1620.1798698813625,250203_ARMC5mAC_TotalPolII,0.27087595955271127,0.005631377685560337,280.0724365411262,0.9564338966787664,No addition,0.0
14,C17,433.6324584642186,249.05767610946137,432.61494744707863,1786.7741007194245,HCT116 OsTIRF74G,No addition,No addition,No addition,Total Pol II F12,Goat anti-mouse Alexa647,4106,133.956518401655,1656.4603000365898,250203_ARMC5mAC_TotalPolII,-0.08704559341950358,-0.0018096349828105064,285.448549520588,0.9747930638622065,No addition,0.0
15,C18,435.0685239731131,250.322574865298,441.2605515066078,1727.0515463917525,HCT116 OsTIRF74G,No addition,No addition,No addition,Total Pol II F12,Goat anti-mouse Alexa647,3964,134.26561486215002,1612.8752212389381,250203_ARMC5mAC_TotalPolII,1.1778531624171364,0.02448698668813316,286.88461502948246,0.9796971584868706,No addition,0.0
16,C19,422.98243140857073,250.06890924912233,435.11590951539426,1691.298115995567,HCT116 OsTIRF74G,No addition,No addition,No addition,Total Pol II F12,Goat anti-mouse Alexa647,3547,134.69584192476114,1568.849590469099,250203_ARMC5mAC_TotalPolII,0.9241875462414555,0.019213403558480543,274.7985224649401,0.9384237338332878,No addition,0.0
17,C20,430.1999811533405,251.1387576119862,424.16548598192463,1754.6921452702702,HCT116 OsTIRF74G,No addition,No addition,No addition,Total Pol II F12,Goat anti-mouse Alexa647,3225,134.48225112044815,1611.9856842105264,250203_ARMC5mAC_TotalPolII,1.994035909105321,0.041455023698980485,282.01607220970993,0.9630713189798875,No addition,0.0
18,C21,465.1399825884958,251.71266821154794,469.7006528939868,1748.3106027276726,HCT116 OsTIRF74G,No addition,No addition,No addition,Total Pol II F12,Goat anti-mouse Alexa647,2977,136.69494415340856,1609.0878136200718,250203_ARMC5mAC_TotalPolII,2.567946508667063,0.053386342185919276,316.9560736448652,1.0823897429393983,No addition,0.0
19,C22,439.1015102152411,251.8110454603255,441.5674587158278,1815.766384306732,HCT116 OsTIRF74G,No addition,No addition,No addition,Total Pol II F12,Goat anti-mouse Alexa647,4059,135.07478538713204,1691.8520499108733,250203_ARMC5mAC_TotalPolII,2.6663237574446157,0.05543155669830173,290.91760127161047,0.9934696124793002,No addition,0.0
20,D03,418.2879591964226,258.7617511083341,445.9915269438594,1704.33487007544,HCT116 OsTIRF74G,"EU 1 mM, 30 mins",No addition,No addition,Total Pol II F12,Goat anti-mouse Alexa647,4609,158.83171804931064,1587.636247334755,250203_ARMC5mAC_TotalPolII,9.617029405453252,0.19993330114889096,270.10405025279204,0.9223923370769146,No addition,0.0
21,D04,426.3679765456637,257.0609807878668,460.95756198382577,1627.088697415104,HCT116 OsTIRF74G,"EU 1 mM, 30 mins",10 µM 5PhIAA,2,Total Pol II F12,Goat anti-mouse Alexa647,2201,173.8580295945401,1505.937210499228,250203_ARMC5mAC_TotalPolII,7.916259084985938,0.1645751244884068,278.1840676020331,0.9499852076000083,2,2.0
22,D05,563.0325501931286,260.2164515584132,500.0878110606637,1624.9867039888034,HCT116 OsTIRF74G ARMC5mAC Clone 5A1,"EU 1 mM, 30 mins",10 µM 5PhIAA,2,Total Pol II F12,Goat anti-mouse Alexa647,2540,163.72407599681384,1544.5174129353234,250203_ARMC5mAC_TotalPolII,11.07172985553234,0.23017580649073482,414.848641249498,1.4166881517592183,2,2.0
23,D06,465.81716057220757,261.1025926182064,465.83252959295976,1572.3679283679285,HCT116 OsTIRF74G ARMC5mAC Clone 5F9,"EU 1 mM, 30 mins",10 µM 5PhIAA,2,Total Pol II F12,Goat anti-mouse Alexa647,4446,165.58542807756612,1426.1588954277954,250203_ARMC5mAC_TotalPolII,11.957870915325543,0.24859824234889805,317.633251628577,1.084702273175166,2,2.0
24,D07,455.15647529582355,257.6890712278157,446.70729582614666,1741.7355212355212,HCT116 OsTIRF74G,"EU 1 mM, 30 mins",Vehicle,2,Total Pol II F12,Goat anti-mouse Alexa647,2443,166.09406227446328,1613.7391304347825,250203_ARMC5mAC_TotalPolII,8.54434952493483,0.1776328151519951,306.972566352193,1.0482965458351938,2,0.0
25,D08,464.6248748001224,310.2050514827855,495.2307945582722,1614.141048824593,HCT116 OsTIRF74G ARMC5mAC Clone 5A1,"EU 1 mM, 30 mins",Vehicle,2,Total Pol II F12,Goat anti-mouse Alexa647,2489,160.85659986464375,1509.7694204685574,250203_ARMC5mAC_TotalPolII,61.060329779904635,1.2694141597626638,316.44096585649186,1.0806306746236156,2,0.0
26,D09,462.75998484602945,308.92720589394077,459.712580532906,1572.336993822924,HCT116 OsTIRF74G ARMC5mAC Clone 5F9,"EU 1 mM, 30 mins",Vehicle,2,Total Pol II F12,Goat anti-mouse Alexa647,4000,160.56157204467203,1419.2961966961198,250203_ARMC5mAC_TotalPolII,59.78248419105989,1.2428483798149172,314.5760759023989,1.0742621651490736,2,0.0
27,D10,451.46720157837,257.5806609211306,466.0520981204393,1663.506488240065,HCT116 OsTIRF74G,"EU 1 mM, 30 mins",10 µM 5PhIAA,2,Total Pol II F12,Goat anti-mouse Alexa647,2051,170.10510698574552,1569.7105590062113,250203_ARMC5mAC_TotalPolII,8.4359392182497,0.1753790183109632,303.2832926347394,1.0356978535787333,2,2.0
28,D11,565.8541074072864,263.2736934785475,528.6608062716391,1527.0823436262867,HCT116 OsTIRF74G ARMC5mAC Clone 5A1,"EU 1 mM, 30 mins",10 µM 5PhIAA,2,Total Pol II F12,Goat anti-mouse Alexa647,2010,166.0083131104912,1457.5607779578606,250203_ARMC5mAC_TotalPolII,14.128971775666628,0.29373435910955303,417.67019846365577,1.42632363390222,2,2.0
29,D12,509.8453334472484,261.87644524900867,472.9331048983015,1592.095491657792,HCT116 OsTIRF74G ARMC5mAC Clone 5F9,"EU 1 mM, 30 mins",10 µM 5PhIAA,2,Total Pol II F12,Goat anti-mouse Alexa647,3987,166.97841051622532,1434.2245810055865,250203_ARMC5mAC_TotalPolII,12.731723546127796,0.2646862571148003,361.6614245036178,1.2350563653756605,2,2.0
30,D13,473.044034662156,258.0174062871556,466.32210961447976,1664.9112021857923,HCT116 OsTIRF74G,"EU 1 mM, 30 mins",Vehicle,2,Total Pol II F12,Goat anti-mouse Alexa647,2029,,,250203_ARMC5mAC_TotalPolII,8.872684584274737,0.18445873920079972,324.8601257185254,1.1093817005119622,2,0.0
31,D14,513.2882884400954,304.94133718649584,514.3860919602856,1637.0766062602966,HCT116 OsTIRF74G ARMC5mAC Clone 5A1,"EU 1 mM, 30 mins",Vehicle,2,Total Pol II F12,Goat anti-mouse Alexa647,2027,159.4960461671848,1586.8108108108108,250203_ARMC5mAC_TotalPolII,55.79661548361497,1.1599841340038723,365.10437949646473,1.2468138910378286,2,0.0
32,D15,490.76042193539536,306.79563999840815,478.24841791441594,1525.7348586810228,HCT116 OsTIRF74G ARMC5mAC Clone 5F9,"EU 1 mM, 30 mins",Vehicle,2,Total Pol II F12,Goat anti-mouse Alexa647,3642,163.5513569645109,1378.803554724041,250203_ARMC5mAC_TotalPolII,57.650918295527276,1.1985341754860241,342.57651299176473,1.1698823107257996,2,0.0
33,D16,454.987229761041,251.44964458328377,476.21646835281166,1680.7299349240782,HCT116 OsTIRF74G,"EU 1 mM, 30 mins",10 µM 5PhIAA,2,Total Pol II F12,Goat anti-mouse Alexa647,2101,170.23633907962247,1558.5604436229205,250203_ARMC5mAC_TotalPolII,2.3049228804028985,0.0479182105974691,306.8033208174104,1.0477185804762077,2,2.0
34,D17,560.5049719537814,252.17721541043866,508.9438451629029,1640.7547425474254,HCT116 OsTIRF74G ARMC5mAC Clone 5A1,"EU 1 mM, 30 mins",10 µM 5PhIAA,2,Total Pol II F12,Goat anti-mouse Alexa647,2303,164.730525082765,1579.111262798635,250203_ARMC5mAC_TotalPolII,3.0324937075577907,0.06304404947763532,412.32106301015074,1.4080565936720504,2,2.0
35,D18,488.1041457291811,250.63397068307557,446.49893433055644,1558.2891131939439,HCT116 OsTIRF74G ARMC5mAC Clone 5F9,"EU 1 mM, 30 mins",10 µM 5PhIAA,2,Total Pol II F12,Goat anti-mouse Alexa647,3435,166.1066851008551,1413.3986723935961,250203_ARMC5mAC_TotalPolII,1.4892489801947022,0.03096075225413259,339.9202367855505,1.1608112552733596,2,2.0
36,D19,456.0479647899009,247.453114638081,452.1779452953394,1664.3633720930231,HCT116 OsTIRF74G,"EU 1 mM, 30 mins",Vehicle,2,Total Pol II F12,Goat anti-mouse Alexa647,1898,170.02825664448233,1537.2419512195122,250203_ARMC5mAC_TotalPolII,-1.6916070647998822,-0.03516767709168573,307.8640558462703,1.0513409395684676,2,0.0
37,D20,486.2695012102947,295.18370312249726,491.2174164074647,1654.5205992509364,HCT116 OsTIRF74G ARMC5mAC Clone 5A1,"EU 1 mM, 30 mins",Vehicle,2,Total Pol II F12,Goat anti-mouse Alexa647,2836,161.44996780996658,1600.4369811320755,250203_ARMC5mAC_TotalPolII,46.03898141961639,0.9571277313072268,338.0855922666641,1.154546032504959,2,0.0
38,D21,478.6363779561529,302.01575728558413,494.40477185973475,1542.0353000504285,HCT116 OsTIRF74G ARMC5mAC Clone 5F9,"EU 1 mM, 30 mins",Vehicle,2,Total Pol II F12,Goat anti-mouse Alexa647,4143,167.3177835672819,1393.638961038961,250203_ARMC5mAC_TotalPolII,52.87103558270326,1.0991627698690751,330.45246901252233,1.128479283816835,2,0.0
39,D22,433.30873372074194,247.32840735913092,442.64257769786235,1695.5539510629762,HCT116 OsTIRF74G,"EU 1 mM, 30 mins",No addition,No addition,Total Pol II F12,Goat anti-mouse Alexa647,4395,170.66184138741195,1576.4142799515935,250203_ARMC5mAC_TotalPolII,-1.8163143437499514,-0.03776027995340151,285.12482477711137,0.9736875594374281,No addition,0.0
40,E03,426.9581230880855,255.28507706833523,425.7477192635573,1724.8683580660604,HCT116 OsTIRF74G,"EU 1 mM, 30 mins",No addition,No addition,Total Pol II F12,Goat anti-mouse Alexa647,4501,164.95117591997646,1598.7103746397695,250203_ARMC5mAC_TotalPolII,6.140355365454354,0.12765496149429045,278.77421414445485,0.9520005296507986,No addition,0.0
41,E04,413.9172779364106,257.01224048748855,442.57645777174713,1701.8153721024808,HCT116 OsTIRF74G,"EU 1 mM, 30 mins",10 µM 5PhIAA,8,Total Pol II F12,Goat anti-mouse Alexa647,2300,173.60711699906665,1588.237913486005,250203_ARMC5mAC_TotalPolII,7.867518784607682,0.16356183766741741,265.73336899278,0.9074666708447063,8,8.0
42,E05,669.2994647476431,259.4892564327517,502.02213812734425,1564.4703557312253,HCT116 OsTIRF74G ARMC5mAC Clone 5A1,"EU 1 mM, 30 mins",10 µM 5PhIAA,8,Total Pol II F12,Goat anti-mouse Alexa647,2599,165.46012619430388,1517.5065590312815,250203_ARMC5mAC_TotalPolII,10.344534729870816,0.21505777825943415,521.1155558040125,1.7795845525283074,8,8.0
43,E06,535.8623295866547,258.79530339196424,445.95566795464583,1581.0106719367589,HCT116 OsTIRF74G ARMC5mAC Clone 5F9,"EU 1 mM, 30 mins",10 µM 5PhIAA,8,Total Pol II F12,Goat anti-mouse Alexa647,4028,168.1425407850236,1422.1132631578948,250203_ARMC5mAC_TotalPolII,9.650581689083367,0.20063083658779157,387.6784206430241,1.3239031555303742,8,8.0
44,E07,431.8995160569203,255.22598566767994,441.38258785405696,1699.6296146044624,HCT116 OsTIRF74G,"EU 1 mM, 30 mins",Vehicle,8,Total Pol II F12,Goat anti-mouse Alexa647,1937,167.36242698456587,1573.4490968801313,250203_ARMC5mAC_TotalPolII,6.081263964799064,0.1264264804005522,283.7156071132897,0.9688751489120546,8,0.0
45,E08,490.41185920006865,315.17672642955927,507.26340410856346,1637.3985294117647,HCT116 OsTIRF74G ARMC5mAC Clone 5A1,"EU 1 mM, 30 mins",Vehicle,8,Total Pol II F12,Goat anti-mouse Alexa647,1995,159.54347026044377,1537.1299477221808,250203_ARMC5mAC_TotalPolII,66.0320047266784,1.3727728313898997,342.227950256438,1.1686919857537934,8,0.0
46,E09,439.76454300283405,317.2233778061216,443.5195705244588,1547.1037012337447,HCT116 OsTIRF74G ARMC5mAC Clone 5F9,"EU 1 mM, 30 mins",Vehicle,8,Total Pol II F12,Goat anti-mouse Alexa647,3473,164.06787274494036,1417.0208858480376,250203_ARMC5mAC_TotalPolII,68.07865610324075,1.4153217047233848,291.5806340592035,0.995733837550839,8,0.0
47,E10,424.3132719677262,253.1981585712337,423.3302129214321,1657.292239010989,HCT116 OsTIRF74G,"EU 1 mM, 30 mins",10 µM 5PhIAA,8,Total Pol II F12,Goat anti-mouse Alexa647,1814,171.60351411937668,1549.4332977588047,250203_ARMC5mAC_TotalPolII,4.053436868352833,0.08426895457227827,276.1293630240956,0.9429684903168996,8,8.0
48,E11,624.3342171030562,260.59849579230274,506.6960991652421,1623.0170648464164,HCT116 OsTIRF74G ARMC5mAC Clone 5A1,"EU 1 mM, 30 mins",10 µM 5PhIAA,8,Total Pol II F12,Goat anti-mouse Alexa647,2640,165.4668046344573,1524.2005669737775,250203_ARMC5mAC_TotalPolII,11.45377408942187,0.2381183178054159,476.15030815942555,1.626030395071892,8,8.0
49,E12,568.8647905523751,258.37964845176475,446.78765041504636,1521.1087427745665,HCT116 OsTIRF74G ARMC5mAC Clone 5F9,"EU 1 mM, 30 mins",10 µM 5PhIAA,8,Total Pol II F12,Goat anti-mouse Alexa647,3764,172.61044425527368,1400.3915426781518,250203_ARMC5mAC_TotalPolII,9.234926748883879,0.1919895752554923,420.68088160874447,1.4366049720006209,8,8.0
50,E13,441.29770835613215,252.6048239958013,434.38651601972333,1620.8648405927256,HCT116 OsTIRF74G,"EU 1 mM, 30 mins",Vehicle,8,Total Pol II F12,Goat anti-mouse Alexa647,1782,166.05651151470713,1526.4018181818183,250203_ARMC5mAC_TotalPolII,3.460102292920425,0.07193382120097858,293.1137994125015,1.0009695234727287,8,0.0
51,E14,471.2535935676879,313.9066508634273,482.2427765498153,1596.1620428751576,HCT116 OsTIRF74G ARMC5mAC Clone 5A1,"EU 1 mM, 30 mins",Vehicle,8,Total Pol II F12,Goat anti-mouse Alexa647,2562,159.90484772734973,1509.9564118761843,250203_ARMC5mAC_TotalPolII,64.7619291605464,1.346368586384542,323.06968462405734,1.1032674303113514,8,0.0
52,E15,435.3893110233961,315.47270768125503,443.62412486680586,1552.214240102171,HCT116 OsTIRF74G ARMC5mAC Clone 5F9,"EU 1 mM, 30 mins",Vehicle,8,Total Pol II F12,Goat anti-mouse Alexa647,3880,162.58582214555028,1428.2495732331854,250203_ARMC5mAC_TotalPolII,66.32798597837416,1.3789261357248286,287.20540207976546,0.9807926308307233,8,0.0
53,E16,430.66744167797026,249.389651266282,444.94204584295187,1625.6839103869654,HCT116 OsTIRF74G,"EU 1 mM, 30 mins",10 µM 5PhIAA,8,Total Pol II F12,Goat anti-mouse Alexa647,2242,,,250203_ARMC5mAC_TotalPolII,0.24492956340111505,0.00509196489843046,282.48353273433963,0.9646676741822654,8,8.0
54,E17,607.9615327490245,249.59631197046545,478.0722917093478,1533.2337579617833,HCT116 OsTIRF74G ARMC5mAC Clone 5A1,"EU 1 mM, 30 mins",10 µM 5PhIAA,8,Total Pol II F12,Goat anti-mouse Alexa647,2523,,,250203_ARMC5mAC_TotalPolII,0.451590267584578,0.009388339076274291,459.7776238053939,1.5701184656824445,8,8.0
55,E18,567.8093204227505,249.0318270196146,443.99593875420237,1478.4821162444114,HCT116 OsTIRF74G ARMC5mAC Clone 5F9,"EU 1 mM, 30 mins",10 µM 5PhIAA,8,Total Pol II F12,Goat anti-mouse Alexa647,4333,,,250203_ARMC5mAC_TotalPolII,-0.11289468326626206,-0.0023470248198246453,419.62541147911986,1.4330005922859586,8,8.0
56,E19,413.5178691331223,245.47488422486475,432.98168392266325,1631.2767676767676,HCT116 OsTIRF74G,"EU 1 mM, 30 mins",Vehicle,8,Total Pol II F12,Goat anti-mouse Alexa647,2306,,,250203_ARMC5mAC_TotalPolII,-3.6698374780161203,-0.07629411232158992,265.3339601894917,0.9061027089967836,8,0.0
57,E20,497.50706759289176,290.4684066673453,471.83538357071154,1489.5989425981873,HCT116 OsTIRF74G ARMC5mAC Clone 5A1,"EU 1 mM, 30 mins",Vehicle,8,Total Pol II F12,Goat anti-mouse Alexa647,2447,,,250203_ARMC5mAC_TotalPolII,41.323684964464405,0.8590990421530038,349.32315864926113,1.1929217810692607,8,0.0
58,E21,412.17096104315556,304.0646144997562,438.47763364316484,1532.6853434631212,HCT116 OsTIRF74G ARMC5mAC Clone 5F9,"EU 1 mM, 30 mins",Vehicle,8,Total Pol II F12,Goat anti-mouse Alexa647,4143,162.47314340429182,1396.563909774436,250203_ARMC5mAC_TotalPolII,54.91989279687533,1.141757501479219,263.98705209952493,0.9015030826684501,8,0.0
59,E22,415.90587758230333,246.82853748301844,423.568966736078,1716.1687444345503,HCT116 OsTIRF74G,"EU 1 mM, 30 mins",No addition,No addition,Total Pol II F12,Goat anti-mouse Alexa647,4837,166.77495473865108,1590.5132508833922,250203_ARMC5mAC_TotalPolII,-2.3161842198624356,-0.04815232829416937,267.7219686386727,0.9142576429651488,No addition,0.0
60,F03,394.72331399432136,255.41657266132935,430.63678311100347,1722.4733305333893,HCT116 OsTIRF74G,"EU 1 mM, 30 mins",No addition,No addition,Total Pol II F12,Goat anti-mouse Alexa647,3909,157.03318791544646,1621.7301455301456,250203_ARMC5mAC_TotalPolII,6.271850958448482,0.1303886900590528,246.53940505069076,0.8419202073920328,No addition,0.0
61,F04,427.9958198219001,253.51729645262168,439.23093518780263,1691.865265169613,HCT116 OsTIRF74G,"EU 1 mM, 30 mins",10 µM 5PhIAA,24,Total Pol II F12,Goat anti-mouse Alexa647,1404,172.49535625646692,1565.6471456692914,250203_ARMC5mAC_TotalPolII,4.3725747497408065,0.0909036738247098,279.8119108782695,0.9555442140738369,24,24.0
62,F05,723.7920692159998,255.8551423321856,508.5070873276801,1608.269499048827,HCT116 OsTIRF74G ARMC5mAC Clone 5A1,"EU 1 mM, 30 mins",10 µM 5PhIAA,24,Total Pol II F12,Goat anti-mouse Alexa647,2253,164.17434054826043,1500.2055518836748,250203_ARMC5mAC_TotalPolII,6.7104206293047355,0.13950633734713871,575.6081602723692,1.9656741751827382,24,24.0
63,F06,608.5973706093114,257.38280645199717,451.34514804280076,1561.6568723473717,HCT116 OsTIRF74G ARMC5mAC Clone 5F9,"EU 1 mM, 30 mins",10 µM 5PhIAA,24,Total Pol II F12,Goat anti-mouse Alexa647,3864,167.29620660204128,1432.8105189829328,250203_ARMC5mAC_TotalPolII,8.238084749116297,0.1712657214192565,460.41346166568076,1.5722898213855636,24,24.0
64,F07,419.8464749736481,253.45655861456945,439.47576071458343,1598.1898188093185,HCT116 OsTIRF74G,"EU 1 mM, 30 mins",Vehicle,24,Total Pol II F12,Goat anti-mouse Alexa647,1757,168.74552686315374,1499.5408475316733,250203_ARMC5mAC_TotalPolII,4.311836911688573,0.0896409641090107,271.6625660300175,0.9277145934769234,24,0.0
65,F08,485.76382719442796,301.33660706125687,486.9230720845435,1597.4954545454545,HCT116 OsTIRF74G ARMC5mAC Clone 5A1,"EU 1 mM, 30 mins",Vehicle,24,Total Pol II F12,Goat anti-mouse Alexa647,2514,160.713083392437,1495.0063532401525,250203_ARMC5mAC_TotalPolII,52.191885358376,1.0850435714553983,337.5799182507974,1.1528191800684338,24,0.0
66,F09,434.35658454243116,298.17830777624084,396.0842039593401,1695.039629005059,HCT116 OsTIRF74G ARMC5mAC Clone 5F9,"EU 1 mM, 30 mins",Vehicle,24,Total Pol II F12,Goat anti-mouse Alexa647,4453,164.59707581762171,1456.343404568902,250203_ARMC5mAC_TotalPolII,49.03358607335997,1.0193840860314087,286.17267559880054,0.9772659195820511,24,0.0
67,F10,451.7652654809135,249.26762981176273,429.11758178228723,1618.7410846953937,HCT116 OsTIRF74G,"EU 1 mM, 30 mins",10 µM 5PhIAA,24,Total Pol II F12,Goat anti-mouse Alexa647,1793,181.79371981757322,1524.9095057034222,250203_ARMC5mAC_TotalPolII,0.12290810888185888,0.0025551990028005143,303.5813565372829,1.0367157274662522,24,24.0
68,F11,716.5677583582252,251.52503513979815,491.8137351082032,1557.9327548806941,HCT116 OsTIRF74G ARMC5mAC Clone 5A1,"EU 1 mM, 30 mins",10 µM 5PhIAA,24,Total Pol II F12,Goat anti-mouse Alexa647,2683,175.09530987924407,1486.945779765232,250203_ARMC5mAC_TotalPolII,2.3803134369172767,0.04948554310773724,568.3838494145946,1.9410035011605,24,24.0
69,F12,665.7408255954631,259.14137072286366,452.62166811595495,1540.3221933809216,HCT116 OsTIRF74G ARMC5mAC Clone 5F9,"EU 1 mM, 30 mins",10 µM 5PhIAA,24,Total Pol II F12,Goat anti-mouse Alexa647,4173,181.99764226087365,1414.0791726105563,250203_ARMC5mAC_TotalPolII,9.996649019982783,0.2078254058221616,517.5569166518325,1.7674319710275093,24,24.0
70,F13,445.4596801904107,251.8860607774867,446.565178565919,1664.5017857142857,HCT116 OsTIRF74G,"EU 1 mM, 30 mins",Vehicle,24,Total Pol II F12,Goat anti-mouse Alexa647,2113,166.59380935762186,1555.3868402024584,250203_ARMC5mAC_TotalPolII,2.7413390746058326,0.05699108816737144,297.2757712467801,1.0151824570569368,24,0.0
71,F14,496.3636496781653,296.1081796696372,490.6804665118811,1514.971314209473,HCT116 OsTIRF74G ARMC5mAC Clone 5A1,"EU 1 mM, 30 mins",Vehicle,24,Total Pol II F12,Goat anti-mouse Alexa647,2524,162.73297258115588,1453.8356258596973,250203_ARMC5mAC_TotalPolII,46.96345796675632,0.9763471430519395,348.1797407345347,1.1890170638995883,24,0.0
72,F15,450.35954039218524,304.6848749229199,451.9657957080911,1543.9603174603174,HCT116 OsTIRF74G ARMC5mAC Clone 5F9,"EU 1 mM, 30 mins",Vehicle,24,Total Pol II F12,Goat anti-mouse Alexa647,4118,161.43623902789685,1416.442214790041,250203_ARMC5mAC_TotalPolII,55.54015322003903,1.1546524099532232,302.17563144855467,1.0319152439167971,24,0.0
73,F16,441.30920739741964,248.5308478581007,448.1799633399749,1636.1662844036698,HCT116 OsTIRF74G,"EU 1 mM, 30 mins",10 µM 5PhIAA,24,Total Pol II F12,Goat anti-mouse Alexa647,1584,173.28833406902416,1515.9871844660195,250203_ARMC5mAC_TotalPolII,-0.6138738447801586,-0.012762134657326084,293.125298453789,1.001008792145514,24,24.0
74,F17,774.775767016146,248.77029849444537,500.7917706890685,1563.3263940520446,HCT116 OsTIRF74G ARMC5mAC Clone 5A1,"EU 1 mM, 30 mins",10 µM 5PhIAA,24,Total Pol II F12,Goat anti-mouse Alexa647,2668,166.23201831290177,1496.847533632287,250203_ARMC5mAC_TotalPolII,-0.3744232084355019,-0.0077840739518609215,626.5918580725154,2.139781050376528,24,24.0
75,F18,653.7931569266368,248.05126100383632,455.73313459207714,1537.2748493975903,HCT116 OsTIRF74G ARMC5mAC Clone 5F9,"EU 1 mM, 30 mins",10 µM 5PhIAA,24,Total Pol II F12,Goat anti-mouse Alexa647,3888,166.40954006763798,1430.4797136038187,250203_ARMC5mAC_TotalPolII,-1.093460699044556,-0.02273250897128233,505.6092479830062,1.72663125731831,24,24.0
76,F19,435.50995228889076,247.72043100830834,452.1443863409398,1632.8816326530612,HCT116 OsTIRF74G,"EU 1 mM, 30 mins",Vehicle,24,Total Pol II F12,Goat anti-mouse Alexa647,2109,170.7219539381392,1541.2910941475827,250203_ARMC5mAC_TotalPolII,-1.4242906945725338,-0.02961030151369414,287.32604334526013,0.981204614948412,24,0.0
77,F20,496.11248723555144,293.1265482797937,485.2433236302283,1529.9568288854002,HCT116 OsTIRF74G ARMC5mAC Clone 5A1,"EU 1 mM, 30 mins",Vehicle,24,Total Pol II F12,Goat anti-mouse Alexa647,2410,163.25994834942716,1454.800460475825,250203_ARMC5mAC_TotalPolII,43.98182657691285,0.9143604960897775,347.92857829192087,1.1881593562413297,24,0.0
78,F21,446.29872966749025,296.40168688111766,457.1230037078168,1495.964838844705,HCT116 OsTIRF74G ARMC5mAC Clone 5F9,"EU 1 mM, 30 mins",Vehicle,24,Total Pol II F12,Goat anti-mouse Alexa647,4020,161.02814205514883,1381.3621597892889,250203_ARMC5mAC_TotalPolII,47.25696517823678,0.9824490133102356,298.1148207238597,1.0180477706550197,24,0.0
79,F22,439.1736648631829,243.6435669314225,435.84245909392735,1671.1944581890154,HCT116 OsTIRF74G,"EU 1 mM, 30 mins",No addition,No addition,Total Pol II F12,Goat anti-mouse Alexa647,4850,168.34258656421457,1569.5372907153728,250203_ARMC5mAC_TotalPolII,-5.501154771458374,-0.11436629620420807,290.9897559195523,0.9937160171307068,No addition,0.0
80,G03,350.70509016413837,252.26957289992228,419.3314978994138,1749.6452273658338,HCT116 OsTIRF74G,"EU 1 mM, 30 mins",No addition,No addition,Total Pol II F12,Goat anti-mouse Alexa647,3075,157.95554664446797,1619.0518518518518,250203_ARMC5mAC_TotalPolII,3.1248511970414086,0.06496411616140912,202.52118122050777,0.6916000907010854,No addition,0.0
81,G04,347.64731173279404,252.3927441376921,425.2570074919985,1715.9363008442058,HCT116 OsTIRF74G,"EU 1 mM, 30 mins",10 µM 5PhIAA,48,Total Pol II F12,Goat anti-mouse Alexa647,1891,165.31734820195996,1614.7152317880796,250203_ARMC5mAC_TotalPolII,3.2480224348112188,0.0675247854840951,199.46340278916344,0.6811579244658461,48,48.0
82,G05,635.7194538065983,253.24273762753847,481.7460116117153,1648.3728682170542,HCT116 OsTIRF74G ARMC5mAC Clone 5A1,"EU 1 mM, 30 mins",10 µM 5PhIAA,48,Total Pol II F12,Goat anti-mouse Alexa647,2088,157.86120286209484,1563.1814611154753,250203_ARMC5mAC_TotalPolII,4.098015924657602,0.08519573118003836,487.53554486296764,1.6649104306778946,48,48.0
83,G06,497.5764168594933,252.7419025484654,421.4567264932705,1599.9029826286464,HCT116 OsTIRF74G ARMC5mAC Clone 5F9,"EU 1 mM, 30 mins",10 µM 5PhIAA,48,Total Pol II F12,Goat anti-mouse Alexa647,4554,158.73621725687244,1484.0471986417658,250203_ARMC5mAC_TotalPolII,3.597180845584518,0.07478361674546381,349.39250791586267,1.1931586054783552,48,48.0
84,G07,367.62847817279464,251.42348515752977,423.66672949516976,1690.825075398535,HCT116 OsTIRF74G,"EU 1 mM, 30 mins",Vehicle,48,Total Pol II F12,Goat anti-mouse Alexa647,2241,162.08232892654385,1587.4615718627877,250203_ARMC5mAC_TotalPolII,2.278763454648896,0.04737436902990652,219.44456922916405,0.7493926465770687,48,0.0
85,G08,447.33611745827335,294.8680990838139,523.1302332669501,1590.7389261744966,HCT116 OsTIRF74G ARMC5mAC Clone 5A1,"EU 1 mM, 30 mins",Vehicle,48,Total Pol II F12,Goat anti-mouse Alexa647,2561,160.62014042696205,1489.5354969574037,250203_ARMC5mAC_TotalPolII,45.723377380933016,0.9505664789028088,299.1522085146428,1.0215904000524683,48,0.0
86,G09,360.922380501132,295.37480001479236,422.48445168478526,1533.5310049893087,HCT116 OsTIRF74G ARMC5mAC Clone 5F9,"EU 1 mM, 30 mins",Vehicle,48,Total Pol II F12,Goat anti-mouse Alexa647,4228,155.8495035693955,1399.512371526456,250203_ARMC5mAC_TotalPolII,46.230078311911484,0.9611005415072443,212.7384715575014,0.7264916456544919,48,0.0
87,G10,373.84948922008397,245.82642666271775,432.52232486486247,1639.7938144329896,HCT116 OsTIRF74G,"EU 1 mM, 30 mins",10 µM 5PhIAA,48,Total Pol II F12,Goat anti-mouse Alexa647,1877,168.3367141416515,1517.06320754717,250203_ARMC5mAC_TotalPolII,-3.3182950401631217,-0.06898571831231047,225.66558027645337,0.7706371000146239,48,48.0
88,G11,648.1170153618407,248.16471007488542,490.91452577149835,1664.767162066525,HCT116 OsTIRF74G ARMC5mAC Clone 5A1,"EU 1 mM, 30 mins",10 µM 5PhIAA,48,Total Pol II F12,Goat anti-mouse Alexa647,2422,156.07543090383817,1592.7443502824858,250203_ARMC5mAC_TotalPolII,-0.9800116279954523,-0.02037395870270765,499.93310641821006,1.7072475069501403,48,48.0
89,G12,564.3141319438506,251.0618567859145,433.08783553884206,1587.7470039946738,HCT116 OsTIRF74G ARMC5mAC Clone 5F9,"EU 1 mM, 30 mins",10 µM 5PhIAA,48,Total Pol II F12,Goat anti-mouse Alexa647,4479,161.1072589721596,1469.2321109123434,250203_ARMC5mAC_TotalPolII,1.917135083033628,0.03985629342902082,416.13022300022,1.42106469178184,48,48.0
90,G13,368.57366530431335,247.8286113343869,452.737223683887,1637.8093220338983,HCT116 OsTIRF74G,"EU 1 mM, 30 mins",Vehicle,48,Total Pol II F12,Goat anti-mouse Alexa647,1944,162.91093551064534,1546.2467382962395,250203_ARMC5mAC_TotalPolII,-1.3161103684939803,-0.02736128585611653,220.38975636068275,0.7526204151588454,48,0.0
91,G14,397.41443491196134,294.36265053628324,506.79170103955505,1653.6428169014084,HCT116 OsTIRF74G ARMC5mAC Clone 5A1,"EU 1 mM, 30 mins",Vehicle,48,Total Pol II F12,Goat anti-mouse Alexa647,2378,155.620770838736,1554.608573040045,250203_ARMC5mAC_TotalPolII,45.21792883340237,0.9400584527329594,249.23052596833074,0.8511102558576347,48,0.0
92,G15,377.3109284209938,299.82390888558507,451.2636297476564,1535.5516764604217,HCT116 OsTIRF74G ARMC5mAC Clone 5F9,"EU 1 mM, 30 mins",Vehicle,48,Total Pol II F12,Goat anti-mouse Alexa647,3855,157.1188699243815,1418.0353627415238,250203_ARMC5mAC_TotalPolII,50.6791871827042,1.0535953219852996,229.12701947736318,0.7824577483580629,48,0.0
93,G16,360.16229816912875,250.38657046029826,449.7461466585533,1661.869076305221,HCT116 OsTIRF74G,"EU 1 mM, 30 mins",10 µM 5PhIAA,48,Total Pol II F12,Goat anti-mouse Alexa647,2634,164.30717905096728,1552.5648484848484,250203_ARMC5mAC_TotalPolII,1.2418487574173867,0.0258174235650478,211.97838922549815,0.7238960010577847,48,48.0
94,G17,608.2678933021059,250.8423357891225,508.54942789470607,1544.663802978236,HCT116 OsTIRF74G ARMC5mAC Clone 5A1,"EU 1 mM, 30 mins",10 µM 5PhIAA,48,Total Pol II F12,Goat anti-mouse Alexa647,2669,161.5706638596866,1468.767012687428,250203_ARMC5mAC_TotalPolII,1.6976140862416287,0.03529256010662583,460.0839843584753,1.5711646722324033,48,48.0
95,G18,520.4702927764642,247.34332994506875,446.05813764331316,1543.0248275862068,HCT116 OsTIRF74G ARMC5mAC Clone 5F9,"EU 1 mM, 30 mins",10 µM 5PhIAA,48,Total Pol II F12,Goat anti-mouse Alexa647,4285,160.7731240453232,1430.6074020319304,250203_ARMC5mAC_TotalPolII,-1.8013917578121266,-0.037450046747029536,372.2863838328336,1.2713400903248064,48,48.0
96,G19,376.44472670691357,244.16256198673685,446.6904084631134,1712.8051470588234,HCT116 OsTIRF74G,"EU 1 mM, 30 mins",Vehicle,48,Total Pol II F12,Goat anti-mouse Alexa647,1998,163.96596671113707,1637.6296487603306,250203_ARMC5mAC_TotalPolII,-4.982159716144025,-0.10357664481454815,228.26081776328297,0.7794997111769,48,0.0
97,G20,391.9750183282208,284.12131168023325,471.10183218868445,1571.6813271604938,HCT116 OsTIRF74G ARMC5mAC Clone 5A1,"EU 1 mM, 30 mins",Vehicle,48,Total Pol II F12,Goat anti-mouse Alexa647,2083,156.24707633531014,1514.6076742364917,250203_ARMC5mAC_TotalPolII,34.976589977352376,0.7271460658254787,243.79110938459021,0.8325349099110794,48,0.0
98,G21,371.3262105975285,295.35237222710094,451.4824315216674,1511.7748117727583,HCT116 OsTIRF74G ARMC5mAC Clone 5F9,"EU 1 mM, 30 mins",Vehicle,48,Total Pol II F12,Goat anti-mouse Alexa647,3296,160.15485567694415,1406.4334277620396,250203_ARMC5mAC_TotalPolII,46.20765052422007,0.9606342788556954,223.14230165389787,0.7620202249119481,48,0.0
99,G22,375.1847695674385,243.95923557624403,441.9079758200592,1689.1739974126779,HCT116 OsTIRF74G,"EU 1 mM, 30 mins",No addition,No addition,Total Pol II F12,Goat anti-mouse Alexa647,4345,167.64770610932098,1581.1476038338658,250203_ARMC5mAC_TotalPolII,-5.185486126636846,-0.10780370067002186,227.00086062380788,0.7751970181613399,No addition,0.0
100,H03,365.2193412264134,252.91521876067273,406.7887636504678,1733.1660323501428,HCT116 OsTIRF74G,"EU 1 mM, 30 mins",No addition,No addition,Total Pol II F12,Goat anti-mouse Alexa647,3548,155.52384452335158,1617.1937911571026,250203_ARMC5mAC_TotalPolII,3.7704970577918573,0.07838677537047396,217.0354322827828,0.7411655598072436,No addition,0.0
104,H07,348.8018859793065,247.82290386339812,419.06179972663375,1740.5794314381271,HCT116 OsTIRF74G,"EU 1 mM, 30 mins",Vehicle,72,Total Pol II F12,Goat anti-mouse Alexa647,2111,164.46139008586132,1602.3862967633459,250203_ARMC5mAC_TotalPolII,-1.3218178394827476,-0.027479941364786258,200.61797703567592,0.6851007399718437,72,0.0
105,H08,394.93238214230917,289.7585406643927,476.4638868608476,1617.1206115515288,HCT116 OsTIRF74G ARMC5mAC Clone 5A1,"EU 1 mM, 30 mins",Vehicle,72,Total Pol II F12,Goat anti-mouse Alexa647,1997,159.4351014859179,1519.15625,250203_ARMC5mAC_TotalPolII,40.61381896151181,0.8443412778413751,246.74847319867857,0.8426341650592738,72,0.0
106,H09,353.8980328743295,292.0796033975994,404.93198385606865,1537.9063010120797,HCT116 OsTIRF74G ARMC5mAC Clone 5F9,"EU 1 mM, 30 mins",Vehicle,72,Total Pol II F12,Goat anti-mouse Alexa647,4354,155.0055819118246,1427.1153712094806,250203_ARMC5mAC_TotalPolII,42.93488169471851,0.8925950280233746,205.7141239306989,0.7025038364459179,72,0.0
110,H13,352.4503453159327,244.42540248394022,413.9454671284171,1705.472334682861,HCT116 OsTIRF74G,"EU 1 mM, 30 mins",Vehicle,72,Total Pol II F12,Goat anti-mouse Alexa647,2440,161.40044499805686,1605.8822519739101,250203_ARMC5mAC_TotalPolII,-4.7193192189406545,-0.09811232043058739,204.26643637230208,0.6975600530813327,72,0.0
111,H14,425.9567665263146,292.6238141791287,480.2167639408929,1559.944068838353,HCT116 OsTIRF74G ARMC5mAC Clone 5A1,"EU 1 mM, 30 mins",Vehicle,72,Total Pol II F12,Goat anti-mouse Alexa647,2552,161.73675633328878,1486.3234932349324,250203_ARMC5mAC_TotalPolII,43.47909247624784,0.9039089019323261,277.77285758268397,0.948580945166987,72,0.0
112,H15,366.4272601497993,296.6951138188747,407.637896924485,1505.213849287169,HCT116 OsTIRF74G ARMC5mAC Clone 5F9,"EU 1 mM, 30 mins",Vehicle,72,Total Pol II F12,Goat anti-mouse Alexa647,3852,156.64092111323944,1390.0294871794872,250203_ARMC5mAC_TotalPolII,47.550392115993816,0.9885492147173882,218.24335120616868,0.7452905448183849,72,0.0
116,H19,351.1254013845174,241.72070082489384,420.9788761215597,1644.3108665749655,HCT116 OsTIRF74G,"EU 1 mM, 30 mins",Vehicle,72,Total Pol II F12,Goat anti-mouse Alexa647,1689,162.55246853761352,1547.5902025435705,250203_ARMC5mAC_TotalPolII,-7.424020877987033,-0.15434173478689492,202.94149244088678,0.6930354332977706,72,0.0
117,H20,414.5371271223794,287.98047354503143,484.4499991927909,1589.0755523877406,HCT116 OsTIRF74G ARMC5mAC Clone 5A1,"EU 1 mM, 30 mins",Vehicle,72,Total Pol II F12,Goat anti-mouse Alexa647,2001,156.14207953189336,1542.382932166302,250203_ARMC5mAC_TotalPolII,38.83575184215056,0.80737613883113,266.35321817874876,0.9095834259942343,72,0.0
118,H21,358.7906501780643,289.53272246529855,420.4045101920951,1528.126685592619,HCT116 OsTIRF74G ARMC5mAC Clone 5F9,"EU 1 mM, 30 mins",Vehicle,72,Total Pol II F12,Goat anti-mouse Alexa647,3486,218.87884373438655,1462.1507246376812,250203_ARMC5mAC_TotalPolII,40.388000762417676,0.8396466287869815,210.6067412344337,0.7192118891574238,72,0.0
119,H22,376.3258458332255,242.4111675611046,433.15758959678334,1744.2545362903227,HCT116 OsTIRF74G,"EU 1 mM, 30 mins",No addition,No addition,Total Pol II F12,Goat anti-mouse Alexa647,4338,165.827580302335,1656.5292646323162,250203_ARMC5mAC_TotalPolII,-6.733554141776267,-0.13998727166901773,228.14193688959492,0.7790937387125395,No addition,0.0
120,I03,377.2642823891956,250.8629936399063,388.89340988556614,1744.235294117647,HCT116 OsTIRF74G,"EU 1 mM, 30 mins",No addition,No addition,Total Pol II F12,Goat anti-mouse Alexa647,4005,206.27036905347418,1674.0834014717907,250203_ARMC5mAC_TotalPolII,1.7182719370254347,0.035722026642259534,229.08037344556502,0.7822984544035836,No addition,0.0
121,I04,420.1837848758184,249.10912219787969,416.3434732081401,1706.1815028901733,HCT116 OsTIRF74G,"EU 1 mM, 30 mins",Vehicle,2,Total Pol II F12,Goat anti-mouse Alexa647,1735,158.47309369099426,1576.837975676736,250203_ARMC5mAC_TotalPolII,-0.035599505001187026,-0.0007400961621389912,271.9998759321878,0.9288664905650673,2,0.0
122,I05,462.20643134976734,302.108984491496,477.0578132217996,1575.3956043956043,HCT116 OsTIRF74G ARMC5mAC Clone 5A1,"EU 1 mM, 30 mins",Vehicle,2,Total Pol II F12,Goat anti-mouse Alexa647,1890,151.13199346647704,1513.0968399592252,250203_ARMC5mAC_TotalPolII,52.964262788615144,1.1011009175287132,314.0225224061368,1.07237180659045,2,0.0
123,I06,417.9525750749406,300.7974114527705,415.25205655124716,1599.9982059562253,HCT116 OsTIRF74G ARMC5mAC Clone 5F9,"EU 1 mM, 30 mins",Vehicle,2,Total Pol II F12,Goat anti-mouse Alexa647,4738,153.65270042528374,1456.4468085106382,250203_ARMC5mAC_TotalPolII,51.652689749889646,1.0738339605220542,269.76866613131006,0.9212470164371732,2,0.0
124,I07,383.5143013426688,245.15270026047997,407.6358389539095,1687.784300341297,HCT116 OsTIRF74G,"EU 1 mM, 30 mins",10 µM 5PhIAA,2,Total Pol II F12,Goat anti-mouse Alexa647,1700,162.61805420371843,1565.25201260063,250203_ARMC5mAC_TotalPolII,-3.9920214424008975,-0.0829921581381244,235.33039239903817,0.8036419684452044,2,2.0
125,I08,507.778466754128,248.72743450021014,478.10941060466973,1559.3852728468114,HCT116 OsTIRF74G ARMC5mAC Clone 5A1,"EU 1 mM, 30 mins",10 µM 5PhIAA,2,Total Pol II F12,Goat anti-mouse Alexa647,2593,157.89324054092216,1490.861855670103,250203_ARMC5mAC_TotalPolII,-0.41728720267073527,-0.008675195264541708,359.59455781049735,1.227998115054314,2,2.0
126,I09,461.9766579750362,248.04742366236093,396.82391162380975,1483.9081189442031,HCT116 OsTIRF74G ARMC5mAC Clone 5F9,"EU 1 mM, 30 mins",10 µM 5PhIAA,2,Total Pol II F12,Goat anti-mouse Alexa647,4801,162.06918971403576,1374.5556780595368,250203_ARMC5mAC_TotalPolII,-1.097298040519945,-0.022812285409147343,313.7927490314056,1.0715871415699958,2,2.0
127,I10,405.8475700703816,245.9042475050764,416.08281909168437,1656.6114210699047,HCT116 OsTIRF74G,"EU 1 mM, 30 mins",Vehicle,2,Total Pol II F12,Goat anti-mouse Alexa647,1858,156.8740174618877,1539.27443735304,250203_ARMC5mAC_TotalPolII,-3.240474197804474,-0.06736786135721691,257.663661126751,0.879909006710799,2,0.0
128,I11,447.7527713853328,297.93100691939316,486.2583181176365,1514.5963302752293,HCT116 OsTIRF74G ARMC5mAC Clone 5A1,"EU 1 mM, 30 mins",Vehicle,2,Total Pol II F12,Goat anti-mouse Alexa647,2463,154.21433291049289,1470.2221518987342,250203_ARMC5mAC_TotalPolII,48.78628521651228,1.0142428231110239,299.5688624417022,1.0230132531684173,2,0.0
129,I12,452.17650105236265,298.5223109241723,418.78808393550895,1487.635960044395,HCT116 OsTIRF74G ARMC5mAC Clone 5F9,"EU 1 mM, 30 mins",Vehicle,2,Total Pol II F12,Goat anti-mouse Alexa647,4711,154.13946949707253,1373.7124752475247,250203_ARMC5mAC_TotalPolII,49.37758922129143,1.0265357419193015,303.9925921087321,1.0381200771584658,2,0.0
130,I13,394.8472584865068,242.46282147175586,381.7928319958772,1672.7020825979528,HCT116 OsTIRF74G,"EU 1 mM, 30 mins",10 µM 5PhIAA,2,Total Pol II F12,Goat anti-mouse Alexa647,2368,159.2426955950476,1568.6017284839754,250203_ARMC5mAC_TotalPolII,-6.681900231125013,-0.1389134123265581,246.6633495428762,0.8423434718699544,2,2.0
131,I14,538.0726417169822,250.1161853878686,496.3790700319626,1565.2720632988435,HCT116 OsTIRF74G ARMC5mAC Clone 5A1,"EU 1 mM, 30 mins",10 µM 5PhIAA,2,Total Pol II F12,Goat anti-mouse Alexa647,2470,154.99452939730782,1485.730527638191,250203_ARMC5mAC_TotalPolII,0.9714636849877252,0.020196251180819618,389.88873277335153,1.3314512651187127,2,2.0
132,I15,460.2992719903232,248.71654092820725,417.57813878830893,1527.1763630825465,HCT116 OsTIRF74G ARMC5mAC Clone 5F9,"EU 1 mM, 30 mins",10 µM 5PhIAA,2,Total Pol II F12,Goat anti-mouse Alexa647,4293,157.00478850269207,1414.3860737676664,250203_ARMC5mAC_TotalPolII,-0.4281807746736206,-0.008901667257089116,312.11536304669255,1.065858949130188,2,2.0
133,I16,409.94136647656927,246.46312158382773,425.2068755334929,1653.8,HCT116 OsTIRF74G,"EU 1 mM, 30 mins",Vehicle,2,Total Pol II F12,Goat anti-mouse Alexa647,1782,157.03112064782766,1551.367924528302,250203_ARMC5mAC_TotalPolII,-2.6816001190531438,-0.055749144726493186,261.7574575329387,0.8938891244879538,2,0.0
134,I17,446.9102493286246,299.3142799830392,470.8261754517265,1583.184141546527,HCT116 OsTIRF74G ARMC5mAC Clone 5A1,"EU 1 mM, 30 mins",Vehicle,2,Total Pol II F12,Goat anti-mouse Alexa647,2647,154.0300590578755,1480.8710115410727,250203_ARMC5mAC_TotalPolII,50.169558280158356,1.0430003882951624,298.72634038499405,1.0201360808779663,2,0.0
135,I18,433.8424887428067,298.6405104517714,422.4860442800935,1521.209940652819,HCT116 OsTIRF74G ARMC5mAC Clone 5F9,"EU 1 mM, 30 mins",Vehicle,2,Total Pol II F12,Goat anti-mouse Alexa647,4281,153.00540866792622,1398.268095430651,250203_ARMC5mAC_TotalPolII,49.495788748890504,1.0289930518380714,285.6585797991761,0.97551030715916,2,0.0
136,I19,414.88441170288684,242.7616053051433,414.90981333678894,1676.9393063583816,HCT116 OsTIRF74G,"EU 1 mM, 30 mins",10 µM 5PhIAA,2,Total Pol II F12,Goat anti-mouse Alexa647,1791,162.54652494706423,1574.8921113689096,250203_ARMC5mAC_TotalPolII,-6.383116397737581,-0.13270184369963925,266.7005027592562,0.9107693861290239,2,2.0
137,I20,542.4858234661813,247.17723115058334,437.70766561811126,1577.5375,HCT116 OsTIRF74G ARMC5mAC Clone 5A1,"EU 1 mM, 30 mins",10 µM 5PhIAA,2,Total Pol II F12,Goat anti-mouse Alexa647,2109,157.40639275583217,1482.7619402985074,250203_ARMC5mAC_TotalPolII,-1.9674905522975337,-0.040903158815033404,394.30191452255065,1.346522068476823,2,2.0
138,I21,436.77831272921213,245.84696592027854,400.6359092236515,1536.6150487067518,HCT116 OsTIRF74G ARMC5mAC Clone 5F9,"EU 1 mM, 30 mins",10 µM 5PhIAA,2,Total Pol II F12,Goat anti-mouse Alexa647,3263,159.353511205804,1420.8915789473683,250203_ARMC5mAC_TotalPolII,-3.297755782602337,-0.06855871727132931,288.59440378558156,0.9855360048320848,2,2.0
139,I22,409.02439821667,242.72896792215883,415.9192555343084,1672.8880195599022,HCT116 OsTIRF74G,"EU 1 mM, 30 mins",No addition,No addition,Total Pol II F12,Goat anti-mouse Alexa647,4377,163.3562905181075,1581.52628992629,250203_ARMC5mAC_TotalPolII,-6.415753780722042,-0.1333803588050671,260.84048927303945,0.8907577219951655,No addition,0.0
140,J03,397.8096848598772,248.40364540671283,390.61295035914924,1797.9445161290323,HCT116 OsTIRF74G,"EU 1 mM, 30 mins",No addition,No addition,Total Pol II F12,Goat anti-mouse Alexa647,3937,152.18066096648383,1672.5878580589995,250203_ARMC5mAC_TotalPolII,-0.7410762961680462,-0.015406610924164853,249.62577591624662,0.8524600154145404,No addition,0.0
141,J04,385.47775999414006,247.52457172803344,405.30388984776573,1681.5190350546552,HCT116 OsTIRF74G,"EU 1 mM, 30 mins",Vehicle,8,Total Pol II F12,Goat anti-mouse Alexa647,2256,160.48558805112003,1545.3513719512196,250203_ARMC5mAC_TotalPolII,-1.6201499748474362,-0.0336821194124522,237.29385105050946,0.8103470852792152,8,0.0
142,J05,446.60519383834577,308.4408853516838,462.6100812234366,1624.7298761609907,HCT116 OsTIRF74G ARMC5mAC Clone 5A1,"EU 1 mM, 30 mins",Vehicle,8,Total Pol II F12,Goat anti-mouse Alexa647,1962,153.35075964269416,1524.292741935484,250203_ARMC5mAC_TotalPolII,59.29616364880292,1.2327380154465999,298.4212848947152,1.0190943310546923,8,0.0
143,J06,401.7597326514913,309.1392836691909,400.1581930709689,1555.001880288311,HCT116 OsTIRF74G ARMC5mAC Clone 5F9,"EU 1 mM, 30 mins",Vehicle,8,Total Pol II F12,Goat anti-mouse Alexa647,4534,155.51075639003056,1422.049488617618,250203_ARMC5mAC_TotalPolII,59.994561966310016,1.247257372230187,253.57582370786068,0.8659492385885817,8,0.0
144,J07,393.1577494727508,243.41256794753647,400.13438458606106,1648.8533791523482,HCT116 OsTIRF74G,"EU 1 mM, 30 mins",10 µM 5PhIAA,8,Total Pol II F12,Goat anti-mouse Alexa647,1829,163.66217299641704,1536.5865943432777,250203_ARMC5mAC_TotalPolII,-5.732153755344399,-0.11916865122083971,244.97384052912022,0.8365738798691962,8,8.0
145,J08,570.2616973695907,245.69937200138148,444.3129612340258,1577.4737945492664,HCT116 OsTIRF74G ARMC5mAC Clone 5A1,"EU 1 mM, 30 mins",10 µM 5PhIAA,8,Total Pol II F12,Goat anti-mouse Alexa647,2675,157.0003287561501,1517.367403314917,250203_ARMC5mAC_TotalPolII,-3.4453497014993957,-0.07162712209682125,422.0777884259601,1.4413753415771018,8,8.0
146,J09,524.466996044492,248.18013635659588,404.85940024535427,1523.7116679132387,HCT116 OsTIRF74G ARMC5mAC Clone 5F9,"EU 1 mM, 30 mins",10 µM 5PhIAA,8,Total Pol II F12,Goat anti-mouse Alexa647,4705,160.29750316931143,1371.4460260972717,250203_ARMC5mAC_TotalPolII,-0.9645853462849914,-0.02005325390949195,376.2830871008614,1.284988639706235,8,8.0
147,J10,406.36972016995514,245.46272058805158,400.76435183781314,1674.441776166742,HCT116 OsTIRF74G,"EU 1 mM, 30 mins",Vehicle,8,Total Pol II F12,Goat anti-mouse Alexa647,2007,161.83880640296644,1573.9140832595217,250203_ARMC5mAC_TotalPolII,-3.6820011148292906,-0.07654698833553393,258.1858112263245,0.881692124180529,8,0.0
148,J11,476.13276316014276,311.8486896045092,483.0131887136781,1571.3179231863442,HCT116 OsTIRF74G ARMC5mAC Clone 5A1,"EU 1 mM, 30 mins",Vehicle,8,Total Pol II F12,Goat anti-mouse Alexa647,2306,155.2560389676782,1497.3353338334584,250203_ARMC5mAC_TotalPolII,62.703967901628346,1.3035845861714719,327.94885421651213,1.119929559735797,8,0.0
149,J12,437.14886902254807,308.04435314587437,401.3361192185961,1499.181124497992,HCT116 OsTIRF74G ARMC5mAC Clone 5F9,"EU 1 mM, 30 mins",Vehicle,8,Total Pol II F12,Goat anti-mouse Alexa647,4484,155.24464070173323,1364.8151187904969,250203_ARMC5mAC_TotalPolII,58.899631442993496,1.2244943063367604,288.96496007891744,0.9868014367465962,8,0.0
150,J13,404.1824347997577,241.79349949420057,399.8100912954772,1639.086943793911,HCT116 OsTIRF74G,"EU 1 mM, 30 mins",10 µM 5PhIAA,8,Total Pol II F12,Goat anti-mouse Alexa647,2520,163.61869398752202,1531.5337112171837,250203_ARMC5mAC_TotalPolII,-7.351222208680298,-0.15282828633414414,255.9985258561271,0.8742226498702315,8,8.0
151,J14,595.1523172039531,244.9673816056027,472.9876062751117,1700.496551724138,HCT116 OsTIRF74G ARMC5mAC Clone 5A1,"EU 1 mM, 30 mins",10 µM 5PhIAA,8,Total Pol II F12,Goat anti-mouse Alexa647,2020,160.14535255486868,1629.7935483870967,250203_ARMC5mAC_TotalPolII,-4.177340097278176,-0.08684484163029264,446.96840826032246,1.5263756108393478,8,8.0
152,J15,508.70306216774287,247.95333855571366,408.4443572644588,1498.9386775027706,HCT116 OsTIRF74G ARMC5mAC Clone 5F9,"EU 1 mM, 30 mins",10 µM 5PhIAA,8,Total Pol II F12,Goat anti-mouse Alexa647,3990,161.20431049314053,1375.82278978389,250203_ARMC5mAC_TotalPolII,-1.1913831471672154,-0.02476826840221875,360.5191532241123,1.2311555639101037,8,8.0
153,J16,410.00539066607433,245.36395141638909,419.5486022203656,1578.1098430813124,HCT116 OsTIRF74G,"EU 1 mM, 30 mins",Vehicle,8,Total Pol II F12,Goat anti-mouse Alexa647,1903,160.23061540027857,1474.2,250203_ARMC5mAC_TotalPolII,-3.780770286491787,-0.07860035073151735,261.82148172244376,0.89410776401495,8,0.0
154,J17,439.0883496736882,305.9488107834517,465.93449018652564,1598.7287390029326,HCT116 OsTIRF74G ARMC5mAC Clone 5A1,"EU 1 mM, 30 mins",Vehicle,8,Total Pol II F12,Goat anti-mouse Alexa647,2421,156.19883533950517,1522.3771600300527,250203_ARMC5mAC_TotalPolII,56.804089080570805,1.1809290135053854,290.90444073005756,0.9934246698630425,8,0.0
155,J18,418.6619121111474,308.80874488481015,411.4829401417451,1503.9479166666667,HCT116 OsTIRF74G ARMC5mAC Clone 5F9,"EU 1 mM, 30 mins",Vehicle,8,Total Pol II F12,Goat anti-mouse Alexa647,3287,157.35188459423657,1368.886964886965,250203_ARMC5mAC_TotalPolII,59.66402318192928,1.2403856338239898,270.4780031675168,0.9236693682900596,8,0.0
156,J19,405.51176411823144,242.32860362580942,422.3723265438153,1611.5210962856113,HCT116 OsTIRF74G,"EU 1 mM, 30 mins",10 µM 5PhIAA,8,Total Pol II F12,Goat anti-mouse Alexa647,1728,164.73490515351324,1501.1728066843905,250203_ARMC5mAC_TotalPolII,-6.816118077071451,-0.14170373518841275,257.3278551746008,0.8787622455396198,8,8.0
157,J20,590.7907850133014,245.59450601738376,452.2800568971607,1604.473297730307,HCT116 OsTIRF74G ARMC5mAC Clone 5A1,"EU 1 mM, 30 mins",10 µM 5PhIAA,8,Total Pol II F12,Goat anti-mouse Alexa647,2357,159.84981821021407,1511.0712365591398,250203_ARMC5mAC_TotalPolII,-3.5502156854971076,-0.07380723421616245,442.60687606967076,1.511481188238849,8,8.0
158,J21,532.2243053656788,245.13539713600858,429.6301767172925,1540.3298846000796,HCT116 OsTIRF74G ARMC5mAC Clone 5F9,"EU 1 mM, 30 mins",10 µM 5PhIAA,8,Total Pol II F12,Goat anti-mouse Alexa647,3461,233.11439269656648,1466.9792663476874,250203_ARMC5mAC_TotalPolII,-4.009324566872294,-0.08335188156725262,384.04039642204816,1.311479477838804,8,8.0
159,J22,414.73995557734924,243.36736171232414,405.59941193176223,1662.846855983773,HCT116 OsTIRF74G,"EU 1 mM, 30 mins",No addition,No addition,Total Pol II F12,Goat anti-mouse Alexa647,4796,169.69664470792566,1535.7281407035175,250203_ARMC5mAC_TotalPolII,-5.777359990556732,-0.12010846656895438,266.55604663371867,0.9102760754100068,No addition,0.0
160,K03,369.1463415523594,249.85493143487912,409.4691781270513,1711.6174863387978,HCT116 OsTIRF74G,"EU 1 mM, 30 mins",No addition,No addition,Total Pol II F12,Goat anti-mouse Alexa647,3992,152.09969828887148,1596.7970956030658,250203_ARMC5mAC_TotalPolII,0.7102097319982477,0.014764910269065208,220.9624326087288,0.7545760769948275,No addition,0.0
161,K04,342.42816862036227,247.59468132184463,417.3525857691698,1684.3166074600356,HCT116 OsTIRF74G,"EU 1 mM, 30 mins",Vehicle,24,Total Pol II F12,Goat anti-mouse Alexa647,1362,157.73833688649256,1572.734290843806,250203_ARMC5mAC_TotalPolII,-1.55004038103624,-0.03222457551382047,194.24425967673167,0.6633348018265918,24,0.0
162,K05,384.11042542859803,292.4249349625958,475.289915307105,1572.1,HCT116 OsTIRF74G ARMC5mAC Clone 5A1,"EU 1 mM, 30 mins",Vehicle,24,Total Pol II F12,Goat anti-mouse Alexa647,2203,150.03910510634483,1488.705919796308,250203_ARMC5mAC_TotalPolII,43.28021325971491,0.8997743010472766,235.92651648496744,0.8056777035194971,24,0.0
163,K06,345.8579958833218,294.0380960105357,405.8378885468312,1568.4825620389001,HCT116 OsTIRF74G ARMC5mAC Clone 5F9,"EU 1 mM, 30 mins",Vehicle,24,Total Pol II F12,Goat anti-mouse Alexa647,4637,153.32160584279757,1420.086388384755,250203_ARMC5mAC_TotalPolII,44.893374307654824,0.933311124114132,197.6740869396912,0.6750474969227611,24,0.0
164,K07,354.443951449127,243.67376534043083,407.40386620724377,1655.5255945183394,HCT116 OsTIRF74G,"EU 1 mM, 30 mins",10 µM 5PhIAA,24,Total Pol II F12,Goat anti-mouse Alexa647,1583,161.35851134239834,1572.05368338558,250203_ARMC5mAC_TotalPolII,-5.470956362450039,-0.11373848616558457,206.2600425054964,0.7043681221150512,24,24.0
165,K08,590.8244040323744,246.82517318060235,484.4295885048292,1514.3470588235293,HCT116 OsTIRF74G ARMC5mAC Clone 5A1,"EU 1 mM, 30 mins",10 µM 5PhIAA,24,Total Pol II F12,Goat anti-mouse Alexa647,2553,157.11423637124457,1452.9729532163742,250203_ARMC5mAC_TotalPolII,-2.3195485222785237,-0.04822227048315033,442.6404950887438,1.5115959955715936,24,24.0
166,K09,494.84319140627656,247.2057314041174,399.4291887422451,1565.357805255023,HCT116 OsTIRF74G ARMC5mAC Clone 5F9,"EU 1 mM, 30 mins",10 µM 5PhIAA,24,Total Pol II F12,Goat anti-mouse Alexa647,4576,158.03164404950653,1441.1174363057326,250203_ARMC5mAC_TotalPolII,-1.9389902987634855,-0.04031065259170715,346.65928246264593,1.1838247720493815,24,24.0
167,K10,372.86179792561387,246.15098022516864,418.30576818582836,1679.2718399219132,HCT116 OsTIRF74G,"EU 1 mM, 30 mins",Vehicle,24,Total Pol II F12,Goat anti-mouse Alexa647,2167,158.73995077902367,1566.8869778869778,250203_ARMC5mAC_TotalPolII,-2.993741477712234,-0.06223840971994577,224.67788898198327,0.7672641817612169,24,0.0
168,K11,406.41206460068156,296.7676758259384,479.3779337692296,1612.7583390061266,HCT116 OsTIRF74G ARMC5mAC Clone 5A1,"EU 1 mM, 30 mins",Vehicle,24,Total Pol II F12,Goat anti-mouse Alexa647,2802,151.42866789701384,1535.9730290456432,250203_ARMC5mAC_TotalPolII,47.622954123057525,0.9900577430787562,258.22815565705093,0.8818367283742957,24,0.0
169,K12,374.37043707732124,296.73468123405485,412.78021171778596,1459.7762957317073,HCT116 OsTIRF74G ARMC5mAC Clone 5F9,"EU 1 mM, 30 mins",Vehicle,24,Total Pol II F12,Goat anti-mouse Alexa647,4300,154.29105549986434,1345.5083402835696,250203_ARMC5mAC_TotalPolII,47.589959531173974,0.989371801776383,226.18652813369064,0.7724161118846147,24,0.0
170,K13,337.96233003303524,243.00051538438058,419.73701697136227,1656.3883892068684,HCT116 OsTIRF74G,"EU 1 mM, 30 mins",10 µM 5PhIAA,24,Total Pol II F12,Goat anti-mouse Alexa647,1696,160.4456880954542,1537.0294361525705,250203_ARMC5mAC_TotalPolII,-6.144206318500295,-0.12773502090999816,189.77842108940465,0.6480841778995622,24,24.0
171,K14,539.1957268983291,244.35707966493558,468.4964443640495,1623.0304671631686,HCT116 OsTIRF74G ARMC5mAC Clone 5A1,"EU 1 mM, 30 mins",10 µM 5PhIAA,24,Total Pol II F12,Goat anti-mouse Alexa647,2113,154.92776491135612,1531.4763231197771,250203_ARMC5mAC_TotalPolII,-4.7876420379452895,-0.09953271816168396,391.0118179546985,1.3352865469820892,24,24.0
172,K15,465.57530912806345,246.39434898931623,394.158383598865,1569.4368866328257,HCT116 OsTIRF74G ARMC5mAC Clone 5F9,"EU 1 mM, 30 mins",10 µM 5PhIAA,24,Total Pol II F12,Goat anti-mouse Alexa647,4211,156.91891063563446,1438.7346348517715,250203_ARMC5mAC_TotalPolII,-2.7503727135646443,-0.05717889306868518,317.3914001844329,1.083876362128735,24,24.0
173,K16,350.94882934334055,244.98860457277917,432.66757532697244,1635.5304083405733,HCT116 OsTIRF74G,"EU 1 mM, 30 mins",Vehicle,24,Total Pol II F12,Goat anti-mouse Alexa647,2002,157.35698117863848,1534.2594524119947,250203_ARMC5mAC_TotalPolII,-4.1561171301017055,-0.08640362660339876,202.76492039970995,0.6924324482719219,24,0.0
174,K17,381.71014258326807,293.7604158439945,468.57399118003843,1568.5894080996884,HCT116 OsTIRF74G ARMC5mAC Clone 5A1,"EU 1 mM, 30 mins",Vehicle,24,Total Pol II F12,Goat anti-mouse Alexa647,2564,150.98529317813794,1495.9876237623762,250203_ARMC5mAC_TotalPolII,44.615694141113636,0.9275382903190442,233.52623363963747,0.7974808530787968,24,0.0
175,K18,355.97600663167754,302.1138560301363,423.2914094783287,1540.7763849575415,HCT116 OsTIRF74G ARMC5mAC Clone 5F9,"EU 1 mM, 30 mins",Vehicle,24,Total Pol II F12,Goat anti-mouse Alexa647,4379,153.7976025253193,1441.6707062264938,250203_ARMC5mAC_TotalPolII,52.969134327255404,1.1012021944158847,207.79209768804694,0.7096000168572478,24,0.0
176,K19,345.9268451016723,242.58332810186351,418.87301891786217,1627.8970352564102,HCT116 OsTIRF74G,"EU 1 mM, 30 mins",10 µM 5PhIAA,24,Total Pol II F12,Goat anti-mouse Alexa647,2451,162.75451054306646,1524.4131568391497,250203_ARMC5mAC_TotalPolII,-6.5613936010173575,-0.1364081388837952,197.74293615804172,0.6752826136911355,24,24.0
177,K20,564.6251999859542,244.95612059951742,469.11841235590754,1591.5915395284328,HCT116 OsTIRF74G ARMC5mAC Clone 5A1,"EU 1 mM, 30 mins",10 µM 5PhIAA,24,Total Pol II F12,Goat anti-mouse Alexa647,2122,152.05143884369906,1529.1339031339032,250203_ARMC5mAC_TotalPolII,-4.188601103363453,-0.08707895239630638,416.44129104232354,1.4221269741803353,24,24.0
178,K21,500.7507563797126,248.38935366408126,429.68681432261644,1520.036569438398,HCT116 OsTIRF74G ARMC5mAC Clone 5F9,"EU 1 mM, 30 mins",10 µM 5PhIAA,24,Total Pol II F12,Goat anti-mouse Alexa647,2981,160.5457427132512,1399.8573388203017,250203_ARMC5mAC_TotalPolII,-0.7553680387996167,-0.015703729209139625,352.56684743608196,1.2039988222244218,24,24.0
179,K22,323.9302131586865,241.9772086728309,405.8510471705334,1671.5035211267605,HCT116 OsTIRF74G,"EU 1 mM, 30 mins",No addition,No addition,Total Pol II F12,Goat anti-mouse Alexa647,4501,160.281189901207,1591.8405477031802,250203_ARMC5mAC_TotalPolII,-7.1675130300499745,-0.14900906305984649,175.74630421505591,0.6001651738499991,No addition,0.0
180,L03,360.73781385342244,248.80955346254171,409.728167251714,1721.203524968527,HCT116 OsTIRF74G,"EU 1 mM, 30 mins",No addition,No addition,Total Pol II F12,Goat anti-mouse Alexa647,4647,151.123387462668,1618.5503973232958,250203_ARMC5mAC_TotalPolII,-0.3351682403391578,-0.0069679825137349116,212.55390490979184,0.7258613594319492,No addition,0.0
181,L04,329.7053313118004,246.85000935024365,400.01374080385017,1698.5910482019892,HCT116 OsTIRF74G,"EU 1 mM, 30 mins",Vehicle,48,Total Pol II F12,Goat anti-mouse Alexa647,1483,155.4717769222128,1580.1059047619049,250203_ARMC5mAC_TotalPolII,-2.2947123526372195,-0.04770593875794378,181.52142236816982,0.6198869245055726,48,0.0
182,L05,372.0482740355709,288.0931898363306,452.7104224614187,1584.671586715867,HCT116 OsTIRF74G ARMC5mAC Clone 5A1,"EU 1 mM, 30 mins",Vehicle,48,Total Pol II F12,Goat anti-mouse Alexa647,2169,148.80030370685404,1498.5742697327532,250203_ARMC5mAC_TotalPolII,38.94846813344975,0.809719454969888,223.8643650919403,0.7644860368148441,48,0.0
183,L06,347.5986696858402,291.2713560163618,399.9238897666524,1544.2114767255216,HCT116 OsTIRF74G ARMC5mAC Clone 5F9,"EU 1 mM, 30 mins",Vehicle,48,Total Pol II F12,Goat anti-mouse Alexa647,3994,150.46915511832773,1420.1219110378913,250203_ARMC5mAC_TotalPolII,42.126634313480906,0.8757919633489389,199.4147607422096,0.6809918142156371,48,0.0
184,L07,327.1852691179218,243.8028251480562,400.9550903496144,1686.2239484653278,HCT116 OsTIRF74G,"EU 1 mM, 30 mins",10 µM 5PhIAA,48,Total Pol II F12,Goat anti-mouse Alexa647,2339,157.7117670145268,1587.2406623026568,250203_ARMC5mAC_TotalPolII,-5.341896554824672,-0.11105539637805113,179.0013601742912,0.6112810333520878,48,48.0
185,L08,582.7959445886142,245.55772457326322,456.3347245040095,1694.9667306461931,HCT116 OsTIRF74G ARMC5mAC Clone 5A1,"EU 1 mM, 30 mins",10 µM 5PhIAA,48,Total Pol II F12,Goat anti-mouse Alexa647,2005,152.7180287555143,1613.6487575554063,250203_ARMC5mAC_TotalPolII,-3.5869971296176573,-0.07457190231002052,434.6120356449836,1.4841791928152985,48,48.0
186,L09,504.87836625941173,245.90091336668675,391.52190980240493,1602.9642982149107,HCT116 OsTIRF74G ARMC5mAC Clone 5F9,"EU 1 mM, 30 mins",10 µM 5PhIAA,48,Total Pol II F12,Goat anti-mouse Alexa647,4025,155.2286393854191,1484.9693583273252,250203_ARMC5mAC_TotalPolII,-3.243808336194121,-0.06743717645095587,356.69445731578116,1.2180944113868732,48,48.0
187,L10,376.5821570295912,243.66106853107408,427.45399001698274,1658.0156739811912,HCT116 OsTIRF74G,"EU 1 mM, 30 mins",Vehicle,48,Total Pol II F12,Goat anti-mouse Alexa647,1531,156.41531077357112,1570.305919745729,250203_ARMC5mAC_TotalPolII,-5.483653171806793,-0.11400244657391134,228.3982480859606,0.7799690291171575,48,0.0
188,L11,401.9067409933208,291.0107942392867,458.00063792399965,1614.4608294930877,HCT116 OsTIRF74G ARMC5mAC Clone 5A1,"EU 1 mM, 30 mins",Vehicle,48,Total Pol II F12,Goat anti-mouse Alexa647,1881,148.7039573589303,1513.2480620155038,250203_ARMC5mAC_TotalPolII,41.86607253640585,0.870375012433275,253.7228320496902,0.8664512650034505,48,0.0
189,L12,358.00448710280097,295.4389869014942,401.6232102059945,1533.3789556962026,HCT116 OsTIRF74G ARMC5mAC Clone 5F9,"EU 1 mM, 30 mins",Vehicle,48,Total Pol II F12,Goat anti-mouse Alexa647,3611,151.3722796255911,1416.9640669661087,250203_ARMC5mAC_TotalPolII,46.294265198613346,0.9624349552443486,209.82057815917037,0.7165271800772117,48,0.0
190,L13,330.34850463502164,244.6991980875745,408.60021772280504,1662.8993418505613,HCT116 OsTIRF74G,"EU 1 mM, 30 mins",10 µM 5PhIAA,48,Total Pol II F12,Goat anti-mouse Alexa647,1979,155.56512075770152,1554.0641838351823,250203_ARMC5mAC_TotalPolII,-4.445523615306371,-0.09242024478365059,182.16459569139104,0.622083330461708,48,48.0
191,L14,617.6419658445755,247.08311105089575,457.1229483380269,1667.44609375,HCT116 OsTIRF74G ARMC5mAC Clone 5A1,"EU 1 mM, 30 mins",10 µM 5PhIAA,48,Total Pol II F12,Goat anti-mouse Alexa647,1716,154.4631692028546,1590.5915915915916,250203_ARMC5mAC_TotalPolII,-2.06161065198512,-0.04285986929616507,469.4580569009448,1.603176678984189,48,48.0
192,L15,524.1163043936352,246.6385668369937,407.92097222557345,1571.015306122449,HCT116 OsTIRF74G ARMC5mAC Clone 5F9,"EU 1 mM, 30 mins",10 µM 5PhIAA,48,Total Pol II F12,Goat anti-mouse Alexa647,4713,156.42528126535925,1457.4182437547313,250203_ARMC5mAC_TotalPolII,-2.5061548658871686,-0.0521017243893477,375.9323954500046,1.2837910445901142,48,48.0
193,L16,372.44149659333266,244.9704500096811,426.55038383771114,1638.6556169429098,HCT116 OsTIRF74G,"EU 1 mM, 30 mins",Vehicle,48,Total Pol II F12,Goat anti-mouse Alexa647,1821,163.5841597895375,1534.0618317061833,250203_ARMC5mAC_TotalPolII,-4.174271693199785,-0.08678105102190543,224.25758764970206,0.7658288729319099,48,0.0
194,L17,408.68189173840454,289.35831832008756,476.8175692810431,1587.5672727272727,HCT116 OsTIRF74G ARMC5mAC Clone 5A1,"EU 1 mM, 30 mins",Vehicle,48,Total Pol II F12,Goat anti-mouse Alexa647,2075,150.83266754648187,1528.5697356426617,250203_ARMC5mAC_TotalPolII,40.21359661720669,0.8360208525710627,260.497982794774,0.8895880788496606,48,0.0
195,L18,380.35910196384845,298.8474837068347,400.9374822557687,1517.766366130929,HCT116 OsTIRF74G ARMC5mAC Clone 5F9,"EU 1 mM, 30 mins",Vehicle,48,Total Pol II F12,Goat anti-mouse Alexa647,3460,151.62896876544568,1392.2231884057971,250203_ARMC5mAC_TotalPolII,49.70276200395381,1.0332959237946522,232.17519302021785,0.7928671143611952,48,0.0
196,L19,361.0080259716741,249.280627960422,410.9655015995783,1690.4432855280313,HCT116 OsTIRF74G,"EU 1 mM, 30 mins",10 µM 5PhIAA,48,Total Pol II F12,Goat anti-mouse Alexa647,1642,160.12837209381385,1568.863434163701,250203_ARMC5mAC_TotalPolII,0.13590625754113717,0.002825424106697975,212.8241170280435,0.7267841208160432,48,48.0
197,L20,598.6863701520624,245.44261765331717,461.37045895069315,1643.5630126771066,HCT116 OsTIRF74G ARMC5mAC Clone 5A1,"EU 1 mM, 30 mins",10 µM 5PhIAA,48,Total Pol II F12,Goat anti-mouse Alexa647,2025,150.97428491908926,1571.1702442635085,250203_ARMC5mAC_TotalPolII,-3.702104049563701,-0.07696491844001632,450.5024612084318,1.5384442316360714,48,48.0
198,L21,498.0121167097865,244.9753974161883,424.6744054555949,1607.2995867768595,HCT116 OsTIRF74G ARMC5mAC Clone 5F9,"EU 1 mM, 30 mins",10 µM 5PhIAA,48,Total Pol II F12,Goat anti-mouse Alexa647,3416,156.8688761075141,1486.8170478170478,250203_ARMC5mAC_TotalPolII,-4.169324286692586,-0.08667819687917516,349.82820776615586,1.19464649950586,48,48.0
199,L22,363.16624605842964,243.04430480775952,409.59297421164257,1715.4591232227488,HCT116 OsTIRF74G,"EU 1 mM, 30 mins",No addition,No addition,Total Pol II F12,Goat anti-mouse Alexa647,4716,165.5353666968904,1608.6130988477864,250203_ARMC5mAC_TotalPolII,-6.100416895121356,-0.12682466038155957,214.98233711479904,0.7341543385816992,No addition,0.0
200,M03,370.19788134193243,250.08000908189882,398.75752303958546,1739.8138041733548,HCT116 OsTIRF74G,"EU 1 mM, 30 mins",No addition,No addition,Total Pol II F12,Goat anti-mouse Alexa647,4229,151.4601725700787,1631.2466035405516,250203_ARMC5mAC_TotalPolII,0.9352873790179501,0.01944416361084628,222.01397239830183,0.7581670347873001,No addition,0.0
201,M04,382.9444843757905,262.7500842313513,398.57544092267693,1670.2289405684755,HCT116 OsTIRF74G,"EU 1 mM, 30 mins",Vehicle,72,Total Pol II F12,Goat anti-mouse Alexa647,1122,149.5772654113435,1607.055611222445,250203_ARMC5mAC_TotalPolII,13.605362528470437,0.282848780944984,234.76057543215992,0.8016960709168519,72,0.0
202,M05,414.9163507579823,293.0124074809453,456.2774084631966,1570.076860841424,HCT116 OsTIRF74G ARMC5mAC Clone 5A1,"EU 1 mM, 30 mins",Vehicle,72,Total Pol II F12,Goat anti-mouse Alexa647,2509,147.2373735278313,1510.0468619246863,250203_ARMC5mAC_TotalPolII,43.86768577806441,0.9119875651412042,266.73244181435166,0.910878456465607,72,0.0
203,M06,371.80832753466655,295.68962013917684,419.3810008966687,1526.8470178156467,HCT116 OsTIRF74G ARMC5mAC Clone 5F9,"EU 1 mM, 30 mins",Vehicle,72,Total Pol II F12,Goat anti-mouse Alexa647,3635,150.52509664812717,1422.9405277668372,250203_ARMC5mAC_TotalPolII,46.544898436295966,0.9676454967197762,223.62441859103595,0.7636666310579313,72,0.0
207,M10,349.27396384821486,244.87968731261324,420.20136481403597,1652.4796437659033,HCT116 OsTIRF74G,"EU 1 mM, 30 mins",Vehicle,72,Total Pol II F12,Goat anti-mouse Alexa647,1467,154.80707810700454,1537.0669371196755,250203_ARMC5mAC_TotalPolII,-4.26503439026763,-0.08866796275742132,201.09005490458426,0.6867128631827957,72,0.0
208,M11,443.69370720611784,290.68887380872417,474.31798147026325,1561.037753222836,HCT116 OsTIRF74G ARMC5mAC Clone 5A1,"EU 1 mM, 30 mins",Vehicle,72,Total Pol II F12,Goat anti-mouse Alexa647,1663,146.54825483137842,1464.6946702800362,250203_ARMC5mAC_TotalPolII,41.544152105843295,0.8636824453550098,295.50979826248727,1.0091517442754288,72,0.0
209,M12,395.252125288618,294.23534988174333,392.11401111760813,1534.5063887020847,HCT116 OsTIRF74G ARMC5mAC Clone 5F9,"EU 1 mM, 30 mins",Vehicle,72,Total Pol II F12,Goat anti-mouse Alexa647,2932,149.30323504080312,1422.8458594293668,250203_ARMC5mAC_TotalPolII,45.09062817886246,0.937411934870994,247.0682163449874,0.8437260725212763,72,0.0
213,M16,371.6077887336588,244.9584037040335,417.8083365280777,1594.623415046492,HCT116 OsTIRF74G,"EU 1 mM, 30 mins",Vehicle,72,Total Pol II F12,Goat anti-mouse Alexa647,1528,156.15990069769873,1514.4339372514362,250203_ARMC5mAC_TotalPolII,-4.186317998847386,-0.08703148777874926,223.42387979002822,0.7629818007002858,72,0.0
214,M17,424.49173552412185,292.49993810271843,464.16397349958544,1540.2806859205775,HCT116 OsTIRF74G ARMC5mAC Clone 5A1,"EU 1 mM, 30 mins",Vehicle,72,Total Pol II F12,Goat anti-mouse Alexa647,2599,147.53527235799953,1522.3379373848986,250203_ARMC5mAC_TotalPolII,43.35521639983756,0.9013335793617164,276.3078265804912,0.943577934776221,72,0.0
215,M18,384.5709455509429,301.63616429935973,406.12642791233844,1500.695933456562,HCT116 OsTIRF74G ARMC5mAC Clone 5F9,"EU 1 mM, 30 mins",Vehicle,72,Total Pol II F12,Goat anti-mouse Alexa647,4007,150.34017184970162,1388.500476190476,250203_ARMC5mAC_TotalPolII,52.49144259647886,1.0912712187851432,236.3870366073123,0.8072503575819706,72,0.0
219,M22,372.8150980652821,243.09125830917216,402.3386747697485,1707.2102272727273,HCT116 OsTIRF74G,"EU 1 mM, 30 mins",No addition,No addition,Total Pol II F12,Goat anti-mouse Alexa647,3742,157.0077611875721,1604.6493212669684,250203_ARMC5mAC_TotalPolII,-6.053463393708711,-0.12584852023036006,224.6311891216515,0.7671047039848848,No addition,0.0
221,N04,377.25523160213186,249.2869134167112,401.09235826284686,1730.1616589081675,HCT116 OsTIRF74G,No addition,No addition,No addition,Total Pol II F12,Goat anti-mouse Alexa647,4300,128.61917636386755,1623.3991683991685,250203_ARMC5mAC_TotalPolII,0.14219171383032858,0.002956095644877167,229.07132265850126,0.7822675464011886,No addition,0.0
223,N06,332.704960262232,243.72499369306146,386.01092620520006,1768.0,HCT116 OsTIRF74G,No addition,No addition,No addition,Total Pol II F12,Goat anti-mouse Alexa647,3991,127.61932587051598,1650.1590994371481,250203_ARMC5mAC_TotalPolII,-5.4197280098194085,-0.11267347396461806,184.52105131860142,0.63013051306103,No addition,0.0
225,N08,345.91019525759333,245.66695019016822,400.5717427387039,1747.106444906445,HCT116 OsTIRF74G,No addition,No addition,No addition,Total Pol II F12,Goat anti-mouse Alexa647,4131,129.4900078642102,1598.2313614262562,250203_ARMC5mAC_TotalPolII,-3.47777151271265,-0.07230115557138007,197.72628631396273,0.6752257552746193,No addition,0.0
227,N10,362.9111166878242,243.1391151816542,387.15419778242904,1743.8591016548464,HCT116 OsTIRF74G,No addition,No addition,No addition,Total Pol II F12,Goat anti-mouse Alexa647,3873,128.18142217317313,1631.09430523918,250203_ARMC5mAC_TotalPolII,-6.005606521226667,-0.1248535994398953,214.72720774419358,0.7332830840551955,No addition,0.0
229,N12,380.72559994041603,244.2849604111904,393.19921972162564,1691.8133748055989,HCT116 OsTIRF74G,No addition,No addition,No addition,Total Pol II F12,Goat anti-mouse Alexa647,3673,128.530544768499,1587.7066258138643,250203_ARMC5mAC_TotalPolII,-4.859761291690461,-0.10103204189979072,232.54169099678543,0.7941186873191859,No addition,0.0
231,N14,385.6676566778467,245.14012652564003,398.6339224364805,1655.5281485780615,HCT116 OsTIRF74G,No addition,No addition,No addition,Total Pol II F12,Goat anti-mouse Alexa647,4313,129.0489253545732,1545.3487297921479,250203_ARMC5mAC_TotalPolII,-4.004595177240844,-0.08325355988790963,237.4837477342161,0.810995573318263,No addition,0.0
233,N16,346.55494990797575,245.85411319355958,395.0681108219507,1698.1362215274676,HCT116 OsTIRF74G,No addition,No addition,No addition,Total Pol II F12,Goat anti-mouse Alexa647,2791,128.6325453981107,1607.4648576512454,250203_ARMC5mAC_TotalPolII,-3.290608509321288,-0.06841012898267511,198.37104096434516,0.6774275613869336,No addition,0.0
235,N18,370.4337563878932,246.50833323077288,392.64201394834214,1652.3669527896996,HCT116 OsTIRF74G,No addition,No addition,No addition,Total Pol II F12,Goat anti-mouse Alexa647,3339,129.55031480134312,1537.357142857143,250203_ARMC5mAC_TotalPolII,-2.6363884721079955,-0.05480921687112072,222.2498474442626,0.7589725367214556,No addition,0.0
237,N20,382.6432973716625,242.90581465248488,374.4295457709673,1680.8912676056339,HCT116 OsTIRF74G,No addition,No addition,No addition,Total Pol II F12,Goat anti-mouse Alexa647,3715,129.29877470700964,1559.0288461538462,250203_ARMC5mAC_TotalPolII,-6.238907050395994,-0.12970380244854549,234.45938842803193,0.8006675317876726,No addition,0.0
239,N22,358.7274087916389,245.70436049239396,401.00517863063055,1817.2037548315848,HCT116 OsTIRF74G,No addition,No addition,No addition,Total Pol II F12,Goat anti-mouse Alexa647,3383,130.9990962098518,1708.8935574229693,250203_ARMC5mAC_TotalPolII,-3.4403612104869126,-0.07152341382747647,210.54349984800828,0.7189959228652844,No addition,0.0
0,C03,,703.6108172824753,918.5270502770237,1596.4742447294066,HCT116 OsTIRF74G,,Vehicle,24.0,Total Pol II F12,Goat anti-mouse Alexa647,4601,820.93660176481,,260119_ARMC5mAC_TotalPhospho,12.336072259781645,0.1661787377344936,674.0337386177134,0.9799898877429286,24.0,0.0
1,C04,,706.3306426322439,911.3858870373527,1610.6591654946085,HCT116 OsTIRF74G,,Vehicle,24.0,Total Pol II F12,Goat anti-mouse Alexa647,4266,805.3155027540496,,260119_ARMC5mAC_TotalPhospho,15.055897609550243,0.20281739661754586,658.412639606953,0.9572780883345332,24.0,0.0
2,C05,,702.0759109155026,921.2572926116428,1573.3374587458745,HCT116 OsTIRF74G,,Vehicle,24.0,Total Pol II F12,Goat anti-mouse Alexa647,3636,843.1585282196116,,260119_ARMC5mAC_TotalPhospho,10.801165892808967,0.14550207524154288,696.2556650725151,1.0122987499914753,24.0,0.0
3,C06,,702.409362224782,949.7521524223039,1569.9658224735676,HCT116 OsTIRF74G,,Vehicle,24.0,Total Pol II F12,Goat anti-mouse Alexa647,4067,853.259324780055,,260119_ARMC5mAC_TotalPhospho,11.134617202088293,0.1499939845385247,706.3564616329584,1.0269844814619546,24.0,0.0
4,C07,,700.056024700693,946.6689731895503,1566.6122228231477,HCT116 OsTIRF74G,,Vehicle,24.0,Total Pol II F12,Goat anti-mouse Alexa647,3698,861.864417672009,,260119_ARMC5mAC_TotalPhospho,8.78127967799935,0.1182922685481515,714.9615545249125,1.0394955822185687,24.0,0.0
5,C08,,691.8313607743131,929.2220444214215,1580.6096544964469,HCT116 OsTIRF74G,,Vehicle,24.0,Total Pol II F12,Goat anti-mouse Alexa647,4081,840.7162488046322,,260119_ARMC5mAC_TotalPhospho,0.5566157516194608,0.007498148605113282,693.8133856575356,1.008747875617396,24.0,0.0
6,C09,,693.0214908698292,936.5570592610455,1547.074529288703,HCT116 OsTIRF74G,,Vehicle,24.0,Total Pol II F12,Goat anti-mouse Alexa647,3824,842.5850412987617,,260119_ARMC5mAC_TotalPhospho,1.7467458471355712,0.02353034368696993,695.6821781516651,1.0114649469472266,24.0,0.0
7,C10,,694.8749643030382,915.4597293992941,1541.4407957057151,HCT116 OsTIRF74G,,Vehicle,24.0,Total Pol II F12,Goat anti-mouse Alexa647,3167,859.9791903148351,,260119_ARMC5mAC_TotalPhospho,3.600219280344504,0.048498410432108355,713.0763271677386,1.0367546159430296,24.0,0.0
8,C11,,697.7202847513965,999.3704064056868,1574.6606271777002,HCT116 OsTIRF74G,,Vehicle,24.0,Total Pol II F12,Goat anti-mouse Alexa647,2870,870.6144595275033,,260119_ARMC5mAC_TotalPhospho,6.445539728702897,0.08682760878642397,723.7115963804067,1.0522174269044104,24.0,0.0
9,C12,,699.7554670455448,977.10475967721,1574.8093513335527,HCT116 OsTIRF74G,,Vehicle,24.0,Total Pol II F12,Goat anti-mouse Alexa647,3037,885.3304429223269,,260119_ARMC5mAC_TotalPhospho,8.480722022851182,0.11424346835493296,738.4275797752304,1.073613262288994,24.0,0.0
20,D03,,796.0516686067735,1000.4325407107824,1536.655172413793,HCT116 OsTIRF74G ARMC5mAC Clone 5A1,,Vehicle,48.0,Total Pol II F12,Goat anti-mouse Alexa647,3306,867.7661173504296,,260119_ARMC5mAC_TotalPhospho,104.7769235840799,1.411445761522646,720.863254203333,1.0480761705096069,48.0,0.0
21,D04,,745.1712560466949,1242.229685192545,1354.172064777328,HCT116 OsTIRF74G ARMC5mAC Clone 5F9,,Vehicle,48.0,Total Pol II F12,Goat anti-mouse Alexa647,1482,1040.361679517432,,260119_ARMC5mAC_TotalPhospho,53.896511024001256,0.7260377518589763,893.4588163703355,1.2990159913260533,48.0,0.0
22,D05,,703.2211533260004,1065.3155723013863,1584.1985458612976,HCT116 OsTIRF74G ARMC5mAC Clone 5A1,,10 µM 5PhIAA,48.0,Total Pol II F12,Goat anti-mouse Alexa647,1788,1616.1298638036856,,260119_ARMC5mAC_TotalPhospho,11.946408303306725,0.1609295901075992,1469.227000656589,2.136135805894646,48.0,48.0
23,D06,,706.5844985538342,1085.365326275346,1491.1042561499414,HCT116 OsTIRF74G ARMC5mAC Clone 5F9,,10 µM 5PhIAA,48.0,Total Pol II F12,Goat anti-mouse Alexa647,2561,1423.6657758680844,,260119_ARMC5mAC_TotalPhospho,15.309753531140586,0.20623707961939108,1276.762912720988,1.8563087748066234,48.0,48.0
24,D07,,720.9874689158808,1061.3273093651947,1509.9709976798144,HCT116 OsTIRF74G ARMC5mAC Clone 5A1,,Vehicle,48.0,Total Pol II F12,Goat anti-mouse Alexa647,1724,1021.6529017702868,,260119_ARMC5mAC_TotalPhospho,29.712723893187103,0.4002589193094399,874.7500386231902,1.271814959754797,48.0,0.0
25,D08,,726.069503424264,1209.6511043515043,1403.905077262693,HCT116 OsTIRF74G ARMC5mAC Clone 5F9,,Vehicle,48.0,Total Pol II F12,Goat anti-mouse Alexa647,2265,1022.0415110694499,,260119_ARMC5mAC_TotalPhospho,34.794758401570334,0.4687188036179655,875.1386479223534,1.2723799658689476,48.0,0.0
26,D09,,696.2681323209317,1089.3868020002533,1525.567830313743,HCT116 OsTIRF74G ARMC5mAC Clone 5A1,,10 µM 5PhIAA,48.0,Total Pol II F12,Goat anti-mouse Alexa647,2263,1558.2996816457153,,260119_ARMC5mAC_TotalPhospho,4.993387298238076,0.06726572127385906,1411.3968184986188,2.0520554543125935,48.0,48.0
27,D10,,704.2393210813461,1181.5516119909682,1422.6213692946058,HCT116 OsTIRF74G ARMC5mAC Clone 5F9,,10 µM 5PhIAA,48.0,Total Pol II F12,Goat anti-mouse Alexa647,1928,1604.445476011552,,260119_ARMC5mAC_TotalPhospho,12.964576058652483,0.1746452873588988,1457.5426128644556,2.1191476623868146,48.0,48.0
28,D11,,765.8262979310018,1066.3535993931323,1552.004068716094,HCT116 OsTIRF74G ARMC5mAC Clone 5A1,,Vehicle,48.0,Total Pol II F12,Goat anti-mouse Alexa647,2212,914.0957586214557,,260119_ARMC5mAC_TotalPhospho,74.55155290830817,1.0042809978374962,767.1928954743591,1.1154356769365008,48.0,0.0
29,D12,,752.2672129158557,1184.9807833566456,1402.951733216323,HCT116 OsTIRF74G ARMC5mAC Clone 5F9,,Vehicle,48.0,Total Pol II F12,Goat anti-mouse Alexa647,2279,981.9104633114263,,260119_ARMC5mAC_TotalPhospho,60.99246789316203,0.8216271040209276,835.0076001643297,1.2140327070684545,48.0,0.0
40,E03,,786.8336221039925,981.9271183561247,1536.9086882453153,HCT116 OsTIRF74G ARMC5mAC Clone 5A1,,Vehicle,24.0,Total Pol II F12,Goat anti-mouse Alexa647,2935,819.0511132845974,,260119_ARMC5mAC_TotalPhospho,95.55887708129887,1.2872698244860117,672.1482501375008,0.9772485418158634,24.0,0.0
41,E04,,763.8951859075923,1228.956212497101,1324.173570019724,HCT116 OsTIRF74G ARMC5mAC Clone 5F9,,Vehicle,24.0,Total Pol II F12,Goat anti-mouse Alexa647,1521,987.6958025940893,,260119_ARMC5mAC_TotalPhospho,72.6204408848987,0.9782670647381962,840.7929394469927,1.2224441168679083,24.0,0.0
42,E05,,702.0880618531586,1077.438789186365,1506.8670212765958,HCT116 OsTIRF74G ARMC5mAC Clone 5A1,,10 µM 5PhIAA,24.0,Total Pol II F12,Goat anti-mouse Alexa647,2444,1342.3627035564248,,260119_ARMC5mAC_TotalPhospho,10.813316830464942,0.14566576003840837,1195.4598404093283,1.7381007621465214,24.0,24.0
43,E06,,708.516804475498,1142.3499577417588,1435.7594594594595,HCT116 OsTIRF74G ARMC5mAC Clone 5F9,,10 µM 5PhIAA,24.0,Total Pol II F12,Goat anti-mouse Alexa647,2220,1391.526503838199,,260119_ARMC5mAC_TotalPhospho,17.24205945280437,0.23226709567448986,1244.6236406911025,1.8095809038052428,24.0,24.0
44,E07,,758.9785051692614,1128.7363825686934,1504.3531062124248,HCT116 OsTIRF74G ARMC5mAC Clone 5A1,,Vehicle,24.0,Total Pol II F12,Goat anti-mouse Alexa647,2495,871.8862376261138,,260119_ARMC5mAC_TotalPhospho,67.70376014656779,0.9120346544755644,724.9833744790172,1.0540664881674968,24.0,0.0
45,E08,,793.4723208298482,1174.8743514460482,1425.1083133493205,HCT116 OsTIRF74G ARMC5mAC Clone 5F9,,Vehicle,24.0,Total Pol II F12,Goat anti-mouse Alexa647,2502,877.4061373666187,,260119_ARMC5mAC_TotalPhospho,102.19757580715452,1.3766994704243707,730.5032742195222,1.0620919705983067,24.0,0.0
46,E09,,702.5466853335139,1102.3961625707643,1568.182570977918,HCT116 OsTIRF74G ARMC5mAC Clone 5A1,,10 µM 5PhIAA,24.0,Total Pol II F12,Goat anti-mouse Alexa647,2536,1347.351535156687,,260119_ARMC5mAC_TotalPhospho,11.271940310820241,0.15184385866298575,1200.4486720095906,1.7453541149682001,24.0,24.0
47,E10,,699.4482341996082,1157.1736195199524,1444.7998270644184,HCT116 OsTIRF74G ARMC5mAC Clone 5F9,,10 µM 5PhIAA,24.0,Total Pol II F12,Goat anti-mouse Alexa647,2313,1274.0537046791273,,260119_ARMC5mAC_TotalPhospho,8.173489176914586,0.11010474693265561,1127.1508415320309,1.6387850687231071,24.0,24.0
48,E11,,740.8493655716661,1095.2214540745408,1536.5572876071708,HCT116 OsTIRF74G ARMC5mAC Clone 5A1,,Vehicle,24.0,Total Pol II F12,Goat anti-mouse Alexa647,2566,855.2255616958469,,260119_ARMC5mAC_TotalPhospho,49.57462054897246,0.667817737526819,708.3226985487503,1.0298432290052668,24.0,0.0
49,E12,,768.87860104419,1168.1777674024117,1457.8076751450246,HCT116 OsTIRF74G ARMC5mAC Clone 5F9,,Vehicle,24.0,Total Pol II F12,Goat anti-mouse Alexa647,2241,867.2499672022207,,260119_ARMC5mAC_TotalPhospho,77.60385602149631,1.0453984514200556,720.3471040551241,1.0473257304398873,24.0,0.0
60,F03,,788.5601671622402,1059.357194191131,1503.3610096313516,HCT116 OsTIRF74G ARMC5mAC Clone 5A1,,Vehicle,8.0,Total Pol II F12,Goat anti-mouse Alexa647,3011,802.9914319939732,,260119_ARMC5mAC_TotalPhospho,97.28542213954654,1.3105280441510125,656.0885688468766,0.9538990796695594,8.0,0.0
61,F04,,802.930326157131,1199.1993954635686,1383.7832681017612,HCT116 OsTIRF74G ARMC5mAC Clone 5F9,,Vehicle,8.0,Total Pol II F12,Goat anti-mouse Alexa647,2044,920.5627664272289,,260119_ARMC5mAC_TotalPhospho,111.6555811344374,1.5041078832218655,773.6599032801323,1.124838176975459,8.0,0.0
62,F05,,701.69840107271,1073.8870341991592,1474.1128712871287,HCT116 OsTIRF74G ARMC5mAC Clone 5A1,,10 µM 5PhIAA,8.0,Total Pol II F12,Goat anti-mouse Alexa647,2525,1227.0635267101525,,260119_ARMC5mAC_TotalPhospho,10.423656050016348,0.140416655195638,1080.160663563056,1.5704651960008997,8.0,8.0
63,F06,,710.8565090486047,1162.3681738878956,1393.6786458333333,HCT116 OsTIRF74G ARMC5mAC Clone 5F9,,10 µM 5PhIAA,8.0,Total Pol II F12,Goat anti-mouse Alexa647,1920,1226.366495580304,,260119_ARMC5mAC_TotalPhospho,19.58176402591107,0.2637851627255478,1079.4636324332075,1.5694517697885941,8.0,8.0
64,F07,,798.8466280654818,1091.5596136058869,1477.1157645199526,HCT116 OsTIRF74G ARMC5mAC Clone 5A1,,Vehicle,8.0,Total Pol II F12,Goat anti-mouse Alexa647,2531,880.703651894432,,260119_ARMC5mAC_TotalPhospho,107.57188304278816,1.449096548992615,733.8007887473354,1.066886286827298,8.0,0.0
65,F08,,803.788475969297,1034.039796396687,1418.0852003786683,HCT116 OsTIRF74G ARMC5mAC Clone 5F9,,Vehicle,8.0,Total Pol II F12,Goat anti-mouse Alexa647,3169,792.060255940563,,260119_ARMC5mAC_TotalPhospho,112.51373094660335,1.5156679851384016,645.1573927934664,0.9380060443810763,8.0,0.0
66,F09,,703.6872996576907,1055.6443510345277,1521.978125,HCT116 OsTIRF74G ARMC5mAC Clone 5A1,,10 µM 5PhIAA,8.0,Total Pol II F12,Goat anti-mouse Alexa647,2880,1127.5381125618715,,260119_ARMC5mAC_TotalPhospho,12.412554634997036,0.16720902876267332,980.6352494147749,1.4257633897697133,8.0,8.0
67,F10,,701.7429955711227,1051.0773756821025,1425.8456889605156,HCT116 OsTIRF74G ARMC5mAC Clone 5F9,,10 µM 5PhIAA,8.0,Total Pol II F12,Goat anti-mouse Alexa647,2482,1093.3937568776348,,260119_ARMC5mAC_TotalPhospho,10.468250548429069,0.14101738590635937,946.4908937305382,1.376120291246677,8.0,8.0
68,F11,,748.2859255112846,1078.3198397325355,1505.811123986095,HCT116 OsTIRF74G ARMC5mAC Clone 5A1,,Vehicle,8.0,Total Pol II F12,Goat anti-mouse Alexa647,2589,872.107717635844,,260119_ARMC5mAC_TotalPhospho,57.01118048859098,0.7679953400755399,725.2048544887474,1.0543885019739836,8.0,0.0
69,F12,,761.0159056416669,1079.1378548957982,1400.806301050175,HCT116 OsTIRF74G ARMC5mAC Clone 5F9,,Vehicle,8.0,Total Pol II F12,Goat anti-mouse Alexa647,2571,855.3700183760371,,260119_ARMC5mAC_TotalPhospho,69.74116061897325,0.9394803950349664,708.4671552289406,1.0300532571947958,8.0,0.0
80,G03,,786.6122814028843,1011.3341610593651,1515.8649025069637,HCT116 OsTIRF74G ARMC5mAC Clone 5A1,,Vehicle,2.0,Total Pol II F12,Goat anti-mouse Alexa647,2872,816.0471599833984,,260119_ARMC5mAC_TotalPhospho,95.33753638019061,1.2842881527233263,669.1442968363018,0.9728810395830165,2.0,0.0
81,G04,,727.4742683499477,1204.085930919269,1413.2349066959384,HCT116 OsTIRF74G ARMC5mAC Clone 5F9,,Vehicle,2.0,Total Pol II F12,Goat anti-mouse Alexa647,1822,930.4500824911702,,260119_ARMC5mAC_TotalPhospho,36.19952332725404,0.48764233594234085,783.5472193440736,1.1392135252769424,2.0,0.0
82,G05,,708.2234551855895,1084.940106746226,1430.2218009478672,HCT116 OsTIRF74G ARMC5mAC Clone 5A1,,10 µM 5PhIAA,2.0,Total Pol II F12,Goat anti-mouse Alexa647,2110,982.060623258445,,260119_ARMC5mAC_TotalPhospho,16.94871016289585,0.22831539908211185,835.1577601113485,1.214251027341152,2.0,2.0
83,G06,,712.2416975389365,1151.2238947111518,1402.1045690061235,HCT116 OsTIRF74G ARMC5mAC Clone 5F9,,10 µM 5PhIAA,2.0,Total Pol II F12,Goat anti-mouse Alexa647,2123,1025.8577250605165,,260119_ARMC5mAC_TotalPhospho,20.966952516242827,0.2824449816695521,878.9548619134199,1.277928428663077,2.0,2.0
84,G07,,792.2343353639623,1077.6797743095171,1495.9574468085107,HCT116 OsTIRF74G ARMC5mAC Clone 5A1,,Vehicle,2.0,Total Pol II F12,Goat anti-mouse Alexa647,2538,818.4344618906537,,260119_ARMC5mAC_TotalPhospho,100.95959034126861,1.360022617555627,671.5315987435571,0.9763519811606554,2.0,0.0
85,G08,,801.1921171478461,1080.9747134096406,1438.7181751287712,HCT116 OsTIRF74G ARMC5mAC Clone 5F9,,Vehicle,2.0,Total Pol II F12,Goat anti-mouse Alexa647,2718,854.99844659303,,260119_ARMC5mAC_TotalPhospho,109.9173721251525,1.4806925389373304,708.0955834459335,1.0295130222346522,2.0,0.0
86,G09,,706.9023169050469,979.6707304917213,1522.801080394026,HCT116 OsTIRF74G ARMC5mAC Clone 5A1,,10 µM 5PhIAA,2.0,Total Pol II F12,Goat anti-mouse Alexa647,3147,860.5557969674848,,260119_ARMC5mAC_TotalPhospho,15.627571882353209,0.21051839796133684,713.6529338203882,1.0375929548219718,2.0,2.0
87,G10,,710.7948257170041,1025.3405043802904,1446.264855687606,HCT116 OsTIRF74G ARMC5mAC Clone 5F9,,10 µM 5PhIAA,2.0,Total Pol II F12,Goat anti-mouse Alexa647,2945,909.2831123883356,,260119_ARMC5mAC_TotalPhospho,19.520080694310423,0.26295422902405896,762.380249241239,1.1084384832182546,2.0,2.0
88,G11,,784.9983139340526,999.116650524014,1525.1671888350897,HCT116 OsTIRF74G ARMC5mAC Clone 5A1,,Vehicle,2.0,Total Pol II F12,Goat anti-mouse Alexa647,3511,805.0213570236994,,260119_ARMC5mAC_TotalPhospho,93.72356891135894,1.2625464612783597,658.1184938766028,0.9568504245177973,2.0,0.0
89,G12,,794.6486239192221,1036.4262224838126,1436.6906112161312,HCT116 OsTIRF74G ARMC5mAC Clone 5F9,,Vehicle,2.0,Total Pol II F12,Goat anti-mouse Alexa647,3174,796.3754428046003,,260119_ARMC5mAC_TotalPhospho,103.37387889652848,1.3925454024575872,649.4725796575037,0.944279972892652,2.0,0.0
100,H03,,782.0589297258866,1004.1566169931934,1481.3354838709677,HCT116 OsTIRF74G ARMC5mAC Clone 5A1,,Vehicle,0.5,Total Pol II F12,Goat anti-mouse Alexa647,3565,698.134171262045,,260119_ARMC5mAC_TotalPhospho,90.78418470319298,1.222950133764762,551.2313081149484,0.8014452049058893,0.5,0.0
101,H04,,800.4919634243033,1156.8891038951747,1346.3129032258064,HCT116 OsTIRF74G ARMC5mAC Clone 5F9,,Vehicle,0.5,Total Pol II F12,Goat anti-mouse Alexa647,1550,891.2222909997905,,260119_ARMC5mAC_TotalPhospho,109.21721840160967,1.4712607960334094,744.3194278526939,1.082179527158573,0.5,0.0
104,H07,,782.3732874884056,1052.2646226889735,1500.653134493234,HCT116 OsTIRF74G ARMC5mAC Clone 5A1,,Vehicle,0.5,Total Pol II F12,Goat anti-mouse Alexa647,3621,760.1190425885886,,260119_ARMC5mAC_TotalPhospho,91.09854246571194,1.2271848346543437,613.216179441492,0.8915661344867027,0.5,0.0
105,H08,,807.0671154148752,1096.6254511544832,1374.096264367816,HCT116 OsTIRF74G ARMC5mAC Clone 5F9,,Vehicle,0.5,Total Pol II F12,Goat anti-mouse Alexa647,2784,808.8132014621893,,260119_ARMC5mAC_TotalPhospho,115.79237039218151,1.559834406433533,661.9103383150928,0.9623634559770757,0.5,0.0
108,H11,,779.9534466257198,976.8494761533829,1559.3486211901306,HCT116 OsTIRF74G ARMC5mAC Clone 5A1,,Vehicle,0.5,Total Pol II F12,Goat anti-mouse Alexa647,3445,730.5936260262845,,260119_ARMC5mAC_TotalPhospho,88.67870160302618,1.1945872548403464,583.6907628791879,0.8486385953967548,0.5,0.0
109,H12,,796.363090006559,1008.6348209171357,1450.8376933895922,HCT116 OsTIRF74G ARMC5mAC Clone 5F9,,Vehicle,0.5,Total Pol II F12,Goat anti-mouse Alexa647,3555,724.6253793295089,,260119_ARMC5mAC_TotalPhospho,105.08834498386534,1.4156409067868785,577.7225161824123,0.8399612531877583,0.5,0.0
120,I03,,689.2110355231353,1036.8048565433812,1572.8504378283712,HCT116 OsTIRF74G ARMC5mAC Clone 5A1,,10 µM 5PhIAA,48.0,Total Pol II F12,Goat anti-mouse Alexa647,2855,1262.9682219578954,,260119_ARMC5mAC_TotalPhospho,-2.0637094995583993,-0.027800148415583988,1116.065358810799,1.6226676841692789,48.0,48.0
121,I04,,694.4338993822128,1063.2936510090701,1454.0707465277778,HCT116 OsTIRF74G ARMC5mAC Clone 5F9,,10 µM 5PhIAA,48.0,Total Pol II F12,Goat anti-mouse Alexa647,2304,1286.615333024676,,260119_ARMC5mAC_TotalPhospho,3.159154359519107,0.042556842463129366,1139.7124698775795,1.6570486481953575,48.0,48.0
122,I05,,721.2789102041653,1092.246836399738,1443.611111111111,HCT116 OsTIRF74G ARMC5mAC Clone 5A1,,Vehicle,48.0,Total Pol II F12,Goat anti-mouse Alexa647,2574,890.078831744118,,260119_ARMC5mAC_TotalPhospho,30.00416518147165,0.4041849132879883,743.1759685970214,1.0805170309904983,48.0,0.0
123,I06,,723.0492652371322,1104.7808183874045,1405.6107554417413,HCT116 OsTIRF74G ARMC5mAC Clone 5F9,,Vehicle,48.0,Total Pol II F12,Goat anti-mouse Alexa647,2343,930.1561050384539,,260119_ARMC5mAC_TotalPhospho,31.774520214438553,0.42803329537630425,783.2532418913573,1.1387861061221132,48.0,0.0
124,I07,,699.9907384837579,968.0580774024559,1617.2015134529147,HCT116 OsTIRF74G ARMC5mAC Clone 5A1,,10 µM 5PhIAA,48.0,Total Pol II F12,Goat anti-mouse Alexa647,3568,1137.121741944038,,260119_ARMC5mAC_TotalPhospho,8.715993461064272,0.11741280052192224,990.2188787969413,1.4396972024919958,48.0,48.0
125,I08,,703.4352898083271,1039.8241276495157,1466.4114703618168,HCT116 OsTIRF74G ARMC5mAC Clone 5F9,,10 µM 5PhIAA,48.0,Total Pol II F12,Goat anti-mouse Alexa647,2598,1208.8513698898064,,260119_ARMC5mAC_TotalPhospho,12.16054478563342,0.1638142141262157,1061.94850674271,1.543986210609858,48.0,48.0
126,I09,,735.6621362609249,975.3995426491886,1544.675744141862,HCT116 OsTIRF74G ARMC5mAC Clone 5A1,,Vehicle,48.0,Total Pol II F12,Goat anti-mouse Alexa647,3158,733.3809080763629,,260119_ARMC5mAC_TotalPhospho,44.3873912382312,0.5979407782284623,586.4780449292663,0.8526910753645467,48.0,0.0
127,I10,,726.8223674846872,1020.3941178731891,1500.5755305867665,HCT116 OsTIRF74G ARMC5mAC Clone 5F9,,Vehicle,48.0,Total Pol II F12,Goat anti-mouse Alexa647,3204,790.5659299669301,,260119_ARMC5mAC_TotalPhospho,35.54762246199357,0.4788606053691343,643.6630668198335,0.9358334167227708,48.0,0.0
128,I11,,700.0586566498998,974.3378041990384,1580.0773227383863,HCT116 OsTIRF74G ARMC5mAC Clone 5A1,,10 µM 5PhIAA,48.0,Total Pol II F12,Goat anti-mouse Alexa647,3272,1205.6986083105705,,260119_ARMC5mAC_TotalPhospho,8.78391162720618,0.11832772343101548,1058.795745163474,1.539402353320382,48.0,48.0
129,I12,,694.2686191352351,985.825905102997,1522.8625550660793,HCT116 OsTIRF74G ARMC5mAC Clone 5F9,,10 µM 5PhIAA,48.0,Total Pol II F12,Goat anti-mouse Alexa647,3405,1171.1468544261265,,260119_ARMC5mAC_TotalPhospho,2.993874112541448,0.040330358843643915,1024.24399127903,1.489166931158908,48.0,48.0
140,J03,,689.7169962220453,988.4199868454862,1524.32015185068,HCT116 OsTIRF74G ARMC5mAC Clone 5A1,,10 µM 5PhIAA,24.0,Total Pol II F12,Goat anti-mouse Alexa647,3161,1002.037839675205,,260119_ARMC5mAC_TotalPhospho,-1.557748800648369,-0.020984372006568427,855.1349765281084,1.2432962649190595,24.0,24.0
141,J04,,696.8960257719835,1050.273949964082,1406.9283707865168,HCT116 OsTIRF74G ARMC5mAC Clone 5F9,,10 µM 5PhIAA,24.0,Total Pol II F12,Goat anti-mouse Alexa647,2136,1289.5506279436636,,260119_ARMC5mAC_TotalPhospho,5.621280749289895,0.07572404892712081,1142.6477647965671,1.6613163267600095,24.0,24.0
142,J05,,714.0688662056281,1079.7905478509276,1461.7508503401361,HCT116 OsTIRF74G ARMC5mAC Clone 5A1,,Vehicle,24.0,Total Pol II F12,Goat anti-mouse Alexa647,2352,867.48664324562,,260119_ARMC5mAC_TotalPhospho,22.79412118293442,0.30705869795336066,720.5837800985234,1.0476698380355665,24.0,0.0
143,J06,,742.0796148154707,1091.0072020222774,1405.3235551663747,HCT116 OsTIRF74G ARMC5mAC Clone 5F9,,Vehicle,24.0,Total Pol II F12,Goat anti-mouse Alexa647,2284,843.2427293030811,,260119_ARMC5mAC_TotalPhospho,50.804869792777026,0.6843903760562464,696.3398661559845,1.012421171475163,24.0,0.0
144,J07,,699.9600309870742,989.8705994605441,1573.8411306042885,HCT116 OsTIRF74G ARMC5mAC Clone 5A1,,10 µM 5PhIAA,24.0,Total Pol II F12,Goat anti-mouse Alexa647,3078,1096.4510454432068,,260119_ARMC5mAC_TotalPhospho,8.685285964380569,0.11699914105800027,949.5481822961102,1.380565338588546,24.0,24.0
145,J08,,699.9142485136233,985.646078090453,1462.998535335042,HCT116 OsTIRF74G ARMC5mAC Clone 5F9,,10 µM 5PhIAA,24.0,Total Pol II F12,Goat anti-mouse Alexa647,2731,1121.9502100702227,,260119_ARMC5mAC_TotalPhospho,8.639503490929656,0.11638240718288835,975.0473469231262,1.4176390369046186,24.0,24.0
146,J09,,696.4597160345028,977.7747826570577,1517.317880794702,HCT116 OsTIRF74G ARMC5mAC Clone 5A1,,Vehicle,24.0,Total Pol II F12,Goat anti-mouse Alexa647,3020,1021.4073969399905,,260119_ARMC5mAC_TotalPhospho,5.184971011809125,0.06984653784345066,874.5045337928939,1.2714580158255868,24.0,0.0
147,J10,,748.6000268826394,1026.8614633693956,1417.5028960817717,HCT116 OsTIRF74G ARMC5mAC Clone 5F9,,Vehicle,24.0,Total Pol II F12,Goat anti-mouse Alexa647,2935,769.5836266684684,,260119_ARMC5mAC_TotalPhospho,57.32528185994579,0.7722265871299683,622.6807635213718,0.9053268650830615,24.0,0.0
148,J11,,696.2238000354934,1010.3336286276373,1556.2055494706096,HCT116 OsTIRF74G ARMC5mAC Clone 5A1,,10 µM 5PhIAA,24.0,Total Pol II F12,Goat anti-mouse Alexa647,2739,1271.8676430440528,,260119_ARMC5mAC_TotalPhospho,4.949055012799704,0.06666852282366416,1124.9647798969563,1.6356067140301371,24.0,24.0
149,J12,,708.4897348511993,976.633262593925,1431.864017385905,HCT116 OsTIRF74G ARMC5mAC Clone 5F9,,10 µM 5PhIAA,24.0,Total Pol II F12,Goat anti-mouse Alexa647,3221,1113.4775330564958,,260119_ARMC5mAC_TotalPhospho,17.214989828505622,0.23190244184447148,966.5746699093992,1.4053204579969927,24.0,24.0
160,K03,,690.8600439757951,1032.710236439697,1513.396239801348,HCT116 OsTIRF74G ARMC5mAC Clone 5A1,,10 µM 5PhIAA,8.0,Total Pol II F12,Goat anti-mouse Alexa647,2819,1032.4148157832358,,260119_ARMC5mAC_TotalPhospho,-0.41470104689858545,-0.005586421274091968,885.5119526361392,1.2874619018901825,8.0,8.0
161,K04,,699.4825519591615,1145.591231918803,1408.9265242313704,HCT116 OsTIRF74G ARMC5mAC Clone 5F9,,10 µM 5PhIAA,8.0,Total Pol II F12,Goat anti-mouse Alexa647,1919,1195.7616105304874,,260119_ARMC5mAC_TotalPhospho,8.207806936467819,0.11056704010379928,1048.858747383391,1.5249547718699696,8.0,8.0
162,K05,,792.782133646996,1072.21877007375,1486.7150735294117,HCT116 OsTIRF74G ARMC5mAC Clone 5A1,,Vehicle,8.0,Total Pol II F12,Goat anti-mouse Alexa647,2176,876.0508073363403,,260119_ARMC5mAC_TotalPhospho,101.5073886243024,1.367401986392859,729.1479441892437,1.0601214316651206,8.0,0.0
163,K06,,794.1482272932801,1039.5813297554807,1415.1166752710376,HCT116 OsTIRF74G ARMC5mAC Clone 5F9,,Vehicle,8.0,Total Pol II F12,Goat anti-mouse Alexa647,1937,882.6033738206739,,260119_ARMC5mAC_TotalPhospho,102.87348227058646,1.3858045794537575,735.7005106735774,1.0696483270199126,8.0,0.0
164,K07,,696.3971097560491,1002.5109285714543,1511.6768189509307,HCT116 OsTIRF74G ARMC5mAC Clone 5A1,,10 µM 5PhIAA,8.0,Total Pol II F12,Goat anti-mouse Alexa647,2364,1093.7215666998468,,260119_ARMC5mAC_TotalPhospho,5.122364733355425,0.06900317116169014,946.8187035527502,1.3765968998976463,8.0,8.0
165,K08,,702.0371901511526,1078.069942915044,1389.093490607252,HCT116 OsTIRF74G ARMC5mAC Clone 5F9,,10 µM 5PhIAA,8.0,Total Pol II F12,Goat anti-mouse Alexa647,2289,1121.915974127174,,260119_ARMC5mAC_TotalPhospho,10.762445128458921,0.14498046936827125,975.0131109800774,1.4175892606455638,8.0,8.0
166,K09,,777.9530448322961,1023.0780379043862,1503.2370321733422,HCT116 OsTIRF74G ARMC5mAC Clone 5A1,,Vehicle,8.0,Total Pol II F12,Goat anti-mouse Alexa647,3046,752.7049811394761,,260119_ARMC5mAC_TotalPhospho,86.67829980960244,1.1676399220108564,605.8021179923795,0.8807866959646263,8.0,0.0
167,K10,,807.5992138657542,1070.777869291327,1395.7453891138102,HCT116 OsTIRF74G ARMC5mAC Clone 5F9,,Vehicle,8.0,Total Pol II F12,Goat anti-mouse Alexa647,2223,827.843096499137,,260119_ARMC5mAC_TotalPhospho,116.32446884306057,1.5670022834575548,680.9402333520404,0.9900313658049473,8.0,0.0
168,K11,,697.9783947262714,1050.2438309192032,1457.3563636363635,HCT116 OsTIRF74G ARMC5mAC Clone 5A1,,10 µM 5PhIAA,8.0,Total Pol II F12,Goat anti-mouse Alexa647,2750,1078.3532079500837,,260119_ARMC5mAC_TotalPhospho,6.703649703577753,0.0903045979705117,931.4503448029872,1.3542525641424963,8.0,8.0
169,K12,,703.6956508472074,1090.5371404115408,1357.4803788903923,HCT116 OsTIRF74G ARMC5mAC Clone 5F9,,10 µM 5PhIAA,8.0,Total Pol II F12,Goat anti-mouse Alexa647,2217,1148.0489274501858,,260119_ARMC5mAC_TotalPhospho,12.420905824513738,0.16732152730380068,1001.1460643030892,1.4555844358513774,8.0,8.0
180,L03,,693.0837001594598,1066.1200828934661,1435.9231819733698,HCT116 OsTIRF74G ARMC5mAC Clone 5A1,,10 µM 5PhIAA,2.0,Total Pol II F12,Goat anti-mouse Alexa647,2929,858.9416626040255,,260119_ARMC5mAC_TotalPhospho,1.8089551367661443,0.024368362548116838,712.0387994569289,1.035246135570917,2.0,2.0
181,L04,,701.8324286515193,1099.333859797706,1402.0191657271703,HCT116 OsTIRF74G ARMC5mAC Clone 5F9,,10 µM 5PhIAA,2.0,Total Pol II F12,Goat anti-mouse Alexa647,1774,1010.7822478448403,,260119_ARMC5mAC_TotalPhospho,10.557683628825657,0.14222213536786063,863.8793846977437,1.2560099186867675,2.0,2.0
182,L05,,790.2993931506418,1059.4006298828642,1473.560975609756,HCT116 OsTIRF74G ARMC5mAC Clone 5A1,,Vehicle,2.0,Total Pol II F12,Goat anti-mouse Alexa647,2255,821.0993250857388,,260119_ARMC5mAC_TotalPhospho,99.02464812794813,1.333957088120695,674.1964619386422,0.9802264741330062,2.0,0.0
183,L06,,802.0796586530677,1083.9447277451968,1424.1279308926369,HCT116 OsTIRF74G ARMC5mAC Clone 5F9,,Vehicle,2.0,Total Pol II F12,Goat anti-mouse Alexa647,2431,845.6550285310825,,260119_ARMC5mAC_TotalPhospho,110.80491363037402,1.4926485751795577,698.7521653839859,1.01592845711119,2.0,0.0
184,L07,,694.7141782752891,1000.5539988937236,1513.0341266277503,HCT116 OsTIRF74G ARMC5mAC Clone 5A1,,10 µM 5PhIAA,2.0,Total Pol II F12,Goat anti-mouse Alexa647,2227,850.5220065786469,,260119_ARMC5mAC_TotalPhospho,3.4394332525954496,0.046332468260726,703.6191434315504,1.0230046448406962,2.0,2.0
185,L08,,699.2645103764647,1110.3206747171037,1370.4943769680613,HCT116 OsTIRF74G ARMC5mAC Clone 5F9,,10 µM 5PhIAA,2.0,Total Pol II F12,Goat anti-mouse Alexa647,2223,953.7805672199742,,260119_ARMC5mAC_TotalPhospho,7.989765353771077,0.1076298106337429,806.8777040728776,1.1731341405227858,2.0,2.0
186,L09,,786.9128053726935,1051.4764943299278,1481.1766358892012,HCT116 OsTIRF74G ARMC5mAC Clone 5A1,,Vehicle,2.0,Total Pol II F12,Goat anti-mouse Alexa647,2491,785.0923542604442,,260119_ARMC5mAC_TotalPhospho,95.63806034999982,1.2883364991426862,638.1894911133476,0.9278752856459022,2.0,0.0
187,L10,,803.9328331169205,1066.5587738515253,1402.144131455399,HCT116 OsTIRF74G ARMC5mAC Clone 5F9,,Vehicle,2.0,Total Pol II F12,Goat anti-mouse Alexa647,2130,829.351553406379,,260119_ARMC5mAC_TotalPhospho,112.65808809422685,1.517612614520416,682.4486902592824,0.992224538684134,2.0,0.0
188,L11,,695.4913277197238,1002.290660866461,1623.0102417042197,HCT116 OsTIRF74G ARMC5mAC Clone 5A1,,10 µM 5PhIAA,2.0,Total Pol II F12,Goat anti-mouse Alexa647,2441,914.2364252995767,,260119_ARMC5mAC_TotalPhospho,4.216582697030162,0.05680141745197445,767.3335621524801,1.1156401947732244,2.0,2.0
189,L12,,704.3274381463925,1152.5998286742704,1398.7466292134832,HCT116 OsTIRF74G ARMC5mAC Clone 5F9,,10 µM 5PhIAA,2.0,Total Pol II F12,Goat anti-mouse Alexa647,1780,1005.8188786769903,,260119_ARMC5mAC_TotalPhospho,13.052693123698873,0.17583230883006978,858.9160155298937,1.248793586157771,2.0,2.0
202,M05,,790.6175564053406,1050.527194442277,1500.4485355648535,HCT116 OsTIRF74G ARMC5mAC Clone 5A1,,Vehicle,0.5,Total Pol II F12,Goat anti-mouse Alexa647,2390,800.1705403996381,,260119_ARMC5mAC_TotalPhospho,99.34281138264691,1.338243052643756,653.2676772525415,0.9497977341752869,0.5,0.0
203,M06,,802.1852693209029,1110.5092015532941,1358.4275431861804,HCT116 OsTIRF74G ARMC5mAC Clone 5F9,,Vehicle,0.5,Total Pol II F12,Goat anti-mouse Alexa647,2084,860.1788306829194,,260119_ARMC5mAC_TotalPhospho,110.91052429820922,1.4940712522766568,713.2759675358228,1.0370448766980909,0.5,0.0
206,M09,,790.1982641701824,1067.287940014049,1509.4463331714423,HCT116 OsTIRF74G ARMC5mAC Clone 5A1,,Vehicle,0.5,Total Pol II F12,Goat anti-mouse Alexa647,2059,786.1851378125336,,260119_ARMC5mAC_TotalPhospho,98.92351914748872,1.3325947836556091,639.2822746654371,0.9294641034886643,0.5,0.0
207,M10,,806.5223364994727,1080.3445550715878,1356.4551526717557,HCT116 OsTIRF74G ARMC5mAC Clone 5F9,,Vehicle,0.5,Total Pol II F12,Goat anti-mouse Alexa647,2096,838.1170426814896,,260119_ARMC5mAC_TotalPhospho,115.24759147677901,1.5524957113773192,691.214179534393,1.0049688426537597,0.5,0.0
220,N03,,686.2218400118142,922.6387963969871,1620.6849144634525,HCT116 OsTIRF74G,,Vehicle,24.0,Total Pol II F12,Goat anti-mouse Alexa647,3215,661.8479712737923,,260119_ARMC5mAC_TotalPhospho,-5.052905010879499,-0.06806748200866292,514.9451081266957,0.7486880400701487,24.0,0.0
221,N04,,688.7101746847031,891.7205092123418,1629.826097271649,HCT116 OsTIRF74G,,Vehicle,24.0,Total Pol II F12,Goat anti-mouse Alexa647,4215,604.0898750557644,,260119_ARMC5mAC_TotalPhospho,-2.564570337990517,-0.03454722480736598,457.18701190866784,0.6647124955446941,24.0,0.0
222,N05,,690.8711689388916,898.9288999366225,1582.6120925603384,HCT116 OsTIRF74G,,Vehicle,24.0,Total Pol II F12,Goat anti-mouse Alexa647,4019,681.6225111320853,,260119_ARMC5mAC_TotalPhospho,-0.40357608380202237,-0.0054365573396241915,534.7196479849887,0.7774386025206843,24.0,0.0
223,N06,,692.4999510128242,885.2197674923549,1630.7899415798831,HCT116 OsTIRF74G,,Vehicle,24.0,Total Pol II F12,Goat anti-mouse Alexa647,3937,597.1340594489118,,260119_ARMC5mAC_TotalPhospho,1.2252059901305756,0.016504701060193316,450.2311963018152,0.6545993089708301,24.0,0.0
224,N07,,690.2284365425242,892.5989149593271,1635.4844796104687,HCT116 OsTIRF74G,,Vehicle,24.0,Total Pol II F12,Goat anti-mouse Alexa647,3286,645.2610535795724,,260119_ARMC5mAC_TotalPhospho,-1.0463084801695004,-0.01409477983379952,498.3581904324758,0.7245720193461787,24.0,0.0
225,N08,,689.2000166046341,952.4308190177685,1602.9897377423033,HCT116 OsTIRF74G,,Vehicle,24.0,Total Pol II F12,Goat anti-mouse Alexa647,3508,674.5095177021637,,260119_ARMC5mAC_TotalPhospho,-2.0747284180595216,-0.027948583827533183,527.6066545550672,0.7670968922567438,24.0,0.0
226,N09,,690.0446136618424,883.3566125909717,1592.3197763091002,HCT116 OsTIRF74G,,Vehicle,24.0,Total Pol II F12,Goat anti-mouse Alexa647,3934,636.7753339060852,,260119_ARMC5mAC_TotalPhospho,-1.23013136085126,-0.016571050532861877,489.8724707589886,0.7122344774787749,24.0,0.0
227,N10,,689.5458018301514,970.7945468533726,1643.9242546333603,HCT116 OsTIRF74G,,Vehicle,24.0,Total Pol II F12,Goat anti-mouse Alexa647,3723,697.9626332035343,,260119_ARMC5mAC_TotalPhospho,-1.7289431925422605,-0.02329052483650124,551.0597700564377,0.8011958026088347,24.0,0.0
228,N11,,689.8092130778839,939.0208217804048,1552.9648533007335,HCT116 OsTIRF74G,,Vehicle,24.0,Total Pol II F12,Goat anti-mouse Alexa647,3272,713.8078642564845,,260119_ARMC5mAC_TotalPhospho,-1.4655319448097543,-0.019742122417040164,566.905001109388,0.82423347166185,24.0,0.0
229,N12,,691.6444798784433,908.8003070694334,1552.7105949895615,HCT116 OsTIRF74G,,Vehicle,24.0,Total Pol II F12,Goat anti-mouse Alexa647,3832,146.90286314709655,,260119_ARMC5mAC_TotalPhospho,0.369734855749698,0.004980683505336199,0.0,0.0,24.0,0.0
