,WELL,IF_561_Intensity,GFP_Intensity,DAPI_Intensity,NucleusArea,CELL,EU,DRUG,DRUG TIME HOURS,PRIMARY,SECONDARY,TotalNumberCells,Alexa647_Intensity,NucleusArea2,EXPERIMENT,GFP_Intensity_BGS,GFP_Intensity_FC,DAPI_Intensity_x,DAPI_Intensity_y,TIME_HOURS,TIME_IN_AUXIN_HRS
0,C03,709.8873123501361,342.8332047332353,542.0237289806661,1711.940730203888,HCT116 OsTIRF74G,No addition,No addition,No addition,Total Pol II F12,Goat anti-mouse Alexa647,4218,134.07343068890947,1616.6305988928032,250128_ARMC5mAC_TotalPolII,8.194533933840319,0.13319632369822637,,,No addition,0.0
1,C04,732.9282773616551,345.2668605572173,587.0489149893114,1771.2459165154264,HCT116 OsTIRF74G,No addition,No addition,No addition,Total Pol II F12,Goat anti-mouse Alexa647,3306,135.090093764122,1647.1443883984869,250128_ARMC5mAC_TotalPolII,10.628189757822327,0.17275366906018136,,,No addition,0.0
2,C05,700.6996479855655,344.0512909694715,551.6661794724648,1714.9958757217487,HCT116 OsTIRF74G,No addition,No addition,No addition,Total Pol II F12,Goat anti-mouse Alexa647,3637,134.11776119576345,1597.7005005561734,250128_ARMC5mAC_TotalPolII,9.412620170076536,0.15299544954528213,,,No addition,0.0
3,C06,709.931460704461,341.2956208398161,560.2473447545336,1715.4301948051948,HCT116 OsTIRF74G,No addition,No addition,No addition,Total Pol II F12,Goat anti-mouse Alexa647,3696,134.08810507934717,1636.3472837022132,250128_ARMC5mAC_TotalPolII,6.656950040421123,0.10820399056073163,,,No addition,0.0
4,C07,685.701935132267,339.7770383124041,527.3845775438131,1699.9624191139872,HCT116 OsTIRF74G,No addition,No addition,No addition,Total Pol II F12,Goat anti-mouse Alexa647,4018,134.02329947874375,1584.0226424483703,250128_ARMC5mAC_TotalPolII,5.138367513009143,0.08352051111983995,,,No addition,0.0
5,C08,696.5970018052554,333.141746760972,542.7736257077178,1676.5186039803864,HCT116 OsTIRF74G,No addition,No addition,No addition,Total Pol II F12,Goat anti-mouse Alexa647,3467,136.35451367979218,1548.1626949102676,250128_ARMC5mAC_TotalPolII,-1.4969240384229465,-0.024331436099136215,,,No addition,0.0
6,C09,686.5481695826808,337.6278199822987,539.8383024681463,1675.7666583478913,HCT116 OsTIRF74G,No addition,No addition,No addition,Total Pol II F12,Goat anti-mouse Alexa647,4007,134.37956413016357,1581.593136035812,250128_ARMC5mAC_TotalPolII,2.989149182903759,0.04858649501763065,,,No addition,0.0
7,C10,656.1959532291205,342.20466005112013,547.3101990371293,1711.1895939086294,HCT116 OsTIRF74G,No addition,No addition,No addition,Total Pol II F12,Goat anti-mouse Alexa647,3940,134.4782616706743,1584.9066431806743,250128_ARMC5mAC_TotalPolII,7.565989251725171,0.12297977671535563,,,No addition,0.0
8,C11,665.2018451805337,340.64133422037156,532.8758906443495,1673.5855427713857,HCT116 OsTIRF74G,No addition,No addition,No addition,Total Pol II F12,Goat anti-mouse Alexa647,3998,134.24103175755238,1567.115157480315,250128_ARMC5mAC_TotalPolII,6.002663420976603,0.09756902668620791,,,No addition,0.0
9,C12,682.6824979317529,341.2454867134108,536.431717623962,1648.4386562804284,HCT116 OsTIRF74G,No addition,No addition,No addition,Total Pol II F12,Goat anti-mouse Alexa647,4108,134.49009754670706,1529.6049962898837,250128_ARMC5mAC_TotalPolII,6.60681591401584,0.10738909597576572,,,No addition,0.0
10,C13,663.7572245277357,341.50999758433966,538.0157795405806,1705.4516864175023,HCT116 OsTIRF74G,No addition,No addition,No addition,Total Pol II F12,Goat anti-mouse Alexa647,4388,134.33768648700902,1597.3234476367006,250128_ARMC5mAC_TotalPolII,6.871326784944699,0.1116885321450939,,,No addition,0.0
11,C14,657.3248609226792,341.2428290789214,553.7726059869697,1651.0299928588431,HCT116 OsTIRF74G,No addition,No addition,No addition,Total Pol II F12,Goat anti-mouse Alexa647,4201,135.05071529895164,1560.625925925926,250128_ARMC5mAC_TotalPolII,6.604158279526416,0.10734589801642078,,,No addition,0.0
12,C15,665.5884703573038,341.42985504096725,542.1976638021594,1707.1304981773997,HCT116 OsTIRF74G,No addition,No addition,No addition,Total Pol II F12,Goat anti-mouse Alexa647,4115,133.6093401881522,1608.9283110571082,250128_ARMC5mAC_TotalPolII,6.791184241572296,0.11038587207495283,,,No addition,0.0
13,C16,682.5294233707541,340.30491484839,569.1363721494865,1685.700612780858,HCT116 OsTIRF74G,No addition,No addition,No addition,Total Pol II F12,Goat anti-mouse Alexa647,3427,134.62453231813322,1585.3073047858943,250128_ARMC5mAC_TotalPolII,5.666244048995054,0.09210076895116324,,,No addition,0.0
14,C17,611.4975824503425,330.1272720506812,525.2306221917418,1737.7508524111056,HCT116 OsTIRF74G,No addition,No addition,No addition,Total Pol II F12,Goat anti-mouse Alexa647,4106,133.0392246162553,1621.171089925277,250128_ARMC5mAC_TotalPolII,-4.511398748713759,-0.07332957956082833,,,No addition,0.0
15,C18,612.1312588177075,334.0040597591726,539.7380982598556,1682.9422300706358,HCT116 OsTIRF74G,No addition,No addition,No addition,Total Pol II F12,Goat anti-mouse Alexa647,3964,133.59737518338292,1586.9694555112883,250128_ARMC5mAC_TotalPolII,-0.634611040222353,-0.010315151321401778,,,No addition,0.0
16,C19,640.4731394431342,336.0355610242101,553.896534513802,1697.2709331829715,HCT116 OsTIRF74G,No addition,No addition,No addition,Total Pol II F12,Goat anti-mouse Alexa647,3547,134.42206750464482,1583.7277628032346,250128_ARMC5mAC_TotalPolII,1.396890224815138,0.022705457571785187,,,No addition,0.0
17,C20,643.7464840734317,336.4414116625175,551.218410193072,1717.2533333333333,HCT116 OsTIRF74G,No addition,No addition,No addition,Total Pol II F12,Goat anti-mouse Alexa647,3225,135.25748782955094,1627.2592091922947,250128_ARMC5mAC_TotalPolII,1.8027408631225512,0.02930227118309842,,,No addition,0.0
18,C21,628.8541726860642,336.3533708358453,543.432814640247,1717.9690964057777,HCT116 OsTIRF74G,No addition,No addition,No addition,Total Pol II F12,Goat anti-mouse Alexa647,2977,135.12592741509857,1626.5133004926108,250128_ARMC5mAC_TotalPolII,1.7147000364503242,0.027871230132714028,,,No addition,0.0
19,C22,593.0038956813531,336.31104335873096,508.4471597245902,1697.4161123429417,HCT116 OsTIRF74G,No addition,No addition,No addition,Total Pol II F12,Goat anti-mouse Alexa647,4059,134.05475641963005,1602.0577133479212,250128_ARMC5mAC_TotalPolII,1.6723725593359973,0.027183227082318823,,,No addition,0.0
20,D03,546.3570348761623,332.31868710301404,495.7967895173023,1663.4580169234107,HCT116 OsTIRF74G,"EU 1 mM, 30 mins",No addition,No addition,Total Pol II F12,Goat anti-mouse Alexa647,4609,154.77791781634906,1556.8863687401752,250128_ARMC5mAC_TotalPolII,-2.319983696380916,-0.037709685735957774,,,No addition,0.0
21,D04,686.357852861707,389.9334027474956,620.2351805396241,1409.8309859154929,HCT116 OsTIRF74G ARMC5mAC Clone 5A1,"EU 1 mM, 30 mins",Vehicle,72,Total Pol II F12,Goat anti-mouse Alexa647,2201,178.93250473253315,1308.151563328034,250128_ARMC5mAC_TotalPolII,55.29473194810066,0.8987765594515374,,,72,0.0
22,D05,634.9962793784798,396.8964035512113,597.7907746874411,1457.9972440944882,HCT116 OsTIRF74G ARMC5mAC Clone 5F9,"EU 1 mM, 30 mins",Vehicle,72,Total Pol II F12,Goat anti-mouse Alexa647,2540,168.7720082443049,1333.4357233771743,250128_ARMC5mAC_TotalPolII,62.25773275181632,1.0119551876017878,,,72,0.0
23,D06,544.9058906643372,331.8465215302753,511.77590034357996,1657.3929374718848,HCT116 OsTIRF74G,"EU 1 mM, 30 mins",Vehicle,72,Total Pol II F12,Goat anti-mouse Alexa647,4446,171.00314976960018,1560.291325695581,250128_ARMC5mAC_TotalPolII,-2.7921492691196477,-0.04538440146395686,,,72,0.0
27,D10,680.5962747450841,389.07359886358523,615.514396889419,1450.5694783032668,HCT116 OsTIRF74G ARMC5mAC Clone 5A1,"EU 1 mM, 30 mins",Vehicle,72,Total Pol II F12,Goat anti-mouse Alexa647,2051,176.71388338411228,1367.4,250128_ARMC5mAC_TotalPolII,54.434928064190274,0.8848010585428909,,,72,0.0
28,D11,627.9657676270855,395.5227885365621,586.2136926740873,1451.3248756218904,HCT116 OsTIRF74G ARMC5mAC Clone 5F9,"EU 1 mM, 30 mins",Vehicle,72,Total Pol II F12,Goat anti-mouse Alexa647,2010,,,250128_ARMC5mAC_TotalPolII,60.88411773716712,0.9896280520251808,,,72,0.0
29,D12,539.7784439339149,335.40070779129155,517.1468424496031,1645.0185603210434,HCT116 OsTIRF74G,"EU 1 mM, 30 mins",Vehicle,72,Total Pol II F12,Goat anti-mouse Alexa647,3987,,,250128_ARMC5mAC_TotalPolII,0.7620369918965935,0.01238636958027871,,,72,0.0
33,D16,704.6582465405261,394.3954676579332,635.6657903100718,1410.6311280342693,HCT116 OsTIRF74G ARMC5mAC Clone 5A1,"EU 1 mM, 30 mins",Vehicle,72,Total Pol II F12,Goat anti-mouse Alexa647,2101,178.82316979030938,1326.2288770053476,250128_ARMC5mAC_TotalPolII,59.75679685853822,0.9713042525420229,,,72,0.0
34,D17,633.2634216950819,395.38491137312906,616.5057193609673,1417.8011289622232,HCT116 OsTIRF74G ARMC5mAC Clone 5F9,"EU 1 mM, 30 mins",Vehicle,72,Total Pol II F12,Goat anti-mouse Alexa647,2303,166.85877257770443,1288.3047381546135,250128_ARMC5mAC_TotalPolII,60.7462405737341,0.9873869567488066,,,72,0.0
35,D18,569.3803693887911,335.8341609336834,521.5835303912808,1681.4311499272198,HCT116 OsTIRF74G,"EU 1 mM, 30 mins",Vehicle,72,Total Pol II F12,Goat anti-mouse Alexa647,3435,163.99849652864125,1597.562363919129,250128_ARMC5mAC_TotalPolII,1.195490134288434,0.019431842273193674,,,72,0.0
39,D22,561.6196916738088,334.66323358741505,499.0967573273731,1696.4068259385665,HCT116 OsTIRF74G,"EU 1 mM, 30 mins",No addition,No addition,Total Pol II F12,Goat anti-mouse Alexa647,4395,157.782880978648,1605.571567436209,250128_ARMC5mAC_TotalPolII,0.024562788020091375,0.00039925065787381,,,No addition,0.0
40,E03,574.4658244355284,333.0652126184055,472.91405822644975,1632.3983559209064,HCT116 OsTIRF74G,"EU 1 mM, 30 mins",No addition,No addition,Total Pol II F12,Goat anti-mouse Alexa647,4501,159.91852934638612,1540.6165572232646,250128_ARMC5mAC_TotalPolII,-1.573458180989462,-0.02557544417934663,,,No addition,0.0
41,E04,741.9329049377556,389.487840186728,595.8706104815539,1452.0608695652174,HCT116 OsTIRF74G ARMC5mAC Clone 5A1,"EU 1 mM, 30 mins",Vehicle,48,Total Pol II F12,Goat anti-mouse Alexa647,2300,180.25069794446384,1342.736040609137,250128_ARMC5mAC_TotalPolII,54.84916938733306,0.8915342567713656,,,48,0.0
42,E05,672.8944299296024,393.77221529205076,580.9149681603327,1417.1104270873413,HCT116 OsTIRF74G ARMC5mAC Clone 5F9,"EU 1 mM, 30 mins",Vehicle,48,Total Pol II F12,Goat anti-mouse Alexa647,2599,173.39101717888664,1290.210193955796,250128_ARMC5mAC_TotalPolII,59.1335444926558,0.9611737283972707,,,48,0.0
43,E06,604.095827601115,331.45589452756195,510.86722044237297,1633.8882820258193,HCT116 OsTIRF74G,"EU 1 mM, 30 mins",Vehicle,48,Total Pol II F12,Goat anti-mouse Alexa647,4028,171.4762180014297,1530.1024193548387,250128_ARMC5mAC_TotalPolII,-3.1827762718330064,-0.051733765700989545,,,48,0.0
44,E07,1121.9891088014544,331.79310518783643,574.1066744104253,1429.9648941662365,HCT116 OsTIRF74G ARMC5mAC Clone 5A1,"EU 1 mM, 30 mins",10 µM 5PhIAA,48,Total Pol II F12,Goat anti-mouse Alexa647,1937,177.84663206235942,1313.1284760845383,250128_ARMC5mAC_TotalPolII,-2.845565611558527,-0.04625264613726068,,,48,48.0
45,E08,1007.0731083463863,331.5370563776124,591.619335432815,1416.4035087719299,HCT116 OsTIRF74G ARMC5mAC Clone 5F9,"EU 1 mM, 30 mins",10 µM 5PhIAA,48,Total Pol II F12,Goat anti-mouse Alexa647,1995,172.0312276876062,1315.8980789754535,250128_ARMC5mAC_TotalPolII,-3.1016144217825854,-0.05041453752541025,,,48,48.0
46,E09,583.9950947969751,330.96542666540677,487.3616340957792,1672.4733659660237,HCT116 OsTIRF74G,"EU 1 mM, 30 mins",10 µM 5PhIAA,48,Total Pol II F12,Goat anti-mouse Alexa647,3473,164.82730523884857,1549.5941002949853,250128_ARMC5mAC_TotalPolII,-3.6732441339881916,-0.05970597213257403,,,48,48.0
47,E10,936.0438242002107,336.14156166119267,590.071454413261,1434.96802646086,HCT116 OsTIRF74G ARMC5mAC Clone 5A1,"EU 1 mM, 30 mins",Vehicle,48,Total Pol II F12,Goat anti-mouse Alexa647,1814,182.61106612297527,1332.9573901464714,250128_ARMC5mAC_TotalPolII,1.5028908617977095,0.02442842257134948,,,48,0.0
48,E11,644.9057722744259,392.4030631980047,583.1756130058654,1417.6863636363637,HCT116 OsTIRF74G ARMC5mAC Clone 5F9,"EU 1 mM, 30 mins",Vehicle,48,Total Pol II F12,Goat anti-mouse Alexa647,2640,168.52848316931576,1294.4561933534744,250128_ARMC5mAC_TotalPolII,57.76439239860974,0.9389191344224309,,,48,0.0
49,E12,582.7096290483788,333.8692014688124,505.0036149491775,1585.9269394261423,HCT116 OsTIRF74G,"EU 1 mM, 30 mins",Vehicle,48,Total Pol II F12,Goat anti-mouse Alexa647,3764,169.28473858446682,1492.9282485875706,250128_ARMC5mAC_TotalPolII,-0.7694693305825808,-0.012507176962058589,,,48,0.0
50,E13,1034.1542197095798,337.57927613105886,577.0190360577013,1435.577441077441,HCT116 OsTIRF74G ARMC5mAC Clone 5A1,"EU 1 mM, 30 mins",10 µM 5PhIAA,48,Total Pol II F12,Goat anti-mouse Alexa647,1782,170.36795557328188,1329.7947269303202,250128_ARMC5mAC_TotalPolII,2.940605331663903,0.047797449224971124,,,48,48.0
51,E14,943.4943152905722,336.482203294824,581.8212819177122,1462.6924277907885,HCT116 OsTIRF74G ARMC5mAC Clone 5F9,"EU 1 mM, 30 mins",10 µM 5PhIAA,48,Total Pol II F12,Goat anti-mouse Alexa647,2562,166.84763025555327,1336.2592087312414,250128_ARMC5mAC_TotalPolII,1.8435324954290309,0.029965310167955807,,,48,48.0
52,E15,542.3762944472222,331.2843107354954,471.20848304694994,1645.6414948453607,HCT116 OsTIRF74G,"EU 1 mM, 30 mins",10 µM 5PhIAA,48,Total Pol II F12,Goat anti-mouse Alexa647,3880,162.47231162555005,1544.5306391970416,250128_ARMC5mAC_TotalPolII,-3.3543600638995485,-0.054522738264161756,,,48,48.0
53,E16,715.1633833032533,391.6788288536809,577.4146488177514,1422.5405887600357,HCT116 OsTIRF74G ARMC5mAC Clone 5A1,"EU 1 mM, 30 mins",Vehicle,48,Total Pol II F12,Goat anti-mouse Alexa647,2242,179.16703030187506,1292.4215952251764,250128_ARMC5mAC_TotalPolII,57.04015805428594,0.9271472200049969,,,48,0.0
54,E17,644.4288976675596,391.68987021052607,563.0376112276517,1383.218787158145,HCT116 OsTIRF74G ARMC5mAC Clone 5F9,"EU 1 mM, 30 mins",Vehicle,48,Total Pol II F12,Goat anti-mouse Alexa647,2523,173.4343859532626,1272.7517630465445,250128_ARMC5mAC_TotalPolII,57.05119941113111,0.9273266894113464,,,48,0.0
55,E18,534.9744594505669,332.80202742144655,480.41565446448715,1640.108239095315,HCT116 OsTIRF74G,"EU 1 mM, 30 mins",Vehicle,48,Total Pol II F12,Goat anti-mouse Alexa647,4333,164.27591665829564,1526.535294117647,250128_ARMC5mAC_TotalPolII,-1.8366433779484055,-0.029853332460699617,,,48,0.0
56,E19,1033.8838254139955,336.3018509613174,539.9019133037109,1504.3130962705984,HCT116 OsTIRF74G ARMC5mAC Clone 5A1,"EU 1 mM, 30 mins",10 µM 5PhIAA,48,Total Pol II F12,Goat anti-mouse Alexa647,2306,176.67696234414817,1402.5728962818005,250128_ARMC5mAC_TotalPolII,1.6631801619224689,0.027033811197127503,,,48,48.0
57,E20,956.8625078577492,336.7602627545717,568.7784455759628,1450.255006129955,HCT116 OsTIRF74G ARMC5mAC Clone 5F9,"EU 1 mM, 30 mins",10 µM 5PhIAA,48,Total Pol II F12,Goat anti-mouse Alexa647,2447,169.1735809133015,1323.393643031785,250128_ARMC5mAC_TotalPolII,2.1215919551767684,0.03448496901700479,,,48,48.0
58,E21,531.9020112596604,330.5796825849379,472.0183745912066,1695.0144822592324,HCT116 OsTIRF74G,"EU 1 mM, 30 mins",10 µM 5PhIAA,48,Total Pol II F12,Goat anti-mouse Alexa647,4143,162.36856401753838,1575.783536585366,250128_ARMC5mAC_TotalPolII,-4.058988214457031,-0.06597596793973319,,,48,48.0
59,E22,513.8620517433448,329.403492436788,459.4918490341644,1614.591068844325,HCT116 OsTIRF74G,"EU 1 mM, 30 mins",No addition,No addition,Total Pol II F12,Goat anti-mouse Alexa647,4837,159.05314114604275,1516.0317700453859,250128_ARMC5mAC_TotalPolII,-5.235178362606973,-0.08509410265837541,,,No addition,0.0
60,F03,519.2015879676893,331.23180774351545,453.7485786670929,1663.1412125863392,HCT116 OsTIRF74G,"EU 1 mM, 30 mins",No addition,No addition,Total Pol II F12,Goat anti-mouse Alexa647,3909,157.14502679782774,1567.1296866974833,250128_ARMC5mAC_TotalPolII,-3.406863055879512,-0.05537613707504584,,,No addition,0.0
61,F04,741.7687425190474,412.6234786817052,586.3688368238883,1363.4522792022792,HCT116 OsTIRF74G ARMC5mAC Clone 5A1,"EU 1 mM, 30 mins",Vehicle,24,Total Pol II F12,Goat anti-mouse Alexa647,1404,182.58528475374118,1268.4206748025842,250128_ARMC5mAC_TotalPolII,77.98480788231024,1.2675876136580044,,,24,0.0
62,F05,673.3207594291907,407.0063714142813,567.6221821418605,1389.1167332445627,HCT116 OsTIRF74G ARMC5mAC Clone 5F9,"EU 1 mM, 30 mins",Vehicle,24,Total Pol II F12,Goat anti-mouse Alexa647,2253,198.61155163068372,1301.0748560460652,250128_ARMC5mAC_TotalPolII,72.36770061488636,1.1762855281605291,,,24,0.0
63,F06,575.0774657249409,330.63331936763484,477.1678604731828,1676.4270186335405,HCT116 OsTIRF74G,"EU 1 mM, 30 mins",Vehicle,24,Total Pol II F12,Goat anti-mouse Alexa647,3864,166.75574349388924,1532.0101171458998,250128_ARMC5mAC_TotalPolII,-4.005351431760118,-0.06510414016674337,,,24,0.0
64,F07,1051.1360604669321,332.6374278829049,570.4392255230756,1398.2316448491747,HCT116 OsTIRF74G ARMC5mAC Clone 5A1,"EU 1 mM, 30 mins",10 µM 5PhIAA,24,Total Pol II F12,Goat anti-mouse Alexa647,1757,173.1093022593684,1317.9433617539587,250128_ARMC5mAC_TotalPolII,-2.001242916490071,-0.03252878094784741,,,24,24.0
65,F08,858.3253272990114,332.759436465133,556.7859846334113,1429.8830548926014,HCT116 OsTIRF74G ARMC5mAC Clone 5F9,"EU 1 mM, 30 mins",10 µM 5PhIAA,24,Total Pol II F12,Goat anti-mouse Alexa647,2514,165.38655082593408,1312.891621129326,250128_ARMC5mAC_TotalPolII,-1.8792343342619802,-0.030545618178174375,,,24,24.0
66,F09,546.7581619320216,328.5959099628268,476.78306467526204,1653.6238490905007,HCT116 OsTIRF74G,"EU 1 mM, 30 mins",10 µM 5PhIAA,24,Total Pol II F12,Goat anti-mouse Alexa647,4453,164.4227816833759,1544.8910094274545,250128_ARMC5mAC_TotalPolII,-6.0427608365681635,-0.09822078167187467,,,24,24.0
67,F10,712.7798128432638,406.7141714062469,577.9591557597115,1368.14947016174,HCT116 OsTIRF74G ARMC5mAC Clone 5A1,"EU 1 mM, 30 mins",Vehicle,24,Total Pol II F12,Goat anti-mouse Alexa647,1793,180.11032188006416,1267.4804292929293,250128_ARMC5mAC_TotalPolII,72.07550060685196,1.1715360247514275,,,24,0.0
68,F11,612.3969720648103,402.7931259515534,548.2883449253109,1465.8464405516213,HCT116 OsTIRF74G ARMC5mAC Clone 5F9,"EU 1 mM, 30 mins",Vehicle,24,Total Pol II F12,Goat anti-mouse Alexa647,2683,166.22984086021202,1324.4433033804023,250128_ARMC5mAC_TotalPolII,68.15445515215845,1.107802218309789,,,24,0.0
69,F12,580.6231230227683,335.8035610385221,485.8624244766286,1607.3215911814043,HCT116 OsTIRF74G,"EU 1 mM, 30 mins",Vehicle,24,Total Pol II F12,Goat anti-mouse Alexa647,4173,168.5195261812098,1490.5041719342605,250128_ARMC5mAC_TotalPolII,1.1648902391271463,0.01893446273044711,,,24,0.0
70,F13,974.5996787090696,338.80772809524035,550.2862203357429,1466.9115002366304,HCT116 OsTIRF74G ARMC5mAC Clone 5A1,"EU 1 mM, 30 mins",10 µM 5PhIAA,24,Total Pol II F12,Goat anti-mouse Alexa647,2113,172.92480331049086,1348.2404600104549,250128_ARMC5mAC_TotalPolII,4.169057295845391,0.06776506261090502,,,24,24.0
71,F14,959.0216481193768,336.9548618595815,548.5849710120884,1443.6501584786054,HCT116 OsTIRF74G ARMC5mAC Clone 5F9,"EU 1 mM, 30 mins",10 µM 5PhIAA,24,Total Pol II F12,Goat anti-mouse Alexa647,2524,166.62448589090965,1303.4874517374517,250128_ARMC5mAC_TotalPolII,2.3161910601865543,0.03764803913075822,,,24,24.0
72,F15,545.735811545864,330.7430297454984,471.37867139652514,1637.5927634774162,HCT116 OsTIRF74G,"EU 1 mM, 30 mins",10 µM 5PhIAA,24,Total Pol II F12,Goat anti-mouse Alexa647,4118,174.5574983948483,1543.7387928875532,250128_ARMC5mAC_TotalPolII,-3.8956410538965542,-0.06332087596636905,,,24,24.0
73,F16,934.951023015289,336.6648320771705,568.3265152872516,1352.3560606060605,HCT116 OsTIRF74G ARMC5mAC Clone 5A1,"EU 1 mM, 30 mins",Vehicle,24,Total Pol II F12,Goat anti-mouse Alexa647,1584,178.7482251804411,1221.6775106082036,250128_ARMC5mAC_TotalPolII,2.026161277775543,0.0329338111963772,,,24,0.0
74,F17,607.5838494736387,401.2478085090811,548.4552365083088,1398.0168665667165,HCT116 OsTIRF74G ARMC5mAC Clone 5F9,"EU 1 mM, 30 mins",Vehicle,24,Total Pol II F12,Goat anti-mouse Alexa647,2668,168.5055942980829,1275.7219445706496,250128_ARMC5mAC_TotalPolII,66.60913770968614,1.0826841818301238,,,24,0.0
75,F18,558.2565701732861,333.4497928501946,486.3974232424339,1626.2605452674898,HCT116 OsTIRF74G,"EU 1 mM, 30 mins",Vehicle,24,Total Pol II F12,Goat anti-mouse Alexa647,3888,164.97931722791154,1515.0121720313768,250128_ARMC5mAC_TotalPolII,-1.1888779492003323,-0.019324365905110025,,,24,0.0
76,F19,930.1630069158736,337.3484564861435,552.2481523035799,1398.1512565196776,HCT116 OsTIRF74G ARMC5mAC Clone 5A1,"EU 1 mM, 30 mins",10 µM 5PhIAA,24,Total Pol II F12,Goat anti-mouse Alexa647,2109,172.5405940420596,1267.2736051502145,250128_ARMC5mAC_TotalPolII,2.709785686748546,0.044045639983802065,,,24,24.0
77,F20,917.1824615869012,338.53452581710985,577.598744573887,1422.4858921161826,HCT116 OsTIRF74G ARMC5mAC Clone 5F9,"EU 1 mM, 30 mins",10 µM 5PhIAA,24,Total Pol II F12,Goat anti-mouse Alexa647,2410,169.58223430918358,1306.576652601969,250128_ARMC5mAC_TotalPolII,3.8958550177148936,0.06332435379613184,,,24,24.0
78,F21,562.3774685492375,329.4934097358243,472.0721704254677,1693.1393034825871,HCT116 OsTIRF74G,"EU 1 mM, 30 mins",10 µM 5PhIAA,24,Total Pol II F12,Goat anti-mouse Alexa647,4020,163.87588876589427,1566.3656795346378,250128_ARMC5mAC_TotalPolII,-5.145261063570672,-0.08363256088367481,,,24,24.0
79,F22,531.7632429054315,328.1660073747346,456.215853190325,1641.961030927835,HCT116 OsTIRF74G,"EU 1 mM, 30 mins",No addition,No addition,Total Pol II F12,Goat anti-mouse Alexa647,4850,158.18690610842054,1552.2408837408836,250128_ARMC5mAC_TotalPolII,-6.472663424660368,-0.10520854262869571,,,No addition,0.0
80,G03,518.7076669108228,331.6911826534685,460.03179076332265,1655.2679674796748,HCT116 OsTIRF74G,"EU 1 mM, 30 mins",No addition,No addition,Total Pol II F12,Goat anti-mouse Alexa647,3075,158.34135913279454,1562.1729217818308,250128_ARMC5mAC_TotalPolII,-2.9474881459264566,-0.04790932447789844,,,No addition,0.0
81,G04,639.106534459061,414.4133907184848,583.0418462002777,1365.7593865679535,HCT116 OsTIRF74G ARMC5mAC Clone 5A1,"EU 1 mM, 30 mins",Vehicle,8,Total Pol II F12,Goat anti-mouse Alexa647,1891,174.3292446833595,1268.2478736330497,250128_ARMC5mAC_TotalPolII,79.77471991908982,1.2966813613887573,,,8,0.0
82,G05,606.7490368214469,408.8900795903217,586.8034520857904,1409.9736590038315,HCT116 OsTIRF74G ARMC5mAC Clone 5F9,"EU 1 mM, 30 mins",Vehicle,8,Total Pol II F12,Goat anti-mouse Alexa647,2088,169.02670387827612,1270.100742311771,250128_ARMC5mAC_TotalPolII,74.25140879092675,1.2069038654564108,,,8,0.0
83,G06,506.528975119575,333.43060890651856,473.91819949165193,1674.1348265261308,HCT116 OsTIRF74G,"EU 1 mM, 30 mins",Vehicle,8,Total Pol II F12,Goat anti-mouse Alexa647,4554,165.87495528761679,1581.6800087970091,250128_ARMC5mAC_TotalPolII,-1.208061892876401,-0.01963618727192798,,,8,0.0
84,G07,783.3645845578114,337.5055804899889,551.8288141903859,1462.780455153949,HCT116 OsTIRF74G ARMC5mAC Clone 5A1,"EU 1 mM, 30 mins",10 µM 5PhIAA,8,Total Pol II F12,Goat anti-mouse Alexa647,2241,171.7581915913155,1370.6948156066276,250128_ARMC5mAC_TotalPolII,2.866909690593957,0.04659957896873061,,,8,8.0
85,G08,731.003974185075,336.79165111674183,571.9229324460309,1417.1491604841858,HCT116 OsTIRF74G ARMC5mAC Clone 5F9,"EU 1 mM, 30 mins",10 µM 5PhIAA,8,Total Pol II F12,Goat anti-mouse Alexa647,2561,168.1557638705001,1306.8422496570645,250128_ARMC5mAC_TotalPolII,2.1529803173468736,0.034995164530467894,,,8,8.0
86,G09,498.55599714300547,333.1186221378377,480.1700940666608,1663.8100756859035,HCT116 OsTIRF74G,"EU 1 mM, 30 mins",10 µM 5PhIAA,8,Total Pol II F12,Goat anti-mouse Alexa647,4228,159.5860174000804,1555.422641509434,250128_ARMC5mAC_TotalPolII,-1.5200486615572686,-0.024707310409166093,,,8,8.0
87,G10,624.1149115866803,412.9415688925476,594.8115607435436,1392.7890250399573,HCT116 OsTIRF74G ARMC5mAC Clone 5A1,"EU 1 mM, 30 mins",Vehicle,8,Total Pol II F12,Goat anti-mouse Alexa647,1877,172.6908745564776,1315.4750462107208,250128_ARMC5mAC_TotalPolII,78.30289809315263,1.272757943908714,,,8,0.0
88,G11,551.6675582741441,411.4007189186566,576.4761718943345,1455.4587118084228,HCT116 OsTIRF74G ARMC5mAC Clone 5F9,"EU 1 mM, 30 mins",Vehicle,8,Total Pol II F12,Goat anti-mouse Alexa647,2422,165.831460227946,1344.3854216293473,250128_ARMC5mAC_TotalPolII,76.76204811926164,1.2477125229549677,,,8,0.0
89,G12,498.6656486817322,334.5933149568642,481.99969969495066,1617.1138647019425,HCT116 OsTIRF74G,"EU 1 mM, 30 mins",Vehicle,8,Total Pol II F12,Goat anti-mouse Alexa647,4479,162.78539588077504,1520.228366496992,250128_ARMC5mAC_TotalPolII,-0.04535584253073921,-0.0007372269774101643,,,8,0.0
90,G13,739.4977872013974,339.74544906130564,576.3862483154969,1419.2263374485597,HCT116 OsTIRF74G ARMC5mAC Clone 5A1,"EU 1 mM, 30 mins",10 µM 5PhIAA,8,Total Pol II F12,Goat anti-mouse Alexa647,1944,170.1543391512473,1339.5761627906977,250128_ARMC5mAC_TotalPolII,5.1067782619106765,0.08300705029965587,,,8,8.0
91,G14,715.460242451043,341.6375999658254,595.0558692912819,1415.1682085786374,HCT116 OsTIRF74G ARMC5mAC Clone 5F9,"EU 1 mM, 30 mins",10 µM 5PhIAA,8,Total Pol II F12,Goat anti-mouse Alexa647,2378,163.43447791047734,1325.0216674517192,250128_ARMC5mAC_TotalPolII,6.998929166430457,0.1137626181451352,,,8,8.0
92,G15,468.15264803096005,335.0234912875943,480.05788210485065,1670.475486381323,HCT116 OsTIRF74G,"EU 1 mM, 30 mins",10 µM 5PhIAA,8,Total Pol II F12,Goat anti-mouse Alexa647,3855,160.3712823737665,1566.1670741646292,250128_ARMC5mAC_TotalPolII,0.38482048819935244,0.006254983471389362,,,8,8.0
93,G16,610.9307496928185,357.8956195299577,577.5528418334862,1448.586940015186,HCT116 OsTIRF74G ARMC5mAC Clone 5A1,"EU 1 mM, 30 mins",Vehicle,8,Total Pol II F12,Goat anti-mouse Alexa647,2634,171.15952503309882,1325.3342116820377,250128_ARMC5mAC_TotalPolII,23.256948730562726,0.3780251685280837,,,8,0.0
94,G17,538.5161531263354,406.8977983945719,567.6953430385407,1437.2746346946421,HCT116 OsTIRF74G ARMC5mAC Clone 5F9,"EU 1 mM, 30 mins",Vehicle,8,Total Pol II F12,Goat anti-mouse Alexa647,2669,165.98514461349305,1337.895087427144,250128_ARMC5mAC_TotalPolII,72.25912759517695,1.1745207509084163,,,8,0.0
95,G18,478.87691966366214,334.2618162575117,485.89915877515404,1666.4697782963826,HCT116 OsTIRF74G,"EU 1 mM, 30 mins",Vehicle,8,Total Pol II F12,Goat anti-mouse Alexa647,4285,163.53536801416803,1552.3490252020922,250128_ARMC5mAC_TotalPolII,-0.3768545418832332,-0.006125502676916983,,,8,0.0
96,G19,751.3864270491771,338.2566191930737,576.4009274308419,1419.612112112112,HCT116 OsTIRF74G ARMC5mAC Clone 5A1,"EU 1 mM, 30 mins",10 µM 5PhIAA,8,Total Pol II F12,Goat anti-mouse Alexa647,1998,170.43289867859585,1346.409568261377,250128_ARMC5mAC_TotalPolII,3.6179483936787165,0.05880717918292518,,,8,8.0
97,G20,677.2244813274692,338.0772815362282,572.6887533870756,1421.0494479116658,HCT116 OsTIRF74G ARMC5mAC Clone 5F9,"EU 1 mM, 30 mins",10 µM 5PhIAA,8,Total Pol II F12,Goat anti-mouse Alexa647,2083,162.85043376879005,1309.9261891744122,250128_ARMC5mAC_TotalPolII,3.4386107368332546,0.05589217305990154,,,8,8.0
98,G21,476.8168322319539,330.96490641369024,489.12242647227805,1617.7612257281553,HCT116 OsTIRF74G,"EU 1 mM, 30 mins",10 µM 5PhIAA,8,Total Pol II F12,Goat anti-mouse Alexa647,3296,161.84991521462877,1501.312582781457,250128_ARMC5mAC_TotalPolII,-3.6737643857047146,-0.059714428454385376,,,8,8.0
99,G22,472.11804796710015,330.40253061513505,462.27709209481424,1655.9774453394707,HCT116 OsTIRF74G,"EU 1 mM, 30 mins",No addition,No addition,Total Pol II F12,Goat anti-mouse Alexa647,4345,156.44278980660195,1581.1530054644809,250128_ARMC5mAC_TotalPolII,-4.236140184259909,-0.06885544727365846,,,No addition,0.0
100,H03,432.9337650136415,331.9376210494238,437.2321039999356,1705.9258737316798,HCT116 OsTIRF74G,"EU 1 mM, 30 mins",No addition,No addition,Total Pol II F12,Goat anti-mouse Alexa647,3548,155.63975493707443,1601.1674325100516,250128_ARMC5mAC_TotalPolII,-2.701049749971162,-0.04390364354175885,,,No addition,0.0
101,H04,571.0626211303781,410.9821166625213,568.8391206207652,1380.6116883116883,HCT116 OsTIRF74G ARMC5mAC Clone 5A1,"EU 1 mM, 30 mins",Vehicle,2,Total Pol II F12,Goat anti-mouse Alexa647,1540,168.71087314309844,1323.40395480226,250128_ARMC5mAC_TotalPolII,76.34344586312636,1.2409084408608355,,,2,0.0
102,H05,525.0813638512327,407.1217500420189,546.9881474811174,1401.851786501985,HCT116 OsTIRF74G ARMC5mAC Clone 5F9,"EU 1 mM, 30 mins",Vehicle,2,Total Pol II F12,Goat anti-mouse Alexa647,2267,161.25145902358025,1306.242908715833,250128_ARMC5mAC_TotalPolII,72.48307924262394,1.1781609257331145,,,2,0.0
103,H06,459.647723342295,329.88692220973707,471.3134268790883,1680.8432558139534,HCT116 OsTIRF74G,"EU 1 mM, 30 mins",Vehicle,2,Total Pol II F12,Goat anti-mouse Alexa647,4300,164.12332964003915,1562.2255130597016,250128_ARMC5mAC_TotalPolII,-4.751748589657893,-0.07723629536354258,,,2,0.0
104,H07,591.282696044333,340.1686023698173,557.0949399514152,1477.3581241117954,HCT116 OsTIRF74G ARMC5mAC Clone 5A1,"EU 1 mM, 30 mins",10 µM 5PhIAA,2,Total Pol II F12,Goat anti-mouse Alexa647,2111,166.61733249744603,1372.1925925925925,250128_ARMC5mAC_TotalPolII,5.52993157042232,0.08988510651487719,,,2,2.0
105,H08,572.7623295593061,338.02881148268415,573.0661744460696,1401.6509764646971,HCT116 OsTIRF74G ARMC5mAC Clone 5F9,"EU 1 mM, 30 mins",10 µM 5PhIAA,2,Total Pol II F12,Goat anti-mouse Alexa647,1997,164.1178826750021,1289.4128902316213,250128_ARMC5mAC_TotalPolII,3.3901406832891894,0.05510432679632519,,,2,2.0
106,H09,446.26657191695074,331.8067801975488,470.77661010168464,1660.9724391364264,HCT116 OsTIRF74G,"EU 1 mM, 30 mins",10 µM 5PhIAA,2,Total Pol II F12,Goat anti-mouse Alexa647,4354,156.2159932555968,1555.2526632700324,250128_ARMC5mAC_TotalPolII,-2.831890601846169,-0.046030368575787454,,,2,2.0
107,H10,548.9091656712533,407.1083668943034,565.7927811978027,1441.0962162162161,HCT116 OsTIRF74G ARMC5mAC Clone 5A1,"EU 1 mM, 30 mins",Vehicle,2,Total Pol II F12,Goat anti-mouse Alexa647,1850,167.2754779182288,1330.4220183486239,250128_ARMC5mAC_TotalPolII,72.46969609490844,1.177943392180919,,,2,0.0
108,H11,528.9390857313109,411.22422024877335,560.7504592074519,1379.4436926051233,HCT116 OsTIRF74G ARMC5mAC Clone 5F9,"EU 1 mM, 30 mins",Vehicle,2,Total Pol II F12,Goat anti-mouse Alexa647,2069,161.61379478027834,1277.6225306994127,250128_ARMC5mAC_TotalPolII,76.58554944937839,1.244843662546813,,,2,0.0
109,H12,447.56861779109585,336.791695314713,477.16796269086655,1612.4358865848499,HCT116 OsTIRF74G,"EU 1 mM, 30 mins",Vehicle,2,Total Pol II F12,Goat anti-mouse Alexa647,4726,157.42028958175638,1535.2024070021882,250128_ARMC5mAC_TotalPolII,2.153024515318066,0.03499588293706982,,,2,0.0
110,H13,578.4573094810434,342.68804914873346,569.5273803677583,1446.5532786885246,HCT116 OsTIRF74G ARMC5mAC Clone 5A1,"EU 1 mM, 30 mins",10 µM 5PhIAA,2,Total Pol II F12,Goat anti-mouse Alexa647,2440,164.97906038654708,1370.9634418189924,250128_ARMC5mAC_TotalPolII,8.049378349338497,0.1308369228615214,,,2,2.0
111,H14,589.8752307620557,342.15592507453573,561.3096387475496,1415.4968652037617,HCT116 OsTIRF74G ARMC5mAC Clone 5F9,"EU 1 mM, 30 mins",10 µM 5PhIAA,2,Total Pol II F12,Goat anti-mouse Alexa647,2552,156.68560964698727,1309.6191369606004,250128_ARMC5mAC_TotalPolII,7.517254275140772,0.12218762431608929,,,2,2.0
112,H15,463.1117120409295,331.5726095811415,480.82476535467686,1655.447300103842,HCT116 OsTIRF74G,"EU 1 mM, 30 mins",10 µM 5PhIAA,2,Total Pol II F12,Goat anti-mouse Alexa647,3852,154.18624049333377,1550.7392344497607,250128_ARMC5mAC_TotalPolII,-3.0660612182534805,-0.04983664547639261,,,2,2.0
113,H16,572.99075758672,410.8786996417535,557.9346521781862,1430.2719576719576,HCT116 OsTIRF74G ARMC5mAC Clone 5A1,"EU 1 mM, 30 mins",Vehicle,2,Total Pol II F12,Goat anti-mouse Alexa647,1890,165.8460283576367,1348.4165202108964,250128_ARMC5mAC_TotalPolII,76.24002884235853,1.23922747070618,,,2,0.0
114,H17,533.7462630533233,405.27210567831315,576.9341503015273,1429.111269614836,HCT116 OsTIRF74G ARMC5mAC Clone 5F9,"EU 1 mM, 30 mins",Vehicle,2,Total Pol II F12,Goat anti-mouse Alexa647,2103,161.82344054220164,1324.946418808092,250128_ARMC5mAC_TotalPolII,70.6334348789182,1.1480962714911749,,,2,0.0
115,H18,464.4834959616712,335.5823570818221,478.63331760682667,1667.979980227385,HCT116 OsTIRF74G,"EU 1 mM, 30 mins",Vehicle,2,Total Pol II F12,Goat anti-mouse Alexa647,4046,158.07080111545676,1565.923076923077,250128_ARMC5mAC_TotalPolII,0.9436862824271657,0.015338949665541035,,,2,0.0
116,H19,624.9993189188765,338.81508734997533,562.6766131955638,1476.8786264061575,HCT116 OsTIRF74G ARMC5mAC Clone 5A1,"EU 1 mM, 30 mins",10 µM 5PhIAA,2,Total Pol II F12,Goat anti-mouse Alexa647,1689,166.81687768681195,1373.6061728395061,250128_ARMC5mAC_TotalPolII,4.17641655058037,0.06788468206501576,,,2,2.0
117,H20,631.6285084948655,343.1244338616326,585.0598787125019,1359.688155922039,HCT116 OsTIRF74G ARMC5mAC Clone 5F9,"EU 1 mM, 30 mins",10 µM 5PhIAA,2,Total Pol II F12,Goat anti-mouse Alexa647,2001,164.61680802455624,1237.6203331418724,250128_ARMC5mAC_TotalPolII,8.485763062237652,0.1379300461490143,,,2,2.0
118,H21,479.8183882713508,335.4818361019612,487.9807688758812,1640.6417096959265,HCT116 OsTIRF74G,"EU 1 mM, 30 mins",10 µM 5PhIAA,2,Total Pol II F12,Goat anti-mouse Alexa647,3486,159.05739227120299,1552.012901290129,250128_ARMC5mAC_TotalPolII,0.8431653025662627,0.01370505259706663,,,2,2.0
119,H22,466.05558789661535,331.5333663635776,459.6307454283569,1633.7111572153067,HCT116 OsTIRF74G,"EU 1 mM, 30 mins",No addition,No addition,Total Pol II F12,Goat anti-mouse Alexa647,4338,157.2129252486742,1564.9218077474893,250128_ARMC5mAC_TotalPolII,-3.105304435817345,-0.05047451608035834,,,No addition,0.0
120,I03,460.4242178608259,330.19153735545484,449.3052198857117,1679.6651685393258,HCT116 OsTIRF74G,"EU 1 mM, 30 mins",No addition,No addition,Total Pol II F12,Goat anti-mouse Alexa647,4005,155.25150527199148,1579.2792275574113,250128_ARMC5mAC_TotalPolII,-4.447133443940118,-0.07228499271717076,,,No addition,0.0
121,I04,599.5156301476923,390.84166185998765,571.9667100014555,1353.5250720461095,HCT116 OsTIRF74G ARMC5mAC Clone 5A1,"EU 1 mM, 30 mins",Vehicle,72,Total Pol II F12,Goat anti-mouse Alexa647,1735,166.37449190979552,1262.2751004016063,250128_ARMC5mAC_TotalPolII,56.202991060592694,0.913539665654535,,,72,0.0
122,I05,544.1326223930807,393.65514697795726,542.1208060449646,1416.262962962963,HCT116 OsTIRF74G ARMC5mAC Clone 5F9,"EU 1 mM, 30 mins",Vehicle,72,Total Pol II F12,Goat anti-mouse Alexa647,1890,179.3865315967827,1317.3102040816327,250128_ARMC5mAC_TotalPolII,59.0164761785623,0.9592708661741478,,,72,0.0
123,I06,455.4592000341372,328.9601310272529,457.5357026730286,1624.2490502321655,HCT116 OsTIRF74G,"EU 1 mM, 30 mins",Vehicle,72,Total Pol II F12,Goat anti-mouse Alexa647,4738,156.46721377175092,1522.703369301916,250128_ARMC5mAC_TotalPolII,-5.678539772142074,-0.09230062719003525,,,72,0.0
130,I13,544.3230231070012,399.77474367656157,581.5134244106008,1437.872043918919,HCT116 OsTIRF74G ARMC5mAC Clone 5A1,"EU 1 mM, 30 mins",Vehicle,72,Total Pol II F12,Goat anti-mouse Alexa647,2368,159.08041169317588,1334.1802982376864,250128_ARMC5mAC_TotalPolII,65.13607287716661,1.058740560161723,,,72,0.0
131,I14,518.7605736047022,401.8893571565516,578.2434551735578,1425.4291497975707,HCT116 OsTIRF74G ARMC5mAC Clone 5F9,"EU 1 mM, 30 mins",Vehicle,72,Total Pol II F12,Goat anti-mouse Alexa647,2470,155.14131941488222,1329.703829787234,250128_ARMC5mAC_TotalPolII,67.25068635715667,1.0931120990254823,,,72,0.0
132,I15,435.70764791650527,333.9490227698608,472.42753865902546,1669.7891917074307,HCT116 OsTIRF74G,"EU 1 mM, 30 mins",Vehicle,72,Total Pol II F12,Goat anti-mouse Alexa647,4293,155.0474798747742,1581.0545103714423,250128_ARMC5mAC_TotalPolII,-0.6896480295341689,-0.011209738457526671,,,72,0.0
136,I19,531.4987860818933,387.9071929960078,551.566284374972,1399.8821887213846,HCT116 OsTIRF74G ARMC5mAC Clone 5A1,"EU 1 mM, 30 mins",Vehicle,72,Total Pol II F12,Goat anti-mouse Alexa647,1791,160.92996428062168,1291.9937733499378,250128_ARMC5mAC_TotalPolII,53.26852219661282,0.8658419603494263,,,72,0.0
137,I20,501.1911429269216,397.71690669125553,549.8106808139481,1450.6704599336178,HCT116 OsTIRF74G ARMC5mAC Clone 5F9,"EU 1 mM, 30 mins",Vehicle,72,Total Pol II F12,Goat anti-mouse Alexa647,2109,157.43391170826823,1345.64542651593,250128_ARMC5mAC_TotalPolII,63.07823589186057,1.0252918828573199,,,72,0.0
138,I21,447.7503936548443,332.08056328560605,478.0310944667254,1673.797119215446,HCT116 OsTIRF74G,"EU 1 mM, 30 mins",Vehicle,72,Total Pol II F12,Goat anti-mouse Alexa647,3263,153.81465321997285,1579.2271459559963,250128_ARMC5mAC_TotalPolII,-2.5581075137889115,-0.04158021910854564,,,72,0.0
139,I22,438.4069753412279,332.26628044368914,459.2949873556817,1641.486406214302,HCT116 OsTIRF74G,"EU 1 mM, 30 mins",No addition,No addition,Total Pol II F12,Goat anti-mouse Alexa647,4377,154.45391772149387,1546.1800643086817,250128_ARMC5mAC_TotalPolII,-2.372390355705818,-0.03856151872801556,,,No addition,0.0
140,J03,443.39551189882036,329.1022794832442,450.2832634828247,1739.0995681991365,HCT116 OsTIRF74G,"EU 1 mM, 30 mins",No addition,No addition,Total Pol II F12,Goat anti-mouse Alexa647,3937,153.49749133380246,1636.8534126163393,250128_ARMC5mAC_TotalPolII,-5.536391316150741,-0.08999010508953655,,,No addition,0.0
141,J04,792.5991209894635,331.10607767841475,511.09482390489825,1525.2446808510638,HCT116 OsTIRF74G ARMC5mAC Clone 5A1,"EU 1 mM, 30 mins",10 µM 5PhIAA,48,Total Pol II F12,Goat anti-mouse Alexa647,2256,171.27734132770922,1438.388731060606,250128_ARMC5mAC_TotalPolII,-3.5325931209802093,-0.057419789903255344,,,48,48.0
142,J05,771.5055595695541,334.6242502307215,526.0966561142479,1479.2670744138634,HCT116 OsTIRF74G ARMC5mAC Clone 5F9,"EU 1 mM, 30 mins",10 µM 5PhIAA,48,Total Pol II F12,Goat anti-mouse Alexa647,1962,160.94348142239528,1374.5200880572372,250128_ARMC5mAC_TotalPolII,-0.01442056867347219,-0.0002343960923771718,,,48,48.0
143,J06,446.10156262813763,328.17098764449497,466.98464714866014,1659.9653727393031,HCT116 OsTIRF74G,"EU 1 mM, 30 mins",10 µM 5PhIAA,48,Total Pol II F12,Goat anti-mouse Alexa647,4534,158.79832337134394,1543.8301973382286,250128_ARMC5mAC_TotalPolII,-6.467683154899987,-0.10512759188415505,,,48,48.0
144,J07,537.8716203466051,384.53926896005424,522.9381359165144,1445.1951886276654,HCT116 OsTIRF74G ARMC5mAC Clone 5A1,"EU 1 mM, 30 mins",Vehicle,48,Total Pol II F12,Goat anti-mouse Alexa647,1829,160.4615652728966,1370.2130484988452,250128_ARMC5mAC_TotalPolII,49.900598160659285,0.8110987493619928,,,48,0.0
145,J08,531.6866683012279,391.6529749134901,544.57031009959,1451.7398130841123,HCT116 OsTIRF74G ARMC5mAC Clone 5F9,"EU 1 mM, 30 mins",Vehicle,48,Total Pol II F12,Goat anti-mouse Alexa647,2675,158.41085247384748,1343.0219734660034,250128_ARMC5mAC_TotalPolII,57.014304114095125,0.9267269825864527,,,48,0.0
146,J09,463.7674199717273,332.1584995595772,482.6304202068832,1615.3891604675878,HCT116 OsTIRF74G,"EU 1 mM, 30 mins",Vehicle,48,Total Pol II F12,Goat anti-mouse Alexa647,4705,154.29855401104203,1505.121683841263,250128_ARMC5mAC_TotalPolII,-2.480171239817764,-0.04031342037911141,,,48,0.0
147,J10,826.34763228646,337.76080296278803,538.4668845855094,1492.1310413552567,HCT116 OsTIRF74G ARMC5mAC Clone 5A1,"EU 1 mM, 30 mins",10 µM 5PhIAA,48,Total Pol II F12,Goat anti-mouse Alexa647,2007,160.71303484871694,1386.234439834025,250128_ARMC5mAC_TotalPolII,3.1221321633930756,0.050748038829471195,,,48,48.0
148,J11,757.9277129893237,347.5367184834658,549.8508425103304,1439.3278404163052,HCT116 OsTIRF74G ARMC5mAC Clone 5F9,"EU 1 mM, 30 mins",10 µM 5PhIAA,48,Total Pol II F12,Goat anti-mouse Alexa647,2306,156.36700833026208,1328.7067395264116,250128_ARMC5mAC_TotalPolII,12.898047684070832,0.2096485960364484,,,48,48.0
149,J12,460.4261296695716,340.50246688675145,476.8316716989767,1634.6016949152543,HCT116 OsTIRF74G,"EU 1 mM, 30 mins",10 µM 5PhIAA,48,Total Pol II F12,Goat anti-mouse Alexa647,4484,157.1109208660962,1547.0718879191547,250128_ARMC5mAC_TotalPolII,5.863796087356491,0.09531183689734268,,,48,48.0
150,J13,541.8201489837539,399.5428366193528,552.8688515796715,1416.5063492063491,HCT116 OsTIRF74G ARMC5mAC Clone 5A1,"EU 1 mM, 30 mins",Vehicle,48,Total Pol II F12,Goat anti-mouse Alexa647,2520,160.6044299832846,1338.9123232323232,250128_ARMC5mAC_TotalPolII,64.90416581995783,1.0549710758067525,,,48,0.0
151,J14,542.1085322239487,404.42978044787975,568.7023180327799,1392.7985148514852,HCT116 OsTIRF74G ARMC5mAC Clone 5F9,"EU 1 mM, 30 mins",Vehicle,48,Total Pol II F12,Goat anti-mouse Alexa647,2020,156.6560229105814,1316.9872549019608,250128_ARMC5mAC_TotalPolII,69.79110964848479,1.1344048736694305,,,48,0.0
152,J15,435.54079866520345,336.33309432060014,452.3605047001821,1669.718045112782,HCT116 OsTIRF74G,"EU 1 mM, 30 mins",Vehicle,48,Total Pol II F12,Goat anti-mouse Alexa647,3990,153.2898598542977,1585.6238926853962,250128_ARMC5mAC_TotalPolII,1.6944235212051808,0.02754164979173685,,,48,0.0
153,J16,838.9224286768257,342.2345830738904,536.182756885841,1439.5727798213347,HCT116 OsTIRF74G ARMC5mAC Clone 5A1,"EU 1 mM, 30 mins",10 µM 5PhIAA,48,Total Pol II F12,Goat anti-mouse Alexa647,1903,161.7524894380592,1369.7156231714453,250128_ARMC5mAC_TotalPolII,7.595912274495447,0.12346615417856681,,,48,48.0
154,J17,728.2842222060949,339.74089854077863,524.2414645226472,1446.5501858736059,HCT116 OsTIRF74G ARMC5mAC Clone 5F9,"EU 1 mM, 30 mins",10 µM 5PhIAA,48,Total Pol II F12,Goat anti-mouse Alexa647,2421,157.0528247555085,1315.9132093466858,250128_ARMC5mAC_TotalPolII,5.102227741383672,0.08293308482340013,,,48,48.0
155,J18,381.8365858905041,332.7798628708874,430.11525968643014,1900.836629145117,HCT116 OsTIRF74G,"EU 1 mM, 30 mins",10 µM 5PhIAA,48,Total Pol II F12,Goat anti-mouse Alexa647,3287,153.911536187601,1871.2909987669543,250128_ARMC5mAC_TotalPolII,-1.858807928507531,-0.030213601473523807,,,48,48.0
156,J19,523.5388083992102,394.36816411852016,548.1008241703938,1402.623263888889,HCT116 OsTIRF74G ARMC5mAC Clone 5A1,"EU 1 mM, 30 mins",Vehicle,48,Total Pol II F12,Goat anti-mouse Alexa647,1728,161.87208636426277,1326.7118644067796,250128_ARMC5mAC_TotalPolII,59.7294933191252,0.9708604529186243,,,48,0.0
157,J20,497.85699794415405,400.47729577733116,548.9043402306768,1408.5579126007638,HCT116 OsTIRF74G ARMC5mAC Clone 5F9,"EU 1 mM, 30 mins",Vehicle,48,Total Pol II F12,Goat anti-mouse Alexa647,2357,157.67912338445873,1315.5848007414272,250128_ARMC5mAC_TotalPolII,65.8386249779362,1.0701600451238313,,,48,0.0
158,J21,438.2941192834924,334.04286550645475,467.88916063573384,1658.7246460560532,HCT116 OsTIRF74G,"EU 1 mM, 30 mins",Vehicle,48,Total Pol II F12,Goat anti-mouse Alexa647,3461,154.10129592886548,1559.4631983446645,250128_ARMC5mAC_TotalPolII,-0.5958052929402129,-0.009684391485873075,,,48,0.0
159,J22,433.11653560863283,334.14366523892625,458.2150500606222,1636.2429107589658,HCT116 OsTIRF74G,"EU 1 mM, 30 mins",No addition,No addition,Total Pol II F12,Goat anti-mouse Alexa647,4796,156.36076736022494,1552.3414364640885,250128_ARMC5mAC_TotalPolII,-0.49500556046871225,-0.008045963491875308,,,No addition,0.0
160,K03,455.82205038292614,328.4186301635456,449.6540544667321,1630.246492985972,HCT116 OsTIRF74G,"EU 1 mM, 30 mins",No addition,No addition,Total Pol II F12,Goat anti-mouse Alexa647,3992,156.5060563465446,1557.3598189590143,250128_ARMC5mAC_TotalPolII,-6.2200406358493865,-0.10110233878309799,,,No addition,0.0
161,K04,819.8787631664429,333.88630802098874,547.5182663750913,1392.8722466960353,HCT116 OsTIRF74G ARMC5mAC Clone 5A1,"EU 1 mM, 30 mins",10 µM 5PhIAA,24,Total Pol II F12,Goat anti-mouse Alexa647,1362,164.42734042557677,1365.6721056721058,250128_ARMC5mAC_TotalPolII,-0.7523627784062228,-0.012229122117275615,,,24,24.0
162,K05,737.1095793296878,333.7590645896219,547.5747875441823,1389.7993645029505,HCT116 OsTIRF74G ARMC5mAC Clone 5F9,"EU 1 mM, 30 mins",10 µM 5PhIAA,24,Total Pol II F12,Goat anti-mouse Alexa647,2203,161.8810527203525,1327.0272865083375,250128_ARMC5mAC_TotalPolII,-0.8796062097730442,-0.014297373638306958,,,24,24.0
163,K06,454.5684966405047,329.968104204843,441.6226541058277,1636.7845589821004,HCT116 OsTIRF74G,"EU 1 mM, 30 mins",10 µM 5PhIAA,24,Total Pol II F12,Goat anti-mouse Alexa647,4637,159.89024608085398,1513.97657425317,250128_ARMC5mAC_TotalPolII,-4.670566594551985,-0.07591673974440723,,,24,24.0
164,K07,626.8296823114414,348.5880983411901,556.1041274003736,1334.032217308907,HCT116 OsTIRF74G ARMC5mAC Clone 5A1,"EU 1 mM, 30 mins",Vehicle,24,Total Pol II F12,Goat anti-mouse Alexa647,1583,163.74913892605122,1265.5983827493262,250128_ARMC5mAC_TotalPolII,13.94942754179516,0.22673802821036776,,,24,0.0
165,K08,514.6598051898948,414.17515647457776,543.5618039658269,1411.410105757932,HCT116 OsTIRF74G ARMC5mAC Clone 5F9,"EU 1 mM, 30 mins",Vehicle,24,Total Pol II F12,Goat anti-mouse Alexa647,2553,159.22215735390122,1295.5331040412725,250128_ARMC5mAC_TotalPolII,79.5364856751828,1.2928090331119289,,,24,0.0
166,K09,455.3164818137036,334.37990518624895,469.86010417912195,1643.1829108391607,HCT116 OsTIRF74G,"EU 1 mM, 30 mins",Vehicle,24,Total Pol II F12,Goat anti-mouse Alexa647,4576,152.42551317975827,1537.1890833717182,250128_ARMC5mAC_TotalPolII,-0.25876561314601076,-0.004206051088303138,,,24,0.0
167,K10,773.7131792789127,339.3214016690894,536.4392969204916,1413.3968620212274,HCT116 OsTIRF74G ARMC5mAC Clone 5A1,"EU 1 mM, 30 mins",10 µM 5PhIAA,24,Total Pol II F12,Goat anti-mouse Alexa647,2167,163.23179544233884,1316.6511397423192,250128_ARMC5mAC_TotalPolII,4.682730869694467,0.07611446138941028,,,24,24.0
168,K11,677.4944550492114,346.43907574946235,528.3332803850726,1449.9746609564597,HCT116 OsTIRF74G ARMC5mAC Clone 5F9,"EU 1 mM, 30 mins",10 µM 5PhIAA,24,Total Pol II F12,Goat anti-mouse Alexa647,2802,155.00533120027464,1336.766752105456,250128_ARMC5mAC_TotalPolII,11.800404950067389,0.19180719369633847,,,24,24.0
169,K12,441.6792566075545,341.07871904867824,472.785266476763,1654.0590697674418,HCT116 OsTIRF74G,"EU 1 mM, 30 mins",10 µM 5PhIAA,24,Total Pol II F12,Goat anti-mouse Alexa647,4300,152.4898711128908,1559.5084496693607,250128_ARMC5mAC_TotalPolII,6.440048249283279,0.10467840613867996,,,24,24.0
170,K13,550.4507490002575,424.10329751255676,571.2329413934784,1358.3248820754718,HCT116 OsTIRF74G ARMC5mAC Clone 5A1,"EU 1 mM, 30 mins",Vehicle,24,Total Pol II F12,Goat anti-mouse Alexa647,1696,160.44416752366084,1281.3722842043453,250128_ARMC5mAC_TotalPolII,89.4646267131618,1.4541839078873346,,,24,0.0
171,K14,508.6699070680758,414.5379742299864,540.9875067753684,1397.9384761003312,HCT116 OsTIRF74G ARMC5mAC Clone 5F9,"EU 1 mM, 30 mins",Vehicle,24,Total Pol II F12,Goat anti-mouse Alexa647,2113,157.00564383670851,1288.1838516093835,250128_ARMC5mAC_TotalPolII,79.89930343059143,1.298706377803285,,,24,0.0
172,K15,428.86600976296074,337.8484931444288,457.8878524714932,1616.2339111849917,HCT116 OsTIRF74G,"EU 1 mM, 30 mins",Vehicle,24,Total Pol II F12,Goat anti-mouse Alexa647,4211,151.94243526301966,1512.1697451484686,250128_ARMC5mAC_TotalPolII,3.2098223450338423,0.05217338039413857,,,24,0.0
173,K16,723.1413971741707,344.54299168414633,540.7051668473568,1502.979020979021,HCT116 OsTIRF74G ARMC5mAC Clone 5A1,"EU 1 mM, 30 mins",10 µM 5PhIAA,24,Total Pol II F12,Goat anti-mouse Alexa647,2002,160.6552352357791,1427.0434782608695,250128_ARMC5mAC_TotalPolII,9.904320884751371,0.1609876951181534,,,24,24.0
174,K17,653.5657449639542,342.16242998962593,542.7346096817031,1430.5273010920437,HCT116 OsTIRF74G ARMC5mAC Clone 5F9,"EU 1 mM, 30 mins",10 µM 5PhIAA,24,Total Pol II F12,Goat anti-mouse Alexa647,2564,158.07157130784458,1336.5188679245282,250128_ARMC5mAC_TotalPolII,7.523759190230976,0.12229335708661408,,,24,24.0
175,K18,431.1489448502392,335.443989539171,453.5987336215339,1639.6987896780088,HCT116 OsTIRF74G,"EU 1 mM, 30 mins",10 µM 5PhIAA,24,Total Pol II F12,Goat anti-mouse Alexa647,4379,158.65617820297507,1533.451923076923,250128_ARMC5mAC_TotalPolII,0.8053187397760553,0.013089883623581489,,,24,24.0
176,K19,493.93326925842257,412.06613973058285,541.1193011680364,1418.6226030191758,HCT116 OsTIRF74G ARMC5mAC Clone 5A1,"EU 1 mM, 30 mins",Vehicle,24,Total Pol II F12,Goat anti-mouse Alexa647,2451,163.09359946294907,1320.9472507822977,250128_ARMC5mAC_TotalPolII,77.42746893118789,1.2585284652131175,,,24,0.0
177,K20,506.0426996416533,424.08689202149174,551.102826363554,1364.5754005655042,HCT116 OsTIRF74G ARMC5mAC Clone 5F9,"EU 1 mM, 30 mins",Vehicle,24,Total Pol II F12,Goat anti-mouse Alexa647,2122,161.40527608960804,1243.3601236476043,250128_ARMC5mAC_TotalPolII,89.44822122209678,1.4539172482925404,,,24,0.0
178,K21,449.78908837387644,335.2935694372523,474.33784303566875,1632.3508889634352,HCT116 OsTIRF74G,"EU 1 mM, 30 mins",Vehicle,24,Total Pol II F12,Goat anti-mouse Alexa647,2981,157.5358407048931,1507.3431205189484,250128_ARMC5mAC_TotalPolII,0.6548986378573431,0.010644911798747577,,,24,0.0
179,K22,402.21165835506974,331.8588664744214,440.8400992106972,1662.2315041101976,HCT116 OsTIRF74G,"EU 1 mM, 30 mins",No addition,No addition,Total Pol II F12,Goat anti-mouse Alexa647,4501,151.24877685531007,1594.4045475011255,250128_ARMC5mAC_TotalPolII,-2.7798043249735542,-0.04518374317273553,,,No addition,0.0
180,L03,458.0331902508544,328.8756332949728,462.79131033932015,1662.491715085001,HCT116 OsTIRF74G,"EU 1 mM, 30 mins",No addition,No addition,Total Pol II F12,Goat anti-mouse Alexa647,4647,156.6815697155849,1539.4150464919696,250128_ARMC5mAC_TotalPolII,-5.763037504422186,-0.09367407775981933,,,No addition,0.0
181,L04,744.5711832584847,333.31480466612186,573.608211442451,1371.7154416722858,HCT116 OsTIRF74G ARMC5mAC Clone 5A1,"EU 1 mM, 30 mins",10 µM 5PhIAA,8,Total Pol II F12,Goat anti-mouse Alexa647,1483,167.41929639037585,1308.56,250128_ARMC5mAC_TotalPolII,-1.3238661332730999,-0.02151850287572428,,,8,8.0
182,L05,718.796120178438,335.3255361240895,547.3111587342167,1380.8473951129554,HCT116 OsTIRF74G ARMC5mAC Clone 5F9,"EU 1 mM, 30 mins",10 µM 5PhIAA,8,Total Pol II F12,Goat anti-mouse Alexa647,2169,168.27523538987762,1285.4601293103449,250128_ARMC5mAC_TotalPolII,0.6868653246945655,0.011164507568550568,,,8,8.0
183,L06,461.2356149921072,328.81255862321643,441.4554665996776,1659.3212318477717,HCT116 OsTIRF74G,"EU 1 mM, 30 mins",10 µM 5PhIAA,8,Total Pol II F12,Goat anti-mouse Alexa647,3994,158.8400890321814,1577.2019931939717,250128_ARMC5mAC_TotalPolII,-5.826112176178526,-0.09469931171018746,,,8,8.0
184,L07,544.285992181856,407.8295616936734,521.0894636532918,1430.2526720820863,HCT116 OsTIRF74G ARMC5mAC Clone 5A1,"EU 1 mM, 30 mins",Vehicle,8,Total Pol II F12,Goat anti-mouse Alexa647,2339,162.09496024747523,1370.7303271441203,250128_ARMC5mAC_TotalPolII,73.19089089427843,1.1896659009559047,,,8,0.0
185,L08,534.6320547395866,412.11817598190106,522.9685455897023,1404.581047381546,HCT116 OsTIRF74G ARMC5mAC Clone 5F9,"EU 1 mM, 30 mins",Vehicle,8,Total Pol II F12,Goat anti-mouse Alexa647,2005,157.39487281866434,1294.303937881309,250128_ARMC5mAC_TotalPolII,77.4795051825061,1.2593742774863452,,,8,0.0
186,L09,476.12917696363223,333.0162074752742,471.0755643498146,1597.0221118012423,HCT116 OsTIRF74G,"EU 1 mM, 30 mins",Vehicle,8,Total Pol II F12,Goat anti-mouse Alexa647,4025,154.46394456201932,1486.6650683289379,250128_ARMC5mAC_TotalPolII,-1.6224633241207584,-0.02637198794377462,,,8,0.0
187,L10,764.3013375718341,340.0381343924112,554.8854734351991,1371.972566949706,HCT116 OsTIRF74G ARMC5mAC Clone 5A1,"EU 1 mM, 30 mins",10 µM 5PhIAA,8,Total Pol II F12,Goat anti-mouse Alexa647,1531,165.13939186504956,1282.091033538672,250128_ARMC5mAC_TotalPolII,5.399463593016264,0.08776444229026938,,,8,8.0
188,L11,680.6957985851183,342.9098669941411,551.9580682979791,1361.6741095162147,HCT116 OsTIRF74G ARMC5mAC Clone 5F9,"EU 1 mM, 30 mins",10 µM 5PhIAA,8,Total Pol II F12,Goat anti-mouse Alexa647,1881,158.1700361483858,1268.1283547257876,250128_ARMC5mAC_TotalPolII,8.271196194746153,0.1344424142509646,,,8,8.0
189,L12,457.58330632511695,338.02075887287106,467.1964539249145,1659.8191636665745,HCT116 OsTIRF74G,"EU 1 mM, 30 mins",10 µM 5PhIAA,8,Total Pol II F12,Goat anti-mouse Alexa647,3611,155.2070795154246,1570.9441201000834,250128_ARMC5mAC_TotalPolII,3.3820880734760976,0.05497343734831757,,,8,8.0
190,L13,537.7072690153518,416.58004516538097,553.5531951505034,1460.6836786255685,HCT116 OsTIRF74G ARMC5mAC Clone 5A1,"EU 1 mM, 30 mins",Vehicle,8,Total Pol II F12,Goat anti-mouse Alexa647,1979,162.02544065797665,1354.111607142857,250128_ARMC5mAC_TotalPolII,81.94137436598601,1.331898789174274,,,8,0.0
191,L14,546.590334406251,423.16423822146055,553.2473788766735,1390.4819347319346,HCT116 OsTIRF74G ARMC5mAC Clone 5F9,"EU 1 mM, 30 mins",Vehicle,8,Total Pol II F12,Goat anti-mouse Alexa647,1716,155.6598953653233,1304.9712609970675,250128_ARMC5mAC_TotalPolII,88.52556742206559,1.4389201666766054,,,8,0.0
192,L15,435.7475092254615,335.6558369536152,475.57561718628665,1590.2785911309145,HCT116 OsTIRF74G,"EU 1 mM, 30 mins",Vehicle,8,Total Pol II F12,Goat anti-mouse Alexa647,4713,154.98159920124945,1497.3269433326311,250128_ARMC5mAC_TotalPolII,1.0171661542202628,0.016533312745574166,,,8,0.0
193,L16,707.1732445870625,341.65040405288187,556.732081354285,1399.567270730368,HCT116 OsTIRF74G ARMC5mAC Clone 5A1,"EU 1 mM, 30 mins",10 µM 5PhIAA,8,Total Pol II F12,Goat anti-mouse Alexa647,1821,164.25892592604455,1317.5032295948326,250128_ARMC5mAC_TotalPolII,7.011733253486909,0.1139707394779652,,,8,8.0
194,L17,645.0772125857454,345.29376816433984,563.0676403848285,1406.4024096385542,HCT116 OsTIRF74G ARMC5mAC Clone 5F9,"EU 1 mM, 30 mins",10 µM 5PhIAA,8,Total Pol II F12,Goat anti-mouse Alexa647,2075,158.98999734635063,1319.3989283974672,250128_ARMC5mAC_TotalPolII,10.65509736494488,0.17319103308566178,,,8,8.0
195,L18,457.18479045459037,338.46389647439685,464.0535329021844,1669.2748554913294,HCT116 OsTIRF74G,"EU 1 mM, 30 mins",10 µM 5PhIAA,8,Total Pol II F12,Goat anti-mouse Alexa647,3460,153.22969083694193,1554.6908773968623,250128_ARMC5mAC_TotalPolII,3.8252256750018887,0.062176324039888514,,,8,8.0
196,L19,509.7998890821919,415.3178684953806,559.3821898784215,1419.272838002436,HCT116 OsTIRF74G ARMC5mAC Clone 5A1,"EU 1 mM, 30 mins",Vehicle,8,Total Pol II F12,Goat anti-mouse Alexa647,1642,159.6518749347178,1340.75,250128_ARMC5mAC_TotalPolII,80.67919769598564,1.3113830046697448,,,8,0.0
197,L20,509.24702162196945,418.6265253834214,555.4297719462245,1375.1762962962962,HCT116 OsTIRF74G ARMC5mAC Clone 5F9,"EU 1 mM, 30 mins",Vehicle,8,Total Pol II F12,Goat anti-mouse Alexa647,2025,160.4650418555311,1254.6467203682394,250128_ARMC5mAC_TotalPolII,83.98785458402642,1.3651628703001646,,,8,0.0
198,L21,432.3481761763185,332.90872069181944,464.827274761278,1665.3793911007026,HCT116 OsTIRF74G,"EU 1 mM, 30 mins",Vehicle,8,Total Pol II F12,Goat anti-mouse Alexa647,3416,155.67314901479122,1558.6521739130435,250128_ARMC5mAC_TotalPolII,-1.7299501075755188,-0.028119109197760558,,,8,0.0
199,L22,429.1326881879742,330.8565580891089,448.83825655892343,1638.0036047497879,HCT116 OsTIRF74G,"EU 1 mM, 30 mins",No addition,No addition,Total Pol II F12,Goat anti-mouse Alexa647,4716,154.56682597867632,1545.7623655913978,250128_ARMC5mAC_TotalPolII,-3.7821127102860714,-0.06147555344692484,,,No addition,0.0
200,M03,470.4242262149923,331.90631083890395,453.195366645115,1676.919839205486,HCT116 OsTIRF74G,"EU 1 mM, 30 mins",No addition,No addition,Total Pol II F12,Goat anti-mouse Alexa647,4229,153.51286902519567,1563.8695949021392,250128_ARMC5mAC_TotalPolII,-2.73235996049101,-0.0444125687557041,,,No addition,0.0
201,M04,695.727738383134,336.67385529694985,552.5280119450892,1358.4010695187167,HCT116 OsTIRF74G ARMC5mAC Clone 5A1,"EU 1 mM, 30 mins",10 µM 5PhIAA,2,Total Pol II F12,Goat anti-mouse Alexa647,1122,165.87069904008393,1296.2556634304208,250128_ARMC5mAC_TotalPolII,2.0351844975548943,0.03308047721939133,,,2,2.0
202,M05,623.627170803951,339.5677998631318,535.7512183798922,1439.117178158629,HCT116 OsTIRF74G ARMC5mAC Clone 5F9,"EU 1 mM, 30 mins",10 µM 5PhIAA,2,Total Pol II F12,Goat anti-mouse Alexa647,2509,157.4383980350646,1319.1416739319966,250128_ARMC5mAC_TotalPolII,4.929129063736866,0.08011948887203481,,,2,2.0
203,M06,464.2790477188438,329.6557968929325,424.94220136242217,1686.5686382393399,HCT116 OsTIRF74G,"EU 1 mM, 30 mins",10 µM 5PhIAA,2,Total Pol II F12,Goat anti-mouse Alexa647,3635,155.06425474565413,1622.7083914134373,250128_ARMC5mAC_TotalPolII,-4.98287390646243,-0.08099307308397176,,,2,2.0
204,M07,596.4837544806709,409.30264764839103,535.7362427144725,1421.9435637285985,HCT116 OsTIRF74G ARMC5mAC Clone 5A1,"EU 1 mM, 30 mins",Vehicle,2,Total Pol II F12,Goat anti-mouse Alexa647,1577,159.17826789849883,1332.074433656958,250128_ARMC5mAC_TotalPolII,74.66397684899607,1.2136098659506205,,,2,0.0
205,M08,590.538030565986,412.8257565737504,521.1660953500917,1417.2310660877954,HCT116 OsTIRF74G ARMC5mAC Clone 5F9,"EU 1 mM, 30 mins",Vehicle,2,Total Pol II F12,Goat anti-mouse Alexa647,2073,156.97429554273506,1308.0279162512463,250128_ARMC5mAC_TotalPolII,78.18708577435547,1.2708754969962608,,,2,0.0
206,M09,490.68923335395743,333.6773966787483,464.5671345749492,1712.4318514899853,HCT116 OsTIRF74G,"EU 1 mM, 30 mins",Vehicle,2,Total Pol II F12,Goat anti-mouse Alexa647,4094,151.75514114489982,1595.2516222062004,250128_ARMC5mAC_TotalPolII,-0.9612741206466353,-0.015624827472814285,,,2,0.0
207,M10,635.3925829232876,344.08166991819456,514.1704794198905,1359.589638718473,HCT116 OsTIRF74G ARMC5mAC Clone 5A1,"EU 1 mM, 30 mins",10 µM 5PhIAA,2,Total Pol II F12,Goat anti-mouse Alexa647,1467,157.71085382366854,1300.7855641205326,250128_ARMC5mAC_TotalPolII,9.442999118799605,0.15348923776074364,,,2,2.0
208,M11,644.1660923026631,350.23417876003055,548.782093574422,1448.2363199037884,HCT116 OsTIRF74G ARMC5mAC Clone 5F9,"EU 1 mM, 30 mins",10 µM 5PhIAA,2,Total Pol II F12,Goat anti-mouse Alexa647,1663,154.28179364034895,1299.1969309462916,250128_ARMC5mAC_TotalPolII,15.595507960635587,0.2534938952396999,,,2,2.0
209,M12,466.3541560284223,341.90611517249135,409.2046441823263,1736.0992496589358,HCT116 OsTIRF74G,"EU 1 mM, 30 mins",10 µM 5PhIAA,2,Total Pol II F12,Goat anti-mouse Alexa647,2932,149.49859017742912,1624.954811443433,250128_ARMC5mAC_TotalPolII,7.267444373096396,0.11812714194523512,,,2,2.0
210,M13,606.001661191945,409.99346546349835,583.2933373553349,1343.5408759124089,HCT116 OsTIRF74G ARMC5mAC Clone 5A1,"EU 1 mM, 30 mins",Vehicle,2,Total Pol II F12,Goat anti-mouse Alexa647,1370,156.44802826108648,1296.4360679970437,250128_ARMC5mAC_TotalPolII,75.3547946641034,1.224838618441052,,,2,0.0
211,M14,543.7581067945787,422.25196535127776,510.57945125290075,1403.6443176414646,HCT116 OsTIRF74G ARMC5mAC Clone 5F9,"EU 1 mM, 30 mins",Vehicle,2,Total Pol II F12,Goat anti-mouse Alexa647,2103,151.92121251882241,1294.7066961815162,250128_ARMC5mAC_TotalPolII,87.6132945518828,1.4240918196956769,,,2,0.0
212,M15,475.15803006262485,340.95642142344855,481.97604976926084,1603.275117836765,HCT116 OsTIRF74G,"EU 1 mM, 30 mins",Vehicle,2,Total Pol II F12,Goat anti-mouse Alexa647,4031,149.69526489273008,1502.6200103680665,250128_ARMC5mAC_TotalPolII,6.317750624053588,0.10269054518049311,,,2,0.0
213,M16,641.7087470723021,352.71719024511606,525.6842400077282,1404.3553664921467,HCT116 OsTIRF74G ARMC5mAC Clone 5A1,"EU 1 mM, 30 mins",10 µM 5PhIAA,2,Total Pol II F12,Goat anti-mouse Alexa647,1528,158.8511903536609,1331.8665401644528,250128_ARMC5mAC_TotalPolII,18.0785194457211,0.2938534817865421,,,2,2.0
214,M17,581.9813087179544,346.51333408769733,557.2256648360469,1410.6490958060792,HCT116 OsTIRF74G ARMC5mAC Clone 5F9,"EU 1 mM, 30 mins",10 µM 5PhIAA,2,Total Pol II F12,Goat anti-mouse Alexa647,2599,156.97846136119858,1330.3493816254418,250128_ARMC5mAC_TotalPolII,11.874663288302372,0.19301421019498197,,,2,2.0
215,M18,448.774327693212,340.95217603711126,441.0477563215383,1606.5697529323684,HCT116 OsTIRF74G,"EU 1 mM, 30 mins",10 µM 5PhIAA,2,Total Pol II F12,Goat anti-mouse Alexa647,4007,152.05441651299853,1494.4164171656687,250128_ARMC5mAC_TotalPolII,6.313505237716299,0.10262153944357495,,,2,2.0
216,M19,559.6749772978437,423.13887823846176,566.3408415472228,1377.6657159155734,HCT116 OsTIRF74G ARMC5mAC Clone 5A1,"EU 1 mM, 30 mins",Vehicle,2,Total Pol II F12,Goat anti-mouse Alexa647,1753,158.04013938729335,1293.8984651711924,250128_ARMC5mAC_TotalPolII,88.5002074390668,1.4385079581810691,,,2,0.0
217,M20,511.59374715709686,418.4282922734126,534.7772874933162,1399.4273166447078,HCT116 OsTIRF74G ARMC5mAC Clone 5F9,"EU 1 mM, 30 mins",Vehicle,2,Total Pol II F12,Goat anti-mouse Alexa647,2277,153.7426712452018,1300.9551312649164,250128_ARMC5mAC_TotalPolII,83.78962147401762,1.3619407320185228,,,2,0.0
218,M21,463.00107203050425,337.5918314267187,471.59763896034735,1680.7778606038016,HCT116 OsTIRF74G,"EU 1 mM, 30 mins",Vehicle,2,Total Pol II F12,Goat anti-mouse Alexa647,2683,152.52770150320023,1547.5549410029498,250128_ARMC5mAC_TotalPolII,2.9531606273237685,0.04800152663051244,,,2,0.0
219,M22,409.9378891700837,335.6539216622558,441.88481970006535,1693.1517904863708,HCT116 OsTIRF74G,"EU 1 mM, 30 mins",No addition,No addition,Total Pol II F12,Goat anti-mouse Alexa647,3742,151.6067482636132,1602.1834981780323,250128_ARMC5mAC_TotalPolII,1.015250862860853,0.016502181046084724,,,No addition,0.0
220,N03,433.75954503857616,329.34446911471196,451.20369856981006,1721.5317589576548,HCT116 OsTIRF74G,No addition,No addition,No addition,Total Pol II F12,Goat anti-mouse Alexa647,3684,132.16520310944418,1615.6054677030286,250128_ARMC5mAC_TotalPolII,-5.294201684683003,-0.08605348479974623,,,No addition,0.0
221,N04,173.1120445464974,330.25543516668597,457.6381013146683,1635.236976744186,HCT116 OsTIRF74G,No addition,No addition,No addition,No primary,Goat anti-mouse Alexa647,4300,131.16183450190906,1562.6811842427207,250128_ARMC5mAC_TotalPolII,-4.383235632708988,-0.07124637921979995,,,No addition,0.0
222,N05,435.5161684886319,325.1620656724176,420.28207911822136,1676.5338530066815,HCT116 OsTIRF74G,No addition,No addition,No addition,Total Pol II F12,Goat anti-mouse Alexa647,4490,130.65641386657674,1592.8959591267999,250128_ARMC5mAC_TotalPolII,-9.476605126977347,-0.15403547953356278,,,No addition,0.0
223,N06,171.52094179457657,324.0517518155139,437.0119931795998,1724.8719619143071,HCT116 OsTIRF74G,No addition,No addition,No addition,No primary,Goat anti-mouse Alexa647,3991,130.54622552375912,1616.5898226676948,250128_ARMC5mAC_TotalPolII,-10.586918983881048,-0.1720828419686664,,,No addition,0.0
224,N07,453.1749147955503,327.82591068675066,441.03089127579346,1717.5111571198527,HCT116 OsTIRF74G,No addition,No addition,No addition,Total Pol II F12,Goat anti-mouse Alexa647,4347,130.89937708748695,1641.69654199012,250128_ARMC5mAC_TotalPolII,-6.812760112644298,-0.11073657252119905,,,No addition,0.0
225,N08,171.27758594228575,327.503359399812,437.07425366247014,1673.989832970225,HCT116 OsTIRF74G,No addition,No addition,No addition,No primary,Goat anti-mouse Alexa647,4131,131.10348198407118,1571.4882268140318,250128_ARMC5mAC_TotalPolII,-7.1353113995829744,-0.11597941439252793,,,No addition,0.0
226,N09,447.31856664680356,331.2264836317242,407.3678020120709,1731.9701308318934,HCT116 OsTIRF74G,No addition,No addition,No addition,Total Pol II F12,Goat anti-mouse Alexa647,4051,130.8020511051455,1623.9673063255152,250128_ARMC5mAC_TotalPolII,-3.4121871676707656,-0.05546267672736516,,,No addition,0.0
227,N10,170.65988206712908,331.39445601564086,420.77371546003695,1736.9189258972374,HCT116 OsTIRF74G,No addition,No addition,No addition,No primary,Goat anti-mouse Alexa647,3873,130.77515996284333,1630.72619361646,250128_ARMC5mAC_TotalPolII,-3.244214783754103,-0.05273240503636229,,,No addition,0.0
228,N11,434.9956595176121,335.7384183949892,427.11950074952534,1710.355898945303,HCT116 OsTIRF74G,No addition,No addition,No addition,Total Pol II F12,Goat anti-mouse Alexa647,4077,131.32491355289423,1595.0513843266071,250128_ARMC5mAC_TotalPolII,1.0997475955942377,0.017875615368947304,,,No addition,0.0
229,N12,171.44017664301495,338.2414917880528,424.58810097293014,1730.0430166076776,HCT116 OsTIRF74G,No addition,No addition,No addition,No primary,Goat anti-mouse Alexa647,3673,130.4689616730974,1615.8968707482993,250128_ARMC5mAC_TotalPolII,3.602820988657868,0.05856129396820293,,,No addition,0.0
230,N13,459.33949184086464,341.08719131126486,446.7347309029026,1689.955990842025,HCT116 OsTIRF74G,No addition,No addition,No addition,Total Pol II F12,Goat anti-mouse Alexa647,3931,130.94239750680416,1607.9954186815983,250128_ARMC5mAC_TotalPolII,6.448520511869901,0.10481611674419516,,,No addition,0.0
231,N14,175.98398634153494,339.79590956424744,462.6913709024719,1677.887317412474,HCT116 OsTIRF74G,No addition,No addition,No addition,No primary,Goat anti-mouse Alexa647,4313,131.67243514579798,1592.6372641509433,250128_ARMC5mAC_TotalPolII,5.15723876485248,0.08382724990320574,,,No addition,0.0
232,N15,483.24018348261404,339.89714636052344,470.91142791662367,1703.8372582001682,HCT116 OsTIRF74G,No addition,No addition,No addition,Total Pol II F12,Goat anti-mouse Alexa647,2378,132.11861564520106,1607.8494714587737,250128_ARMC5mAC_TotalPolII,5.258475561128478,0.08547278205864217,,,No addition,0.0
233,N16,177.18442624858034,341.0090196253975,477.55262115772734,1726.8419921175207,HCT116 OsTIRF74G,No addition,No addition,No addition,No primary,Goat anti-mouse Alexa647,2791,131.9536721682684,1623.3832495812396,250128_ARMC5mAC_TotalPolII,6.370348826002555,0.10354549156173973,,,No addition,0.0
234,N17,480.9792342432633,341.85210183091255,497.4286064008185,1681.5329776915617,HCT116 OsTIRF74G,No addition,No addition,No addition,Total Pol II F12,Goat anti-mouse Alexa647,2062,132.73944624592747,1571.5053314789059,250128_ARMC5mAC_TotalPolII,7.213431031517587,0.1172491934753113,,,No addition,0.0
235,N18,178.0498219581411,342.1794933220077,486.6685114357734,1704.3884396525907,HCT116 OsTIRF74G,No addition,No addition,No addition,No primary,Goat anti-mouse Alexa647,3339,131.9504733118765,1621.9086826347304,250128_ARMC5mAC_TotalPolII,7.540822522612757,0.12257070942436064,,,No addition,0.0
236,N19,468.52959273081564,337.6608454713099,500.68752195445893,1663.9840142095916,HCT116 OsTIRF74G,No addition,No addition,No addition,Total Pol II F12,Goat anti-mouse Alexa647,2815,133.07557645076326,1563.6778846153845,250128_ARMC5mAC_TotalPolII,3.022174671914968,0.04912330086408196,,,No addition,0.0
237,N20,177.91145773093237,340.91301527299396,490.2609684942422,1695.2767160161507,HCT116 OsTIRF74G,No addition,No addition,No addition,No primary,Goat anti-mouse Alexa647,3715,132.28664862753243,1589.0364229410166,250128_ARMC5mAC_TotalPolII,6.274344473599001,0.101985009061768,,,No addition,0.0
238,N21,447.18425869709466,338.1721874908502,457.9975000101515,1738.2981766178048,HCT116 OsTIRF74G,No addition,No addition,No addition,Total Pol II F12,Goat anti-mouse Alexa647,2797,131.72657752477542,1624.4440028901734,250128_ARMC5mAC_TotalPolII,3.5335166914552474,0.05743480188477187,,,No addition,0.0
239,N22,180.36167061714787,350.4894649081614,462.090804477606,1734.3210168489506,HCT116 OsTIRF74G,No addition,No addition,No addition,No primary,Goat anti-mouse Alexa647,3383,131.87252586412475,1639.265763111373,250128_ARMC5mAC_TotalPolII,15.850794108766422,0.2576433900976915,,,No addition,0.0
0,C03,444.398223883566,259.49310590849984,440.9435324059617,1734.4132431126147,HCT116 OsTIRF74G,No addition,No addition,No addition,Total Pol II F12,Goat anti-mouse Alexa647,4218,135.04025030595102,1633.1424418604652,250203_ARMC5mAC_TotalPolII,10.34838420561897,0.21513780696284904,,,No addition,0.0
1,C04,440.1301200444293,258.3233483311108,453.79041802784303,1728.4544992374174,HCT116 OsTIRF74G,No addition,No addition,No addition,Total Pol II F12,Goat anti-mouse Alexa647,3306,135.82794930796524,1595.5012594458437,250203_ARMC5mAC_TotalPolII,9.17862662822995,0.190819123497173,,,No addition,0.0
2,C05,470.56476183172543,259.9064672200733,468.2900273599582,1649.8355263157894,HCT116 OsTIRF74G,No addition,No addition,No addition,Total Pol II F12,Goat anti-mouse Alexa647,3637,136.0890649574445,1528.11131898971,250203_ARMC5mAC_TotalPolII,10.761745517192423,0.2237313848865323,,,No addition,0.0
3,C06,460.14179940758214,260.730616980866,468.11184092520443,1721.67194092827,HCT116 OsTIRF74G,No addition,No addition,No addition,Total Pol II F12,Goat anti-mouse Alexa647,3696,135.57470671825425,1578.012201591512,250203_ARMC5mAC_TotalPolII,11.585895277985117,0.24086505219370696,,,No addition,0.0
4,C07,464.7189752629562,262.01739968190833,484.4727097935988,1663.941596076683,HCT116 OsTIRF74G,No addition,No addition,No addition,Total Pol II F12,Goat anti-mouse Alexa647,4018,135.0996285412174,1543.4196510560148,250203_ARMC5mAC_TotalPolII,12.872677979027458,0.26761663029897914,,,No addition,0.0
5,C08,444.80245283299985,260.2921023654176,454.780608142284,1762.422990570274,HCT116 OsTIRF74G,No addition,No addition,No addition,Total Pol II F12,Goat anti-mouse Alexa647,3467,134.4860716735454,1637.5392290249433,250203_ARMC5mAC_TotalPolII,11.147380662536705,0.2317485494804135,,,No addition,0.0
6,C09,449.2573286330402,259.8839437687449,463.5885672633983,1703.6279969064192,HCT116 OsTIRF74G,No addition,No addition,No addition,Total Pol II F12,Goat anti-mouse Alexa647,4007,134.67719868531142,1597.562185199535,250203_ARMC5mAC_TotalPolII,10.739222065864055,0.22326313343512325,,,No addition,0.0
7,C10,468.1015843635118,261.90908746438197,454.54241982830916,1705.624674196351,HCT116 OsTIRF74G,No addition,No addition,No addition,Total Pol II F12,Goat anti-mouse Alexa647,3940,135.03562327151633,1554.0538156153507,250203_ARMC5mAC_TotalPolII,12.764365761501097,0.2653648726832103,,,No addition,0.0
8,C11,454.36158437066496,261.0430819640109,477.97906434228304,1759.8955613577023,HCT116 OsTIRF74G,No addition,No addition,No addition,Total Pol II F12,Goat anti-mouse Alexa647,3998,134.1687764574407,1640.5070175438595,250203_ARMC5mAC_TotalPolII,11.898360261130051,0.2473610451807072,,,No addition,0.0
9,C12,452.69140065919726,262.1829723146644,435.20929617547364,1742.3019425675675,HCT116 OsTIRF74G,No addition,No addition,No addition,Total Pol II F12,Goat anti-mouse Alexa647,4108,132.81061889263242,1556.332972972973,250203_ARMC5mAC_TotalPolII,13.038250611783553,0.27105880372397334,,,No addition,0.0
10,C13,442.49970135715466,261.5040497452384,466.5587713995737,1673.259115044248,HCT116 OsTIRF74G,No addition,No addition,No addition,Total Pol II F12,Goat anti-mouse Alexa647,4388,134.87766984639288,1567.4437679083094,250203_ARMC5mAC_TotalPolII,12.359328042357504,0.2569443381434826,,,No addition,0.0
11,C14,441.1022660395474,257.0924346926302,438.11131770459605,1713.8856372737775,HCT116 OsTIRF74G,No addition,No addition,No addition,Total Pol II F12,Goat anti-mouse Alexa647,4201,134.2402937009938,1576.6378568635118,250203_ARMC5mAC_TotalPolII,7.947712989749334,0.16522903566494979,,,No addition,0.0
12,C15,459.1331170876499,252.7559958593765,454.53837882652044,1647.640038040894,HCT116 OsTIRF74G,No addition,No addition,No addition,Total Pol II F12,Goat anti-mouse Alexa647,4115,134.9976476997816,1535.9191321499013,250203_ARMC5mAC_TotalPolII,3.611274156495625,0.07507660973277626,,,No addition,0.0
13,C16,428.2563454847568,249.41559766243358,415.9570181600521,1738.5986368799697,HCT116 OsTIRF74G,No addition,No addition,No addition,Total Pol II F12,Goat anti-mouse Alexa647,3427,133.57959079752388,1620.1798698813625,250203_ARMC5mAC_TotalPolII,0.27087595955271127,0.005631377685560337,,,No addition,0.0
14,C17,433.6324584642186,249.05767610946137,432.61494744707863,1786.7741007194245,HCT116 OsTIRF74G,No addition,No addition,No addition,Total Pol II F12,Goat anti-mouse Alexa647,4106,133.956518401655,1656.4603000365898,250203_ARMC5mAC_TotalPolII,-0.08704559341950358,-0.0018096349828105064,,,No addition,0.0
15,C18,435.0685239731131,250.322574865298,441.2605515066078,1727.0515463917525,HCT116 OsTIRF74G,No addition,No addition,No addition,Total Pol II F12,Goat anti-mouse Alexa647,3964,134.26561486215002,1612.8752212389381,250203_ARMC5mAC_TotalPolII,1.1778531624171364,0.02448698668813316,,,No addition,0.0
16,C19,422.98243140857073,250.06890924912233,435.11590951539426,1691.298115995567,HCT116 OsTIRF74G,No addition,No addition,No addition,Total Pol II F12,Goat anti-mouse Alexa647,3547,134.69584192476114,1568.849590469099,250203_ARMC5mAC_TotalPolII,0.9241875462414555,0.019213403558480543,,,No addition,0.0
17,C20,430.1999811533405,251.1387576119862,424.16548598192463,1754.6921452702702,HCT116 OsTIRF74G,No addition,No addition,No addition,Total Pol II F12,Goat anti-mouse Alexa647,3225,134.48225112044815,1611.9856842105264,250203_ARMC5mAC_TotalPolII,1.994035909105321,0.041455023698980485,,,No addition,0.0
18,C21,465.1399825884958,251.71266821154794,469.7006528939868,1748.3106027276726,HCT116 OsTIRF74G,No addition,No addition,No addition,Total Pol II F12,Goat anti-mouse Alexa647,2977,136.69494415340856,1609.0878136200718,250203_ARMC5mAC_TotalPolII,2.567946508667063,0.053386342185919276,,,No addition,0.0
19,C22,439.1015102152411,251.8110454603255,441.5674587158278,1815.766384306732,HCT116 OsTIRF74G,No addition,No addition,No addition,Total Pol II F12,Goat anti-mouse Alexa647,4059,135.07478538713204,1691.8520499108733,250203_ARMC5mAC_TotalPolII,2.6663237574446157,0.05543155669830173,,,No addition,0.0
20,D03,418.2879591964226,258.7617511083341,445.9915269438594,1704.33487007544,HCT116 OsTIRF74G,"EU 1 mM, 30 mins",No addition,No addition,Total Pol II F12,Goat anti-mouse Alexa647,4609,158.83171804931064,1587.636247334755,250203_ARMC5mAC_TotalPolII,9.617029405453252,0.19993330114889096,,,No addition,0.0
21,D04,426.3679765456637,257.0609807878668,460.95756198382577,1627.088697415104,HCT116 OsTIRF74G,"EU 1 mM, 30 mins",10 µM 5PhIAA,2,Total Pol II F12,Goat anti-mouse Alexa647,2201,173.8580295945401,1505.937210499228,250203_ARMC5mAC_TotalPolII,7.916259084985938,0.1645751244884068,,,2,2.0
22,D05,563.0325501931286,260.2164515584132,500.0878110606637,1624.9867039888034,HCT116 OsTIRF74G ARMC5mAC Clone 5A1,"EU 1 mM, 30 mins",10 µM 5PhIAA,2,Total Pol II F12,Goat anti-mouse Alexa647,2540,163.72407599681384,1544.5174129353234,250203_ARMC5mAC_TotalPolII,11.07172985553234,0.23017580649073482,,,2,2.0
23,D06,465.81716057220757,261.1025926182064,465.83252959295976,1572.3679283679285,HCT116 OsTIRF74G ARMC5mAC Clone 5F9,"EU 1 mM, 30 mins",10 µM 5PhIAA,2,Total Pol II F12,Goat anti-mouse Alexa647,4446,165.58542807756612,1426.1588954277954,250203_ARMC5mAC_TotalPolII,11.957870915325543,0.24859824234889805,,,2,2.0
24,D07,455.15647529582355,257.6890712278157,446.70729582614666,1741.7355212355212,HCT116 OsTIRF74G,"EU 1 mM, 30 mins",Vehicle,2,Total Pol II F12,Goat anti-mouse Alexa647,2443,166.09406227446328,1613.7391304347825,250203_ARMC5mAC_TotalPolII,8.54434952493483,0.1776328151519951,,,2,0.0
25,D08,464.6248748001224,310.2050514827855,495.2307945582722,1614.141048824593,HCT116 OsTIRF74G ARMC5mAC Clone 5A1,"EU 1 mM, 30 mins",Vehicle,2,Total Pol II F12,Goat anti-mouse Alexa647,2489,160.85659986464375,1509.7694204685574,250203_ARMC5mAC_TotalPolII,61.060329779904635,1.2694141597626638,,,2,0.0
26,D09,462.75998484602945,308.92720589394077,459.712580532906,1572.336993822924,HCT116 OsTIRF74G ARMC5mAC Clone 5F9,"EU 1 mM, 30 mins",Vehicle,2,Total Pol II F12,Goat anti-mouse Alexa647,4000,160.56157204467203,1419.2961966961198,250203_ARMC5mAC_TotalPolII,59.78248419105989,1.2428483798149172,,,2,0.0
27,D10,451.46720157837,257.5806609211306,466.0520981204393,1663.506488240065,HCT116 OsTIRF74G,"EU 1 mM, 30 mins",10 µM 5PhIAA,2,Total Pol II F12,Goat anti-mouse Alexa647,2051,170.10510698574552,1569.7105590062113,250203_ARMC5mAC_TotalPolII,8.4359392182497,0.1753790183109632,,,2,2.0
28,D11,565.8541074072864,263.2736934785475,528.6608062716391,1527.0823436262867,HCT116 OsTIRF74G ARMC5mAC Clone 5A1,"EU 1 mM, 30 mins",10 µM 5PhIAA,2,Total Pol II F12,Goat anti-mouse Alexa647,2010,166.0083131104912,1457.5607779578606,250203_ARMC5mAC_TotalPolII,14.128971775666628,0.29373435910955303,,,2,2.0
29,D12,509.8453334472484,261.87644524900867,472.9331048983015,1592.095491657792,HCT116 OsTIRF74G ARMC5mAC Clone 5F9,"EU 1 mM, 30 mins",10 µM 5PhIAA,2,Total Pol II F12,Goat anti-mouse Alexa647,3987,166.97841051622532,1434.2245810055865,250203_ARMC5mAC_TotalPolII,12.731723546127796,0.2646862571148003,,,2,2.0
30,D13,473.044034662156,258.0174062871556,466.32210961447976,1664.9112021857923,HCT116 OsTIRF74G,"EU 1 mM, 30 mins",Vehicle,2,Total Pol II F12,Goat anti-mouse Alexa647,2029,,,250203_ARMC5mAC_TotalPolII,8.872684584274737,0.18445873920079972,,,2,0.0
31,D14,513.2882884400954,304.94133718649584,514.3860919602856,1637.0766062602966,HCT116 OsTIRF74G ARMC5mAC Clone 5A1,"EU 1 mM, 30 mins",Vehicle,2,Total Pol II F12,Goat anti-mouse Alexa647,2027,159.4960461671848,1586.8108108108108,250203_ARMC5mAC_TotalPolII,55.79661548361497,1.1599841340038723,,,2,0.0
32,D15,490.76042193539536,306.79563999840815,478.24841791441594,1525.7348586810228,HCT116 OsTIRF74G ARMC5mAC Clone 5F9,"EU 1 mM, 30 mins",Vehicle,2,Total Pol II F12,Goat anti-mouse Alexa647,3642,163.5513569645109,1378.803554724041,250203_ARMC5mAC_TotalPolII,57.650918295527276,1.1985341754860241,,,2,0.0
33,D16,454.987229761041,251.44964458328377,476.21646835281166,1680.7299349240782,HCT116 OsTIRF74G,"EU 1 mM, 30 mins",10 µM 5PhIAA,2,Total Pol II F12,Goat anti-mouse Alexa647,2101,170.23633907962247,1558.5604436229205,250203_ARMC5mAC_TotalPolII,2.3049228804028985,0.0479182105974691,,,2,2.0
34,D17,560.5049719537814,252.17721541043866,508.9438451629029,1640.7547425474254,HCT116 OsTIRF74G ARMC5mAC Clone 5A1,"EU 1 mM, 30 mins",10 µM 5PhIAA,2,Total Pol II F12,Goat anti-mouse Alexa647,2303,164.730525082765,1579.111262798635,250203_ARMC5mAC_TotalPolII,3.0324937075577907,0.06304404947763532,,,2,2.0
35,D18,488.1041457291811,250.63397068307557,446.49893433055644,1558.2891131939439,HCT116 OsTIRF74G ARMC5mAC Clone 5F9,"EU 1 mM, 30 mins",10 µM 5PhIAA,2,Total Pol II F12,Goat anti-mouse Alexa647,3435,166.1066851008551,1413.3986723935961,250203_ARMC5mAC_TotalPolII,1.4892489801947022,0.03096075225413259,,,2,2.0
36,D19,456.0479647899009,247.453114638081,452.1779452953394,1664.3633720930231,HCT116 OsTIRF74G,"EU 1 mM, 30 mins",Vehicle,2,Total Pol II F12,Goat anti-mouse Alexa647,1898,170.02825664448233,1537.2419512195122,250203_ARMC5mAC_TotalPolII,-1.6916070647998822,-0.03516767709168573,,,2,0.0
37,D20,486.2695012102947,295.18370312249726,491.2174164074647,1654.5205992509364,HCT116 OsTIRF74G ARMC5mAC Clone 5A1,"EU 1 mM, 30 mins",Vehicle,2,Total Pol II F12,Goat anti-mouse Alexa647,2836,161.44996780996658,1600.4369811320755,250203_ARMC5mAC_TotalPolII,46.03898141961639,0.9571277313072268,,,2,0.0
38,D21,478.6363779561529,302.01575728558413,494.40477185973475,1542.0353000504285,HCT116 OsTIRF74G ARMC5mAC Clone 5F9,"EU 1 mM, 30 mins",Vehicle,2,Total Pol II F12,Goat anti-mouse Alexa647,4143,167.3177835672819,1393.638961038961,250203_ARMC5mAC_TotalPolII,52.87103558270326,1.0991627698690751,,,2,0.0
39,D22,433.30873372074194,247.32840735913092,442.64257769786235,1695.5539510629762,HCT116 OsTIRF74G,"EU 1 mM, 30 mins",No addition,No addition,Total Pol II F12,Goat anti-mouse Alexa647,4395,170.66184138741195,1576.4142799515935,250203_ARMC5mAC_TotalPolII,-1.8163143437499514,-0.03776027995340151,,,No addition,0.0
40,E03,426.9581230880855,255.28507706833523,425.7477192635573,1724.8683580660604,HCT116 OsTIRF74G,"EU 1 mM, 30 mins",No addition,No addition,Total Pol II F12,Goat anti-mouse Alexa647,4501,164.95117591997646,1598.7103746397695,250203_ARMC5mAC_TotalPolII,6.140355365454354,0.12765496149429045,,,No addition,0.0
41,E04,413.9172779364106,257.01224048748855,442.57645777174713,1701.8153721024808,HCT116 OsTIRF74G,"EU 1 mM, 30 mins",10 µM 5PhIAA,8,Total Pol II F12,Goat anti-mouse Alexa647,2300,173.60711699906665,1588.237913486005,250203_ARMC5mAC_TotalPolII,7.867518784607682,0.16356183766741741,,,8,8.0
42,E05,669.2994647476431,259.4892564327517,502.02213812734425,1564.4703557312253,HCT116 OsTIRF74G ARMC5mAC Clone 5A1,"EU 1 mM, 30 mins",10 µM 5PhIAA,8,Total Pol II F12,Goat anti-mouse Alexa647,2599,165.46012619430388,1517.5065590312815,250203_ARMC5mAC_TotalPolII,10.344534729870816,0.21505777825943415,,,8,8.0
43,E06,535.8623295866547,258.79530339196424,445.95566795464583,1581.0106719367589,HCT116 OsTIRF74G ARMC5mAC Clone 5F9,"EU 1 mM, 30 mins",10 µM 5PhIAA,8,Total Pol II F12,Goat anti-mouse Alexa647,4028,168.1425407850236,1422.1132631578948,250203_ARMC5mAC_TotalPolII,9.650581689083367,0.20063083658779157,,,8,8.0
44,E07,431.8995160569203,255.22598566767994,441.38258785405696,1699.6296146044624,HCT116 OsTIRF74G,"EU 1 mM, 30 mins",Vehicle,8,Total Pol II F12,Goat anti-mouse Alexa647,1937,167.36242698456587,1573.4490968801313,250203_ARMC5mAC_TotalPolII,6.081263964799064,0.1264264804005522,,,8,0.0
45,E08,490.41185920006865,315.17672642955927,507.26340410856346,1637.3985294117647,HCT116 OsTIRF74G ARMC5mAC Clone 5A1,"EU 1 mM, 30 mins",Vehicle,8,Total Pol II F12,Goat anti-mouse Alexa647,1995,159.54347026044377,1537.1299477221808,250203_ARMC5mAC_TotalPolII,66.0320047266784,1.3727728313898997,,,8,0.0
46,E09,439.76454300283405,317.2233778061216,443.5195705244588,1547.1037012337447,HCT116 OsTIRF74G ARMC5mAC Clone 5F9,"EU 1 mM, 30 mins",Vehicle,8,Total Pol II F12,Goat anti-mouse Alexa647,3473,164.06787274494036,1417.0208858480376,250203_ARMC5mAC_TotalPolII,68.07865610324075,1.4153217047233848,,,8,0.0
47,E10,424.3132719677262,253.1981585712337,423.3302129214321,1657.292239010989,HCT116 OsTIRF74G,"EU 1 mM, 30 mins",10 µM 5PhIAA,8,Total Pol II F12,Goat anti-mouse Alexa647,1814,171.60351411937668,1549.4332977588047,250203_ARMC5mAC_TotalPolII,4.053436868352833,0.08426895457227827,,,8,8.0
48,E11,624.3342171030562,260.59849579230274,506.6960991652421,1623.0170648464164,HCT116 OsTIRF74G ARMC5mAC Clone 5A1,"EU 1 mM, 30 mins",10 µM 5PhIAA,8,Total Pol II F12,Goat anti-mouse Alexa647,2640,165.4668046344573,1524.2005669737775,250203_ARMC5mAC_TotalPolII,11.45377408942187,0.2381183178054159,,,8,8.0
49,E12,568.8647905523751,258.37964845176475,446.78765041504636,1521.1087427745665,HCT116 OsTIRF74G ARMC5mAC Clone 5F9,"EU 1 mM, 30 mins",10 µM 5PhIAA,8,Total Pol II F12,Goat anti-mouse Alexa647,3764,172.61044425527368,1400.3915426781518,250203_ARMC5mAC_TotalPolII,9.234926748883879,0.1919895752554923,,,8,8.0
50,E13,441.29770835613215,252.6048239958013,434.38651601972333,1620.8648405927256,HCT116 OsTIRF74G,"EU 1 mM, 30 mins",Vehicle,8,Total Pol II F12,Goat anti-mouse Alexa647,1782,166.05651151470713,1526.4018181818183,250203_ARMC5mAC_TotalPolII,3.460102292920425,0.07193382120097858,,,8,0.0
51,E14,471.2535935676879,313.9066508634273,482.2427765498153,1596.1620428751576,HCT116 OsTIRF74G ARMC5mAC Clone 5A1,"EU 1 mM, 30 mins",Vehicle,8,Total Pol II F12,Goat anti-mouse Alexa647,2562,159.90484772734973,1509.9564118761843,250203_ARMC5mAC_TotalPolII,64.7619291605464,1.346368586384542,,,8,0.0
52,E15,435.3893110233961,315.47270768125503,443.62412486680586,1552.214240102171,HCT116 OsTIRF74G ARMC5mAC Clone 5F9,"EU 1 mM, 30 mins",Vehicle,8,Total Pol II F12,Goat anti-mouse Alexa647,3880,162.58582214555028,1428.2495732331854,250203_ARMC5mAC_TotalPolII,66.32798597837416,1.3789261357248286,,,8,0.0
53,E16,430.66744167797026,249.389651266282,444.94204584295187,1625.6839103869654,HCT116 OsTIRF74G,"EU 1 mM, 30 mins",10 µM 5PhIAA,8,Total Pol II F12,Goat anti-mouse Alexa647,2242,,,250203_ARMC5mAC_TotalPolII,0.24492956340111505,0.00509196489843046,,,8,8.0
54,E17,607.9615327490245,249.59631197046545,478.0722917093478,1533.2337579617833,HCT116 OsTIRF74G ARMC5mAC Clone 5A1,"EU 1 mM, 30 mins",10 µM 5PhIAA,8,Total Pol II F12,Goat anti-mouse Alexa647,2523,,,250203_ARMC5mAC_TotalPolII,0.451590267584578,0.009388339076274291,,,8,8.0
55,E18,567.8093204227505,249.0318270196146,443.99593875420237,1478.4821162444114,HCT116 OsTIRF74G ARMC5mAC Clone 5F9,"EU 1 mM, 30 mins",10 µM 5PhIAA,8,Total Pol II F12,Goat anti-mouse Alexa647,4333,,,250203_ARMC5mAC_TotalPolII,-0.11289468326626206,-0.0023470248198246453,,,8,8.0
56,E19,413.5178691331223,245.47488422486475,432.98168392266325,1631.2767676767676,HCT116 OsTIRF74G,"EU 1 mM, 30 mins",Vehicle,8,Total Pol II F12,Goat anti-mouse Alexa647,2306,,,250203_ARMC5mAC_TotalPolII,-3.6698374780161203,-0.07629411232158992,,,8,0.0
57,E20,497.50706759289176,290.4684066673453,471.83538357071154,1489.5989425981873,HCT116 OsTIRF74G ARMC5mAC Clone 5A1,"EU 1 mM, 30 mins",Vehicle,8,Total Pol II F12,Goat anti-mouse Alexa647,2447,,,250203_ARMC5mAC_TotalPolII,41.323684964464405,0.8590990421530038,,,8,0.0
58,E21,412.17096104315556,304.0646144997562,438.47763364316484,1532.6853434631212,HCT116 OsTIRF74G ARMC5mAC Clone 5F9,"EU 1 mM, 30 mins",Vehicle,8,Total Pol II F12,Goat anti-mouse Alexa647,4143,162.47314340429182,1396.563909774436,250203_ARMC5mAC_TotalPolII,54.91989279687533,1.141757501479219,,,8,0.0
59,E22,415.90587758230333,246.82853748301844,423.568966736078,1716.1687444345503,HCT116 OsTIRF74G,"EU 1 mM, 30 mins",No addition,No addition,Total Pol II F12,Goat anti-mouse Alexa647,4837,166.77495473865108,1590.5132508833922,250203_ARMC5mAC_TotalPolII,-2.3161842198624356,-0.04815232829416937,,,No addition,0.0
60,F03,394.72331399432136,255.41657266132935,430.63678311100347,1722.4733305333893,HCT116 OsTIRF74G,"EU 1 mM, 30 mins",No addition,No addition,Total Pol II F12,Goat anti-mouse Alexa647,3909,157.03318791544646,1621.7301455301456,250203_ARMC5mAC_TotalPolII,6.271850958448482,0.1303886900590528,,,No addition,0.0
61,F04,427.9958198219001,253.51729645262168,439.23093518780263,1691.865265169613,HCT116 OsTIRF74G,"EU 1 mM, 30 mins",10 µM 5PhIAA,24,Total Pol II F12,Goat anti-mouse Alexa647,1404,172.49535625646692,1565.6471456692914,250203_ARMC5mAC_TotalPolII,4.3725747497408065,0.0909036738247098,,,24,24.0
62,F05,723.7920692159998,255.8551423321856,508.5070873276801,1608.269499048827,HCT116 OsTIRF74G ARMC5mAC Clone 5A1,"EU 1 mM, 30 mins",10 µM 5PhIAA,24,Total Pol II F12,Goat anti-mouse Alexa647,2253,164.17434054826043,1500.2055518836748,250203_ARMC5mAC_TotalPolII,6.7104206293047355,0.13950633734713871,,,24,24.0
63,F06,608.5973706093114,257.38280645199717,451.34514804280076,1561.6568723473717,HCT116 OsTIRF74G ARMC5mAC Clone 5F9,"EU 1 mM, 30 mins",10 µM 5PhIAA,24,Total Pol II F12,Goat anti-mouse Alexa647,3864,167.29620660204128,1432.8105189829328,250203_ARMC5mAC_TotalPolII,8.238084749116297,0.1712657214192565,,,24,24.0
64,F07,419.8464749736481,253.45655861456945,439.47576071458343,1598.1898188093185,HCT116 OsTIRF74G,"EU 1 mM, 30 mins",Vehicle,24,Total Pol II F12,Goat anti-mouse Alexa647,1757,168.74552686315374,1499.5408475316733,250203_ARMC5mAC_TotalPolII,4.311836911688573,0.0896409641090107,,,24,0.0
65,F08,485.76382719442796,301.33660706125687,486.9230720845435,1597.4954545454545,HCT116 OsTIRF74G ARMC5mAC Clone 5A1,"EU 1 mM, 30 mins",Vehicle,24,Total Pol II F12,Goat anti-mouse Alexa647,2514,160.713083392437,1495.0063532401525,250203_ARMC5mAC_TotalPolII,52.191885358376,1.0850435714553983,,,24,0.0
66,F09,434.35658454243116,298.17830777624084,396.0842039593401,1695.039629005059,HCT116 OsTIRF74G ARMC5mAC Clone 5F9,"EU 1 mM, 30 mins",Vehicle,24,Total Pol II F12,Goat anti-mouse Alexa647,4453,164.59707581762171,1456.343404568902,250203_ARMC5mAC_TotalPolII,49.03358607335997,1.0193840860314087,,,24,0.0
67,F10,451.7652654809135,249.26762981176273,429.11758178228723,1618.7410846953937,HCT116 OsTIRF74G,"EU 1 mM, 30 mins",10 µM 5PhIAA,24,Total Pol II F12,Goat anti-mouse Alexa647,1793,181.79371981757322,1524.9095057034222,250203_ARMC5mAC_TotalPolII,0.12290810888185888,0.0025551990028005143,,,24,24.0
68,F11,716.5677583582252,251.52503513979815,491.8137351082032,1557.9327548806941,HCT116 OsTIRF74G ARMC5mAC Clone 5A1,"EU 1 mM, 30 mins",10 µM 5PhIAA,24,Total Pol II F12,Goat anti-mouse Alexa647,2683,175.09530987924407,1486.945779765232,250203_ARMC5mAC_TotalPolII,2.3803134369172767,0.04948554310773724,,,24,24.0
69,F12,665.7408255954631,259.14137072286366,452.62166811595495,1540.3221933809216,HCT116 OsTIRF74G ARMC5mAC Clone 5F9,"EU 1 mM, 30 mins",10 µM 5PhIAA,24,Total Pol II F12,Goat anti-mouse Alexa647,4173,181.99764226087365,1414.0791726105563,250203_ARMC5mAC_TotalPolII,9.996649019982783,0.2078254058221616,,,24,24.0
70,F13,445.4596801904107,251.8860607774867,446.565178565919,1664.5017857142857,HCT116 OsTIRF74G,"EU 1 mM, 30 mins",Vehicle,24,Total Pol II F12,Goat anti-mouse Alexa647,2113,166.59380935762186,1555.3868402024584,250203_ARMC5mAC_TotalPolII,2.7413390746058326,0.05699108816737144,,,24,0.0
71,F14,496.3636496781653,296.1081796696372,490.6804665118811,1514.971314209473,HCT116 OsTIRF74G ARMC5mAC Clone 5A1,"EU 1 mM, 30 mins",Vehicle,24,Total Pol II F12,Goat anti-mouse Alexa647,2524,162.73297258115588,1453.8356258596973,250203_ARMC5mAC_TotalPolII,46.96345796675632,0.9763471430519395,,,24,0.0
72,F15,450.35954039218524,304.6848749229199,451.9657957080911,1543.9603174603174,HCT116 OsTIRF74G ARMC5mAC Clone 5F9,"EU 1 mM, 30 mins",Vehicle,24,Total Pol II F12,Goat anti-mouse Alexa647,4118,161.43623902789685,1416.442214790041,250203_ARMC5mAC_TotalPolII,55.54015322003903,1.1546524099532232,,,24,0.0
73,F16,441.30920739741964,248.5308478581007,448.1799633399749,1636.1662844036698,HCT116 OsTIRF74G,"EU 1 mM, 30 mins",10 µM 5PhIAA,24,Total Pol II F12,Goat anti-mouse Alexa647,1584,173.28833406902416,1515.9871844660195,250203_ARMC5mAC_TotalPolII,-0.6138738447801586,-0.012762134657326084,,,24,24.0
74,F17,774.775767016146,248.77029849444537,500.7917706890685,1563.3263940520446,HCT116 OsTIRF74G ARMC5mAC Clone 5A1,"EU 1 mM, 30 mins",10 µM 5PhIAA,24,Total Pol II F12,Goat anti-mouse Alexa647,2668,166.23201831290177,1496.847533632287,250203_ARMC5mAC_TotalPolII,-0.3744232084355019,-0.0077840739518609215,,,24,24.0
75,F18,653.7931569266368,248.05126100383632,455.73313459207714,1537.2748493975903,HCT116 OsTIRF74G ARMC5mAC Clone 5F9,"EU 1 mM, 30 mins",10 µM 5PhIAA,24,Total Pol II F12,Goat anti-mouse Alexa647,3888,166.40954006763798,1430.4797136038187,250203_ARMC5mAC_TotalPolII,-1.093460699044556,-0.02273250897128233,,,24,24.0
76,F19,435.50995228889076,247.72043100830834,452.1443863409398,1632.8816326530612,HCT116 OsTIRF74G,"EU 1 mM, 30 mins",Vehicle,24,Total Pol II F12,Goat anti-mouse Alexa647,2109,170.7219539381392,1541.2910941475827,250203_ARMC5mAC_TotalPolII,-1.4242906945725338,-0.02961030151369414,,,24,0.0
77,F20,496.11248723555144,293.1265482797937,485.2433236302283,1529.9568288854002,HCT116 OsTIRF74G ARMC5mAC Clone 5A1,"EU 1 mM, 30 mins",Vehicle,24,Total Pol II F12,Goat anti-mouse Alexa647,2410,163.25994834942716,1454.800460475825,250203_ARMC5mAC_TotalPolII,43.98182657691285,0.9143604960897775,,,24,0.0
78,F21,446.29872966749025,296.40168688111766,457.1230037078168,1495.964838844705,HCT116 OsTIRF74G ARMC5mAC Clone 5F9,"EU 1 mM, 30 mins",Vehicle,24,Total Pol II F12,Goat anti-mouse Alexa647,4020,161.02814205514883,1381.3621597892889,250203_ARMC5mAC_TotalPolII,47.25696517823678,0.9824490133102356,,,24,0.0
79,F22,439.1736648631829,243.6435669314225,435.84245909392735,1671.1944581890154,HCT116 OsTIRF74G,"EU 1 mM, 30 mins",No addition,No addition,Total Pol II F12,Goat anti-mouse Alexa647,4850,168.34258656421457,1569.5372907153728,250203_ARMC5mAC_TotalPolII,-5.501154771458374,-0.11436629620420807,,,No addition,0.0
80,G03,350.70509016413837,252.26957289992228,419.3314978994138,1749.6452273658338,HCT116 OsTIRF74G,"EU 1 mM, 30 mins",No addition,No addition,Total Pol II F12,Goat anti-mouse Alexa647,3075,157.95554664446797,1619.0518518518518,250203_ARMC5mAC_TotalPolII,3.1248511970414086,0.06496411616140912,,,No addition,0.0
81,G04,347.64731173279404,252.3927441376921,425.2570074919985,1715.9363008442058,HCT116 OsTIRF74G,"EU 1 mM, 30 mins",10 µM 5PhIAA,48,Total Pol II F12,Goat anti-mouse Alexa647,1891,165.31734820195996,1614.7152317880796,250203_ARMC5mAC_TotalPolII,3.2480224348112188,0.0675247854840951,,,48,48.0
82,G05,635.7194538065983,253.24273762753847,481.7460116117153,1648.3728682170542,HCT116 OsTIRF74G ARMC5mAC Clone 5A1,"EU 1 mM, 30 mins",10 µM 5PhIAA,48,Total Pol II F12,Goat anti-mouse Alexa647,2088,157.86120286209484,1563.1814611154753,250203_ARMC5mAC_TotalPolII,4.098015924657602,0.08519573118003836,,,48,48.0
83,G06,497.5764168594933,252.7419025484654,421.4567264932705,1599.9029826286464,HCT116 OsTIRF74G ARMC5mAC Clone 5F9,"EU 1 mM, 30 mins",10 µM 5PhIAA,48,Total Pol II F12,Goat anti-mouse Alexa647,4554,158.73621725687244,1484.0471986417658,250203_ARMC5mAC_TotalPolII,3.597180845584518,0.07478361674546381,,,48,48.0
84,G07,367.62847817279464,251.42348515752977,423.66672949516976,1690.825075398535,HCT116 OsTIRF74G,"EU 1 mM, 30 mins",Vehicle,48,Total Pol II F12,Goat anti-mouse Alexa647,2241,162.08232892654385,1587.4615718627877,250203_ARMC5mAC_TotalPolII,2.278763454648896,0.04737436902990652,,,48,0.0
85,G08,447.33611745827335,294.8680990838139,523.1302332669501,1590.7389261744966,HCT116 OsTIRF74G ARMC5mAC Clone 5A1,"EU 1 mM, 30 mins",Vehicle,48,Total Pol II F12,Goat anti-mouse Alexa647,2561,160.62014042696205,1489.5354969574037,250203_ARMC5mAC_TotalPolII,45.723377380933016,0.9505664789028088,,,48,0.0
86,G09,360.922380501132,295.37480001479236,422.48445168478526,1533.5310049893087,HCT116 OsTIRF74G ARMC5mAC Clone 5F9,"EU 1 mM, 30 mins",Vehicle,48,Total Pol II F12,Goat anti-mouse Alexa647,4228,155.8495035693955,1399.512371526456,250203_ARMC5mAC_TotalPolII,46.230078311911484,0.9611005415072443,,,48,0.0
87,G10,373.84948922008397,245.82642666271775,432.52232486486247,1639.7938144329896,HCT116 OsTIRF74G,"EU 1 mM, 30 mins",10 µM 5PhIAA,48,Total Pol II F12,Goat anti-mouse Alexa647,1877,168.3367141416515,1517.06320754717,250203_ARMC5mAC_TotalPolII,-3.3182950401631217,-0.06898571831231047,,,48,48.0
88,G11,648.1170153618407,248.16471007488542,490.91452577149835,1664.767162066525,HCT116 OsTIRF74G ARMC5mAC Clone 5A1,"EU 1 mM, 30 mins",10 µM 5PhIAA,48,Total Pol II F12,Goat anti-mouse Alexa647,2422,156.07543090383817,1592.7443502824858,250203_ARMC5mAC_TotalPolII,-0.9800116279954523,-0.02037395870270765,,,48,48.0
89,G12,564.3141319438506,251.0618567859145,433.08783553884206,1587.7470039946738,HCT116 OsTIRF74G ARMC5mAC Clone 5F9,"EU 1 mM, 30 mins",10 µM 5PhIAA,48,Total Pol II F12,Goat anti-mouse Alexa647,4479,161.1072589721596,1469.2321109123434,250203_ARMC5mAC_TotalPolII,1.917135083033628,0.03985629342902082,,,48,48.0
90,G13,368.57366530431335,247.8286113343869,452.737223683887,1637.8093220338983,HCT116 OsTIRF74G,"EU 1 mM, 30 mins",Vehicle,48,Total Pol II F12,Goat anti-mouse Alexa647,1944,162.91093551064534,1546.2467382962395,250203_ARMC5mAC_TotalPolII,-1.3161103684939803,-0.02736128585611653,,,48,0.0
91,G14,397.41443491196134,294.36265053628324,506.79170103955505,1653.6428169014084,HCT116 OsTIRF74G ARMC5mAC Clone 5A1,"EU 1 mM, 30 mins",Vehicle,48,Total Pol II F12,Goat anti-mouse Alexa647,2378,155.620770838736,1554.608573040045,250203_ARMC5mAC_TotalPolII,45.21792883340237,0.9400584527329594,,,48,0.0
92,G15,377.3109284209938,299.82390888558507,451.2636297476564,1535.5516764604217,HCT116 OsTIRF74G ARMC5mAC Clone 5F9,"EU 1 mM, 30 mins",Vehicle,48,Total Pol II F12,Goat anti-mouse Alexa647,3855,157.1188699243815,1418.0353627415238,250203_ARMC5mAC_TotalPolII,50.6791871827042,1.0535953219852996,,,48,0.0
93,G16,360.16229816912875,250.38657046029826,449.7461466585533,1661.869076305221,HCT116 OsTIRF74G,"EU 1 mM, 30 mins",10 µM 5PhIAA,48,Total Pol II F12,Goat anti-mouse Alexa647,2634,164.30717905096728,1552.5648484848484,250203_ARMC5mAC_TotalPolII,1.2418487574173867,0.0258174235650478,,,48,48.0
94,G17,608.2678933021059,250.8423357891225,508.54942789470607,1544.663802978236,HCT116 OsTIRF74G ARMC5mAC Clone 5A1,"EU 1 mM, 30 mins",10 µM 5PhIAA,48,Total Pol II F12,Goat anti-mouse Alexa647,2669,161.5706638596866,1468.767012687428,250203_ARMC5mAC_TotalPolII,1.6976140862416287,0.03529256010662583,,,48,48.0
95,G18,520.4702927764642,247.34332994506875,446.05813764331316,1543.0248275862068,HCT116 OsTIRF74G ARMC5mAC Clone 5F9,"EU 1 mM, 30 mins",10 µM 5PhIAA,48,Total Pol II F12,Goat anti-mouse Alexa647,4285,160.7731240453232,1430.6074020319304,250203_ARMC5mAC_TotalPolII,-1.8013917578121266,-0.037450046747029536,,,48,48.0
96,G19,376.44472670691357,244.16256198673685,446.6904084631134,1712.8051470588234,HCT116 OsTIRF74G,"EU 1 mM, 30 mins",Vehicle,48,Total Pol II F12,Goat anti-mouse Alexa647,1998,163.96596671113707,1637.6296487603306,250203_ARMC5mAC_TotalPolII,-4.982159716144025,-0.10357664481454815,,,48,0.0
97,G20,391.9750183282208,284.12131168023325,471.10183218868445,1571.6813271604938,HCT116 OsTIRF74G ARMC5mAC Clone 5A1,"EU 1 mM, 30 mins",Vehicle,48,Total Pol II F12,Goat anti-mouse Alexa647,2083,156.24707633531014,1514.6076742364917,250203_ARMC5mAC_TotalPolII,34.976589977352376,0.7271460658254787,,,48,0.0
98,G21,371.3262105975285,295.35237222710094,451.4824315216674,1511.7748117727583,HCT116 OsTIRF74G ARMC5mAC Clone 5F9,"EU 1 mM, 30 mins",Vehicle,48,Total Pol II F12,Goat anti-mouse Alexa647,3296,160.15485567694415,1406.4334277620396,250203_ARMC5mAC_TotalPolII,46.20765052422007,0.9606342788556954,,,48,0.0
99,G22,375.1847695674385,243.95923557624403,441.9079758200592,1689.1739974126779,HCT116 OsTIRF74G,"EU 1 mM, 30 mins",No addition,No addition,Total Pol II F12,Goat anti-mouse Alexa647,4345,167.64770610932098,1581.1476038338658,250203_ARMC5mAC_TotalPolII,-5.185486126636846,-0.10780370067002186,,,No addition,0.0
100,H03,365.2193412264134,252.91521876067273,406.7887636504678,1733.1660323501428,HCT116 OsTIRF74G,"EU 1 mM, 30 mins",No addition,No addition,Total Pol II F12,Goat anti-mouse Alexa647,3548,155.52384452335158,1617.1937911571026,250203_ARMC5mAC_TotalPolII,3.7704970577918573,0.07838677537047396,,,No addition,0.0
104,H07,348.8018859793065,247.82290386339812,419.06179972663375,1740.5794314381271,HCT116 OsTIRF74G,"EU 1 mM, 30 mins",Vehicle,72,Total Pol II F12,Goat anti-mouse Alexa647,2111,164.46139008586132,1602.3862967633459,250203_ARMC5mAC_TotalPolII,-1.3218178394827476,-0.027479941364786258,,,72,0.0
105,H08,394.93238214230917,289.7585406643927,476.4638868608476,1617.1206115515288,HCT116 OsTIRF74G ARMC5mAC Clone 5A1,"EU 1 mM, 30 mins",Vehicle,72,Total Pol II F12,Goat anti-mouse Alexa647,1997,159.4351014859179,1519.15625,250203_ARMC5mAC_TotalPolII,40.61381896151181,0.8443412778413751,,,72,0.0
106,H09,353.8980328743295,292.0796033975994,404.93198385606865,1537.9063010120797,HCT116 OsTIRF74G ARMC5mAC Clone 5F9,"EU 1 mM, 30 mins",Vehicle,72,Total Pol II F12,Goat anti-mouse Alexa647,4354,155.0055819118246,1427.1153712094806,250203_ARMC5mAC_TotalPolII,42.93488169471851,0.8925950280233746,,,72,0.0
110,H13,352.4503453159327,244.42540248394022,413.9454671284171,1705.472334682861,HCT116 OsTIRF74G,"EU 1 mM, 30 mins",Vehicle,72,Total Pol II F12,Goat anti-mouse Alexa647,2440,161.40044499805686,1605.8822519739101,250203_ARMC5mAC_TotalPolII,-4.7193192189406545,-0.09811232043058739,,,72,0.0
111,H14,425.9567665263146,292.6238141791287,480.2167639408929,1559.944068838353,HCT116 OsTIRF74G ARMC5mAC Clone 5A1,"EU 1 mM, 30 mins",Vehicle,72,Total Pol II F12,Goat anti-mouse Alexa647,2552,161.73675633328878,1486.3234932349324,250203_ARMC5mAC_TotalPolII,43.47909247624784,0.9039089019323261,,,72,0.0
112,H15,366.4272601497993,296.6951138188747,407.637896924485,1505.213849287169,HCT116 OsTIRF74G ARMC5mAC Clone 5F9,"EU 1 mM, 30 mins",Vehicle,72,Total Pol II F12,Goat anti-mouse Alexa647,3852,156.64092111323944,1390.0294871794872,250203_ARMC5mAC_TotalPolII,47.550392115993816,0.9885492147173882,,,72,0.0
116,H19,351.1254013845174,241.72070082489384,420.9788761215597,1644.3108665749655,HCT116 OsTIRF74G,"EU 1 mM, 30 mins",Vehicle,72,Total Pol II F12,Goat anti-mouse Alexa647,1689,162.55246853761352,1547.5902025435705,250203_ARMC5mAC_TotalPolII,-7.424020877987033,-0.15434173478689492,,,72,0.0
117,H20,414.5371271223794,287.98047354503143,484.4499991927909,1589.0755523877406,HCT116 OsTIRF74G ARMC5mAC Clone 5A1,"EU 1 mM, 30 mins",Vehicle,72,Total Pol II F12,Goat anti-mouse Alexa647,2001,156.14207953189336,1542.382932166302,250203_ARMC5mAC_TotalPolII,38.83575184215056,0.80737613883113,,,72,0.0
118,H21,358.7906501780643,289.53272246529855,420.4045101920951,1528.126685592619,HCT116 OsTIRF74G ARMC5mAC Clone 5F9,"EU 1 mM, 30 mins",Vehicle,72,Total Pol II F12,Goat anti-mouse Alexa647,3486,218.87884373438655,1462.1507246376812,250203_ARMC5mAC_TotalPolII,40.388000762417676,0.8396466287869815,,,72,0.0
119,H22,376.3258458332255,242.4111675611046,433.15758959678334,1744.2545362903227,HCT116 OsTIRF74G,"EU 1 mM, 30 mins",No addition,No addition,Total Pol II F12,Goat anti-mouse Alexa647,4338,165.827580302335,1656.5292646323162,250203_ARMC5mAC_TotalPolII,-6.733554141776267,-0.13998727166901773,,,No addition,0.0
120,I03,377.2642823891956,250.8629936399063,388.89340988556614,1744.235294117647,HCT116 OsTIRF74G,"EU 1 mM, 30 mins",No addition,No addition,Total Pol II F12,Goat anti-mouse Alexa647,4005,206.27036905347418,1674.0834014717907,250203_ARMC5mAC_TotalPolII,1.7182719370254347,0.035722026642259534,,,No addition,0.0
121,I04,420.1837848758184,249.10912219787969,416.3434732081401,1706.1815028901733,HCT116 OsTIRF74G,"EU 1 mM, 30 mins",Vehicle,2,Total Pol II F12,Goat anti-mouse Alexa647,1735,158.47309369099426,1576.837975676736,250203_ARMC5mAC_TotalPolII,-0.035599505001187026,-0.0007400961621389912,,,2,0.0
122,I05,462.20643134976734,302.108984491496,477.0578132217996,1575.3956043956043,HCT116 OsTIRF74G ARMC5mAC Clone 5A1,"EU 1 mM, 30 mins",Vehicle,2,Total Pol II F12,Goat anti-mouse Alexa647,1890,151.13199346647704,1513.0968399592252,250203_ARMC5mAC_TotalPolII,52.964262788615144,1.1011009175287132,,,2,0.0
123,I06,417.9525750749406,300.7974114527705,415.25205655124716,1599.9982059562253,HCT116 OsTIRF74G ARMC5mAC Clone 5F9,"EU 1 mM, 30 mins",Vehicle,2,Total Pol II F12,Goat anti-mouse Alexa647,4738,153.65270042528374,1456.4468085106382,250203_ARMC5mAC_TotalPolII,51.652689749889646,1.0738339605220542,,,2,0.0
124,I07,383.5143013426688,245.15270026047997,407.6358389539095,1687.784300341297,HCT116 OsTIRF74G,"EU 1 mM, 30 mins",10 µM 5PhIAA,2,Total Pol II F12,Goat anti-mouse Alexa647,1700,162.61805420371843,1565.25201260063,250203_ARMC5mAC_TotalPolII,-3.9920214424008975,-0.0829921581381244,,,2,2.0
125,I08,507.778466754128,248.72743450021014,478.10941060466973,1559.3852728468114,HCT116 OsTIRF74G ARMC5mAC Clone 5A1,"EU 1 mM, 30 mins",10 µM 5PhIAA,2,Total Pol II F12,Goat anti-mouse Alexa647,2593,157.89324054092216,1490.861855670103,250203_ARMC5mAC_TotalPolII,-0.41728720267073527,-0.008675195264541708,,,2,2.0
126,I09,461.9766579750362,248.04742366236093,396.82391162380975,1483.9081189442031,HCT116 OsTIRF74G ARMC5mAC Clone 5F9,"EU 1 mM, 30 mins",10 µM 5PhIAA,2,Total Pol II F12,Goat anti-mouse Alexa647,4801,162.06918971403576,1374.5556780595368,250203_ARMC5mAC_TotalPolII,-1.097298040519945,-0.022812285409147343,,,2,2.0
127,I10,405.8475700703816,245.9042475050764,416.08281909168437,1656.6114210699047,HCT116 OsTIRF74G,"EU 1 mM, 30 mins",Vehicle,2,Total Pol II F12,Goat anti-mouse Alexa647,1858,156.8740174618877,1539.27443735304,250203_ARMC5mAC_TotalPolII,-3.240474197804474,-0.06736786135721691,,,2,0.0
128,I11,447.7527713853328,297.93100691939316,486.2583181176365,1514.5963302752293,HCT116 OsTIRF74G ARMC5mAC Clone 5A1,"EU 1 mM, 30 mins",Vehicle,2,Total Pol II F12,Goat anti-mouse Alexa647,2463,154.21433291049289,1470.2221518987342,250203_ARMC5mAC_TotalPolII,48.78628521651228,1.0142428231110239,,,2,0.0
129,I12,452.17650105236265,298.5223109241723,418.78808393550895,1487.635960044395,HCT116 OsTIRF74G ARMC5mAC Clone 5F9,"EU 1 mM, 30 mins",Vehicle,2,Total Pol II F12,Goat anti-mouse Alexa647,4711,154.13946949707253,1373.7124752475247,250203_ARMC5mAC_TotalPolII,49.37758922129143,1.0265357419193015,,,2,0.0
130,I13,394.8472584865068,242.46282147175586,381.7928319958772,1672.7020825979528,HCT116 OsTIRF74G,"EU 1 mM, 30 mins",10 µM 5PhIAA,2,Total Pol II F12,Goat anti-mouse Alexa647,2368,159.2426955950476,1568.6017284839754,250203_ARMC5mAC_TotalPolII,-6.681900231125013,-0.1389134123265581,,,2,2.0
131,I14,538.0726417169822,250.1161853878686,496.3790700319626,1565.2720632988435,HCT116 OsTIRF74G ARMC5mAC Clone 5A1,"EU 1 mM, 30 mins",10 µM 5PhIAA,2,Total Pol II F12,Goat anti-mouse Alexa647,2470,154.99452939730782,1485.730527638191,250203_ARMC5mAC_TotalPolII,0.9714636849877252,0.020196251180819618,,,2,2.0
132,I15,460.2992719903232,248.71654092820725,417.57813878830893,1527.1763630825465,HCT116 OsTIRF74G ARMC5mAC Clone 5F9,"EU 1 mM, 30 mins",10 µM 5PhIAA,2,Total Pol II F12,Goat anti-mouse Alexa647,4293,157.00478850269207,1414.3860737676664,250203_ARMC5mAC_TotalPolII,-0.4281807746736206,-0.008901667257089116,,,2,2.0
133,I16,409.94136647656927,246.46312158382773,425.2068755334929,1653.8,HCT116 OsTIRF74G,"EU 1 mM, 30 mins",Vehicle,2,Total Pol II F12,Goat anti-mouse Alexa647,1782,157.03112064782766,1551.367924528302,250203_ARMC5mAC_TotalPolII,-2.6816001190531438,-0.055749144726493186,,,2,0.0
134,I17,446.9102493286246,299.3142799830392,470.8261754517265,1583.184141546527,HCT116 OsTIRF74G ARMC5mAC Clone 5A1,"EU 1 mM, 30 mins",Vehicle,2,Total Pol II F12,Goat anti-mouse Alexa647,2647,154.0300590578755,1480.8710115410727,250203_ARMC5mAC_TotalPolII,50.169558280158356,1.0430003882951624,,,2,0.0
135,I18,433.8424887428067,298.6405104517714,422.4860442800935,1521.209940652819,HCT116 OsTIRF74G ARMC5mAC Clone 5F9,"EU 1 mM, 30 mins",Vehicle,2,Total Pol II F12,Goat anti-mouse Alexa647,4281,153.00540866792622,1398.268095430651,250203_ARMC5mAC_TotalPolII,49.495788748890504,1.0289930518380714,,,2,0.0
136,I19,414.88441170288684,242.7616053051433,414.90981333678894,1676.9393063583816,HCT116 OsTIRF74G,"EU 1 mM, 30 mins",10 µM 5PhIAA,2,Total Pol II F12,Goat anti-mouse Alexa647,1791,162.54652494706423,1574.8921113689096,250203_ARMC5mAC_TotalPolII,-6.383116397737581,-0.13270184369963925,,,2,2.0
137,I20,542.4858234661813,247.17723115058334,437.70766561811126,1577.5375,HCT116 OsTIRF74G ARMC5mAC Clone 5A1,"EU 1 mM, 30 mins",10 µM 5PhIAA,2,Total Pol II F12,Goat anti-mouse Alexa647,2109,157.40639275583217,1482.7619402985074,250203_ARMC5mAC_TotalPolII,-1.9674905522975337,-0.040903158815033404,,,2,2.0
138,I21,436.77831272921213,245.84696592027854,400.6359092236515,1536.6150487067518,HCT116 OsTIRF74G ARMC5mAC Clone 5F9,"EU 1 mM, 30 mins",10 µM 5PhIAA,2,Total Pol II F12,Goat anti-mouse Alexa647,3263,159.353511205804,1420.8915789473683,250203_ARMC5mAC_TotalPolII,-3.297755782602337,-0.06855871727132931,,,2,2.0
139,I22,409.02439821667,242.72896792215883,415.9192555343084,1672.8880195599022,HCT116 OsTIRF74G,"EU 1 mM, 30 mins",No addition,No addition,Total Pol II F12,Goat anti-mouse Alexa647,4377,163.3562905181075,1581.52628992629,250203_ARMC5mAC_TotalPolII,-6.415753780722042,-0.1333803588050671,,,No addition,0.0
140,J03,397.8096848598772,248.40364540671283,390.61295035914924,1797.9445161290323,HCT116 OsTIRF74G,"EU 1 mM, 30 mins",No addition,No addition,Total Pol II F12,Goat anti-mouse Alexa647,3937,152.18066096648383,1672.5878580589995,250203_ARMC5mAC_TotalPolII,-0.7410762961680462,-0.015406610924164853,,,No addition,0.0
141,J04,385.47775999414006,247.52457172803344,405.30388984776573,1681.5190350546552,HCT116 OsTIRF74G,"EU 1 mM, 30 mins",Vehicle,8,Total Pol II F12,Goat anti-mouse Alexa647,2256,160.48558805112003,1545.3513719512196,250203_ARMC5mAC_TotalPolII,-1.6201499748474362,-0.0336821194124522,,,8,0.0
142,J05,446.60519383834577,308.4408853516838,462.6100812234366,1624.7298761609907,HCT116 OsTIRF74G ARMC5mAC Clone 5A1,"EU 1 mM, 30 mins",Vehicle,8,Total Pol II F12,Goat anti-mouse Alexa647,1962,153.35075964269416,1524.292741935484,250203_ARMC5mAC_TotalPolII,59.29616364880292,1.2327380154465999,,,8,0.0
143,J06,401.7597326514913,309.1392836691909,400.1581930709689,1555.001880288311,HCT116 OsTIRF74G ARMC5mAC Clone 5F9,"EU 1 mM, 30 mins",Vehicle,8,Total Pol II F12,Goat anti-mouse Alexa647,4534,155.51075639003056,1422.049488617618,250203_ARMC5mAC_TotalPolII,59.994561966310016,1.247257372230187,,,8,0.0
144,J07,393.1577494727508,243.41256794753647,400.13438458606106,1648.8533791523482,HCT116 OsTIRF74G,"EU 1 mM, 30 mins",10 µM 5PhIAA,8,Total Pol II F12,Goat anti-mouse Alexa647,1829,163.66217299641704,1536.5865943432777,250203_ARMC5mAC_TotalPolII,-5.732153755344399,-0.11916865122083971,,,8,8.0
145,J08,570.2616973695907,245.69937200138148,444.3129612340258,1577.4737945492664,HCT116 OsTIRF74G ARMC5mAC Clone 5A1,"EU 1 mM, 30 mins",10 µM 5PhIAA,8,Total Pol II F12,Goat anti-mouse Alexa647,2675,157.0003287561501,1517.367403314917,250203_ARMC5mAC_TotalPolII,-3.4453497014993957,-0.07162712209682125,,,8,8.0
146,J09,524.466996044492,248.18013635659588,404.85940024535427,1523.7116679132387,HCT116 OsTIRF74G ARMC5mAC Clone 5F9,"EU 1 mM, 30 mins",10 µM 5PhIAA,8,Total Pol II F12,Goat anti-mouse Alexa647,4705,160.29750316931143,1371.4460260972717,250203_ARMC5mAC_TotalPolII,-0.9645853462849914,-0.02005325390949195,,,8,8.0
147,J10,406.36972016995514,245.46272058805158,400.76435183781314,1674.441776166742,HCT116 OsTIRF74G,"EU 1 mM, 30 mins",Vehicle,8,Total Pol II F12,Goat anti-mouse Alexa647,2007,161.83880640296644,1573.9140832595217,250203_ARMC5mAC_TotalPolII,-3.6820011148292906,-0.07654698833553393,,,8,0.0
148,J11,476.13276316014276,311.8486896045092,483.0131887136781,1571.3179231863442,HCT116 OsTIRF74G ARMC5mAC Clone 5A1,"EU 1 mM, 30 mins",Vehicle,8,Total Pol II F12,Goat anti-mouse Alexa647,2306,155.2560389676782,1497.3353338334584,250203_ARMC5mAC_TotalPolII,62.703967901628346,1.3035845861714719,,,8,0.0
149,J12,437.14886902254807,308.04435314587437,401.3361192185961,1499.181124497992,HCT116 OsTIRF74G ARMC5mAC Clone 5F9,"EU 1 mM, 30 mins",Vehicle,8,Total Pol II F12,Goat anti-mouse Alexa647,4484,155.24464070173323,1364.8151187904969,250203_ARMC5mAC_TotalPolII,58.899631442993496,1.2244943063367604,,,8,0.0
150,J13,404.1824347997577,241.79349949420057,399.8100912954772,1639.086943793911,HCT116 OsTIRF74G,"EU 1 mM, 30 mins",10 µM 5PhIAA,8,Total Pol II F12,Goat anti-mouse Alexa647,2520,163.61869398752202,1531.5337112171837,250203_ARMC5mAC_TotalPolII,-7.351222208680298,-0.15282828633414414,,,8,8.0
151,J14,595.1523172039531,244.9673816056027,472.9876062751117,1700.496551724138,HCT116 OsTIRF74G ARMC5mAC Clone 5A1,"EU 1 mM, 30 mins",10 µM 5PhIAA,8,Total Pol II F12,Goat anti-mouse Alexa647,2020,160.14535255486868,1629.7935483870967,250203_ARMC5mAC_TotalPolII,-4.177340097278176,-0.08684484163029264,,,8,8.0
152,J15,508.70306216774287,247.95333855571366,408.4443572644588,1498.9386775027706,HCT116 OsTIRF74G ARMC5mAC Clone 5F9,"EU 1 mM, 30 mins",10 µM 5PhIAA,8,Total Pol II F12,Goat anti-mouse Alexa647,3990,161.20431049314053,1375.82278978389,250203_ARMC5mAC_TotalPolII,-1.1913831471672154,-0.02476826840221875,,,8,8.0
153,J16,410.00539066607433,245.36395141638909,419.5486022203656,1578.1098430813124,HCT116 OsTIRF74G,"EU 1 mM, 30 mins",Vehicle,8,Total Pol II F12,Goat anti-mouse Alexa647,1903,160.23061540027857,1474.2,250203_ARMC5mAC_TotalPolII,-3.780770286491787,-0.07860035073151735,,,8,0.0
154,J17,439.0883496736882,305.9488107834517,465.93449018652564,1598.7287390029326,HCT116 OsTIRF74G ARMC5mAC Clone 5A1,"EU 1 mM, 30 mins",Vehicle,8,Total Pol II F12,Goat anti-mouse Alexa647,2421,156.19883533950517,1522.3771600300527,250203_ARMC5mAC_TotalPolII,56.804089080570805,1.1809290135053854,,,8,0.0
155,J18,418.6619121111474,308.80874488481015,411.4829401417451,1503.9479166666667,HCT116 OsTIRF74G ARMC5mAC Clone 5F9,"EU 1 mM, 30 mins",Vehicle,8,Total Pol II F12,Goat anti-mouse Alexa647,3287,157.35188459423657,1368.886964886965,250203_ARMC5mAC_TotalPolII,59.66402318192928,1.2403856338239898,,,8,0.0
156,J19,405.51176411823144,242.32860362580942,422.3723265438153,1611.5210962856113,HCT116 OsTIRF74G,"EU 1 mM, 30 mins",10 µM 5PhIAA,8,Total Pol II F12,Goat anti-mouse Alexa647,1728,164.73490515351324,1501.1728066843905,250203_ARMC5mAC_TotalPolII,-6.816118077071451,-0.14170373518841275,,,8,8.0
157,J20,590.7907850133014,245.59450601738376,452.2800568971607,1604.473297730307,HCT116 OsTIRF74G ARMC5mAC Clone 5A1,"EU 1 mM, 30 mins",10 µM 5PhIAA,8,Total Pol II F12,Goat anti-mouse Alexa647,2357,159.84981821021407,1511.0712365591398,250203_ARMC5mAC_TotalPolII,-3.5502156854971076,-0.07380723421616245,,,8,8.0
158,J21,532.2243053656788,245.13539713600858,429.6301767172925,1540.3298846000796,HCT116 OsTIRF74G ARMC5mAC Clone 5F9,"EU 1 mM, 30 mins",10 µM 5PhIAA,8,Total Pol II F12,Goat anti-mouse Alexa647,3461,233.11439269656648,1466.9792663476874,250203_ARMC5mAC_TotalPolII,-4.009324566872294,-0.08335188156725262,,,8,8.0
159,J22,414.73995557734924,243.36736171232414,405.59941193176223,1662.846855983773,HCT116 OsTIRF74G,"EU 1 mM, 30 mins",No addition,No addition,Total Pol II F12,Goat anti-mouse Alexa647,4796,169.69664470792566,1535.7281407035175,250203_ARMC5mAC_TotalPolII,-5.777359990556732,-0.12010846656895438,,,No addition,0.0
160,K03,369.1463415523594,249.85493143487912,409.4691781270513,1711.6174863387978,HCT116 OsTIRF74G,"EU 1 mM, 30 mins",No addition,No addition,Total Pol II F12,Goat anti-mouse Alexa647,3992,152.09969828887148,1596.7970956030658,250203_ARMC5mAC_TotalPolII,0.7102097319982477,0.014764910269065208,,,No addition,0.0
161,K04,342.42816862036227,247.59468132184463,417.3525857691698,1684.3166074600356,HCT116 OsTIRF74G,"EU 1 mM, 30 mins",Vehicle,24,Total Pol II F12,Goat anti-mouse Alexa647,1362,157.73833688649256,1572.734290843806,250203_ARMC5mAC_TotalPolII,-1.55004038103624,-0.03222457551382047,,,24,0.0
162,K05,384.11042542859803,292.4249349625958,475.289915307105,1572.1,HCT116 OsTIRF74G ARMC5mAC Clone 5A1,"EU 1 mM, 30 mins",Vehicle,24,Total Pol II F12,Goat anti-mouse Alexa647,2203,150.03910510634483,1488.705919796308,250203_ARMC5mAC_TotalPolII,43.28021325971491,0.8997743010472766,,,24,0.0
163,K06,345.8579958833218,294.0380960105357,405.8378885468312,1568.4825620389001,HCT116 OsTIRF74G ARMC5mAC Clone 5F9,"EU 1 mM, 30 mins",Vehicle,24,Total Pol II F12,Goat anti-mouse Alexa647,4637,153.32160584279757,1420.086388384755,250203_ARMC5mAC_TotalPolII,44.893374307654824,0.933311124114132,,,24,0.0
164,K07,354.443951449127,243.67376534043083,407.40386620724377,1655.5255945183394,HCT116 OsTIRF74G,"EU 1 mM, 30 mins",10 µM 5PhIAA,24,Total Pol II F12,Goat anti-mouse Alexa647,1583,161.35851134239834,1572.05368338558,250203_ARMC5mAC_TotalPolII,-5.470956362450039,-0.11373848616558457,,,24,24.0
165,K08,590.8244040323744,246.82517318060235,484.4295885048292,1514.3470588235293,HCT116 OsTIRF74G ARMC5mAC Clone 5A1,"EU 1 mM, 30 mins",10 µM 5PhIAA,24,Total Pol II F12,Goat anti-mouse Alexa647,2553,157.11423637124457,1452.9729532163742,250203_ARMC5mAC_TotalPolII,-2.3195485222785237,-0.04822227048315033,,,24,24.0
166,K09,494.84319140627656,247.2057314041174,399.4291887422451,1565.357805255023,HCT116 OsTIRF74G ARMC5mAC Clone 5F9,"EU 1 mM, 30 mins",10 µM 5PhIAA,24,Total Pol II F12,Goat anti-mouse Alexa647,4576,158.03164404950653,1441.1174363057326,250203_ARMC5mAC_TotalPolII,-1.9389902987634855,-0.04031065259170715,,,24,24.0
167,K10,372.86179792561387,246.15098022516864,418.30576818582836,1679.2718399219132,HCT116 OsTIRF74G,"EU 1 mM, 30 mins",Vehicle,24,Total Pol II F12,Goat anti-mouse Alexa647,2167,158.73995077902367,1566.8869778869778,250203_ARMC5mAC_TotalPolII,-2.993741477712234,-0.06223840971994577,,,24,0.0
168,K11,406.41206460068156,296.7676758259384,479.3779337692296,1612.7583390061266,HCT116 OsTIRF74G ARMC5mAC Clone 5A1,"EU 1 mM, 30 mins",Vehicle,24,Total Pol II F12,Goat anti-mouse Alexa647,2802,151.42866789701384,1535.9730290456432,250203_ARMC5mAC_TotalPolII,47.622954123057525,0.9900577430787562,,,24,0.0
169,K12,374.37043707732124,296.73468123405485,412.78021171778596,1459.7762957317073,HCT116 OsTIRF74G ARMC5mAC Clone 5F9,"EU 1 mM, 30 mins",Vehicle,24,Total Pol II F12,Goat anti-mouse Alexa647,4300,154.29105549986434,1345.5083402835696,250203_ARMC5mAC_TotalPolII,47.589959531173974,0.989371801776383,,,24,0.0
170,K13,337.96233003303524,243.00051538438058,419.73701697136227,1656.3883892068684,HCT116 OsTIRF74G,"EU 1 mM, 30 mins",10 µM 5PhIAA,24,Total Pol II F12,Goat anti-mouse Alexa647,1696,160.4456880954542,1537.0294361525705,250203_ARMC5mAC_TotalPolII,-6.144206318500295,-0.12773502090999816,,,24,24.0
171,K14,539.1957268983291,244.35707966493558,468.4964443640495,1623.0304671631686,HCT116 OsTIRF74G ARMC5mAC Clone 5A1,"EU 1 mM, 30 mins",10 µM 5PhIAA,24,Total Pol II F12,Goat anti-mouse Alexa647,2113,154.92776491135612,1531.4763231197771,250203_ARMC5mAC_TotalPolII,-4.7876420379452895,-0.09953271816168396,,,24,24.0
172,K15,465.57530912806345,246.39434898931623,394.158383598865,1569.4368866328257,HCT116 OsTIRF74G ARMC5mAC Clone 5F9,"EU 1 mM, 30 mins",10 µM 5PhIAA,24,Total Pol II F12,Goat anti-mouse Alexa647,4211,156.91891063563446,1438.7346348517715,250203_ARMC5mAC_TotalPolII,-2.7503727135646443,-0.05717889306868518,,,24,24.0
173,K16,350.94882934334055,244.98860457277917,432.66757532697244,1635.5304083405733,HCT116 OsTIRF74G,"EU 1 mM, 30 mins",Vehicle,24,Total Pol II F12,Goat anti-mouse Alexa647,2002,157.35698117863848,1534.2594524119947,250203_ARMC5mAC_TotalPolII,-4.1561171301017055,-0.08640362660339876,,,24,0.0
174,K17,381.71014258326807,293.7604158439945,468.57399118003843,1568.5894080996884,HCT116 OsTIRF74G ARMC5mAC Clone 5A1,"EU 1 mM, 30 mins",Vehicle,24,Total Pol II F12,Goat anti-mouse Alexa647,2564,150.98529317813794,1495.9876237623762,250203_ARMC5mAC_TotalPolII,44.615694141113636,0.9275382903190442,,,24,0.0
175,K18,355.97600663167754,302.1138560301363,423.2914094783287,1540.7763849575415,HCT116 OsTIRF74G ARMC5mAC Clone 5F9,"EU 1 mM, 30 mins",Vehicle,24,Total Pol II F12,Goat anti-mouse Alexa647,4379,153.7976025253193,1441.6707062264938,250203_ARMC5mAC_TotalPolII,52.969134327255404,1.1012021944158847,,,24,0.0
176,K19,345.9268451016723,242.58332810186351,418.87301891786217,1627.8970352564102,HCT116 OsTIRF74G,"EU 1 mM, 30 mins",10 µM 5PhIAA,24,Total Pol II F12,Goat anti-mouse Alexa647,2451,162.75451054306646,1524.4131568391497,250203_ARMC5mAC_TotalPolII,-6.5613936010173575,-0.1364081388837952,,,24,24.0
177,K20,564.6251999859542,244.95612059951742,469.11841235590754,1591.5915395284328,HCT116 OsTIRF74G ARMC5mAC Clone 5A1,"EU 1 mM, 30 mins",10 µM 5PhIAA,24,Total Pol II F12,Goat anti-mouse Alexa647,2122,152.05143884369906,1529.1339031339032,250203_ARMC5mAC_TotalPolII,-4.188601103363453,-0.08707895239630638,,,24,24.0
178,K21,500.7507563797126,248.38935366408126,429.68681432261644,1520.036569438398,HCT116 OsTIRF74G ARMC5mAC Clone 5F9,"EU 1 mM, 30 mins",10 µM 5PhIAA,24,Total Pol II F12,Goat anti-mouse Alexa647,2981,160.5457427132512,1399.8573388203017,250203_ARMC5mAC_TotalPolII,-0.7553680387996167,-0.015703729209139625,,,24,24.0
179,K22,323.9302131586865,241.9772086728309,405.8510471705334,1671.5035211267605,HCT116 OsTIRF74G,"EU 1 mM, 30 mins",No addition,No addition,Total Pol II F12,Goat anti-mouse Alexa647,4501,160.281189901207,1591.8405477031802,250203_ARMC5mAC_TotalPolII,-7.1675130300499745,-0.14900906305984649,,,No addition,0.0
180,L03,360.73781385342244,248.80955346254171,409.728167251714,1721.203524968527,HCT116 OsTIRF74G,"EU 1 mM, 30 mins",No addition,No addition,Total Pol II F12,Goat anti-mouse Alexa647,4647,151.123387462668,1618.5503973232958,250203_ARMC5mAC_TotalPolII,-0.3351682403391578,-0.0069679825137349116,,,No addition,0.0
181,L04,329.7053313118004,246.85000935024365,400.01374080385017,1698.5910482019892,HCT116 OsTIRF74G,"EU 1 mM, 30 mins",Vehicle,48,Total Pol II F12,Goat anti-mouse Alexa647,1483,155.4717769222128,1580.1059047619049,250203_ARMC5mAC_TotalPolII,-2.2947123526372195,-0.04770593875794378,,,48,0.0
182,L05,372.0482740355709,288.0931898363306,452.7104224614187,1584.671586715867,HCT116 OsTIRF74G ARMC5mAC Clone 5A1,"EU 1 mM, 30 mins",Vehicle,48,Total Pol II F12,Goat anti-mouse Alexa647,2169,148.80030370685404,1498.5742697327532,250203_ARMC5mAC_TotalPolII,38.94846813344975,0.809719454969888,,,48,0.0
183,L06,347.5986696858402,291.2713560163618,399.9238897666524,1544.2114767255216,HCT116 OsTIRF74G ARMC5mAC Clone 5F9,"EU 1 mM, 30 mins",Vehicle,48,Total Pol II F12,Goat anti-mouse Alexa647,3994,150.46915511832773,1420.1219110378913,250203_ARMC5mAC_TotalPolII,42.126634313480906,0.8757919633489389,,,48,0.0
184,L07,327.1852691179218,243.8028251480562,400.9550903496144,1686.2239484653278,HCT116 OsTIRF74G,"EU 1 mM, 30 mins",10 µM 5PhIAA,48,Total Pol II F12,Goat anti-mouse Alexa647,2339,157.7117670145268,1587.2406623026568,250203_ARMC5mAC_TotalPolII,-5.341896554824672,-0.11105539637805113,,,48,48.0
185,L08,582.7959445886142,245.55772457326322,456.3347245040095,1694.9667306461931,HCT116 OsTIRF74G ARMC5mAC Clone 5A1,"EU 1 mM, 30 mins",10 µM 5PhIAA,48,Total Pol II F12,Goat anti-mouse Alexa647,2005,152.7180287555143,1613.6487575554063,250203_ARMC5mAC_TotalPolII,-3.5869971296176573,-0.07457190231002052,,,48,48.0
186,L09,504.87836625941173,245.90091336668675,391.52190980240493,1602.9642982149107,HCT116 OsTIRF74G ARMC5mAC Clone 5F9,"EU 1 mM, 30 mins",10 µM 5PhIAA,48,Total Pol II F12,Goat anti-mouse Alexa647,4025,155.2286393854191,1484.9693583273252,250203_ARMC5mAC_TotalPolII,-3.243808336194121,-0.06743717645095587,,,48,48.0
187,L10,376.5821570295912,243.66106853107408,427.45399001698274,1658.0156739811912,HCT116 OsTIRF74G,"EU 1 mM, 30 mins",Vehicle,48,Total Pol II F12,Goat anti-mouse Alexa647,1531,156.41531077357112,1570.305919745729,250203_ARMC5mAC_TotalPolII,-5.483653171806793,-0.11400244657391134,,,48,0.0
188,L11,401.9067409933208,291.0107942392867,458.00063792399965,1614.4608294930877,HCT116 OsTIRF74G ARMC5mAC Clone 5A1,"EU 1 mM, 30 mins",Vehicle,48,Total Pol II F12,Goat anti-mouse Alexa647,1881,148.7039573589303,1513.2480620155038,250203_ARMC5mAC_TotalPolII,41.86607253640585,0.870375012433275,,,48,0.0
189,L12,358.00448710280097,295.4389869014942,401.6232102059945,1533.3789556962026,HCT116 OsTIRF74G ARMC5mAC Clone 5F9,"EU 1 mM, 30 mins",Vehicle,48,Total Pol II F12,Goat anti-mouse Alexa647,3611,151.3722796255911,1416.9640669661087,250203_ARMC5mAC_TotalPolII,46.294265198613346,0.9624349552443486,,,48,0.0
190,L13,330.34850463502164,244.6991980875745,408.60021772280504,1662.8993418505613,HCT116 OsTIRF74G,"EU 1 mM, 30 mins",10 µM 5PhIAA,48,Total Pol II F12,Goat anti-mouse Alexa647,1979,155.56512075770152,1554.0641838351823,250203_ARMC5mAC_TotalPolII,-4.445523615306371,-0.09242024478365059,,,48,48.0
191,L14,617.6419658445755,247.08311105089575,457.1229483380269,1667.44609375,HCT116 OsTIRF74G ARMC5mAC Clone 5A1,"EU 1 mM, 30 mins",10 µM 5PhIAA,48,Total Pol II F12,Goat anti-mouse Alexa647,1716,154.4631692028546,1590.5915915915916,250203_ARMC5mAC_TotalPolII,-2.06161065198512,-0.04285986929616507,,,48,48.0
192,L15,524.1163043936352,246.6385668369937,407.92097222557345,1571.015306122449,HCT116 OsTIRF74G ARMC5mAC Clone 5F9,"EU 1 mM, 30 mins",10 µM 5PhIAA,48,Total Pol II F12,Goat anti-mouse Alexa647,4713,156.42528126535925,1457.4182437547313,250203_ARMC5mAC_TotalPolII,-2.5061548658871686,-0.0521017243893477,,,48,48.0
193,L16,372.44149659333266,244.9704500096811,426.55038383771114,1638.6556169429098,HCT116 OsTIRF74G,"EU 1 mM, 30 mins",Vehicle,48,Total Pol II F12,Goat anti-mouse Alexa647,1821,163.5841597895375,1534.0618317061833,250203_ARMC5mAC_TotalPolII,-4.174271693199785,-0.08678105102190543,,,48,0.0
194,L17,408.68189173840454,289.35831832008756,476.8175692810431,1587.5672727272727,HCT116 OsTIRF74G ARMC5mAC Clone 5A1,"EU 1 mM, 30 mins",Vehicle,48,Total Pol II F12,Goat anti-mouse Alexa647,2075,150.83266754648187,1528.5697356426617,250203_ARMC5mAC_TotalPolII,40.21359661720669,0.8360208525710627,,,48,0.0
195,L18,380.35910196384845,298.8474837068347,400.9374822557687,1517.766366130929,HCT116 OsTIRF74G ARMC5mAC Clone 5F9,"EU 1 mM, 30 mins",Vehicle,48,Total Pol II F12,Goat anti-mouse Alexa647,3460,151.62896876544568,1392.2231884057971,250203_ARMC5mAC_TotalPolII,49.70276200395381,1.0332959237946522,,,48,0.0
196,L19,361.0080259716741,249.280627960422,410.9655015995783,1690.4432855280313,HCT116 OsTIRF74G,"EU 1 mM, 30 mins",10 µM 5PhIAA,48,Total Pol II F12,Goat anti-mouse Alexa647,1642,160.12837209381385,1568.863434163701,250203_ARMC5mAC_TotalPolII,0.13590625754113717,0.002825424106697975,,,48,48.0
197,L20,598.6863701520624,245.44261765331717,461.37045895069315,1643.5630126771066,HCT116 OsTIRF74G ARMC5mAC Clone 5A1,"EU 1 mM, 30 mins",10 µM 5PhIAA,48,Total Pol II F12,Goat anti-mouse Alexa647,2025,150.97428491908926,1571.1702442635085,250203_ARMC5mAC_TotalPolII,-3.702104049563701,-0.07696491844001632,,,48,48.0
198,L21,498.0121167097865,244.9753974161883,424.6744054555949,1607.2995867768595,HCT116 OsTIRF74G ARMC5mAC Clone 5F9,"EU 1 mM, 30 mins",10 µM 5PhIAA,48,Total Pol II F12,Goat anti-mouse Alexa647,3416,156.8688761075141,1486.8170478170478,250203_ARMC5mAC_TotalPolII,-4.169324286692586,-0.08667819687917516,,,48,48.0
199,L22,363.16624605842964,243.04430480775952,409.59297421164257,1715.4591232227488,HCT116 OsTIRF74G,"EU 1 mM, 30 mins",No addition,No addition,Total Pol II F12,Goat anti-mouse Alexa647,4716,165.5353666968904,1608.6130988477864,250203_ARMC5mAC_TotalPolII,-6.100416895121356,-0.12682466038155957,,,No addition,0.0
200,M03,370.19788134193243,250.08000908189882,398.75752303958546,1739.8138041733548,HCT116 OsTIRF74G,"EU 1 mM, 30 mins",No addition,No addition,Total Pol II F12,Goat anti-mouse Alexa647,4229,151.4601725700787,1631.2466035405516,250203_ARMC5mAC_TotalPolII,0.9352873790179501,0.01944416361084628,,,No addition,0.0
201,M04,382.9444843757905,262.7500842313513,398.57544092267693,1670.2289405684755,HCT116 OsTIRF74G,"EU 1 mM, 30 mins",Vehicle,72,Total Pol II F12,Goat anti-mouse Alexa647,1122,149.5772654113435,1607.055611222445,250203_ARMC5mAC_TotalPolII,13.605362528470437,0.282848780944984,,,72,0.0
202,M05,414.9163507579823,293.0124074809453,456.2774084631966,1570.076860841424,HCT116 OsTIRF74G ARMC5mAC Clone 5A1,"EU 1 mM, 30 mins",Vehicle,72,Total Pol II F12,Goat anti-mouse Alexa647,2509,147.2373735278313,1510.0468619246863,250203_ARMC5mAC_TotalPolII,43.86768577806441,0.9119875651412042,,,72,0.0
203,M06,371.80832753466655,295.68962013917684,419.3810008966687,1526.8470178156467,HCT116 OsTIRF74G ARMC5mAC Clone 5F9,"EU 1 mM, 30 mins",Vehicle,72,Total Pol II F12,Goat anti-mouse Alexa647,3635,150.52509664812717,1422.9405277668372,250203_ARMC5mAC_TotalPolII,46.544898436295966,0.9676454967197762,,,72,0.0
207,M10,349.27396384821486,244.87968731261324,420.20136481403597,1652.4796437659033,HCT116 OsTIRF74G,"EU 1 mM, 30 mins",Vehicle,72,Total Pol II F12,Goat anti-mouse Alexa647,1467,154.80707810700454,1537.0669371196755,250203_ARMC5mAC_TotalPolII,-4.26503439026763,-0.08866796275742132,,,72,0.0
208,M11,443.69370720611784,290.68887380872417,474.31798147026325,1561.037753222836,HCT116 OsTIRF74G ARMC5mAC Clone 5A1,"EU 1 mM, 30 mins",Vehicle,72,Total Pol II F12,Goat anti-mouse Alexa647,1663,146.54825483137842,1464.6946702800362,250203_ARMC5mAC_TotalPolII,41.544152105843295,0.8636824453550098,,,72,0.0
209,M12,395.252125288618,294.23534988174333,392.11401111760813,1534.5063887020847,HCT116 OsTIRF74G ARMC5mAC Clone 5F9,"EU 1 mM, 30 mins",Vehicle,72,Total Pol II F12,Goat anti-mouse Alexa647,2932,149.30323504080312,1422.8458594293668,250203_ARMC5mAC_TotalPolII,45.09062817886246,0.937411934870994,,,72,0.0
213,M16,371.6077887336588,244.9584037040335,417.8083365280777,1594.623415046492,HCT116 OsTIRF74G,"EU 1 mM, 30 mins",Vehicle,72,Total Pol II F12,Goat anti-mouse Alexa647,1528,156.15990069769873,1514.4339372514362,250203_ARMC5mAC_TotalPolII,-4.186317998847386,-0.08703148777874926,,,72,0.0
214,M17,424.49173552412185,292.49993810271843,464.16397349958544,1540.2806859205775,HCT116 OsTIRF74G ARMC5mAC Clone 5A1,"EU 1 mM, 30 mins",Vehicle,72,Total Pol II F12,Goat anti-mouse Alexa647,2599,147.53527235799953,1522.3379373848986,250203_ARMC5mAC_TotalPolII,43.35521639983756,0.9013335793617164,,,72,0.0
215,M18,384.5709455509429,301.63616429935973,406.12642791233844,1500.695933456562,HCT116 OsTIRF74G ARMC5mAC Clone 5F9,"EU 1 mM, 30 mins",Vehicle,72,Total Pol II F12,Goat anti-mouse Alexa647,4007,150.34017184970162,1388.500476190476,250203_ARMC5mAC_TotalPolII,52.49144259647886,1.0912712187851432,,,72,0.0
219,M22,372.8150980652821,243.09125830917216,402.3386747697485,1707.2102272727273,HCT116 OsTIRF74G,"EU 1 mM, 30 mins",No addition,No addition,Total Pol II F12,Goat anti-mouse Alexa647,3742,157.0077611875721,1604.6493212669684,250203_ARMC5mAC_TotalPolII,-6.053463393708711,-0.12584852023036006,,,No addition,0.0
220,N03,150.72498196099102,252.4296360432068,414.31563943126645,1759.820297951583,HCT116 OsTIRF74G,No addition,No addition,No addition,No primary,Goat anti-mouse Alexa647,3684,128.87946981296093,1634.9600526777876,250203_ARMC5mAC_TotalPolII,3.2849143403259404,0.06829175001589209,,,No addition,0.0
221,N04,377.25523160213186,249.2869134167112,401.09235826284686,1730.1616589081675,HCT116 OsTIRF74G,No addition,No addition,No addition,Total Pol II F12,Goat anti-mouse Alexa647,4300,128.61917636386755,1623.3991683991685,250203_ARMC5mAC_TotalPolII,0.14219171383032858,0.002956095644877167,,,No addition,0.0
222,N05,150.005010558795,247.56617434317647,402.5117754023842,1745.8121525019858,HCT116 OsTIRF74G,No addition,No addition,No addition,No primary,Goat anti-mouse Alexa647,4490,128.7959711597678,1658.3514644351465,250203_ARMC5mAC_TotalPolII,-1.5785473597044017,-0.032817221549370154,,,No addition,0.0
223,N06,332.704960262232,243.72499369306146,386.01092620520006,1768.0,HCT116 OsTIRF74G,No addition,No addition,No addition,Total Pol II F12,Goat anti-mouse Alexa647,3991,127.61932587051598,1650.1590994371481,250203_ARMC5mAC_TotalPolII,-5.4197280098194085,-0.11267347396461806,,,No addition,0.0
224,N07,149.01515641992668,245.97521010088644,406.96034913062755,1703.1052353252248,HCT116 OsTIRF74G,No addition,No addition,No addition,No primary,Goat anti-mouse Alexa647,4347,128.402897278846,1588.190174326466,250203_ARMC5mAC_TotalPolII,-3.1695116019944294,-0.06589258396746996,,,No addition,0.0
225,N08,345.91019525759333,245.66695019016822,400.5717427387039,1747.106444906445,HCT116 OsTIRF74G,No addition,No addition,No addition,Total Pol II F12,Goat anti-mouse Alexa647,4131,129.4900078642102,1598.2313614262562,250203_ARMC5mAC_TotalPolII,-3.47777151271265,-0.07230115557138007,,,No addition,0.0
226,N09,147.0675548042683,246.59523105538779,396.55503690218546,1709.1251916198262,HCT116 OsTIRF74G,No addition,No addition,No addition,No primary,Goat anti-mouse Alexa647,4051,128.82345865236633,1575.7102385685885,250203_ARMC5mAC_TotalPolII,-2.549490647493087,-0.05300265392892317,,,No addition,0.0
227,N10,362.9111166878242,243.1391151816542,387.15419778242904,1743.8591016548464,HCT116 OsTIRF74G,No addition,No addition,No addition,Total Pol II F12,Goat anti-mouse Alexa647,3873,128.18142217317313,1631.09430523918,250203_ARMC5mAC_TotalPolII,-6.005606521226667,-0.1248535994398953,,,No addition,0.0
228,N11,148.34898836456375,246.28731722698268,406.81272199653404,1679.233319854428,HCT116 OsTIRF74G,No addition,No addition,No addition,No primary,Goat anti-mouse Alexa647,4077,128.8901020474414,1579.3653004377238,250203_ARMC5mAC_TotalPolII,-2.8574044758981927,-0.05940403065212603,,,No addition,0.0
229,N12,380.72559994041603,244.2849604111904,393.19921972162564,1691.8133748055989,HCT116 OsTIRF74G,No addition,No addition,No addition,Total Pol II F12,Goat anti-mouse Alexa647,3673,128.530544768499,1587.7066258138643,250203_ARMC5mAC_TotalPolII,-4.859761291690461,-0.10103204189979072,,,No addition,0.0
230,N13,146.83563995347842,245.3948190354769,402.7451503224322,1698.176801226367,HCT116 OsTIRF74G,No addition,No addition,No addition,No primary,Goat anti-mouse Alexa647,3931,128.94342779698303,1588.104307213285,250203_ARMC5mAC_TotalPolII,-3.7499026674039726,-0.07795862814519211,,,No addition,0.0
231,N14,385.6676566778467,245.14012652564003,398.6339224364805,1655.5281485780615,HCT116 OsTIRF74G,No addition,No addition,No addition,Total Pol II F12,Goat anti-mouse Alexa647,4313,129.0489253545732,1545.3487297921479,250203_ARMC5mAC_TotalPolII,-4.004595177240844,-0.08325355988790963,,,No addition,0.0
232,N15,147.82258761113604,244.97849302972278,406.8225877958607,1702.5443686006827,HCT116 OsTIRF74G,No addition,No addition,No addition,No primary,Goat anti-mouse Alexa647,2378,129.10717536963725,1619.7853549468978,250203_ARMC5mAC_TotalPolII,-4.166228673158088,-0.08661384059960692,,,No addition,0.0
233,N16,346.55494990797575,245.85411319355958,395.0681108219507,1698.1362215274676,HCT116 OsTIRF74G,No addition,No addition,No addition,Total Pol II F12,Goat anti-mouse Alexa647,2791,128.6325453981107,1607.4648576512454,250203_ARMC5mAC_TotalPolII,-3.290608509321288,-0.06841012898267511,,,No addition,0.0
234,N17,147.28613529394613,244.87476680789845,403.4115840820895,1724.4338999055713,HCT116 OsTIRF74G,No addition,No addition,No addition,No primary,Goat anti-mouse Alexa647,2062,129.04139722744958,1622.0143718127028,250203_ARMC5mAC_TotalPolII,-4.269954894982419,-0.08877025762514718,,,No addition,0.0
235,N18,370.4337563878932,246.50833323077288,392.64201394834214,1652.3669527896996,HCT116 OsTIRF74G,No addition,No addition,No addition,Total Pol II F12,Goat anti-mouse Alexa647,3339,129.55031480134312,1537.357142857143,250203_ARMC5mAC_TotalPolII,-2.6363884721079955,-0.05480921687112072,,,No addition,0.0
236,N19,146.61740252000078,245.88123016896972,391.5688348938035,1687.2217898832685,HCT116 OsTIRF74G,No addition,No addition,No addition,No primary,Goat anti-mouse Alexa647,2815,129.77291929620978,1569.4424778761063,250203_ARMC5mAC_TotalPolII,-3.26349153391115,-0.0678463804297334,,,No addition,0.0
237,N20,382.6432973716625,242.90581465248488,374.4295457709673,1680.8912676056339,HCT116 OsTIRF74G,No addition,No addition,No addition,Total Pol II F12,Goat anti-mouse Alexa647,3715,129.29877470700964,1559.0288461538462,250203_ARMC5mAC_TotalPolII,-6.238907050395994,-0.12970380244854549,,,No addition,0.0
238,N21,148.11563194919992,246.16011786416217,400.9474677885159,1682.3376146788992,HCT116 OsTIRF74G,No addition,No addition,No addition,No primary,Goat anti-mouse Alexa647,2797,129.81094925441067,1578.4708603145236,250203_ARMC5mAC_TotalPolII,-2.984603838718698,-0.06204844270917126,,,No addition,0.0
239,N22,358.7274087916389,245.70436049239396,401.00517863063055,1817.2037548315848,HCT116 OsTIRF74G,No addition,No addition,No addition,Total Pol II F12,Goat anti-mouse Alexa647,3383,130.9990962098518,1708.8935574229693,250203_ARMC5mAC_TotalPolII,-3.4403612104869126,-0.07152341382747647,,,No addition,0.0
0,C03,,277.9496083722829,683.3615532472843,1711.5619722146555,HCT116 OsTIRF74G,,Vehicle,24.0,pSer2 Pol II 3E10,Goat anti-rat Alexa647,3671,481.0821726748636,,250210_ARMC5mAC_PhosphoPolII,13.205290520703215,0.2592392580888269,,,24.0,0.0
1,C04,,279.2019771205502,655.3284531030687,1678.0859924283398,HCT116 OsTIRF74G,,Vehicle,24.0,pSer2 Pol II 3E10,Goat anti-rat Alexa647,1849,437.31847925685867,,250210_ARMC5mAC_PhosphoPolII,14.45765926897053,0.2838250969725263,,,24.0,0.0
2,C05,,281.0948985965144,668.9071584598481,1656.9298245614036,HCT116 OsTIRF74G,,Vehicle,24.0,pSer2 Pol II 3E10,Goat anti-rat Alexa647,2679,448.8837498585127,,250210_ARMC5mAC_PhosphoPolII,16.35058074493469,0.3209859271928086,,,24.0,0.0
3,C06,,284.5946692173953,645.7447158194207,1687.6253699788583,HCT116 OsTIRF74G,,Vehicle,24.0,pSer2 Pol II 3E10,Goat anti-rat Alexa647,2365,445.61720976856407,,250210_ARMC5mAC_PhosphoPolII,19.850351365815584,0.38969156739177346,,,24.0,0.0
4,C07,,288.560617808079,666.2819196517519,1709.9278948976473,HCT116 OsTIRF74G,,Vehicle,24.0,pSer2 Pol II 3E10,Goat anti-rat Alexa647,3273,446.4585016244699,,250210_ARMC5mAC_PhosphoPolII,23.81629995649928,0.46754896618624686,,,24.0,0.0
5,C08,,301.5152661800984,642.0730193247396,1693.375598967932,HCT116 OsTIRF74G,,Vehicle,24.0,pSer2 Pol II 3E10,Goat anti-rat Alexa647,2713,425.59829433699235,,250210_ARMC5mAC_PhosphoPolII,36.77094832851873,0.7218677505779068,,,24.0,0.0
6,C09,,282.4518108306531,644.8193002359634,1638.2524020694752,HCT116 OsTIRF74G,,Vehicle,24.0,pSer2 Pol II 3E10,Goat anti-rat Alexa647,2706,429.98765748474113,,250210_ARMC5mAC_PhosphoPolII,17.70749297907338,0.34762410833076013,,,24.0,0.0
7,C10,,278.7364139284271,686.2312315429091,1712.552204176334,HCT116 OsTIRF74G,,Vehicle,24.0,pSer2 Pol II 3E10,Goat anti-rat Alexa647,431,484.6623350026036,,250210_ARMC5mAC_PhosphoPolII,13.992096076847417,0.27468540736628544,,,24.0,0.0
8,C11,,275.6435845416513,660.5449793580011,1688.6357635763577,HCT116 OsTIRF74G,,Vehicle,24.0,pSer2 Pol II 3E10,Goat anti-rat Alexa647,3333,446.2672784072576,,250210_ARMC5mAC_PhosphoPolII,10.899266690071613,0.2139686215927314,,,24.0,0.0
9,C12,,272.0632619196624,664.250841807719,1679.6022241231822,HCT116 OsTIRF74G,,Vehicle,24.0,pSer2 Pol II 3E10,Goat anti-rat Alexa647,3507,437.70053085991674,,250210_ARMC5mAC_PhosphoPolII,7.318944068082715,0.14368162724089348,,,24.0,0.0
10,C13,,270.4055316141402,594.5482315406288,1718.448030796565,HCT116 OsTIRF74G,,Vehicle,24.0,pSer5 Pol II 3E8,Goat anti-rat Alexa647,3377,1094.305686898283,,250210_ARMC5mAC_PhosphoPolII,5.6612137625605214,0.11113794530968729,,,24.0,0.0
11,C14,,270.38823699203243,659.3934189950028,1652.582687773661,HCT116 OsTIRF74G,,Vehicle,24.0,pSer5 Pol II 3E8,Goat anti-rat Alexa647,2969,1177.7630154196218,,250210_ARMC5mAC_PhosphoPolII,5.643919140452738,0.11079842646327347,,,24.0,0.0
12,C15,,270.25099095079815,613.297220888826,1637.8499313186812,HCT116 OsTIRF74G,,Vehicle,24.0,pSer5 Pol II 3E8,Goat anti-rat Alexa647,2912,1119.5090029799394,,250210_ARMC5mAC_PhosphoPolII,5.50667309921846,0.10810408499085973,,,24.0,0.0
13,C16,,270.26388990905286,666.7077745325608,1641.2667105696412,HCT116 OsTIRF74G,,Vehicle,24.0,pSer5 Pol II 3E8,Goat anti-rat Alexa647,3037,1143.9250585629954,,250210_ARMC5mAC_PhosphoPolII,5.5195720574731695,0.108357310496412,,,24.0,0.0
14,C17,,271.83268323516893,635.166938324652,1642.5700141442717,HCT116 OsTIRF74G,,Vehicle,24.0,pSer5 Pol II 3E8,Goat anti-rat Alexa647,2828,1128.0499835100159,,250210_ARMC5mAC_PhosphoPolII,7.088365383589235,0.1391550288290318,,,24.0,0.0
15,C18,,273.0076045845816,654.6335099243295,1652.1669111176298,HCT116 OsTIRF74G,,Vehicle,24.0,pSer5 Pol II 3E8,Goat anti-rat Alexa647,3409,1140.1413726453743,,250210_ARMC5mAC_PhosphoPolII,8.263286733001905,0.1622204614643029,,,24.0,0.0
16,C19,,272.2799971266353,659.8190723658324,1636.167563688554,HCT116 OsTIRF74G,,Vehicle,24.0,pSer5 Pol II 3E8,Goat anti-rat Alexa647,2787,1185.1545601536952,,250210_ARMC5mAC_PhosphoPolII,7.5356792750556,0.147936457846043,,,24.0,0.0
17,C20,,271.516328260619,636.8250235763854,1660.0136148930258,HCT116 OsTIRF74G,,Vehicle,24.0,pSer5 Pol II 3E8,Goat anti-rat Alexa647,3599,1118.2693867005692,,250210_ARMC5mAC_PhosphoPolII,6.7720104090392965,0.13294451579514904,,,24.0,0.0
18,C21,,270.89770630635104,654.7642826819591,1684.4240734667103,HCT116 OsTIRF74G,,Vehicle,24.0,pSer5 Pol II 3E8,Goat anti-rat Alexa647,3049,1143.1112131382379,,250210_ARMC5mAC_PhosphoPolII,6.1533884547713456,0.12080005776823517,,,24.0,0.0
19,C22,,270.1576242409304,647.3559427590121,1689.9062695924765,HCT116 OsTIRF74G,,Vehicle,24.0,pSer5 Pol II 3E8,Goat anti-rat Alexa647,3190,1124.614940068327,,250210_ARMC5mAC_PhosphoPolII,5.41330638935068,0.10627115927382454,,,24.0,0.0
20,D03,,307.4972292995318,777.3697612525308,1502.0711166562694,HCT116 OsTIRF74G ARMC5mAC Clone 5A1,,Vehicle,48.0,pSer2 Pol II 3E10,Goat anti-rat Alexa647,1603,513.0413789836136,,250210_ARMC5mAC_PhosphoPolII,42.7529114479521,0.8393024771040181,,,48.0,0.0
21,D04,,335.58714508205946,890.5629364357596,1436.4451038575667,HCT116 OsTIRF74G ARMC5mAC Clone 5F9,,Vehicle,48.0,pSer2 Pol II 3E10,Goat anti-rat Alexa647,1685,524.5962440629469,,250210_ARMC5mAC_PhosphoPolII,70.84282723047977,1.390748802031394,,,48.0,0.0
22,D05,,272.05612953143975,799.5461010064702,1541.733467945482,HCT116 OsTIRF74G ARMC5mAC Clone 5A1,,10 µM 5PhIAA,48.0,pSer2 Pol II 3E10,Goat anti-rat Alexa647,1981,535.1856460455748,,250210_ARMC5mAC_PhosphoPolII,7.311811679860057,0.143541607979042,,,48.0,48.0
23,D06,,279.832456552549,866.8890271487355,1436.2740993184032,HCT116 OsTIRF74G ARMC5mAC Clone 5F9,,10 µM 5PhIAA,48.0,pSer2 Pol II 3E10,Goat anti-rat Alexa647,2054,545.5341530940807,,250210_ARMC5mAC_PhosphoPolII,15.088138700969296,0.29620233471185325,,,48.0,48.0
24,D07,,327.0266740605493,809.3107426306525,1402.3745819397993,HCT116 OsTIRF74G ARMC5mAC Clone 5A1,,Vehicle,48.0,pSer2 Pol II 3E10,Goat anti-rat Alexa647,897,499.803884657276,,250210_ARMC5mAC_PhosphoPolII,62.28235620896959,1.222694176271519,,,48.0,0.0
25,D08,,351.96505023024037,956.4057371438905,1382.5866050808313,HCT116 OsTIRF74G ARMC5mAC Clone 5F9,,Vehicle,48.0,pSer2 Pol II 3E10,Goat anti-rat Alexa647,433,536.1403129047756,,250210_ARMC5mAC_PhosphoPolII,87.22073237866067,1.7122711474131218,,,48.0,0.0
26,D09,,275.570042321307,804.4567308165116,1462.0108108108109,HCT116 OsTIRF74G ARMC5mAC Clone 5A1,,10 µM 5PhIAA,48.0,pSer2 Pol II 3E10,Goat anti-rat Alexa647,555,526.6490174189262,,250210_ARMC5mAC_PhosphoPolII,10.825724469727334,0.21252487973711937,,,48.0,48.0
27,D11,,312.80282323443356,897.3779574886722,1393.7915407854985,HCT116 OsTIRF74G ARMC5mAC Clone 5A1,,Vehicle,48.0,pSer2 Pol II 3E10,Goat anti-rat Alexa647,331,554.9800382701699,,250210_ARMC5mAC_PhosphoPolII,48.058505382853866,0.9434590826136157,,,48.0,0.0
28,D13,,269.57404414138927,836.9149086681746,1503.8246073298428,HCT116 OsTIRF74G ARMC5mAC Clone 5A1,,10 µM 5PhIAA,48.0,pSer5 Pol II 3E8,Goat anti-rat Alexa647,764,2507.20633414974,,250210_ARMC5mAC_PhosphoPolII,4.829726289809571,0.09481462434918551,,,48.0,48.0
29,D14,,274.1595888201494,858.5474767953926,1416.4065811489124,HCT116 OsTIRF74G ARMC5mAC Clone 5F9,,10 µM 5PhIAA,48.0,pSer5 Pol II 3E8,Goat anti-rat Alexa647,1793,2263.1445732097272,,250210_ARMC5mAC_PhosphoPolII,9.4152709685697,0.18483560484872247,,,48.0,48.0
30,D15,,315.28584031776677,819.0292682667712,1465.140268456376,HCT116 OsTIRF74G ARMC5mAC Clone 5A1,,Vehicle,48.0,pSer5 Pol II 3E8,Goat anti-rat Alexa647,1490,1384.1853305053862,,250210_ARMC5mAC_PhosphoPolII,50.541522466187075,0.9922043567517348,,,48.0,0.0
31,D16,,330.9552997309417,872.7113055121417,1396.1406067677947,HCT116 OsTIRF74G ARMC5mAC Clone 5F9,,Vehicle,48.0,pSer5 Pol II 3E8,Goat anti-rat Alexa647,1714,1382.8377173648646,,250210_ARMC5mAC_PhosphoPolII,66.21098187936201,1.2998188712946632,,,48.0,0.0
32,D17,,269.68379613887276,779.764506343791,1492.8319652341863,HCT116 OsTIRF74G ARMC5mAC Clone 5A1,,10 µM 5PhIAA,48.0,pSer5 Pol II 3E8,Goat anti-rat Alexa647,2071,2214.745786786449,,250210_ARMC5mAC_PhosphoPolII,4.9394782872930705,0.09696921734028877,,,48.0,48.0
33,D18,,274.48798791350964,906.0123665349676,1441.981591448931,HCT116 OsTIRF74G ARMC5mAC Clone 5F9,,10 µM 5PhIAA,48.0,pSer5 Pol II 3E8,Goat anti-rat Alexa647,1684,2326.739998117762,,250210_ARMC5mAC_PhosphoPolII,9.743670061929947,0.19128256163367777,,,48.0,48.0
34,D19,,319.4527420523922,802.2045049501552,1360.1231155778894,HCT116 OsTIRF74G ARMC5mAC Clone 5A1,,Vehicle,48.0,pSer5 Pol II 3E8,Goat anti-rat Alexa647,1194,1359.076327581842,,250210_ARMC5mAC_PhosphoPolII,54.70842420081249,1.0740067610623227,,,48.0,0.0
35,D20,,338.6281837237329,902.2390294666875,1373.8529230769232,HCT116 OsTIRF74G ARMC5mAC Clone 5F9,,Vehicle,48.0,pSer5 Pol II 3E8,Goat anti-rat Alexa647,1625,1394.3696109900973,,250210_ARMC5mAC_PhosphoPolII,73.8838658721532,1.4504488593721159,,,48.0,0.0
36,D21,,276.4040674505433,883.6365583216585,1425.3214936247723,HCT116 OsTIRF74G ARMC5mAC Clone 5A1,,10 µM 5PhIAA,48.0,pSer5 Pol II 3E8,Goat anti-rat Alexa647,1098,2567.9106123534316,,250210_ARMC5mAC_PhosphoPolII,11.659749598963629,0.2288980186235133,,,48.0,48.0
37,D22,,276.87741699220237,856.5841625862498,1397.9362340585146,HCT116 OsTIRF74G ARMC5mAC Clone 5F9,,10 µM 5PhIAA,48.0,pSer5 Pol II 3E8,Goat anti-rat Alexa647,1333,2490.537461765723,,250210_ARMC5mAC_PhosphoPolII,12.133099140622676,0.23819056571318103,,,48.0,48.0
38,E03,,329.0174887662829,741.0281764635135,1565.7151898734178,HCT116 OsTIRF74G ARMC5mAC Clone 5A1,,Vehicle,24.0,pSer2 Pol II 3E10,Goat anti-rat Alexa647,2370,492.43067638617083,,250210_ARMC5mAC_PhosphoPolII,64.2731709147032,1.2617767944462253,,,24.0,0.0
39,E04,,349.04494064826474,872.8594142215791,1378.2929092113982,HCT116 OsTIRF74G ARMC5mAC Clone 5F9,,Vehicle,24.0,pSer2 Pol II 3E10,Goat anti-rat Alexa647,1509,520.5572158044922,,250210_ARMC5mAC_PhosphoPolII,84.30062279668505,1.654945105219457,,,24.0,0.0
40,E05,,270.41320674351624,788.5459921986928,1535.3947498761763,HCT116 OsTIRF74G ARMC5mAC Clone 5A1,,10 µM 5PhIAA,24.0,pSer2 Pol II 3E10,Goat anti-rat Alexa647,2019,548.2785889094541,,250210_ARMC5mAC_PhosphoPolII,5.668888891936547,0.11128861937793721,,,24.0,24.0
41,E06,,274.1236913862859,873.4860183201355,1395.4545454545455,HCT116 OsTIRF74G ARMC5mAC Clone 5F9,,10 µM 5PhIAA,24.0,pSer2 Pol II 3E10,Goat anti-rat Alexa647,1617,548.3743759246734,,250210_ARMC5mAC_PhosphoPolII,9.37937353470619,0.1841308854707217,,,24.0,24.0
42,E07,,325.3158485359053,791.0620293139106,1479.9216459977451,HCT116 OsTIRF74G ARMC5mAC Clone 5A1,,Vehicle,24.0,pSer2 Pol II 3E10,Goat anti-rat Alexa647,1774,512.3659939905754,,250210_ARMC5mAC_PhosphoPolII,60.57153068432558,1.1891081571655553,,,24.0,0.0
43,E08,,345.7119878064044,881.7972902143323,1402.7098646034817,HCT116 OsTIRF74G ARMC5mAC Clone 5F9,,Vehicle,24.0,pSer2 Pol II 3E10,Goat anti-rat Alexa647,2068,499.64404519848216,,250210_ARMC5mAC_PhosphoPolII,80.96766995482471,1.5895143431613037,,,24.0,0.0
44,E09,,271.4582212880331,795.6073454664385,1523.4171861086377,HCT116 OsTIRF74G ARMC5mAC Clone 5A1,,10 µM 5PhIAA,24.0,pSer2 Pol II 3E10,Goat anti-rat Alexa647,2246,517.9778973442315,,250210_ARMC5mAC_PhosphoPolII,6.713903436453393,0.1318037905351223,,,24.0,24.0
45,E10,,274.3453917242912,870.3204564171224,1399.1568276684557,HCT116 OsTIRF74G ARMC5mAC Clone 5F9,,10 µM 5PhIAA,24.0,pSer2 Pol II 3E10,Goat anti-rat Alexa647,1677,559.244898100198,,250210_ARMC5mAC_PhosphoPolII,9.601073872711481,0.1884831888942948,,,24.0,24.0
46,E11,,323.583512302614,791.8108274424999,1513.7721729490022,HCT116 OsTIRF74G ARMC5mAC Clone 5A1,,Vehicle,24.0,pSer2 Pol II 3E10,Goat anti-rat Alexa647,1804,513.3661468292216,,250210_ARMC5mAC_PhosphoPolII,58.8391944510343,1.1550998512388708,,,24.0,0.0
47,E12,,341.240311485684,869.3689326619523,1399.600894354388,HCT116 OsTIRF74G ARMC5mAC Clone 5F9,,Vehicle,24.0,pSer2 Pol II 3E10,Goat anti-rat Alexa647,1789,504.59173534702984,,250210_ARMC5mAC_PhosphoPolII,76.49599363410431,1.5017287658595784,,,24.0,0.0
48,E13,,261.85566599209255,743.0538579057211,1586.3615938957184,HCT116 OsTIRF74G ARMC5mAC Clone 5A1,,10 µM 5PhIAA,24.0,pSer5 Pol II 3E8,Goat anti-rat Alexa647,2359,1992.0837542784932,,250210_ARMC5mAC_PhosphoPolII,-2.8886518594871404,-0.05670848087410941,,,24.0,24.0
49,E14,,263.3838199065189,808.5227136731959,1462.714070351759,HCT116 OsTIRF74G ARMC5mAC Clone 5F9,,10 µM 5PhIAA,24.0,pSer5 Pol II 3E8,Goat anti-rat Alexa647,1990,1954.8914747188114,,250210_ARMC5mAC_PhosphoPolII,-1.3604979450607857,-0.026708573912552575,,,24.0,24.0
50,E15,,285.91882442034165,808.3883702185179,1487.6256914566686,HCT116 OsTIRF74G ARMC5mAC Clone 5A1,,Vehicle,24.0,pSer5 Pol II 3E8,Goat anti-rat Alexa647,1627,1394.8990231827215,,250210_ARMC5mAC_PhosphoPolII,21.174506568761956,0.4156866798709798,,,24.0,0.0
51,E16,,338.31675715398234,862.0629907858039,1394.068796068796,HCT116 OsTIRF74G ARMC5mAC Clone 5F9,,Vehicle,24.0,pSer5 Pol II 3E8,Goat anti-rat Alexa647,2035,1299.7195601673427,,250210_ARMC5mAC_PhosphoPolII,73.57243930240264,1.4443350981667333,,,24.0,0.0
52,E17,,260.16645699135955,787.3668220773768,1516.5047248471374,HCT116 OsTIRF74G ARMC5mAC Clone 5A1,,10 µM 5PhIAA,24.0,pSer5 Pol II 3E8,Goat anti-rat Alexa647,1799,2109.142633299021,,250210_ARMC5mAC_PhosphoPolII,-4.577860860220142,-0.0898701358502297,,,24.0,24.0
53,E18,,263.6977995906045,793.0171805688974,1468.6274809160304,HCT116 OsTIRF74G ARMC5mAC Clone 5F9,,10 µM 5PhIAA,24.0,pSer5 Pol II 3E8,Goat anti-rat Alexa647,1965,1943.1116455917052,,250210_ARMC5mAC_PhosphoPolII,-1.0465182609751764,-0.020544691320972676,,,24.0,24.0
54,E19,,329.2957612187628,842.1363871635969,1417.8588110403398,HCT116 OsTIRF74G ARMC5mAC Clone 5A1,,Vehicle,24.0,pSer5 Pol II 3E8,Goat anti-rat Alexa647,942,1471.2299117565137,,250210_ARMC5mAC_PhosphoPolII,64.55144336718308,1.2672396916096267,,,24.0,0.0
55,E20,,342.5090265976893,884.6685344529877,1373.6495215311004,HCT116 OsTIRF74G ARMC5mAC Clone 5F9,,Vehicle,24.0,pSer5 Pol II 3E8,Goat anti-rat Alexa647,1672,1325.2722310790734,,250210_ARMC5mAC_PhosphoPolII,77.76470874610959,1.5266355078844267,,,24.0,0.0
56,E21,,264.3345202184171,840.3680564334928,1481.939748953975,HCT116 OsTIRF74G ARMC5mAC Clone 5A1,,10 µM 5PhIAA,24.0,pSer5 Pol II 3E8,Goat anti-rat Alexa647,1195,2309.483057919564,,250210_ARMC5mAC_PhosphoPolII,-0.4097976331626114,-0.008044929736386847,,,24.0,24.0
57,E22,,268.53496063872086,814.8956234965676,1368.3369932432433,HCT116 OsTIRF74G ARMC5mAC Clone 5F9,,10 µM 5PhIAA,24.0,pSer5 Pol II 3E8,Goat anti-rat Alexa647,1184,2244.464611381124,,250210_ARMC5mAC_PhosphoPolII,3.7906427871411665,0.07441588825914817,,,24.0,24.0
58,F03,,338.26104213517175,733.6033832040872,1517.3591936469152,HCT116 OsTIRF74G ARMC5mAC Clone 5A1,,Vehicle,8.0,pSer2 Pol II 3E10,Goat anti-rat Alexa647,1637,555.5887857889797,,250210_ARMC5mAC_PhosphoPolII,73.51672428359205,1.4432413304742908,,,8.0,0.0
59,F04,,349.87202199956374,842.7714377707528,1425.5136830102622,HCT116 OsTIRF74G ARMC5mAC Clone 5F9,,Vehicle,8.0,pSer2 Pol II 3E10,Goat anti-rat Alexa647,1754,498.7533294843453,,250210_ARMC5mAC_PhosphoPolII,85.12770414798405,1.6711819275410638,,,8.0,0.0
60,F05,,268.0389861635935,757.0820143055277,1537.2998819362456,HCT116 OsTIRF74G ARMC5mAC Clone 5A1,,10 µM 5PhIAA,8.0,pSer2 Pol II 3E10,Goat anti-rat Alexa647,1694,487.69785348942384,,250210_ARMC5mAC_PhosphoPolII,3.294668312013812,0.06467918047816981,,,8.0,8.0
61,F06,,269.33042770134466,879.3957807586926,1433.6088379705402,HCT116 OsTIRF74G ARMC5mAC Clone 5F9,,10 µM 5PhIAA,8.0,pSer2 Pol II 3E10,Goat anti-rat Alexa647,1833,514.2895460954252,,250210_ARMC5mAC_PhosphoPolII,4.586109849764966,0.09003207563688037,,,8.0,8.0
62,F07,,327.0049273349882,721.4862579914677,1499.2289239204936,HCT116 OsTIRF74G ARMC5mAC Clone 5A1,,Vehicle,8.0,pSer2 Pol II 3E10,Goat anti-rat Alexa647,1459,476.0589589798724,,250210_ARMC5mAC_PhosphoPolII,62.26060948340853,1.2222672560919539,,,8.0,0.0
63,F08,,345.515809172111,840.776709224716,1379.2921727395412,HCT116 OsTIRF74G ARMC5mAC Clone 5F9,,Vehicle,8.0,pSer2 Pol II 3E10,Goat anti-rat Alexa647,1482,498.42492060303056,,250210_ARMC5mAC_PhosphoPolII,80.77149132053131,1.585663068285725,,,8.0,0.0
64,F09,,264.4575069121316,755.263040999671,1462.5407407407408,HCT116 OsTIRF74G ARMC5mAC Clone 5A1,,10 µM 5PhIAA,8.0,pSer2 Pol II 3E10,Goat anti-rat Alexa647,2160,474.1313250209015,,250210_ARMC5mAC_PhosphoPolII,-0.28681093944811664,-0.00563052020989007,,,8.0,8.0
65,F10,,270.39117105830144,866.5129575597634,1417.5378590078328,HCT116 OsTIRF74G ARMC5mAC Clone 5F9,,10 µM 5PhIAA,8.0,pSer2 Pol II 3E10,Goat anti-rat Alexa647,1915,511.1975496594855,,250210_ARMC5mAC_PhosphoPolII,5.646853206721744,0.11085602649574289,,,8.0,8.0
66,F11,,320.2762657631344,736.8837006094666,1516.1915887850466,HCT116 OsTIRF74G ARMC5mAC Clone 5A1,,Vehicle,8.0,pSer2 Pol II 3E10,Goat anti-rat Alexa647,1712,469.8014377077208,,250210_ARMC5mAC_PhosphoPolII,55.53194791155471,1.090173741671849,,,8.0,0.0
67,F12,,263.16051877955397,858.3083532912208,1372.393611540443,HCT116 OsTIRF74G ARMC5mAC Clone 5F9,,Vehicle,8.0,pSer2 Pol II 3E10,Goat anti-rat Alexa647,1941,515.3816655324837,,250210_ARMC5mAC_PhosphoPolII,-1.5837990720257267,-0.031092303175762115,,,8.0,0.0
68,F13,,258.8746186760337,753.8878756782298,1444.0826771653544,HCT116 OsTIRF74G ARMC5mAC Clone 5A1,,10 µM 5PhIAA,8.0,pSer5 Pol II 3E8,Goat anti-rat Alexa647,1524,1824.9249580541539,,250210_ARMC5mAC_PhosphoPolII,-5.869699175545975,-0.11523082033579564,,,8.0,8.0
69,F14,,260.0116313635403,833.2296003284954,1371.4504830917874,HCT116 OsTIRF74G ARMC5mAC Clone 5F9,,10 µM 5PhIAA,8.0,pSer5 Pol II 3E8,Goat anti-rat Alexa647,1656,1767.6715549542253,,250210_ARMC5mAC_PhosphoPolII,-4.7326864880394055,-0.09290959044049989,,,8.0,8.0
70,F15,,315.13818799614734,752.2706762047707,1478.0413555427915,HCT116 OsTIRF74G ARMC5mAC Clone 5A1,,Vehicle,8.0,pSer5 Pol II 3E8,Goat anti-rat Alexa647,1741,1297.6318252535307,,250210_ARMC5mAC_PhosphoPolII,50.39387014456764,0.989305724703337,,,8.0,0.0
71,F16,,341.0752965170588,828.8555557477682,1367.3493653974615,HCT116 OsTIRF74G ARMC5mAC Clone 5F9,,Vehicle,8.0,pSer5 Pol II 3E8,Goat anti-rat Alexa647,1497,1292.7777121628908,,250210_ARMC5mAC_PhosphoPolII,76.33097866547911,1.4984892795360567,,,8.0,0.0
72,F17,,260.0876868567998,794.5647401216809,1417.5922059846903,HCT116 OsTIRF74G ARMC5mAC Clone 5A1,,10 µM 5PhIAA,8.0,pSer5 Pol II 3E8,Goat anti-rat Alexa647,1437,1910.5255102980784,,250210_ARMC5mAC_PhosphoPolII,-4.656630994779903,-0.09141650934430881,,,8.0,8.0
73,F18,,261.5068140427592,805.6741267087234,1357.2817745803357,HCT116 OsTIRF74G ARMC5mAC Clone 5F9,,10 µM 5PhIAA,8.0,pSer5 Pol II 3E8,Goat anti-rat Alexa647,834,1755.404956690983,,250210_ARMC5mAC_PhosphoPolII,-3.23750380882052,-0.06355695727727835,,,8.0,8.0
74,F19,,310.2525423968974,789.1965608168799,1419.91782729805,HCT116 OsTIRF74G ARMC5mAC Clone 5A1,,Vehicle,8.0,pSer5 Pol II 3E8,Goat anti-rat Alexa647,718,1319.1309515746086,,250210_ARMC5mAC_PhosphoPolII,45.50822454531772,0.8933933221364417,,,8.0,0.0
75,F21,,258.41962843935676,762.9291484798489,1501.826,HCT116 OsTIRF74G ARMC5mAC Clone 5A1,,10 µM 5PhIAA,8.0,pSer5 Pol II 3E8,Goat anti-rat Alexa647,500,1710.1735101381464,,250210_ARMC5mAC_PhosphoPolII,-6.324689412222938,-0.12416294728967613,,,8.0,8.0
76,G03,,342.7423637923014,757.8018115674301,1494.9675792507205,HCT116 OsTIRF74G ARMC5mAC Clone 5A1,,Vehicle,2.0,pSer2 Pol II 3E10,Goat anti-rat Alexa647,1388,541.9537076542806,,250210_ARMC5mAC_PhosphoPolII,77.99804594072168,1.531216259903546,,,2.0,0.0
77,G04,,349.0269974868296,786.9613363051943,1390.500296735905,HCT116 OsTIRF74G ARMC5mAC Clone 5F9,,Vehicle,2.0,pSer2 Pol II 3E10,Goat anti-rat Alexa647,1685,505.30877234368154,,250210_ARMC5mAC_PhosphoPolII,84.2826796352499,1.6545928545930189,,,2.0,0.0
78,G05,,263.1906911148512,771.9469890713721,1491.5387114239306,HCT116 OsTIRF74G ARMC5mAC Clone 5A1,,10 µM 5PhIAA,2.0,pSer2 Pol II 3E10,Goat anti-rat Alexa647,1847,493.59438649601987,,250210_ARMC5mAC_PhosphoPolII,-1.5536267367285177,-0.03049997589564717,,,2.0,2.0
79,G06,,264.5512545117765,762.4500868556108,1426.4050564819795,HCT116 OsTIRF74G ARMC5mAC Clone 5F9,,10 µM 5PhIAA,2.0,pSer2 Pol II 3E10,Goat anti-rat Alexa647,1859,485.06729830835485,,250210_ARMC5mAC_PhosphoPolII,-0.19306333980318868,-0.0037901170668121317,,,2.0,2.0
80,G07,,320.45910597652437,744.5218672170722,1565.899294117647,HCT116 OsTIRF74G ARMC5mAC Clone 5A1,,Vehicle,2.0,pSer2 Pol II 3E10,Goat anti-rat Alexa647,2125,468.1846230833963,,250210_ARMC5mAC_PhosphoPolII,55.714788124944675,1.0937631637442908,,,2.0,0.0
81,G08,,339.7918906125917,770.485378210137,1370.4052757793766,HCT116 OsTIRF74G ARMC5mAC Clone 5F9,,Vehicle,2.0,pSer2 Pol II 3E10,Goat anti-rat Alexa647,1668,488.294700927765,,250210_ARMC5mAC_PhosphoPolII,75.04757276101202,1.4732941356670712,,,2.0,0.0
82,G09,,258.21375565652465,775.0002065580348,1438.2340012928248,HCT116 OsTIRF74G ARMC5mAC Clone 5A1,,10 µM 5PhIAA,2.0,pSer2 Pol II 3E10,Goat anti-rat Alexa647,1547,515.3059232381116,,250210_ARMC5mAC_PhosphoPolII,-6.53056219505504,-0.1282045325466156,,,2.0,2.0
83,G10,,261.49806676908076,774.1167477292365,1390.8718984420082,HCT116 OsTIRF74G ARMC5mAC Clone 5F9,,10 µM 5PhIAA,2.0,pSer2 Pol II 3E10,Goat anti-rat Alexa647,1733,498.2272385703116,,250210_ARMC5mAC_PhosphoPolII,-3.2462510824989295,-0.06372867911369956,,,2.0,2.0
84,G11,,321.0547528494079,731.5113700072476,1493.1099397590363,HCT116 OsTIRF74G ARMC5mAC Clone 5A1,,Vehicle,2.0,pSer2 Pol II 3E10,Goat anti-rat Alexa647,1992,482.57916793615135,,250210_ARMC5mAC_PhosphoPolII,56.310434997828224,1.105456587161759,,,2.0,0.0
85,G12,,337.7982645698907,781.2001240281929,1384.5963983050847,HCT116 OsTIRF74G ARMC5mAC Clone 5F9,,Vehicle,2.0,pSer2 Pol II 3E10,Goat anti-rat Alexa647,1888,505.7770884456181,,250210_ARMC5mAC_PhosphoPolII,73.05394671831101,1.434156326816437,,,2.0,0.0
86,G13,,255.7258940226734,736.4050801839365,1453.6986577181208,HCT116 OsTIRF74G ARMC5mAC Clone 5A1,,10 µM 5PhIAA,2.0,pSer5 Pol II 3E8,Goat anti-rat Alexa647,1490,1479.0213666038856,,250210_ARMC5mAC_PhosphoPolII,-9.018423828906293,-0.17704491233046832,,,2.0,2.0
87,G14,,254.95551736060747,774.1391217827102,1394.0296540362438,HCT116 OsTIRF74G ARMC5mAC Clone 5F9,,10 µM 5PhIAA,2.0,pSer5 Pol II 3E8,Goat anti-rat Alexa647,1821,1404.3918197876335,,250210_ARMC5mAC_PhosphoPolII,-9.788800490972221,-0.19216853827491917,,,2.0,2.0
88,G15,,322.4824138693867,735.0595984542575,1493.9188820722563,HCT116 OsTIRF74G ARMC5mAC Clone 5A1,,Vehicle,2.0,pSer5 Pol II 3E8,Goat anti-rat Alexa647,1467,1333.889403572333,,250210_ARMC5mAC_PhosphoPolII,57.73809601780698,1.1334836709310543,,,2.0,0.0
89,G16,,336.4354939387493,741.1839804851652,1353.1192482177576,HCT116 OsTIRF74G ARMC5mAC Clone 5F9,,Vehicle,2.0,pSer5 Pol II 3E8,Goat anti-rat Alexa647,1543,1319.2345490961877,,250210_ARMC5mAC_PhosphoPolII,71.6911760871696,1.4074031367364106,,,2.0,0.0
90,G17,,254.61165093767846,776.2405522844808,1421.4158415841584,HCT116 OsTIRF74G ARMC5mAC Clone 5A1,,10 µM 5PhIAA,2.0,pSer5 Pol II 3E8,Goat anti-rat Alexa647,1414,1557.8744609941791,,250210_ARMC5mAC_PhosphoPolII,-10.132666913901232,-0.19891914146854195,,,2.0,2.0
91,G18,,257.91093962732884,774.5345690430216,1360.0911214953271,HCT116 OsTIRF74G ARMC5mAC Clone 5F9,,10 µM 5PhIAA,2.0,pSer5 Pol II 3E8,Goat anti-rat Alexa647,1712,1454.4587189157269,,250210_ARMC5mAC_PhosphoPolII,-6.8333782242508505,-0.13414925618772378,,,2.0,2.0
92,G19,,328.6628380398662,761.0948345548701,1463.4926335174955,HCT116 OsTIRF74G ARMC5mAC Clone 5A1,,Vehicle,2.0,pSer5 Pol II 3E8,Goat anti-rat Alexa647,1086,1409.2473925398845,,250210_ARMC5mAC_PhosphoPolII,63.91852018828649,1.2548144795276106,,,2.0,0.0
93,G20,,334.4757606516788,753.5192707856411,1370.5299295774648,HCT116 OsTIRF74G ARMC5mAC Clone 5F9,,Vehicle,2.0,pSer5 Pol II 3E8,Goat anti-rat Alexa647,1704,1338.4548133282276,,250210_ARMC5mAC_PhosphoPolII,69.7314428000991,1.36893069248419,,,2.0,0.0
94,G21,,259.8451584172358,797.4233736790628,1424.65625,HCT116 OsTIRF74G ARMC5mAC Clone 5A1,,10 µM 5PhIAA,2.0,pSer5 Pol II 3E8,Goat anti-rat Alexa647,1088,1564.8736239618713,,250210_ARMC5mAC_PhosphoPolII,-4.899159434343915,-0.09617769900836379,,,2.0,2.0
95,G22,,260.23375462256234,735.8648781143097,1388.917757009346,HCT116 OsTIRF74G ARMC5mAC Clone 5F9,,10 µM 5PhIAA,2.0,pSer5 Pol II 3E8,Goat anti-rat Alexa647,1605,1408.7572162830816,,250210_ARMC5mAC_PhosphoPolII,-4.51056322901735,-0.08854898445588552,,,2.0,2.0
96,H03,,340.9827845385375,720.7165708695827,1507.2314049586778,HCT116 OsTIRF74G ARMC5mAC Clone 5A1,,Vehicle,0.5,pSer2 Pol II 3E10,Goat anti-rat Alexa647,1331,525.6487349223348,,250210_ARMC5mAC_PhosphoPolII,76.23846668695779,1.4966731334513799,,,0.5,0.0
97,H04,,350.85501216864,800.3868046482131,1354.4922558922558,HCT116 OsTIRF74G ARMC5mAC Clone 5F9,,Vehicle,0.5,pSer2 Pol II 3E10,Goat anti-rat Alexa647,1485,507.5279298438566,,250210_ARMC5mAC_PhosphoPolII,86.11069431706028,1.690479469063563,,,0.5,0.0
100,H07,,319.1006002588112,690.9928163167971,1578.8854337152209,HCT116 OsTIRF74G ARMC5mAC Clone 5A1,,Vehicle,0.5,pSer2 Pol II 3E10,Goat anti-rat Alexa647,2444,463.6506597396357,,250210_ARMC5mAC_PhosphoPolII,54.356282407231504,1.067093700182149,,,0.5,0.0
101,H08,,332.9792024329785,794.9680158464467,1369.0746733042938,HCT116 OsTIRF74G ARMC5mAC Clone 5F9,,Vehicle,0.5,pSer2 Pol II 3E10,Goat anti-rat Alexa647,1607,509.7510875775073,,250210_ARMC5mAC_PhosphoPolII,68.23488458139883,1.3395510554595944,,,0.5,0.0
104,H11,,321.94606099637167,701.876484368383,1530.315740308267,HCT116 OsTIRF74G ARMC5mAC Clone 5A1,,Vehicle,0.5,pSer2 Pol II 3E10,Goat anti-rat Alexa647,2141,452.80297467880234,,250210_ARMC5mAC_PhosphoPolII,57.201743144791976,1.122954275863507,,,0.5,0.0
105,H12,,342.4150057818575,793.741539146983,1356.3676742751388,HCT116 OsTIRF74G ARMC5mAC Clone 5F9,,Vehicle,0.5,pSer2 Pol II 3E10,Goat anti-rat Alexa647,1621,495.46551094278226,,250210_ARMC5mAC_PhosphoPolII,77.67068793027778,1.5247897411061093,,,0.5,0.0
108,H15,,322.8072848316482,727.8680658589453,1473.53125,HCT116 OsTIRF74G ARMC5mAC Clone 5A1,,Vehicle,0.5,pSer5 Pol II 3E8,Goat anti-rat Alexa647,1408,1323.267848232956,,250210_ARMC5mAC_PhosphoPolII,58.062966980068495,1.1398613653179548,,,0.5,0.0
109,H16,,332.4395649117489,800.2895166829364,1394.4477011494253,HCT116 OsTIRF74G ARMC5mAC Clone 5F9,,Vehicle,0.5,pSer5 Pol II 3E8,Goat anti-rat Alexa647,1740,1276.2085486233811,,250210_ARMC5mAC_PhosphoPolII,67.69524706016921,1.3289571779208054,,,0.5,0.0
112,H19,,329.03377140747045,752.997491300881,1406.2891104294479,HCT116 OsTIRF74G ARMC5mAC Clone 5A1,,Vehicle,0.5,pSer5 Pol II 3E8,Goat anti-rat Alexa647,1304,1362.7893296287575,,250210_ARMC5mAC_PhosphoPolII,64.28945355589076,1.2620964466200695,,,0.5,0.0
113,H20,,336.7137844791363,792.4690923743565,1337.0335533553355,HCT116 OsTIRF74G ARMC5mAC Clone 5F9,,Vehicle,0.5,pSer5 Pol II 3E8,Goat anti-rat Alexa647,1818,1320.010899183209,,250210_ARMC5mAC_PhosphoPolII,71.96946662755659,1.412866388992009,,,0.5,0.0
116,I03,,269.33095690639703,758.9899832128663,1618.2622853759622,HCT116 OsTIRF74G ARMC5mAC Clone 5A1,,10 µM 5PhIAA,48.0,pSer2 Pol II 3E10,Goat anti-rat Alexa647,1689,520.5760429419048,,250210_ARMC5mAC_PhosphoPolII,4.58663905481734,0.09004246470972502,,,48.0,48.0
117,I04,,271.4265663221501,821.225927355911,1471.4072447859496,HCT116 OsTIRF74G ARMC5mAC Clone 5F9,,10 µM 5PhIAA,48.0,pSer2 Pol II 3E10,Goat anti-rat Alexa647,1822,487.6224854977261,,250210_ARMC5mAC_PhosphoPolII,6.682248470570414,0.13118235703788386,,,48.0,48.0
118,I05,,299.09315136827524,748.3533263063102,1527.3198218262805,HCT116 OsTIRF74G ARMC5mAC Clone 5A1,,Vehicle,48.0,pSer2 Pol II 3E10,Goat anti-rat Alexa647,2245,439.5213356632316,,250210_ARMC5mAC_PhosphoPolII,34.34883351669555,0.6743180775253853,,,48.0,0.0
119,I06,,319.82133689369454,829.5747210649034,1431.1373074346952,HCT116 OsTIRF74G ARMC5mAC Clone 5F9,,Vehicle,48.0,pSer2 Pol II 3E10,Goat anti-rat Alexa647,1493,470.35336184214776,,250210_ARMC5mAC_PhosphoPolII,55.07701904211484,1.0812428194470118,,,48.0,0.0
120,I07,,251.08407187265954,746.9601193966029,1586.8070883804396,HCT116 OsTIRF74G ARMC5mAC Clone 5A1,,10 µM 5PhIAA,48.0,pSer2 Pol II 3E10,Goat anti-rat Alexa647,2229,473.5314836377201,,250210_ARMC5mAC_PhosphoPolII,-13.660245978920159,-0.2681707022904303,,,48.0,48.0
121,I08,,253.30223435245443,751.4593597441755,1483.4889316650626,HCT116 OsTIRF74G ARMC5mAC Clone 5F9,,10 µM 5PhIAA,48.0,pSer2 Pol II 3E10,Goat anti-rat Alexa647,2078,466.192086345862,,250210_ARMC5mAC_PhosphoPolII,-11.44208349912526,-0.22462491322346775,,,48.0,48.0
122,I09,,285.7047173885481,732.4230794450905,1508.198347107438,HCT116 OsTIRF74G ARMC5mAC Clone 5A1,,Vehicle,48.0,pSer2 Pol II 3E10,Goat anti-rat Alexa647,1694,458.53399361822323,,250210_ARMC5mAC_PhosphoPolII,20.960399536968396,0.41148344420670246,,,48.0,0.0
123,I10,,321.0071966192385,818.0350740455103,1394.988822652757,HCT116 OsTIRF74G ARMC5mAC Clone 5F9,,Vehicle,48.0,pSer2 Pol II 3E10,Goat anti-rat Alexa647,1342,498.7759169525176,,250210_ARMC5mAC_PhosphoPolII,56.26287876765883,1.1045229884796788,,,48.0,0.0
124,I11,,254.98359198074021,742.4008412623192,1531.4195617316943,HCT116 OsTIRF74G ARMC5mAC Clone 5A1,,10 µM 5PhIAA,48.0,pSer2 Pol II 3E10,Goat anti-rat Alexa647,1871,477.00642216752794,,250210_ARMC5mAC_PhosphoPolII,-9.76072587083948,-0.19161739222607405,,,48.0,48.0
125,I12,,261.78982537790955,799.8233526354556,1439.8043899289864,HCT116 OsTIRF74G ARMC5mAC Clone 5F9,,10 µM 5PhIAA,48.0,pSer2 Pol II 3E10,Goat anti-rat Alexa647,1549,494.9427918026523,,250210_ARMC5mAC_PhosphoPolII,-2.9544924736701432,-0.058001028883269405,,,48.0,48.0
126,I13,,300.8126740955135,760.7723910331209,1461.0498853211009,HCT116 OsTIRF74G ARMC5mAC Clone 5A1,,Vehicle,48.0,pSer5 Pol II 3E8,Goat anti-rat Alexa647,1744,1207.7411420407286,,250210_ARMC5mAC_PhosphoPolII,36.068356243933806,0.7080748354988088,,,48.0,0.0
127,I14,,323.9601791194021,828.9614374351592,1333.9847434119279,HCT116 OsTIRF74G ARMC5mAC Clone 5F9,,Vehicle,48.0,pSer5 Pol II 3E8,Goat anti-rat Alexa647,1442,1254.5647698865657,,250210_ARMC5mAC_PhosphoPolII,59.21586126782239,1.1624943743641085,,,48.0,0.0
128,I15,,260.9926197249942,762.0606870639268,1517.1239731142643,HCT116 OsTIRF74G ARMC5mAC Clone 5A1,,10 µM 5PhIAA,48.0,pSer5 Pol II 3E8,Goat anti-rat Alexa647,1339,2092.292208344812,,250210_ARMC5mAC_PhosphoPolII,-3.751698126585495,-0.0736513473432823,,,48.0,48.0
129,I16,,259.3725797610826,828.8500838336118,1382.4996315401622,HCT116 OsTIRF74G ARMC5mAC Clone 5F9,,10 µM 5PhIAA,48.0,pSer5 Pol II 3E8,Goat anti-rat Alexa647,1357,1889.449189602769,,250210_ARMC5mAC_PhosphoPolII,-5.371738090497104,-0.10545511248273569,,,48.0,48.0
130,I17,,287.992856120145,794.2035781592604,1453.5254129606099,HCT116 OsTIRF74G ARMC5mAC Clone 5A1,,Vehicle,48.0,pSer5 Pol II 3E8,Goat anti-rat Alexa647,1574,1230.1599080508063,,250210_ARMC5mAC_PhosphoPolII,23.248538268565312,0.4564029699266035,,,48.0,0.0
131,I18,,317.95368637970614,800.7840312822917,1373.9128630705395,HCT116 OsTIRF74G ARMC5mAC Clone 5F9,,Vehicle,48.0,pSer5 Pol II 3E8,Goat anti-rat Alexa647,1205,1174.8790705739439,,250210_ARMC5mAC_PhosphoPolII,53.20936852812645,1.0445780953459791,,,48.0,0.0
132,I19,,253.7377022647855,767.670269245566,1510.1825340014316,HCT116 OsTIRF74G ARMC5mAC Clone 5A1,,10 µM 5PhIAA,48.0,pSer5 Pol II 3E8,Goat anti-rat Alexa647,1397,1983.823022625505,,250210_ARMC5mAC_PhosphoPolII,-11.006615586794197,-0.21607603818454257,,,48.0,48.0
133,I20,,258.3820896737339,759.0262676406168,1411.0192435301924,HCT116 OsTIRF74G ARMC5mAC Clone 5F9,,10 µM 5PhIAA,48.0,pSer5 Pol II 3E8,Goat anti-rat Alexa647,1507,1870.6580154913731,,250210_ARMC5mAC_PhosphoPolII,-6.362228177845793,-0.12489988842204897,,,48.0,48.0
134,I21,,301.02189972268843,818.3167329163167,1393.3951261966927,HCT116 OsTIRF74G ARMC5mAC Clone 5A1,,Vehicle,48.0,pSer5 Pol II 3E8,Goat anti-rat Alexa647,1149,1276.5263702223183,,250210_ARMC5mAC_PhosphoPolII,36.27758187110874,0.7121822420172009,,,48.0,0.0
135,I22,,327.04086634390836,800.7641241075032,1380.344922232388,HCT116 OsTIRF74G ARMC5mAC Clone 5F9,,Vehicle,48.0,pSer5 Pol II 3E8,Goat anti-rat Alexa647,1093,1207.4027240111677,,250210_ARMC5mAC_PhosphoPolII,62.29654849232867,1.2229727916494109,,,48.0,0.0
136,J03,,268.5012359427882,711.9630170787744,1600.6782006920416,HCT116 OsTIRF74G ARMC5mAC Clone 5A1,,10 µM 5PhIAA,24.0,pSer2 Pol II 3E10,Goat anti-rat Alexa647,1734,533.8832736220114,,250210_ARMC5mAC_PhosphoPolII,3.7569180912084903,0.07375382291956693,,,24.0,24.0
137,J04,,267.41476664312194,728.5755792475898,1426.7570652173913,HCT116 OsTIRF74G ARMC5mAC Clone 5F9,,10 µM 5PhIAA,24.0,pSer2 Pol II 3E10,Goat anti-rat Alexa647,1840,469.3117004346067,,250210_ARMC5mAC_PhosphoPolII,2.670448791542242,0.05242483400105833,,,24.0,24.0
138,J05,,311.2292730509628,704.8095405778865,1571.1110517885745,HCT116 OsTIRF74G ARMC5mAC Clone 5A1,,Vehicle,24.0,pSer2 Pol II 3E10,Goat anti-rat Alexa647,1873,437.04002187095887,,250210_ARMC5mAC_PhosphoPolII,46.48495519938308,0.9125679801809233,,,24.0,0.0
139,J06,,323.94537919059644,719.4920629902907,1406.0437272254035,HCT116 OsTIRF74G ARMC5mAC Clone 5F9,,Vehicle,24.0,pSer2 Pol II 3E10,Goat anti-rat Alexa647,1921,429.71803200449267,,250210_ARMC5mAC_PhosphoPolII,59.201061339016746,1.1622038300131663,,,24.0,0.0
140,J07,,250.8635700462666,685.3111795906857,1558.3071354705273,HCT116 OsTIRF74G ARMC5mAC Clone 5A1,,10 µM 5PhIAA,24.0,pSer2 Pol II 3E10,Goat anti-rat Alexa647,1934,455.9144245684038,,250210_ARMC5mAC_PhosphoPolII,-13.880747805313092,-0.27249947716984063,,,24.0,24.0
141,J08,,255.69568091535106,752.62647958852,1363.8168822328114,HCT116 OsTIRF74G ARMC5mAC Clone 5F9,,10 µM 5PhIAA,24.0,pSer2 Pol II 3E10,Goat anti-rat Alexa647,1469,473.3778867850584,,250210_ARMC5mAC_PhosphoPolII,-9.048636936228633,-0.17763804002535105,,,24.0,24.0
142,J09,,247.71700192837855,735.8862028491016,1447.2641509433963,HCT116 OsTIRF74G ARMC5mAC Clone 5A1,,Vehicle,24.0,pSer2 Pol II 3E10,Goat anti-rat Alexa647,1908,462.7795726031749,,250210_ARMC5mAC_PhosphoPolII,-17.027315923201144,-0.33427123320416496,,,24.0,0.0
143,J10,,315.07595678604144,700.7634521840816,1442.875,HCT116 OsTIRF74G ARMC5mAC Clone 5F9,,Vehicle,24.0,pSer2 Pol II 3E10,Goat anti-rat Alexa647,1944,420.7817715127419,,250210_ARMC5mAC_PhosphoPolII,50.33163893446175,0.988084034600228,,,24.0,0.0
144,J11,,253.2107280074929,726.2053979741312,1479.004109589041,HCT116 OsTIRF74G ARMC5mAC Clone 5A1,,10 µM 5PhIAA,24.0,pSer2 Pol II 3E10,Goat anti-rat Alexa647,1460,491.5597689478698,,250210_ARMC5mAC_PhosphoPolII,-11.533589844086805,-0.2264213172435883,,,24.0,24.0
145,J12,,259.6876157561418,764.1592607254053,1422.1300309597523,HCT116 OsTIRF74G ARMC5mAC Clone 5F9,,10 µM 5PhIAA,24.0,pSer2 Pol II 3E10,Goat anti-rat Alexa647,1615,465.7276374416246,,250210_ARMC5mAC_PhosphoPolII,-5.056702095437913,-0.09927049295449597,,,24.0,24.0
146,J13,,314.134007781287,759.5082461845822,1421.6330224904004,HCT116 OsTIRF74G ARMC5mAC Clone 5A1,,Vehicle,24.0,pSer5 Pol II 3E8,Goat anti-rat Alexa647,1823,1175.762873630032,,250210_ARMC5mAC_PhosphoPolII,49.38968992970729,0.9695921914433345,,,24.0,0.0
147,J14,,331.6070249316731,763.8415084508988,1377.7985765124556,HCT116 OsTIRF74G ARMC5mAC Clone 5F9,,Vehicle,24.0,pSer5 Pol II 3E8,Goat anti-rat Alexa647,1405,1090.6583869476326,,250210_ARMC5mAC_PhosphoPolII,66.8627070800934,1.3126131946948576,,,24.0,0.0
148,J15,,256.228866199286,677.7012698414171,1549.8784648187634,HCT116 OsTIRF74G ARMC5mAC Clone 5A1,,10 µM 5PhIAA,24.0,pSer5 Pol II 3E8,Goat anti-rat Alexa647,1876,1739.122797715063,,250210_ARMC5mAC_PhosphoPolII,-8.515451652293677,-0.16717082938621566,,,24.0,24.0
149,J16,,259.5347648757645,755.0982739180388,1372.0323508267434,HCT116 OsTIRF74G ARMC5mAC Clone 5F9,,10 µM 5PhIAA,24.0,pSer5 Pol II 3E8,Goat anti-rat Alexa647,1391,1707.8692356122378,,250210_ARMC5mAC_PhosphoPolII,-5.2095529758152,-0.10227118035058984,,,24.0,24.0
150,J17,,306.9362368086932,710.2379560525363,1421.7920972644376,HCT116 OsTIRF74G ARMC5mAC Clone 5A1,,Vehicle,24.0,pSer5 Pol II 3E8,Goat anti-rat Alexa647,1645,1218.638498561784,,250210_ARMC5mAC_PhosphoPolII,42.1919189571135,0.8282893701306884,,,24.0,0.0
151,J18,,320.68617675111705,726.4684766141903,1346.594494047619,HCT116 OsTIRF74G ARMC5mAC Clone 5F9,,Vehicle,24.0,pSer5 Pol II 3E8,Goat anti-rat Alexa647,1344,1122.6504589295923,,250210_ARMC5mAC_PhosphoPolII,55.94185889953735,1.0982208967299278,,,24.0,0.0
152,J19,,251.29790121469193,744.8105220227912,1484.4029982363315,HCT116 OsTIRF74G ARMC5mAC Clone 5A1,,10 µM 5PhIAA,24.0,pSer5 Pol II 3E8,Goat anti-rat Alexa647,1134,1961.7118312299458,,250210_ARMC5mAC_PhosphoPolII,-13.446416636887761,-0.2639729180842295,,,24.0,24.0
153,J20,,260.616996686845,749.624700841726,1358.1506382978723,HCT116 OsTIRF74G ARMC5mAC Clone 5F9,,10 µM 5PhIAA,24.0,pSer5 Pol II 3E8,Goat anti-rat Alexa647,1175,1828.4989830804996,,250210_ARMC5mAC_PhosphoPolII,-4.127321164734667,-0.08102537956000606,,,24.0,24.0
154,J21,,318.0137844663421,745.3965061361474,1493.6608527131782,HCT116 OsTIRF74G ARMC5mAC Clone 5A1,,Vehicle,24.0,pSer5 Pol II 3E8,Goat anti-rat Alexa647,1032,1253.8666903752803,,250210_ARMC5mAC_PhosphoPolII,53.26946661476239,1.0457579091007492,,,24.0,0.0
155,J22,,333.95255611317145,755.896722978656,1417.7378716744913,HCT116 OsTIRF74G ARMC5mAC Clone 5F9,,Vehicle,24.0,pSer5 Pol II 3E8,Goat anti-rat Alexa647,1278,1151.95228095094,,250210_ARMC5mAC_PhosphoPolII,69.20823826159176,1.3586594185444987,,,24.0,0.0
156,K03,,265.63311999377925,713.3585965349621,1504.6542185338865,HCT116 OsTIRF74G ARMC5mAC Clone 5A1,,10 µM 5PhIAA,8.0,pSer2 Pol II 3E10,Goat anti-rat Alexa647,1446,503.9125017420773,,250210_ARMC5mAC_PhosphoPolII,0.8888021421995518,0.017448492145654193,,,8.0,8.0
157,K04,,266.09303883284616,755.9260449834726,1404.1619572708478,HCT116 OsTIRF74G ARMC5mAC Clone 5F9,,10 µM 5PhIAA,8.0,pSer2 Pol II 3E10,Goat anti-rat Alexa647,1451,474.65728031604436,,250210_ARMC5mAC_PhosphoPolII,1.3487209812664673,0.02647737480702805,,,8.0,8.0
158,K05,,311.1437480274959,724.7656879871972,1553.818225884634,HCT116 OsTIRF74G ARMC5mAC Clone 5A1,,Vehicle,8.0,pSer2 Pol II 3E10,Goat anti-rat Alexa647,2063,426.9400851532453,,250210_ARMC5mAC_PhosphoPolII,46.39943017591622,0.9108889982912923,,,8.0,0.0
159,K06,,331.9358423640124,768.699682714057,1394.2657004830917,HCT116 OsTIRF74G ARMC5mAC Clone 5F9,,Vehicle,8.0,pSer2 Pol II 3E10,Goat anti-rat Alexa647,1242,465.3495765178883,,250210_ARMC5mAC_PhosphoPolII,67.1915245124327,1.3190683640887206,,,8.0,0.0
160,K07,,254.08531654800146,693.3373086185778,1521.9338009644894,HCT116 OsTIRF74G ARMC5mAC Clone 5A1,,10 µM 5PhIAA,8.0,pSer2 Pol II 3E10,Goat anti-rat Alexa647,2281,440.33655747417,,250210_ARMC5mAC_PhosphoPolII,-10.659001303578236,-0.20925185898600826,,,8.0,8.0
161,K08,,255.00993381358336,737.4552004620431,1371.146694214876,HCT116 OsTIRF74G ARMC5mAC Clone 5F9,,10 µM 5PhIAA,8.0,pSer2 Pol II 3E10,Goat anti-rat Alexa647,1452,464.085080431645,,250210_ARMC5mAC_PhosphoPolII,-9.734384037996335,-0.19110026333805372,,,8.0,8.0
162,K09,,302.1068526031043,713.5765850053664,1510.037757437071,HCT116 OsTIRF74G ARMC5mAC Clone 5A1,,Vehicle,8.0,pSer2 Pol II 3E10,Goat anti-rat Alexa647,1748,456.7307444958847,,250210_ARMC5mAC_PhosphoPolII,37.362534751524606,0.7334814613974473,,,8.0,0.0
163,K10,,327.5068899649636,737.4652921805853,1343.219696969697,HCT116 OsTIRF74G ARMC5mAC Clone 5F9,,Vehicle,8.0,pSer2 Pol II 3E10,Goat anti-rat Alexa647,1188,480.6100049578667,,250210_ARMC5mAC_PhosphoPolII,62.7625721133839,1.2321215201521891,,,8.0,0.0
164,K11,,253.06951620286506,704.2529785248225,1435.9016282225236,HCT116 OsTIRF74G ARMC5mAC Clone 5A1,,10 µM 5PhIAA,8.0,pSer2 Pol II 3E10,Goat anti-rat Alexa647,1474,480.4545428173699,,250210_ARMC5mAC_PhosphoPolII,-11.674801648714634,-0.2291935124791047,,,8.0,8.0
165,K12,,259.7322922479829,744.2133206764282,1339.2826704545455,HCT116 OsTIRF74G ARMC5mAC Clone 5F9,,10 µM 5PhIAA,8.0,pSer2 Pol II 3E10,Goat anti-rat Alexa647,1408,476.5223174612416,,250210_ARMC5mAC_PhosphoPolII,-5.012025603596783,-0.0983934277675735,,,8.0,8.0
166,K13,,315.5380916364725,726.4373262760001,1529.717205009888,HCT116 OsTIRF74G ARMC5mAC Clone 5A1,,Vehicle,8.0,pSer5 Pol II 3E8,Goat anti-rat Alexa647,1517,1195.786351973445,,250210_ARMC5mAC_PhosphoPolII,50.79377378489278,0.9971564208211069,,,8.0,0.0
167,K14,,332.7436252720853,716.1566876368184,1404.5039503386004,HCT116 OsTIRF74G ARMC5mAC Clone 5F9,,Vehicle,8.0,pSer5 Pol II 3E8,Goat anti-rat Alexa647,1772,1081.4682261541448,,250210_ARMC5mAC_PhosphoPolII,67.9993074205056,1.3349263296107472,,,8.0,0.0
168,K15,,263.0888425432809,689.5186729886487,1456.1900647948164,HCT116 OsTIRF74G ARMC5mAC Clone 5A1,,10 µM 5PhIAA,8.0,pSer5 Pol II 3E8,Goat anti-rat Alexa647,1389,1473.5120878186508,,250210_ARMC5mAC_PhosphoPolII,-1.6554753082987759,-0.032499413021993294,,,8.0,8.0
169,K16,,262.4270730288186,723.1277938308699,1376.429382540809,HCT116 OsTIRF74G ARMC5mAC Clone 5F9,,10 µM 5PhIAA,8.0,pSer5 Pol II 3E8,Goat anti-rat Alexa647,1409,1437.2013279776722,,250210_ARMC5mAC_PhosphoPolII,-2.317244822761097,-0.0454909210608395,,,8.0,8.0
170,K17,,308.6600052916383,699.151010341858,1495.2671582529779,HCT116 OsTIRF74G ARMC5mAC Clone 5A1,,Vehicle,8.0,pSer5 Pol II 3E8,Goat anti-rat Alexa647,1763,1110.0651985283473,,250210_ARMC5mAC_PhosphoPolII,43.915687440058605,0.862129478527773,,,8.0,0.0
171,K18,,329.6276910377828,718.6745049093596,1365.571186440678,HCT116 OsTIRF74G ARMC5mAC Clone 5F9,,Vehicle,8.0,pSer5 Pol II 3E8,Goat anti-rat Alexa647,1770,1080.7219008058826,,250210_ARMC5mAC_PhosphoPolII,64.88337318620313,1.2737559617276835,,,8.0,0.0
172,K19,,250.80106177476586,766.1275627672866,1500.6545454545455,HCT116 OsTIRF74G ARMC5mAC Clone 5A1,,10 µM 5PhIAA,8.0,pSer5 Pol II 3E8,Goat anti-rat Alexa647,1430,1627.7916599823552,,250210_ARMC5mAC_PhosphoPolII,-13.943256076813839,-0.27372660639527213,,,8.0,8.0
173,K20,,255.53643364687196,737.9783370993254,1383.9527349973446,HCT116 OsTIRF74G ARMC5mAC Clone 5F9,,10 µM 5PhIAA,8.0,pSer5 Pol II 3E8,Goat anti-rat Alexa647,1883,1443.6635307976871,,250210_ARMC5mAC_PhosphoPolII,-9.207884204707739,-0.18076429791937254,,,8.0,8.0
174,K21,,321.00697925877427,753.5697391420886,1439.6153846153845,HCT116 OsTIRF74G ARMC5mAC Clone 5A1,,Vehicle,8.0,pSer5 Pol II 3E8,Goat anti-rat Alexa647,949,1188.2585021274153,,250210_ARMC5mAC_PhosphoPolII,56.26266140719457,1.1045187213743541,,,8.0,0.0
175,K22,,334.8627875065178,754.54594797777,1406.980563002681,HCT116 OsTIRF74G ARMC5mAC Clone 5F9,,Vehicle,8.0,pSer5 Pol II 3E8,Goat anti-rat Alexa647,1492,1113.7081608516678,,250210_ARMC5mAC_PhosphoPolII,70.11846965493811,1.3765285983804378,,,8.0,0.0
176,L03,,260.3885015732914,728.9024878714528,1554.8014464168311,HCT116 OsTIRF74G ARMC5mAC Clone 5A1,,10 µM 5PhIAA,2.0,pSer2 Pol II 3E10,Goat anti-rat Alexa647,1521,489.62360125586906,,250210_ARMC5mAC_PhosphoPolII,-4.355816278288273,-0.08551107441251164,,,2.0,2.0
177,L04,,265.7076201839976,749.3976034186337,1475.045020463847,HCT116 OsTIRF74G ARMC5mAC Clone 5F9,,10 µM 5PhIAA,2.0,pSer2 Pol II 3E10,Goat anti-rat Alexa647,2199,441.5237433056409,,250210_ARMC5mAC_PhosphoPolII,0.9633023324179248,0.018911040357630908,,,2.0,2.0
178,L05,,319.3324939520038,720.2217925410417,1502.9494826536823,HCT116 OsTIRF74G ARMC5mAC Clone 5A1,,Vehicle,2.0,pSer2 Pol II 3E10,Goat anti-rat Alexa647,1643,478.9227918598893,,250210_ARMC5mAC_PhosphoPolII,54.58817610042411,1.071646114147179,,,2.0,0.0
179,L06,,338.0520540122994,767.3956266687319,1381.1366728509586,HCT116 OsTIRF74G ARMC5mAC Clone 5F9,,Vehicle,2.0,pSer2 Pol II 3E10,Goat anti-rat Alexa647,1617,462.6026706597919,,250210_ARMC5mAC_PhosphoPolII,73.30773616071968,1.4391385865143704,,,2.0,0.0
180,L07,,253.5737300931486,686.3806481321269,1570.273237997957,HCT116 OsTIRF74G ARMC5mAC Clone 5A1,,10 µM 5PhIAA,2.0,pSer2 Pol II 3E10,Goat anti-rat Alexa647,1958,444.3495159581385,,250210_ARMC5mAC_PhosphoPolII,-11.170587758431083,-0.21929505287079396,,,2.0,2.0
181,L08,,259.5931024644443,754.7570958476699,1372.8172194777699,HCT116 OsTIRF74G ARMC5mAC Clone 5F9,,10 µM 5PhIAA,2.0,pSer2 Pol II 3E10,Goat anti-rat Alexa647,1417,472.5279376081565,,250210_ARMC5mAC_PhosphoPolII,-5.15121538713538,-0.10112592775774933,,,2.0,2.0
182,L09,,308.74701672512504,692.0991559563203,1523.3615337796714,HCT116 OsTIRF74G ARMC5mAC Clone 5A1,,Vehicle,2.0,pSer2 Pol II 3E10,Goat anti-rat Alexa647,1643,456.12255791208304,,250210_ARMC5mAC_PhosphoPolII,44.00269887354534,0.8638376408303731,,,2.0,0.0
183,L10,,339.26341962319947,734.172153367571,1315.8170212765958,HCT116 OsTIRF74G ARMC5mAC Clone 5F9,,Vehicle,2.0,pSer2 Pol II 3E10,Goat anti-rat Alexa647,1175,470.3631707121349,,250210_ARMC5mAC_PhosphoPolII,74.51910177161977,1.4629194735574624,,,2.0,0.0
184,L11,,251.2353224150383,710.5922666733268,1451.7241379310344,HCT116 OsTIRF74G ARMC5mAC Clone 5A1,,10 µM 5PhIAA,2.0,pSer2 Pol II 3E10,Goat anti-rat Alexa647,1392,470.6763271578894,,250210_ARMC5mAC_PhosphoPolII,-13.508995436541397,-0.2652014318809433,,,2.0,2.0
185,L12,,254.48057142240955,752.502173036281,1351.4746666666667,HCT116 OsTIRF74G ARMC5mAC Clone 5F9,,10 µM 5PhIAA,2.0,pSer2 Pol II 3E10,Goat anti-rat Alexa647,1875,458.6765570592158,,250210_ARMC5mAC_PhosphoPolII,-10.26374642917014,-0.20149242497454886,,,2.0,2.0
186,L13,,317.91337987830354,709.8073939876159,1530.3561218147918,HCT116 OsTIRF74G ARMC5mAC Clone 5A1,,Vehicle,2.0,pSer5 Pol II 3E8,Goat anti-rat Alexa647,1609,1166.1562775206849,,250210_ARMC5mAC_PhosphoPolII,53.16906202672385,1.0437868194930635,,,2.0,0.0
187,L14,,336.25199030164504,748.5250138689565,1369.8662420382166,HCT116 OsTIRF74G ARMC5mAC Clone 5F9,,Vehicle,2.0,pSer5 Pol II 3E8,Goat anti-rat Alexa647,1413,1097.8751372084278,,250210_ARMC5mAC_PhosphoPolII,71.50767245006534,1.4038006906815568,,,2.0,0.0
188,L15,,260.0842613164445,710.5546856759847,1513.3297491039427,HCT116 OsTIRF74G ARMC5mAC Clone 5A1,,10 µM 5PhIAA,2.0,pSer5 Pol II 3E8,Goat anti-rat Alexa647,1674,1241.063296339373,,250210_ARMC5mAC_PhosphoPolII,-4.6600565351351975,-0.09148375773531298,,,2.0,2.0
189,L16,,264.36165151052126,745.5584444207335,1373.9209516500384,HCT116 OsTIRF74G ARMC5mAC Clone 5F9,,10 µM 5PhIAA,2.0,pSer5 Pol II 3E8,Goat anti-rat Alexa647,1303,1208.0603747413281,,250210_ARMC5mAC_PhosphoPolII,-0.3826663410584388,-0.007512302602962566,,,2.0,2.0
190,L17,,313.3871144642332,697.8936672214445,1486.943925233645,HCT116 OsTIRF74G ARMC5mAC Clone 5A1,,Vehicle,2.0,pSer5 Pol II 3E8,Goat anti-rat Alexa647,1498,1104.774267293764,,250210_ARMC5mAC_PhosphoPolII,48.64279661265351,0.9549295780702354,,,2.0,0.0
191,L18,,330.88962334110425,744.2019391191141,1392.0234375,HCT116 OsTIRF74G ARMC5mAC Clone 5F9,,Vehicle,2.0,pSer5 Pol II 3E8,Goat anti-rat Alexa647,1664,1078.8205232223252,,250210_ARMC5mAC_PhosphoPolII,66.14530548952456,1.298529547250734,,,2.0,0.0
192,L19,,251.10609657751115,733.7716693357654,1440.624386825508,HCT116 OsTIRF74G ARMC5mAC Clone 5A1,,10 µM 5PhIAA,2.0,pSer5 Pol II 3E8,Goat anti-rat Alexa647,1427,1293.189914102378,,250210_ARMC5mAC_PhosphoPolII,-13.638221274068542,-0.26773832496890093,,,2.0,2.0
193,L20,,256.2474806048408,742.6646228223068,1429.2649414664202,HCT116 OsTIRF74G ARMC5mAC Clone 5F9,,10 µM 5PhIAA,2.0,pSer5 Pol II 3E8,Goat anti-rat Alexa647,1623,1233.0536653738764,,250210_ARMC5mAC_PhosphoPolII,-8.496837246738892,-0.16680540125131613,,,2.0,2.0
194,L21,,319.6919116742348,722.8512307003624,1404.1911880409127,HCT116 OsTIRF74G ARMC5mAC Clone 5A1,,Vehicle,2.0,pSer5 Pol II 3E8,Goat anti-rat Alexa647,1271,1173.2061535059593,,250210_ARMC5mAC_PhosphoPolII,54.94759382265511,1.0787020121987259,,,2.0,0.0
195,L22,,337.8317729664329,738.5718486128965,1364.774091627172,HCT116 OsTIRF74G ARMC5mAC Clone 5F9,,Vehicle,2.0,pSer5 Pol II 3E8,Goat anti-rat Alexa647,1266,1125.148552295597,,250210_ARMC5mAC_PhosphoPolII,73.08745511485319,1.4348141458811308,,,2.0,0.0
198,M05,,325.0512971313982,703.7620473092704,1520.616234124793,HCT116 OsTIRF74G ARMC5mAC Clone 5A1,,Vehicle,0.5,pSer2 Pol II 3E10,Goat anti-rat Alexa647,1811,486.86376452146,,250210_ARMC5mAC_PhosphoPolII,60.306979279818506,1.1839146243369327,,,0.5,0.0
199,M06,,338.10757632537604,738.0131347757342,1410.1319124423962,HCT116 OsTIRF74G ARMC5mAC Clone 5F9,,Vehicle,0.5,pSer2 Pol II 3E10,Goat anti-rat Alexa647,1736,460.30982558407123,,250210_ARMC5mAC_PhosphoPolII,73.36325847379635,1.440228571110075,,,0.5,0.0
202,M09,,315.4658925362817,708.9918637714563,1551.725677830941,HCT116 OsTIRF74G ARMC5mAC Clone 5A1,,Vehicle,0.5,pSer2 Pol II 3E10,Goat anti-rat Alexa647,1881,475.3594131150008,,250210_ARMC5mAC_PhosphoPolII,50.72157468470198,0.9957390463878221,,,0.5,0.0
203,M10,,336.84963803795506,726.9744236967113,1398.7318321392017,HCT116 OsTIRF74G ARMC5mAC Clone 5F9,,Vehicle,0.5,pSer2 Pol II 3E10,Goat anti-rat Alexa647,1954,463.4160052502075,,250210_ARMC5mAC_PhosphoPolII,72.10532018637537,1.4155333939883543,,,0.5,0.0
206,M13,,326.7753777636808,693.7033446437176,1578.0325644504749,HCT116 OsTIRF74G ARMC5mAC Clone 5A1,,Vehicle,0.5,pSer5 Pol II 3E8,Goat anti-rat Alexa647,1474,1224.6469395930685,,250210_ARMC5mAC_PhosphoPolII,62.031059912101114,1.2177608606842159,,,0.5,0.0
207,M14,,342.6455981576972,720.1643435184773,1390.146916565901,HCT116 OsTIRF74G ARMC5mAC Clone 5F9,,Vehicle,0.5,pSer5 Pol II 3E8,Goat anti-rat Alexa647,1654,1160.7613265666532,,250210_ARMC5mAC_PhosphoPolII,77.90128030611748,1.529316608299217,,,0.5,0.0
210,M17,,325.7465851847415,696.4376920589277,1453.3223545900491,HCT116 OsTIRF74G ARMC5mAC Clone 5A1,,Vehicle,0.5,pSer5 Pol II 3E8,Goat anti-rat Alexa647,1427,1198.0947567607868,,250210_ARMC5mAC_PhosphoPolII,61.0022673331618,1.1975641505494876,,,0.5,0.0
211,M18,,337.7787103359008,744.5716714056322,1435.7731038878267,HCT116 OsTIRF74G ARMC5mAC Clone 5F9,,Vehicle,0.5,pSer5 Pol II 3E8,Goat anti-rat Alexa647,1569,1146.5134486834372,,250210_ARMC5mAC_PhosphoPolII,73.03439248432113,1.4337724484682792,,,0.5,0.0
214,M21,,325.522946786123,711.6291628169666,1489.135874067937,HCT116 OsTIRF74G ARMC5mAC Clone 5A1,,Vehicle,0.5,pSer5 Pol II 3E8,Goat anti-rat Alexa647,1207,1231.262233056067,,250210_ARMC5mAC_PhosphoPolII,60.77862893454329,1.193173800148098,,,0.5,0.0
215,M22,,344.3093536250889,713.1707377136723,1384.5371269951422,HCT116 OsTIRF74G ARMC5mAC Clone 5F9,,Vehicle,0.5,pSer5 Pol II 3E8,Goat anti-rat Alexa647,1441,1200.236774488395,,250210_ARMC5mAC_PhosphoPolII,79.56503577350918,1.5619785730118936,,,0.5,0.0
216,N03,,257.3445193662893,546.4113611707992,1780.9255247122546,HCT116 OsTIRF74G,,Vehicle,24.0,pSer2 Pol II 3E10,Goat anti-rat Alexa647,2954,415.4316555156055,,250210_ARMC5mAC_PhosphoPolII,-7.3997984852903755,-0.1452689182662031,,,24.0,0.0
217,N04,,255.1292031966478,514.8235688937208,1700.1937875044123,HCT116 OsTIRF74G,,Vehicle,24.0,No primary,Goat anti-rat Alexa647,2833,118.33040315970904,,250210_ARMC5mAC_PhosphoPolII,-9.615114654931887,-0.1887588300822034,,,24.0,0.0
218,N05,,254.34910582857538,527.3423575967765,1699.4835333948906,HCT116 OsTIRF74G,,Vehicle,24.0,pSer2 Pol II 3E10,Goat anti-rat Alexa647,3249,396.37095932428525,,250210_ARMC5mAC_PhosphoPolII,-10.39521202300432,-0.20407328777013425,,,24.0,0.0
219,N06,,253.6176075860534,514.2948710215853,1731.3569579288026,HCT116 OsTIRF74G,,Vehicle,24.0,No primary,Goat anti-rat Alexa647,3090,118.58105430403712,,250210_ARMC5mAC_PhosphoPolII,-11.126710265526299,-0.21843367320712048,,,24.0,0.0
220,N07,,253.62179140085638,539.7290890689435,1659.395281189399,HCT116 OsTIRF74G,,Vehicle,24.0,pSer2 Pol II 3E10,Goat anti-rat Alexa647,3094,396.2500222330061,,250210_ARMC5mAC_PhosphoPolII,-11.122526450723313,-0.21835153877442426,,,24.0,0.0
221,N08,,253.15248043202163,529.001164723531,1636.4501100513573,HCT116 OsTIRF74G,,Vehicle,24.0,No primary,Goat anti-rat Alexa647,2726,118.29254243446978,,250210_ARMC5mAC_PhosphoPolII,-11.591837419558061,-0.22756480274487037,,,24.0,0.0
222,N09,,251.85394999621593,520.2975799852336,1680.1609236234458,HCT116 OsTIRF74G,,Vehicle,24.0,pSer2 Pol II 3E10,Goat anti-rat Alexa647,2815,399.02220120263513,,250210_ARMC5mAC_PhosphoPolII,-12.890367855363763,-0.25305686338952366,,,24.0,0.0
223,N10,,252.42828252243163,539.8450477776911,1619.4329240563893,HCT116 OsTIRF74G,,Vehicle,24.0,No primary,Goat anti-rat Alexa647,2199,118.21610269188476,,250210_ARMC5mAC_PhosphoPolII,-12.316035329148065,-0.24178187191856654,,,24.0,0.0
224,N11,,250.90611716005535,527.0325468080981,1610.4230140568814,HCT116 OsTIRF74G,,Vehicle,24.0,pSer2 Pol II 3E10,Goat anti-rat Alexa647,3059,400.2994575363516,,250210_ARMC5mAC_PhosphoPolII,-13.83820069152435,-0.2716642148032064,,,24.0,0.0
225,N12,,247.930669195857,531.4963599307201,1710.341306347746,HCT116 OsTIRF74G,,Vehicle,24.0,No primary,Goat anti-rat Alexa647,2174,118.53858602131567,,250210_ARMC5mAC_PhosphoPolII,-16.813648655722687,-0.3300766307596265,,,24.0,0.0
226,N13,,253.2737710283974,545.6660120291249,1614.5337052533705,HCT116 OsTIRF74G,,Vehicle,24.0,pSer5 Pol II 3E8,Goat anti-rat Alexa647,2151,1034.4885587020633,,250210_ARMC5mAC_PhosphoPolII,-11.470546823182303,-0.22518369010154712,,,24.0,0.0
227,N14,,253.72415100384103,527.1031088111412,1622.2204951065055,HCT116 OsTIRF74G,,Vehicle,24.0,No primary,Goat anti-rat Alexa647,1737,117.4456236166849,,250210_ARMC5mAC_PhosphoPolII,-11.020166847738665,-0.21634206935045325,,,24.0,0.0
228,N15,,256.5822517252248,537.1178569707923,1602.6841640935156,HCT116 OsTIRF74G,,Vehicle,24.0,pSer5 Pol II 3E8,Goat anti-rat Alexa647,2267,985.1128577427307,,250210_ARMC5mAC_PhosphoPolII,-8.162066126354887,-0.1602333522121941,,,24.0,0.0
229,N16,,255.94715560898672,531.0272654616454,1707.7408536585365,HCT116 OsTIRF74G,,Vehicle,24.0,No primary,Goat anti-rat Alexa647,2624,117.77938001687629,,250210_ARMC5mAC_PhosphoPolII,-8.797162242592975,-0.17270122224735404,,,24.0,0.0
230,N17,,254.00102852610115,536.244019696845,1662.4615934262235,HCT116 OsTIRF74G,,Vehicle,24.0,pSer5 Pol II 3E8,Goat anti-rat Alexa647,2799,982.2134418761534,,250210_ARMC5mAC_PhosphoPolII,-10.743289325478543,-0.2109065567171148,,,24.0,0.0
231,N18,,254.04549303627897,544.253874942045,1653.5356380708492,HCT116 OsTIRF74G,,Vehicle,24.0,No primary,Goat anti-rat Alexa647,2343,118.57425326967166,,250210_ARMC5mAC_PhosphoPolII,-10.698824815300725,-0.2100336530417501,,,24.0,0.0
232,N19,,250.53565443458476,504.50788492989267,1639.0522105263158,HCT116 OsTIRF74G,,Vehicle,24.0,pSer5 Pol II 3E8,Goat anti-rat Alexa647,2375,974.2204281347388,,250210_ARMC5mAC_PhosphoPolII,-14.208663416994938,-0.27893694249897283,,,24.0,0.0
233,N20,,250.3139785583871,537.6337256754703,1639.713915298185,HCT116 OsTIRF74G,,Vehicle,24.0,No primary,Goat anti-rat Alexa647,2314,118.76904989649817,,250210_ARMC5mAC_PhosphoPolII,-14.430339293192588,-0.28328876570131534,,,24.0,0.0
234,N21,,248.38937380876976,533.6515806436255,1649.766323024055,HCT116 OsTIRF74G,,Vehicle,24.0,pSer5 Pol II 3E8,Goat anti-rat Alexa647,2910,933.2145684596496,,250210_ARMC5mAC_PhosphoPolII,-16.354944042809933,-0.32107158514196354,,,24.0,0.0
235,N22,,249.8134279119891,524.6520003333487,1708.9778568604193,HCT116 OsTIRF74G,,Vehicle,24.0,No primary,Goat anti-rat Alexa647,2529,118.82403678677996,,250210_ARMC5mAC_PhosphoPolII,-14.9308899395906,-0.29311531044901795,,,24.0,0.0
0,C03,,208.83258480705032,255.9007757469009,1635.8182863714778,HCT116 OsTIRF74G,,Vehicle,48.0,pSer5 Pol II 3E8,Goat anti-rat Alexa647,5217,511.5658399102782,,250505_ARMC5mAC_PhosphoPolII,-0.9504019174052871,-0.04878276608351295,,,48.0,0.0
1,C04,,209.30628540573588,264.15688555821725,1743.9031763417306,HCT116 OsTIRF74G,,Vehicle,48.0,pSer5 Pol II 3E8,Goat anti-rat Alexa647,4565,476.46952284163586,,250505_ARMC5mAC_PhosphoPolII,-0.47670131871973354,-0.02446839436761173,,,48.0,0.0
2,C05,,209.16184731209287,262.42665809296733,1691.0376003379806,HCT116 OsTIRF74G,,Vehicle,48.0,pSer5 Pol II 3E8,Goat anti-rat Alexa647,4734,476.8951145683286,,250505_ARMC5mAC_PhosphoPolII,-0.6211394123627372,-0.03188219436811243,,,48.0,0.0
3,C06,,210.03914747912253,260.9018111236681,1738.1232939035488,HCT116 OsTIRF74G,,Vehicle,48.0,pSer5 Pol II 3E8,Goat anti-rat Alexa647,4396,465.6174369306222,,250505_ARMC5mAC_PhosphoPolII,0.25616075466692223,0.013148363808870299,,,48.0,0.0
4,C07,,211.09671832372734,262.4327658676163,1648.938098888463,HCT116 OsTIRF74G,,Vehicle,48.0,pSer5 Pol II 3E8,Goat anti-rat Alexa647,5218,468.81602994242644,,250505_ARMC5mAC_PhosphoPolII,1.3137315992717333,0.06743195708059903,,,48.0,0.0
5,C08,,209.97391345213708,256.95116729056184,1670.6898682042834,HCT116 OsTIRF74G,,Vehicle,48.0,pSer5 Pol II 3E8,Goat anti-rat Alexa647,4856,465.3104667434299,,250505_ARMC5mAC_PhosphoPolII,0.19092672768147168,0.009799994849551633,,,48.0,0.0
6,C09,,210.84532720500653,258.7259721575527,1651.8808324205916,HCT116 OsTIRF74G,,Vehicle,48.0,pSer5 Pol II 3E8,Goat anti-rat Alexa647,4565,468.03608996047905,,250505_ARMC5mAC_PhosphoPolII,1.0623404805509153,0.05452841183785447,,,48.0,0.0
7,C10,,210.46101563298942,261.0164627867882,1650.6863917525773,HCT116 OsTIRF74G,,Vehicle,48.0,pSer5 Pol II 3E8,Goat anti-rat Alexa647,4850,479.3191111196633,,250505_ARMC5mAC_PhosphoPolII,0.678028908533804,0.034802250539609614,,,48.0,0.0
8,C11,,210.52822480217276,259.2307959018359,1684.250233426704,HCT116 OsTIRF74G,,Vehicle,48.0,pSer5 Pol II 3E8,Goat anti-rat Alexa647,4284,477.9060373908979,,250505_ARMC5mAC_PhosphoPolII,0.745238077717147,0.03825200071255684,,,48.0,0.0
9,C12,,210.71096828512285,258.3264326973177,1648.7037492317147,HCT116 OsTIRF74G,,Vehicle,48.0,pSer5 Pol II 3E8,Goat anti-rat Alexa647,4881,464.9344392312692,,250505_ARMC5mAC_PhosphoPolII,0.9279815606672344,0.04763196135739524,,,48.0,0.0
10,C13,,208.60122300773742,256.46008677775797,1666.0774225774226,HCT116 OsTIRF74G,,Vehicle,48.0,pSer2 Pol II 3E10,Goat anti-rat Alexa647,4004,215.75157868196555,,250505_ARMC5mAC_PhosphoPolII,-1.1817637167181942,-0.06065823511387397,,,48.0,0.0
11,C14,,206.03748571205364,259.1697502666021,1691.1845777233782,HCT116 OsTIRF74G,,Vehicle,48.0,pSer2 Pol II 3E10,Goat anti-rat Alexa647,4085,235.05373682403263,,250505_ARMC5mAC_PhosphoPolII,-3.7455010124019736,-0.19225119016216116,,,48.0,0.0
12,C15,,205.17041789285776,249.89193840998257,1623.420087135978,HCT116 OsTIRF74G,,Vehicle,48.0,pSer2 Pol II 3E10,Goat anti-rat Alexa647,4361,229.31364653478795,,250505_ARMC5mAC_PhosphoPolII,-4.612568831597855,-0.23675653661374763,,,48.0,0.0
13,C16,,205.01346162527736,258.948135930288,1666.7896715968914,HCT116 OsTIRF74G,,Vehicle,48.0,pSer2 Pol II 3E10,Goat anti-rat Alexa647,3989,235.50249942559702,,250505_ARMC5mAC_PhosphoPolII,-4.769525099178253,-0.24481287651215577,,,48.0,0.0
14,C17,,205.6021443567245,250.82754722118017,1667.178586453513,HCT116 OsTIRF74G,,Vehicle,48.0,pSer2 Pol II 3E10,Goat anti-rat Alexa647,4754,228.35645685077682,,250505_ARMC5mAC_PhosphoPolII,-4.180842367731117,-0.21459663698268222,,,48.0,0.0
15,C18,,204.71522760868615,251.44449810857853,1757.223708366116,HCT116 OsTIRF74G,,Vehicle,48.0,pSer2 Pol II 3E10,Goat anti-rat Alexa647,3813,232.80056396197023,,250505_ARMC5mAC_PhosphoPolII,-5.067759115769462,-0.26012080045788516,,,48.0,0.0
16,C19,,204.95398183008513,250.63670740003994,1675.225352112676,HCT116 OsTIRF74G,,Vehicle,48.0,pSer2 Pol II 3E10,Goat anti-rat Alexa647,4828,228.00713820182736,,250505_ARMC5mAC_PhosphoPolII,-4.829004894370485,-0.24786588901393986,,,48.0,0.0
17,C20,,206.15915729857736,255.6657404561863,1742.5252939567952,HCT116 OsTIRF74G,,Vehicle,48.0,pSer2 Pol II 3E10,Goat anti-rat Alexa647,3657,235.93837814542766,,250505_ARMC5mAC_PhosphoPolII,-3.623829425878256,-0.18600596228993527,,,48.0,0.0
18,C21,,206.55521056410896,255.01168215107361,1700.1267707082834,HCT116 OsTIRF74G,,Vehicle,48.0,pSer2 Pol II 3E10,Goat anti-rat Alexa647,4165,235.11090849439148,,250505_ARMC5mAC_PhosphoPolII,-3.22777616034665,-0.1656771167192242,,,48.0,0.0
19,C22,,206.4109190214235,257.23885071063546,1688.7307533964595,HCT116 OsTIRF74G,,Vehicle,48.0,pSer2 Pol II 3E10,Goat anti-rat Alexa647,4858,245.45786827101665,,250505_ARMC5mAC_PhosphoPolII,-3.3720677030321156,-0.17308339446945376,,,48.0,0.0
22,D05,,229.96301174292597,274.40470656743855,1542.8800249298847,HCT116 OsTIRF74G ARMC5mAC Clone 5F9,,Vehicle,0.5,pSer5 Pol II 3E8,Goat anti-rat Alexa647,3209,524.5024002192803,,250505_ARMC5mAC_PhosphoPolII,20.18002501847036,1.0358117150301136,,,0.5,0.0
23,D06,,229.0836193289225,274.0809805127168,1689.0227272727273,HCT116 OsTIRF74G ARMC5mAC Clone 5A1,,Vehicle,0.5,pSer5 Pol II 3E8,Goat anti-rat Alexa647,2332,530.194799725348,,250505_ARMC5mAC_PhosphoPolII,19.300632604466898,0.990673764819463,,,0.5,0.0
26,D09,,229.82698668891487,270.3033632060555,1571.584920847867,HCT116 OsTIRF74G ARMC5mAC Clone 5F9,,Vehicle,0.5,pSer5 Pol II 3E8,Goat anti-rat Alexa647,3727,499.5178064378123,,250505_ARMC5mAC_PhosphoPolII,20.04399996445926,1.0288297442766907,,,0.5,0.0
27,D10,,228.0109349681947,273.94750092057217,1695.8917313841937,HCT116 OsTIRF74G ARMC5mAC Clone 5A1,,Vehicle,0.5,pSer5 Pol II 3E8,Goat anti-rat Alexa647,2189,533.3607925133107,,250505_ARMC5mAC_PhosphoPolII,18.227948243739093,0.9356144164611491,,,0.5,0.0
30,D13,,228.36973004166606,275.83018736327693,1552.6159832385513,HCT116 OsTIRF74G ARMC5mAC Clone 5F9,,Vehicle,0.5,pSer2 Pol II 3E10,Goat anti-rat Alexa647,3341,244.61493254489153,,250505_ARMC5mAC_PhosphoPolII,18.58674331721045,0.9540308525189123,,,0.5,0.0
31,D14,,224.5513997200434,270.0577696280016,1693.9928857269897,HCT116 OsTIRF74G ARMC5mAC Clone 5A1,,Vehicle,0.5,pSer2 Pol II 3E10,Goat anti-rat Alexa647,2249,256.02011540815977,,250505_ARMC5mAC_PhosphoPolII,14.768412995587795,0.758041438463605,,,0.5,0.0
34,D17,,225.44512072642902,267.54105442909935,1539.1193559677984,HCT116 OsTIRF74G ARMC5mAC Clone 5F9,,Vehicle,0.5,pSer2 Pol II 3E10,Goat anti-rat Alexa647,2857,243.14572879031962,,250505_ARMC5mAC_PhosphoPolII,15.662134001973413,0.8039148547520105,,,0.5,0.0
35,D18,,223.55226611195852,274.1524872924144,1673.1469517743403,HCT116 OsTIRF74G ARMC5mAC Clone 5A1,,Vehicle,0.5,pSer2 Pol II 3E10,Goat anti-rat Alexa647,2198,255.70233943924424,,250505_ARMC5mAC_PhosphoPolII,13.769279387502905,0.706757344653642,,,0.5,0.0
38,D21,,225.5311017422488,271.57329380640914,1557.5779046339826,HCT116 OsTIRF74G ARMC5mAC Clone 5F9,,Vehicle,0.5,pSer2 Pol II 3E10,Goat anti-rat Alexa647,2978,244.16813107620203,,250505_ARMC5mAC_PhosphoPolII,15.748115017793197,0.80832813686513,,,0.5,0.0
39,D22,,223.37808443861002,272.0203083807572,1738.8171475010158,HCT116 OsTIRF74G ARMC5mAC Clone 5A1,,Vehicle,0.5,pSer2 Pol II 3E10,Goat anti-rat Alexa647,2461,259.58205808908605,,250505_ARMC5mAC_PhosphoPolII,13.595097714154406,0.6978168494048607,,,0.5,0.0
40,E03,,212.5648297585172,265.5948955236654,1570.5911534701856,HCT116 OsTIRF74G ARMC5mAC Clone 5F9,,10 µM 5PhIAA,2.0,pSer5 Pol II 3E8,Goat anti-rat Alexa647,4092,527.604494158805,,250505_ARMC5mAC_PhosphoPolII,2.7818430340615805,0.14278800950041212,,,2.0,2.0
41,E04,,211.9851399144003,266.50151474612915,1707.8126400717167,HCT116 OsTIRF74G ARMC5mAC Clone 5A1,,10 µM 5PhIAA,2.0,pSer5 Pol II 3E8,Goat anti-rat Alexa647,2231,585.0446566756862,,250505_ARMC5mAC_PhosphoPolII,2.2021531899446813,0.11303336196797917,,,2.0,2.0
42,E05,,229.90595550321228,274.7163089047248,1529.0401905328968,HCT116 OsTIRF74G ARMC5mAC Clone 5F9,,Vehicle,2.0,pSer5 Pol II 3E8,Goat anti-rat Alexa647,3359,503.8937469268592,,250505_ARMC5mAC_PhosphoPolII,20.122968778756672,1.03288310015194,,,2.0,0.0
43,E06,,229.09444245244734,280.54574507143434,1632.4044507241258,HCT116 OsTIRF74G ARMC5mAC Clone 5A1,,Vehicle,2.0,pSer5 Pol II 3E8,Goat anti-rat Alexa647,2831,540.7933943075509,,250505_ARMC5mAC_PhosphoPolII,19.311455727991728,0.9912293002130007,,,2.0,0.0
44,E07,,213.4727177107067,272.60975872604206,1558.5522048364153,HCT116 OsTIRF74G ARMC5mAC Clone 5F9,,10 µM 5PhIAA,2.0,pSer5 Pol II 3E8,Goat anti-rat Alexa647,3515,539.0355679423903,,250505_ARMC5mAC_PhosphoPolII,3.689730986251078,0.189388594779759,,,2.0,2.0
45,E08,,210.5824598466217,268.72158676033916,1687.364640883978,HCT116 OsTIRF74G ARMC5mAC Clone 5A1,,10 µM 5PhIAA,2.0,pSer5 Pol II 3E8,Goat anti-rat Alexa647,2534,570.6279211358348,,250505_ARMC5mAC_PhosphoPolII,0.7994731221660913,0.04103580768772053,,,2.0,2.0
46,E09,,228.30351622418522,261.93163083273583,1572.8600583090379,HCT116 OsTIRF74G ARMC5mAC Clone 5F9,,Vehicle,2.0,pSer5 Pol II 3E8,Goat anti-rat Alexa647,3773,480.09632980241963,,250505_ARMC5mAC_PhosphoPolII,18.520529499729605,0.9506321923199904,,,2.0,0.0
47,E10,,227.85018276082968,268.9289425717001,1728.9468775344687,HCT116 OsTIRF74G ARMC5mAC Clone 5A1,,Vehicle,2.0,pSer5 Pol II 3E8,Goat anti-rat Alexa647,2466,528.6196799163431,,250505_ARMC5mAC_PhosphoPolII,18.06719603637407,0.9273632364228074,,,2.0,0.0
48,E11,,212.27975565243676,269.50040311120836,1552.9183496826313,HCT116 OsTIRF74G ARMC5mAC Clone 5F9,,10 µM 5PhIAA,2.0,pSer5 Pol II 3E8,Goat anti-rat Alexa647,3466,548.1567624355969,,250505_ARMC5mAC_PhosphoPolII,2.496768927981151,0.12815556486966564,,,2.0,2.0
49,E12,,211.22126338910027,266.96472304527725,1634.002367797948,HCT116 OsTIRF74G ARMC5mAC Clone 5A1,,10 µM 5PhIAA,2.0,pSer5 Pol II 3E8,Goat anti-rat Alexa647,2534,575.9195459212202,,250505_ARMC5mAC_PhosphoPolII,1.4382766646446612,0.07382467649717032,,,2.0,2.0
50,E13,,228.42529799192283,263.6978644907587,1565.683199169047,HCT116 OsTIRF74G ARMC5mAC Clone 5F9,,Vehicle,2.0,pSer2 Pol II 3E10,Goat anti-rat Alexa647,3851,239.1504613633621,,250505_ARMC5mAC_PhosphoPolII,18.64231126746722,0.9568830756357565,,,2.0,0.0
51,E14,,225.699774204995,267.14491344122564,1666.5680808080808,HCT116 OsTIRF74G ARMC5mAC Clone 5A1,,Vehicle,2.0,pSer2 Pol II 3E10,Goat anti-rat Alexa647,2475,248.26198705307712,,250505_ARMC5mAC_PhosphoPolII,15.916787480539398,0.8169858522423699,,,2.0,0.0
52,E15,,209.11490704218681,262.9516374726365,1526.3867403314916,HCT116 OsTIRF74G ARMC5mAC Clone 5F9,,10 µM 5PhIAA,2.0,pSer2 Pol II 3E10,Goat anti-rat Alexa647,3620,238.98607007896837,,250505_ARMC5mAC_PhosphoPolII,-0.6680796822687967,-0.034291571037906934,,,2.0,2.0
53,E16,,208.68010575184096,270.35765607071414,1685.7624010004167,HCT116 OsTIRF74G ARMC5mAC Clone 5A1,,10 µM 5PhIAA,2.0,pSer2 Pol II 3E10,Goat anti-rat Alexa647,2399,253.54797190571614,,250505_ARMC5mAC_PhosphoPolII,-1.1028809726146562,-0.05660929709811919,,,2.0,2.0
54,E17,,225.0385485463275,261.7629999289728,1567.377559607293,HCT116 OsTIRF74G ARMC5mAC Clone 5F9,,Vehicle,2.0,pSer2 Pol II 3E10,Goat anti-rat Alexa647,3565,234.96812448408915,,250505_ARMC5mAC_PhosphoPolII,15.25556182187188,0.7830460883967136,,,2.0,0.0
55,E18,,225.60167019369098,262.6785663262124,1670.4665611396913,HCT116 OsTIRF74G ARMC5mAC Clone 5A1,,Vehicle,2.0,pSer2 Pol II 3E10,Goat anti-rat Alexa647,2527,245.06142100928759,,250505_ARMC5mAC_PhosphoPolII,15.818683469235367,0.8119503141740497,,,2.0,0.0
56,E19,,208.51701127380272,254.8251563818022,1561.8026570716856,HCT116 OsTIRF74G ARMC5mAC Clone 5F9,,10 µM 5PhIAA,2.0,pSer2 Pol II 3E10,Goat anti-rat Alexa647,3613,237.06500691461756,,250505_ARMC5mAC_PhosphoPolII,-1.2659754506528884,-0.06498070252770115,,,2.0,2.0
57,E20,,207.83614340708638,264.921724108502,1602.4458536585366,HCT116 OsTIRF74G ARMC5mAC Clone 5A1,,10 µM 5PhIAA,2.0,pSer2 Pol II 3E10,Goat anti-rat Alexa647,2050,256.34321169780685,,250505_ARMC5mAC_PhosphoPolII,-1.946843317369229,-0.09992867271539149,,,2.0,2.0
58,E21,,227.84768463815766,259.660124310733,1551.4010585122023,HCT116 OsTIRF74G ARMC5mAC Clone 5F9,,Vehicle,2.0,pSer2 Pol II 3E10,Goat anti-rat Alexa647,3401,234.41212434832005,,250505_ARMC5mAC_PhosphoPolII,18.064697913702048,0.9272350113721993,,,2.0,0.0
59,E22,,225.17426562163027,257.16962380428225,1692.429917550059,HCT116 OsTIRF74G ARMC5mAC Clone 5A1,,Vehicle,2.0,pSer2 Pol II 3E10,Goat anti-rat Alexa647,2547,251.486237332969,,250505_ARMC5mAC_PhosphoPolII,15.391278897174658,0.7900122510451532,,,2.0,0.0
60,F03,,214.138860542768,266.5817941694967,1573.2464122137405,HCT116 OsTIRF74G ARMC5mAC Clone 5F9,,10 µM 5PhIAA,8.0,pSer5 Pol II 3E8,Goat anti-rat Alexa647,3275,659.962763422537,,250505_ARMC5mAC_PhosphoPolII,4.355873818312375,0.22358075007693468,,,8.0,8.0
61,F04,,212.1979054455627,261.26973479063656,1666.0672020287404,HCT116 OsTIRF74G ARMC5mAC Clone 5A1,,10 µM 5PhIAA,8.0,pSer5 Pol II 3E8,Goat anti-rat Alexa647,2366,706.8071590619248,,250505_ARMC5mAC_PhosphoPolII,2.4149187211070853,0.12395431124980161,,,8.0,8.0
62,F05,,230.9225038118991,262.4097394398861,1555.192069392813,HCT116 OsTIRF74G ARMC5mAC Clone 5F9,,Vehicle,8.0,pSer5 Pol II 3E8,Goat anti-rat Alexa647,3228,500.2317098376106,,250505_ARMC5mAC_PhosphoPolII,21.139517087443494,1.0850610655443573,,,8.0,0.0
63,F06,,230.0289993406029,260.7731207760833,1640.0700374531834,HCT116 OsTIRF74G ARMC5mAC Clone 5A1,,Vehicle,8.0,pSer5 Pol II 3E8,Goat anti-rat Alexa647,2670,530.109848018222,,250505_ARMC5mAC_PhosphoPolII,20.246012616147283,1.039198763691247,,,8.0,0.0
64,F07,,214.8510861362971,261.6420891393736,1563.2497069167644,HCT116 OsTIRF74G ARMC5mAC Clone 5F9,,10 µM 5PhIAA,8.0,pSer5 Pol II 3E8,Goat anti-rat Alexa647,3412,649.4371091173621,,250505_ARMC5mAC_PhosphoPolII,5.0680994118415015,0.2601382673667554,,,8.0,8.0
65,F08,,215.53673817732286,266.4568666071336,1666.0417040358745,HCT116 OsTIRF74G ARMC5mAC Clone 5A1,,10 µM 5PhIAA,8.0,pSer5 Pol II 3E8,Goat anti-rat Alexa647,2230,718.163255881678,,250505_ARMC5mAC_PhosphoPolII,5.753751452867249,0.29533180235388945,,,8.0,8.0
66,F09,,232.10309237931207,259.89878487341946,1554.3861082737487,HCT116 OsTIRF74G ARMC5mAC Clone 5F9,,Vehicle,8.0,pSer5 Pol II 3E8,Goat anti-rat Alexa647,3916,493.7485890622817,,250505_ARMC5mAC_PhosphoPolII,22.320105654856462,1.145658981931364,,,8.0,0.0
67,F10,,229.6080607234499,263.13758307872575,1608.7013698630137,HCT116 OsTIRF74G ARMC5mAC Clone 5A1,,Vehicle,8.0,pSer5 Pol II 3E8,Goat anti-rat Alexa647,2190,540.6691091561896,,250505_ARMC5mAC_PhosphoPolII,19.8250739989943,1.0175925887456478,,,8.0,0.0
68,F11,,212.66125372590082,258.65216425300423,1541.1332296526698,HCT116 OsTIRF74G ARMC5mAC Clone 5F9,,10 µM 5PhIAA,8.0,pSer5 Pol II 3E8,Goat anti-rat Alexa647,3858,638.7903977512974,,250505_ARMC5mAC_PhosphoPolII,2.8782670014452094,0.14773731332606294,,,8.0,8.0
69,F12,,225.95001795485902,263.9261758257154,1620.1949152542372,HCT116 OsTIRF74G ARMC5mAC Clone 5A1,,Vehicle,8.0,pSer5 Pol II 3E8,Goat anti-rat Alexa647,2478,538.0723056682383,,250505_ARMC5mAC_PhosphoPolII,16.16703123040341,0.8298305046887848,,,8.0,0.0
70,F13,,230.15733291784446,262.0032799226369,1548.114401076716,HCT116 OsTIRF74G ARMC5mAC Clone 5F9,,Vehicle,8.0,pSer2 Pol II 3E10,Goat anti-rat Alexa647,3715,233.18212808621763,,250505_ARMC5mAC_PhosphoPolII,20.374346193388845,1.0457859419834872,,,8.0,0.0
71,F14,,210.34686941874023,261.73678590766986,1637.5650630914827,HCT116 OsTIRF74G ARMC5mAC Clone 5A1,,10 µM 5PhIAA,8.0,pSer2 Pol II 3E10,Goat anti-rat Alexa647,2536,253.42264361783768,,250505_ARMC5mAC_PhosphoPolII,0.5638826942846151,0.02894328922328666,,,8.0,8.0
72,F15,,211.0966804087964,266.9007053102923,1533.7797369994023,HCT116 OsTIRF74G ARMC5mAC Clone 5F9,,10 µM 5PhIAA,8.0,pSer2 Pol II 3E10,Goat anti-rat Alexa647,3346,245.6035137857,,250505_ARMC5mAC_PhosphoPolII,1.313693684340791,0.06743001096162203,,,8.0,8.0
73,F16,,225.01332164020403,255.14698297953348,1662.4849424269264,HCT116 OsTIRF74G ARMC5mAC Clone 5A1,,Vehicle,8.0,pSer2 Pol II 3E10,Goat anti-rat Alexa647,2258,242.47466968270294,,250505_ARMC5mAC_PhosphoPolII,15.230334915748415,0.7817512275195476,,,8.0,0.0
74,F17,,225.7633111356843,254.30761956377464,1537.8723804406234,HCT116 OsTIRF74G ARMC5mAC Clone 5F9,,Vehicle,8.0,pSer2 Pol II 3E10,Goat anti-rat Alexa647,3722,227.68687011141648,,250505_ARMC5mAC_PhosphoPolII,15.980324411228679,0.8202471116850504,,,8.0,0.0
75,F18,,208.69057866884074,259.2654854016336,1626.2683421159302,HCT116 OsTIRF74G ARMC5mAC Clone 5A1,,10 µM 5PhIAA,8.0,pSer2 Pol II 3E10,Goat anti-rat Alexa647,2467,251.4677911061537,,250505_ARMC5mAC_PhosphoPolII,-1.092408055614868,-0.05607173730277752,,,8.0,8.0
76,F19,,210.4381826130947,261.1379036941118,1523.8923996584117,HCT116 OsTIRF74G ARMC5mAC Clone 5F9,,10 µM 5PhIAA,8.0,pSer2 Pol II 3E10,Goat anti-rat Alexa647,3513,231.43899713762312,,250505_ARMC5mAC_PhosphoPolII,0.6551958886390992,0.03363026440605408,,,8.0,8.0
77,F20,,227.4331081768722,265.2781581787034,1656.6076146076146,HCT116 OsTIRF74G ARMC5mAC Clone 5A1,,Vehicle,8.0,pSer2 Pol II 3E10,Goat anti-rat Alexa647,2574,245.08041258840572,,250505_ARMC5mAC_PhosphoPolII,17.650121452416585,0.9059553967541715,,,8.0,0.0
78,F21,,228.8165179882435,264.52991682323517,1502.797190201729,HCT116 OsTIRF74G ARMC5mAC Clone 5F9,,Vehicle,8.0,pSer2 Pol II 3E10,Goat anti-rat Alexa647,2776,240.01058178979991,,250505_ARMC5mAC_PhosphoPolII,19.033531263787893,0.976963836436206,,,8.0,0.0
79,F22,,210.0633108654257,261.6035505222537,1652.5350877192982,HCT116 OsTIRF74G ARMC5mAC Clone 5A1,,10 µM 5PhIAA,8.0,pSer2 Pol II 3E10,Goat anti-rat Alexa647,2280,263.18720723609454,,250505_ARMC5mAC_PhosphoPolII,0.2803241409700945,0.014388635740382563,,,8.0,8.0
80,G03,,213.30941431951896,252.85746498635817,1604.6360381861575,HCT116 OsTIRF74G ARMC5mAC Clone 5F9,,10 µM 5PhIAA,24.0,pSer5 Pol II 3E8,Goat anti-rat Alexa647,3352,700.0312899317415,,250505_ARMC5mAC_PhosphoPolII,3.5264275950633532,0.18100646613811608,,,24.0,24.0
81,G04,,215.10504338627948,257.77313740065347,1683.3222222222223,HCT116 OsTIRF74G ARMC5mAC Clone 5A1,,10 µM 5PhIAA,24.0,pSer5 Pol II 3E8,Goat anti-rat Alexa647,2610,767.1625070021893,,250505_ARMC5mAC_PhosphoPolII,5.322056661823865,0.2731735284433793,,,24.0,24.0
82,G05,,230.89552373306552,256.68151389205053,1571.1040480708411,HCT116 OsTIRF74G ARMC5mAC Clone 5F9,,Vehicle,24.0,pSer5 Pol II 3E8,Goat anti-rat Alexa647,3162,486.0598394887844,,250505_ARMC5mAC_PhosphoPolII,21.112537008609905,1.0836762168287244,,,24.0,0.0
83,G06,,227.98615101161226,252.37071087127708,1714.0285821737496,HCT116 OsTIRF74G ARMC5mAC Clone 5A1,,Vehicle,24.0,pSer5 Pol II 3E8,Goat anti-rat Alexa647,2659,520.8849368951065,,250505_ARMC5mAC_PhosphoPolII,18.203164287156653,0.9343422915480535,,,24.0,0.0
84,G07,,214.64661677299642,244.27211519097915,1608.7552479815456,HCT116 OsTIRF74G ARMC5mAC Clone 5F9,,10 µM 5PhIAA,24.0,pSer5 Pol II 3E8,Goat anti-rat Alexa647,4335,650.2554035866272,,250505_ARMC5mAC_PhosphoPolII,4.863630048540813,0.24964314847182076,,,24.0,24.0
85,G08,,215.17536778975364,251.90419381940794,1711.114994757078,HCT116 OsTIRF74G ARMC5mAC Clone 5A1,,10 µM 5PhIAA,24.0,pSer5 Pol II 3E8,Goat anti-rat Alexa647,2861,787.3610512605627,,250505_ARMC5mAC_PhosphoPolII,5.392381065298025,0.27678317912044076,,,24.0,24.0
86,G09,,229.72006119831818,246.5103925916444,1568.8693399414283,HCT116 OsTIRF74G ARMC5mAC Clone 5F9,,Vehicle,24.0,pSer5 Pol II 3E8,Goat anti-rat Alexa647,4439,460.6457285951822,,250505_ARMC5mAC_PhosphoPolII,19.937074473862566,1.0233414123398359,,,24.0,0.0
87,G10,,228.71313226097382,250.99523740251178,1702.5047365304915,HCT116 OsTIRF74G ARMC5mAC Clone 5A1,,Vehicle,24.0,pSer5 Pol II 3E8,Goat anti-rat Alexa647,3378,491.0958002478222,,250505_ARMC5mAC_PhosphoPolII,18.93014553651821,0.9716571954694664,,,24.0,0.0
88,G11,,212.58816338666873,244.49672327209768,1635.8675908221796,HCT116 OsTIRF74G ARMC5mAC Clone 5F9,,10 µM 5PhIAA,24.0,pSer5 Pol II 3E8,Goat anti-rat Alexa647,4184,638.895753790413,,250505_ARMC5mAC_PhosphoPolII,2.805176662213114,0.14398569113714912,,,24.0,24.0
89,G12,,210.85316204076855,247.66400680880565,1699.248443133399,HCT116 OsTIRF74G ARMC5mAC Clone 5A1,,10 µM 5PhIAA,24.0,pSer5 Pol II 3E8,Goat anti-rat Alexa647,3051,753.651845476382,,250505_ARMC5mAC_PhosphoPolII,1.070175316312941,0.05493056271032441,,,24.0,24.0
90,G13,,225.8872655297158,242.82164799324565,1595.1621392190152,HCT116 OsTIRF74G ARMC5mAC Clone 5F9,,Vehicle,24.0,pSer2 Pol II 3E10,Goat anti-rat Alexa647,4712,217.30576479199576,,250505_ARMC5mAC_PhosphoPolII,16.10427880526018,0.8266095127895966,,,24.0,0.0
91,G14,,224.6830772008728,248.36189628333466,1746.3587935761848,HCT116 OsTIRF74G ARMC5mAC Clone 5A1,,Vehicle,24.0,pSer2 Pol II 3E10,Goat anti-rat Alexa647,2553,232.20473360501072,,250505_ARMC5mAC_PhosphoPolII,14.900090476417176,0.7648002545267115,,,24.0,0.0
92,G15,,208.56296938663738,245.35754312906542,1572.5126628964838,HCT116 OsTIRF74G ARMC5mAC Clone 5F9,,10 µM 5PhIAA,24.0,pSer2 Pol II 3E10,Goat anti-rat Alexa647,4067,231.85585614242342,,250505_ARMC5mAC_PhosphoPolII,-1.2200173378182342,-0.06262173857045927,,,24.0,24.0
93,G16,,209.20108503383574,247.13748391629514,1766.3915662650602,HCT116 OsTIRF74G ARMC5mAC Clone 5A1,,10 µM 5PhIAA,24.0,pSer2 Pol II 3E10,Goat anti-rat Alexa647,2656,242.757823514087,,250505_ARMC5mAC_PhosphoPolII,-0.5819016906198726,-0.0298681784382436,,,24.0,24.0
94,G17,,224.9065300557707,248.01962009180326,1566.185525560023,HCT116 OsTIRF74G ARMC5mAC Clone 5F9,,Vehicle,24.0,pSer2 Pol II 3E10,Goat anti-rat Alexa647,3482,225.7849736701315,,250505_ARMC5mAC_PhosphoPolII,15.12354333131509,0.7762697687938315,,,24.0,0.0
95,G18,,224.41319048167782,250.89621849419655,1694.7078095238096,HCT116 OsTIRF74G ARMC5mAC Clone 5A1,,Vehicle,24.0,pSer2 Pol II 3E10,Goat anti-rat Alexa647,2625,231.1131959125907,,250505_ARMC5mAC_PhosphoPolII,14.630203757222205,0.7509473566627433,,,24.0,0.0
96,G19,,208.94367328453183,245.8600088743554,1600.6083021223471,HCT116 OsTIRF74G ARMC5mAC Clone 5F9,,10 µM 5PhIAA,24.0,pSer2 Pol II 3E10,Goat anti-rat Alexa647,3204,232.48859504206126,,250505_ARMC5mAC_PhosphoPolII,-0.8393134399237852,-0.043080754005981804,,,24.0,24.0
97,G20,,210.30665256934319,248.46047235433787,1733.7868852459017,HCT116 OsTIRF74G ARMC5mAC Clone 5A1,,10 µM 5PhIAA,24.0,pSer2 Pol II 3E10,Goat anti-rat Alexa647,2440,248.44434790708516,,250505_ARMC5mAC_PhosphoPolII,0.5236658448875744,0.026879016076502716,,,24.0,24.0
98,G21,,229.0413057690732,250.29480629411412,1570.4522563767168,HCT116 OsTIRF74G ARMC5mAC Clone 5F9,,Vehicle,24.0,pSer2 Pol II 3E10,Goat anti-rat Alexa647,3058,225.25939769229447,,250505_ARMC5mAC_PhosphoPolII,19.258319044617593,0.9885018705350693,,,24.0,0.0
99,G22,,230.00994645018488,247.0241709082565,1693.0548841893253,HCT116 OsTIRF74G ARMC5mAC Clone 5A1,,Vehicle,24.0,pSer2 Pol II 3E10,Goat anti-rat Alexa647,1986,244.06629840664147,,250505_ARMC5mAC_PhosphoPolII,20.226959725729273,1.0382208061772153,,,24.0,0.0
100,H03,,214.079128739365,256.90270829982524,1610.7322198275863,HCT116 OsTIRF74G ARMC5mAC Clone 5F9,,10 µM 5PhIAA,48.0,pSer5 Pol II 3E8,Goat anti-rat Alexa647,3712,724.861700759073,,250505_ARMC5mAC_PhosphoPolII,4.296142014909378,0.22051480235545906,,,48.0,48.0
101,H04,,215.20219404110307,249.92375307843824,1776.2857707509881,HCT116 OsTIRF74G ARMC5mAC Clone 5A1,,10 µM 5PhIAA,48.0,pSer5 Pol II 3E8,Goat anti-rat Alexa647,2530,805.9133055425151,,250505_ARMC5mAC_PhosphoPolII,5.419207316647459,0.27816013209213697,,,48.0,48.0
102,H05,,229.98068100472253,255.45288104257554,1577.2204888195529,HCT116 OsTIRF74G ARMC5mAC Clone 5F9,,Vehicle,48.0,pSer5 Pol II 3E8,Goat anti-rat Alexa647,3846,479.11116156330417,,250505_ARMC5mAC_PhosphoPolII,20.197694280266916,1.0367186528732557,,,48.0,0.0
103,H06,,227.39854301922006,256.40259672338834,1729.9850570192687,HCT116 OsTIRF74G ARMC5mAC Clone 5A1,,Vehicle,48.0,pSer5 Pol II 3E8,Goat anti-rat Alexa647,2543,497.9248269458395,,250505_ARMC5mAC_PhosphoPolII,17.615556294764446,0.9041812168314419,,,48.0,0.0
104,H07,,214.72886034064823,249.78497972137794,1659.858583247156,HCT116 OsTIRF74G ARMC5mAC Clone 5F9,,10 µM 5PhIAA,48.0,pSer5 Pol II 3E8,Goat anti-rat Alexa647,3868,697.8829003736577,,250505_ARMC5mAC_PhosphoPolII,4.945873616192614,0.2538645927357221,,,48.0,48.0
105,H08,,214.1129732893906,256.42719980703663,1786.160214641625,HCT116 OsTIRF74G ARMC5mAC Clone 5A1,,10 µM 5PhIAA,48.0,pSer5 Pol II 3E8,Goat anti-rat Alexa647,2609,820.7443944036919,,250505_ARMC5mAC_PhosphoPolII,4.329986564934984,0.22225199452317732,,,48.0,48.0
106,H09,,230.8070238726866,249.70244020327976,1580.528310940499,HCT116 OsTIRF74G ARMC5mAC Clone 5F9,,Vehicle,48.0,pSer5 Pol II 3E8,Goat anti-rat Alexa647,4168,467.33113408891023,,250505_ARMC5mAC_PhosphoPolII,21.024037148231002,1.0791336460402792,,,48.0,0.0
107,H10,,229.70392852840754,254.87581605486216,1712.9377241604172,HCT116 OsTIRF74G ARMC5mAC Clone 5A1,,Vehicle,48.0,pSer5 Pol II 3E8,Goat anti-rat Alexa647,3067,495.24024443258185,,250505_ARMC5mAC_PhosphoPolII,19.920941803951933,1.022513345552364,,,48.0,0.0
108,H11,,213.7288417245408,249.26557816610568,1613.411340924936,HCT116 OsTIRF74G ARMC5mAC Clone 5F9,,10 µM 5PhIAA,48.0,pSer5 Pol II 3E8,Goat anti-rat Alexa647,4303,683.7892008709354,,250505_ARMC5mAC_PhosphoPolII,3.945855000085203,0.20253507273442461,,,48.0,48.0
109,H12,,212.14767422642083,253.94020823358642,1768.1642778390299,HCT116 OsTIRF74G ARMC5mAC Clone 5A1,,10 µM 5PhIAA,48.0,pSer5 Pol II 3E8,Goat anti-rat Alexa647,2721,816.5397003316527,,250505_ARMC5mAC_PhosphoPolII,2.3646875019652214,0.1213760148800119,,,48.0,48.0
110,H13,,226.02665744864177,246.70856885951662,1590.7091981647368,HCT116 OsTIRF74G ARMC5mAC Clone 5F9,,Vehicle,48.0,pSer2 Pol II 3E10,Goat anti-rat Alexa647,4577,217.15896943574774,,250505_ARMC5mAC_PhosphoPolII,16.24367072418616,0.8337642998858419,,,48.0,0.0
111,H14,,226.2994449254191,254.48055208938075,1715.590119760479,HCT116 OsTIRF74G ARMC5mAC Clone 5A1,,Vehicle,48.0,pSer2 Pol II 3E10,Goat anti-rat Alexa647,3340,224.7266033779347,,250505_ARMC5mAC_PhosphoPolII,16.516458200963484,0.8477660894723681,,,48.0,0.0
112,H15,,209.31834549901407,247.8424592893352,1631.046801505174,HCT116 OsTIRF74G ARMC5mAC Clone 5F9,,10 µM 5PhIAA,48.0,pSer2 Pol II 3E10,Goat anti-rat Alexa647,4252,235.18264050235993,,250505_ARMC5mAC_PhosphoPolII,-0.4646412254415395,-0.023849367092349402,,,48.0,48.0
113,H16,,210.68323815291964,252.80404464857824,1742.0655149934812,HCT116 OsTIRF74G ARMC5mAC Clone 5A1,,10 µM 5PhIAA,48.0,pSer2 Pol II 3E10,Goat anti-rat Alexa647,3068,253.4252744371444,,250505_ARMC5mAC_PhosphoPolII,0.9002514284640313,0.04620861347902929,,,48.0,48.0
114,H17,,227.8493250477982,250.1289322362181,1565.0625942684767,HCT116 OsTIRF74G ARMC5mAC Clone 5F9,,Vehicle,48.0,pSer2 Pol II 3E10,Goat anti-rat Alexa647,3978,226.12066472231533,,250505_ARMC5mAC_PhosphoPolII,18.066338323342592,0.9273192112441802,,,48.0,0.0
115,H18,,227.33724360295554,252.49668635887224,1743.965011820331,HCT116 OsTIRF74G ARMC5mAC Clone 5A1,,Vehicle,48.0,pSer2 Pol II 3E10,Goat anti-rat Alexa647,2115,234.05953493133146,,250505_ARMC5mAC_PhosphoPolII,17.554256878499928,0.9010348057921505,,,48.0,0.0
116,H19,,210.00754125813805,252.36169347098476,1636.9435042309606,HCT116 OsTIRF74G ARMC5mAC Clone 5F9,,10 µM 5PhIAA,48.0,pSer2 Pol II 3E10,Goat anti-rat Alexa647,4018,236.57866404861636,,250505_ARMC5mAC_PhosphoPolII,0.22455453368243639,0.011526061857629081,,,48.0,48.0
117,H20,,210.26380565034327,250.8589894787732,1801.542879019908,HCT116 OsTIRF74G ARMC5mAC Clone 5A1,,10 µM 5PhIAA,48.0,pSer2 Pol II 3E10,Goat anti-rat Alexa647,2612,248.92666621688284,,250505_ARMC5mAC_PhosphoPolII,0.48081892588766095,0.024679745232564942,,,48.0,48.0
118,H21,,223.94599562909812,258.8088125557055,1570.5032467532467,HCT116 OsTIRF74G ARMC5mAC Clone 5F9,,Vehicle,48.0,pSer2 Pol II 3E10,Goat anti-rat Alexa647,3080,232.72312285200186,,250505_ARMC5mAC_PhosphoPolII,14.16300890464251,0.726966915555218,,,48.0,0.0
119,H22,,229.01544046538902,257.9175594599774,1640.9096209912536,HCT116 OsTIRF74G ARMC5mAC Clone 5A1,,Vehicle,48.0,pSer2 Pol II 3E10,Goat anti-rat Alexa647,2058,245.81878983591113,,250505_ARMC5mAC_PhosphoPolII,19.23245374093341,0.9871742416275546,,,48.0,0.0
120,I03,,232.70845721108282,257.661798216732,1556.279550676538,HCT116 OsTIRF74G ARMC5mAC Clone 5F9,,Vehicle,0.5,pSer5 Pol II 3E8,Goat anti-rat Alexa647,3917,478.3892971517973,,250505_ARMC5mAC_PhosphoPolII,22.925470486627205,1.17673148972268,,,0.5,0.0
121,I04,,231.86809798319766,260.7462503533438,1689.8374153204795,HCT116 OsTIRF74G ARMC5mAC Clone 5A1,,Vehicle,0.5,pSer5 Pol II 3E8,Goat anti-rat Alexa647,1919,527.9636821803884,,250505_ARMC5mAC_PhosphoPolII,22.085111258742046,1.1335970569219078,,,0.5,0.0
124,I07,,232.36495349296666,249.9155276896414,1556.083178005592,HCT116 OsTIRF74G ARMC5mAC Clone 5F9,,Vehicle,0.5,pSer5 Pol II 3E8,Goat anti-rat Alexa647,4292,481.10063925261727,,250505_ARMC5mAC_PhosphoPolII,22.58196676851105,1.1590999369839963,,,0.5,0.0
125,I08,,230.69775005273556,256.44060906955633,1716.0880529144274,HCT116 OsTIRF74G ARMC5mAC Clone 5A1,,Vehicle,0.5,pSer5 Pol II 3E8,Goat anti-rat Alexa647,2419,518.3458255343512,,250505_ARMC5mAC_PhosphoPolII,20.914763328279946,1.0735247777287782,,,0.5,0.0
128,I11,,230.1914913919953,246.09910784994608,1530.9102651257647,HCT116 OsTIRF74G ARMC5mAC Clone 5F9,,Vehicle,0.5,pSer5 Pol II 3E8,Goat anti-rat Alexa647,4413,485.6477800249212,,250505_ARMC5mAC_PhosphoPolII,20.408504667539688,1.0475392474259042,,,0.5,0.0
129,I12,,229.8725946498563,256.31543015145576,1668.7243858597963,HCT116 OsTIRF74G ARMC5mAC Clone 5A1,,Vehicle,0.5,pSer5 Pol II 3E8,Goat anti-rat Alexa647,3338,502.30739066541804,,250505_ARMC5mAC_PhosphoPolII,20.089607925400685,1.0311707354399091,,,0.5,0.0
132,I15,,229.6870294481425,247.24326910901834,1567.6917426545085,HCT116 OsTIRF74G ARMC5mAC Clone 5F9,,Vehicle,0.5,pSer2 Pol II 3E10,Goat anti-rat Alexa647,3948,234.3399098087639,,250505_ARMC5mAC_PhosphoPolII,19.9040427236869,1.0216459400216111,,,0.5,0.0
133,I16,,228.11508454252683,251.80847543979021,1665.0628955696202,HCT116 OsTIRF74G ARMC5mAC Clone 5A1,,Vehicle,0.5,pSer2 Pol II 3E10,Goat anti-rat Alexa647,2528,244.5799945557551,,250505_ARMC5mAC_PhosphoPolII,18.33209781807122,0.9409602646010734,,,0.5,0.0
136,I19,,229.99944632331832,255.77601337227924,1474.4986033519554,HCT116 OsTIRF74G ARMC5mAC Clone 5F9,,Vehicle,0.5,pSer2 Pol II 3E10,Goat anti-rat Alexa647,3580,235.5849870092431,,250505_ARMC5mAC_PhosphoPolII,20.216459598862713,1.037681849738473,,,0.5,0.0
137,I20,,230.2131024415671,256.31895264043374,1699.3702702702703,HCT116 OsTIRF74G ARMC5mAC Clone 5A1,,Vehicle,0.5,pSer2 Pol II 3E10,Goat anti-rat Alexa647,1850,248.02681501100048,,250505_ARMC5mAC_PhosphoPolII,20.430115717111477,1.048648511576968,,,0.5,0.0
140,J03,,234.99674392762623,253.19129688746,1574.3849462365592,HCT116 OsTIRF74G ARMC5mAC Clone 5F9,,Vehicle,2.0,pSer5 Pol II 3E8,Goat anti-rat Alexa647,3720,477.5914241201838,,250505_ARMC5mAC_PhosphoPolII,25.213757203170616,1.294185961963127,,,2.0,0.0
141,J04,,233.4017471429241,254.07720425727072,1703.8429101019462,HCT116 OsTIRF74G ARMC5mAC Clone 5A1,,Vehicle,2.0,pSer5 Pol II 3E8,Goat anti-rat Alexa647,2158,517.8319600179175,,250505_ARMC5mAC_PhosphoPolII,23.618760418468497,1.2123170666809027,,,2.0,0.0
142,J05,,216.93283285328613,248.59491246676464,1542.0209580838323,HCT116 OsTIRF74G ARMC5mAC Clone 5F9,,10 µM 5PhIAA,2.0,pSer5 Pol II 3E8,Goat anti-rat Alexa647,4008,516.4474660386221,,250505_ARMC5mAC_PhosphoPolII,7.149846128830518,0.36699133792583977,,,2.0,2.0
143,J06,,215.99339805121974,247.18136999959566,1718.073628318584,HCT116 OsTIRF74G ARMC5mAC Clone 5A1,,10 µM 5PhIAA,2.0,pSer5 Pol II 3E8,Goat anti-rat Alexa647,2825,546.8797202966203,,250505_ARMC5mAC_PhosphoPolII,6.210411326764131,0.3187714981289752,,,2.0,2.0
144,J07,,234.81620361836258,244.20850792842762,1563.4078319006685,HCT116 OsTIRF74G ARMC5mAC Clone 5F9,,Vehicle,2.0,pSer5 Pol II 3E8,Goat anti-rat Alexa647,4188,485.4798072022056,,250505_ARMC5mAC_PhosphoPolII,25.033216893906967,1.2849190870608767,,,2.0,0.0
145,J08,,233.82412922992305,247.71531085767376,1676.8597495527729,HCT116 OsTIRF74G ARMC5mAC Clone 5A1,,Vehicle,2.0,pSer5 Pol II 3E8,Goat anti-rat Alexa647,2795,499.2059742901154,,250505_ARMC5mAC_PhosphoPolII,24.041142505467434,1.2339973328615406,,,2.0,0.0
146,J09,,216.4212828368922,247.9986131501208,1560.9699624530663,HCT116 OsTIRF74G ARMC5mAC Clone 5F9,,10 µM 5PhIAA,2.0,pSer5 Pol II 3E8,Goat anti-rat Alexa647,3995,526.7029596291701,,250505_ARMC5mAC_PhosphoPolII,6.638296112436592,0.3407342099331987,,,2.0,2.0
147,J10,,216.21694114576047,248.77678405624056,1714.379694462126,HCT116 OsTIRF74G ARMC5mAC Clone 5A1,,10 µM 5PhIAA,2.0,pSer5 Pol II 3E8,Goat anti-rat Alexa647,3142,561.5990787507475,,250505_ARMC5mAC_PhosphoPolII,6.433954421304861,0.3302456442674186,,,2.0,2.0
148,J11,,231.22216954843867,243.28857080012477,1527.939021198639,HCT116 OsTIRF74G ARMC5mAC Clone 5F9,,Vehicle,2.0,pSer5 Pol II 3E8,Goat anti-rat Alexa647,3821,484.22265362508347,,250505_ARMC5mAC_PhosphoPolII,21.43918282398306,1.100442477619749,,,2.0,0.0
149,J12,,229.96458631622042,254.10406816707766,1680.8395672333847,HCT116 OsTIRF74G ARMC5mAC Clone 5A1,,Vehicle,2.0,pSer5 Pol II 3E8,Goat anti-rat Alexa647,3235,508.0812633704691,,250505_ARMC5mAC_PhosphoPolII,20.181599591764808,1.0358925356169597,,,2.0,0.0
150,J13,,212.78966695426936,240.70839557146226,1528.111583687766,HCT116 OsTIRF74G ARMC5mAC Clone 5F9,,10 µM 5PhIAA,2.0,pSer2 Pol II 3E10,Goat anti-rat Alexa647,3997,232.4175926827899,,250505_ARMC5mAC_PhosphoPolII,3.006680229813753,0.15432857999630897,,,2.0,2.0
151,J14,,212.39047689297993,245.93123874063335,1662.037181303116,HCT116 OsTIRF74G ARMC5mAC Clone 5A1,,10 µM 5PhIAA,2.0,pSer2 Pol II 3E10,Goat anti-rat Alexa647,2824,238.13679238038026,,250505_ARMC5mAC_PhosphoPolII,2.607490168524322,0.1338387272023344,,,2.0,2.0
152,J15,,228.3506057174526,243.83258333785017,1519.798303030303,HCT116 OsTIRF74G ARMC5mAC Clone 5F9,,Vehicle,2.0,pSer2 Pol II 3E10,Goat anti-rat Alexa647,4125,235.34357629316256,,250505_ARMC5mAC_PhosphoPolII,18.567618992996984,0.9530492284107058,,,2.0,0.0
153,J16,,227.71794866310432,249.75236244224115,1654.990857142857,HCT116 OsTIRF74G ARMC5mAC Clone 5A1,,Vehicle,2.0,pSer2 Pol II 3E10,Goat anti-rat Alexa647,2625,245.4631541648554,,250505_ARMC5mAC_PhosphoPolII,17.934961938648712,0.9205758500134744,,,2.0,0.0
154,J17,,212.14540906121098,243.36516862094675,1538.9479987393634,HCT116 OsTIRF74G ARMC5mAC Clone 5F9,,10 µM 5PhIAA,2.0,pSer2 Pol II 3E10,Goat anti-rat Alexa647,3173,235.5672192482336,,250505_ARMC5mAC_PhosphoPolII,2.3624223367553725,0.12125974720151832,,,2.0,2.0
155,J18,,212.20332585316174,249.71663968529833,1662.4885035808518,HCT116 OsTIRF74G ARMC5mAC Clone 5A1,,10 µM 5PhIAA,2.0,pSer2 Pol II 3E10,Goat anti-rat Alexa647,2653,248.01950253965737,,250505_ARMC5mAC_PhosphoPolII,2.420339128706132,0.12423253299066626,,,2.0,2.0
156,J19,,229.6538194441491,244.99101400142823,1583.0044956448442,HCT116 OsTIRF74G ARMC5mAC Clone 5F9,,Vehicle,2.0,pSer2 Pol II 3E10,Goat anti-rat Alexa647,3559,230.9951580632405,,250505_ARMC5mAC_PhosphoPolII,19.87083271969348,1.0199413181908108,,,2.0,0.0
157,J20,,230.41210457476373,258.3556315885998,1590.635668789809,HCT116 OsTIRF74G ARMC5mAC Clone 5A1,,Vehicle,2.0,pSer2 Pol II 3E10,Goat anti-rat Alexa647,2355,246.9067266906058,,250505_ARMC5mAC_PhosphoPolII,20.62911785030812,1.0588630053990717,,,2.0,0.0
158,J21,,213.309493337147,249.93902903359384,1493.459308807135,HCT116 OsTIRF74G ARMC5mAC Clone 5F9,,10 µM 5PhIAA,2.0,pSer2 Pol II 3E10,Goat anti-rat Alexa647,2691,243.96584503811835,,250505_ARMC5mAC_PhosphoPolII,3.526506612691378,0.18101052199952988,,,2.0,2.0
159,J22,,210.59079271346076,248.06780640405083,1629.2277657266811,HCT116 OsTIRF74G ARMC5mAC Clone 5A1,,10 µM 5PhIAA,2.0,pSer2 Pol II 3E10,Goat anti-rat Alexa647,2305,244.62887478839286,,250505_ARMC5mAC_PhosphoPolII,0.8078059890051463,0.04146352178043246,,,2.0,2.0
160,K03,,234.85360935225546,259.85458684725177,1551.99585553582,HCT116 OsTIRF74G ARMC5mAC Clone 5F9,,Vehicle,8.0,pSer5 Pol II 3E8,Goat anti-rat Alexa647,3378,497.91189694099813,,250505_ARMC5mAC_PhosphoPolII,25.07062262779985,1.286839069684292,,,8.0,0.0
161,K04,,234.5322177521537,256.88848155581707,1605.8182254196643,HCT116 OsTIRF74G ARMC5mAC Clone 5A1,,Vehicle,8.0,pSer5 Pol II 3E8,Goat anti-rat Alexa647,2085,537.9719024299447,,250505_ARMC5mAC_PhosphoPolII,24.7492310276981,1.2703425002205293,,,8.0,0.0
162,K05,,215.91817019220463,244.6808853817932,1574.4062590553463,HCT116 OsTIRF74G ARMC5mAC Clone 5F9,,10 µM 5PhIAA,8.0,pSer5 Pol II 3E8,Goat anti-rat Alexa647,3451,624.2395652373785,,250505_ARMC5mAC_PhosphoPolII,6.135183467749016,0.31491016011808726,,,8.0,8.0
163,K06,,215.95485291532736,252.71822274875586,1664.2515894641235,HCT116 OsTIRF74G ARMC5mAC Clone 5A1,,10 µM 5PhIAA,8.0,pSer5 Pol II 3E8,Goat anti-rat Alexa647,2202,704.796401853767,,250505_ARMC5mAC_PhosphoPolII,6.171866190871754,0.3167930316365794,,,8.0,8.0
164,K07,,234.77832019416604,245.5854420625113,1547.005077498664,HCT116 OsTIRF74G ARMC5mAC Clone 5F9,,Vehicle,8.0,pSer5 Pol II 3E8,Goat anti-rat Alexa647,3742,481.452485558876,,250505_ARMC5mAC_PhosphoPolII,24.99533346971043,1.282974585279917,,,8.0,0.0
165,K08,,233.4426706183134,251.87560142148783,1619.4640065816536,HCT116 OsTIRF74G ARMC5mAC Clone 5A1,,Vehicle,8.0,pSer5 Pol II 3E8,Goat anti-rat Alexa647,2431,516.8340783236185,,250505_ARMC5mAC_PhosphoPolII,23.65968389385779,1.2144176099254813,,,8.0,0.0
166,K09,,214.3853483607262,245.12561801907228,1539.3348441926346,HCT116 OsTIRF74G ARMC5mAC Clone 5F9,,10 µM 5PhIAA,8.0,pSer5 Pol II 3E8,Goat anti-rat Alexa647,3530,640.2139836367104,,250505_ARMC5mAC_PhosphoPolII,4.602361636270587,0.23623261593040318,,,8.0,8.0
167,K10,,214.8191224492763,254.2633571464622,1666.6641036017807,HCT116 OsTIRF74G ARMC5mAC Clone 5A1,,10 µM 5PhIAA,8.0,pSer5 Pol II 3E8,Goat anti-rat Alexa647,2471,711.8251721820785,,250505_ARMC5mAC_PhosphoPolII,5.036135724820696,0.2584976171970255,,,8.0,8.0
168,K11,,232.21819243938228,245.65047676258436,1548.3252190847127,HCT116 OsTIRF74G ARMC5mAC Clone 5F9,,Vehicle,8.0,pSer5 Pol II 3E8,Goat anti-rat Alexa647,4108,490.9315156801051,,250505_ARMC5mAC_PhosphoPolII,22.435205714926667,1.1515669027843989,,,8.0,0.0
169,K12,,229.1098841842679,257.58848351115677,1591.1745816372681,HCT116 OsTIRF74G ARMC5mAC Clone 5A1,,Vehicle,8.0,pSer5 Pol II 3E8,Goat anti-rat Alexa647,2211,532.0552389470806,,250505_ARMC5mAC_PhosphoPolII,19.3268974598123,0.9920219021401768,,,8.0,0.0
170,K13,,211.49688411121664,237.904962721661,1537.520978120978,HCT116 OsTIRF74G ARMC5mAC Clone 5F9,,10 µM 5PhIAA,8.0,pSer2 Pol II 3E10,Goat anti-rat Alexa647,3885,229.32249932262297,,250505_ARMC5mAC_PhosphoPolII,1.7138973867610332,0.08797189249972204,,,8.0,8.0
171,K14,,210.95971005989023,247.5859531195955,1682.709982788296,HCT116 OsTIRF74G ARMC5mAC Clone 5A1,,10 µM 5PhIAA,8.0,pSer2 Pol II 3E10,Goat anti-rat Alexa647,2324,243.23593159139338,,250505_ARMC5mAC_PhosphoPolII,1.176723335434616,0.06039951957824058,,,8.0,8.0
172,K15,,231.74862035290016,245.65718728058226,1538.2684684684684,HCT116 OsTIRF74G ARMC5mAC Clone 5F9,,Vehicle,8.0,pSer2 Pol II 3E10,Goat anti-rat Alexa647,3885,227.91782910341254,,250505_ARMC5mAC_PhosphoPolII,21.96563362844455,1.127464441673269,,,8.0,0.0
173,K16,,228.46159288447814,250.6967255651172,1538.6959490213928,HCT116 OsTIRF74G ARMC5mAC Clone 5A1,,Vehicle,8.0,pSer2 Pol II 3E10,Goat anti-rat Alexa647,2197,247.0173570831264,,250505_ARMC5mAC_PhosphoPolII,18.678606160022525,0.9587460403679674,,,8.0,0.0
174,K17,,211.2614822015483,248.67697065871383,1525.9226460389436,HCT116 OsTIRF74G ARMC5mAC Clone 5F9,,10 µM 5PhIAA,8.0,pSer2 Pol II 3E10,Goat anti-rat Alexa647,3749,235.78107219657824,,250505_ARMC5mAC_PhosphoPolII,1.4784954770926788,0.07588905040454288,,,8.0,8.0
175,K18,,212.34520636174003,256.4933637212838,1558.0025493945188,HCT116 OsTIRF74G ARMC5mAC Clone 5A1,,10 µM 5PhIAA,8.0,pSer2 Pol II 3E10,Goat anti-rat Alexa647,1569,259.34926963948726,,250505_ARMC5mAC_PhosphoPolII,2.5622196372844144,0.1315150558213022,,,8.0,8.0
176,K19,,232.0225755144311,250.28773945810696,1535.9227430555557,HCT116 OsTIRF74G ARMC5mAC Clone 5F9,,Vehicle,8.0,pSer2 Pol II 3E10,Goat anti-rat Alexa647,3456,230.85097398965206,,250505_ARMC5mAC_PhosphoPolII,22.2395887899755,1.1415261668419445,,,8.0,0.0
177,K20,,231.26538720454312,256.4305436456587,1645.2602339181287,HCT116 OsTIRF74G ARMC5mAC Clone 5A1,,Vehicle,8.0,pSer2 Pol II 3E10,Goat anti-rat Alexa647,2052,241.29604132094858,,250505_ARMC5mAC_PhosphoPolII,21.482400480087506,1.1026607778670559,,,8.0,0.0
178,K21,,214.7392497754628,251.86430303120704,1517.2681072428973,HCT116 OsTIRF74G ARMC5mAC Clone 5F9,,10 µM 5PhIAA,8.0,pSer2 Pol II 3E10,Goat anti-rat Alexa647,2499,245.360328856604,,250505_ARMC5mAC_PhosphoPolII,4.956263051007198,0.254397867510339,,,8.0,8.0
179,K22,,211.73032228895113,253.37232874192725,1614.7823475046212,HCT116 OsTIRF74G ARMC5mAC Clone 5A1,,10 µM 5PhIAA,8.0,pSer2 Pol II 3E10,Goat anti-rat Alexa647,2164,252.91064156704263,,250505_ARMC5mAC_PhosphoPolII,1.9473355644955177,0.09995393905374504,,,8.0,8.0
180,L03,,235.84961230757037,248.85542401434668,1596.7149306675267,HCT116 OsTIRF74G ARMC5mAC Clone 5F9,,Vehicle,24.0,pSer5 Pol II 3E8,Goat anti-rat Alexa647,3101,487.43844622134503,,250505_ARMC5mAC_PhosphoPolII,26.066625583114757,1.3379624715817389,,,24.0,0.0
181,L04,,233.0608354454635,256.52201650209776,1631.806793118659,HCT116 OsTIRF74G ARMC5mAC Clone 5A1,,Vehicle,24.0,pSer5 Pol II 3E8,Goat anti-rat Alexa647,2267,528.2707990980717,,250505_ARMC5mAC_PhosphoPolII,23.2778487210079,1.1948185586415279,,,24.0,0.0
182,L05,,216.89591896242828,242.05243149833547,1556.2305974316025,HCT116 OsTIRF74G ARMC5mAC Clone 5F9,,10 µM 5PhIAA,24.0,pSer5 Pol II 3E8,Goat anti-rat Alexa647,3582,707.630661496453,,250505_ARMC5mAC_PhosphoPolII,7.112932237972672,0.36509660089935425,,,24.0,24.0
183,L06,,218.14816064520838,246.31130705246088,1677.0473606314752,HCT116 OsTIRF74G ARMC5mAC Clone 5A1,,10 µM 5PhIAA,24.0,pSer5 Pol II 3E8,Goat anti-rat Alexa647,2027,833.9679670883763,,250505_ARMC5mAC_PhosphoPolII,8.365173920752767,0.4293723688374737,,,24.0,24.0
184,L07,,235.50361309830703,241.1292866144878,1546.8453052847615,HCT116 OsTIRF74G ARMC5mAC Clone 5F9,,Vehicle,24.0,pSer5 Pol II 3E8,Goat anti-rat Alexa647,3898,488.4969442740996,,250505_ARMC5mAC_PhosphoPolII,25.720626373851417,1.3202028288648395,,,24.0,0.0
185,L08,,232.22458027881117,249.94958704277047,1651.9731750219878,HCT116 OsTIRF74G ARMC5mAC Clone 5A1,,Vehicle,24.0,pSer5 Pol II 3E8,Goat anti-rat Alexa647,2274,520.4732473263881,,250505_ARMC5mAC_PhosphoPolII,22.441593554355563,1.1518947814123057,,,24.0,0.0
186,L09,,214.85988877337257,242.26900755805434,1604.4291187739464,HCT116 OsTIRF74G ARMC5mAC Clone 5F9,,10 µM 5PhIAA,24.0,pSer5 Pol II 3E8,Goat anti-rat Alexa647,3393,689.1109146476755,,250505_ARMC5mAC_PhosphoPolII,5.076902048916963,0.26059009409132966,,,24.0,24.0
187,L10,,214.32465554206075,249.09201157612398,1688.5116117850953,HCT116 OsTIRF74G ARMC5mAC Clone 5A1,,10 µM 5PhIAA,24.0,pSer5 Pol II 3E8,Goat anti-rat Alexa647,2885,796.8703449433978,,250505_ARMC5mAC_PhosphoPolII,4.541668817605142,0.2331173406750789,,,24.0,24.0
188,L11,,231.38383249549727,243.07004123398193,1571.3691368304192,HCT116 OsTIRF74G ARMC5mAC Clone 5F9,,Vehicle,24.0,pSer5 Pol II 3E8,Goat anti-rat Alexa647,3603,479.7564544736833,,250505_ARMC5mAC_PhosphoPolII,21.600845771041662,1.108740404619162,,,24.0,0.0
189,L12,,230.66478518780266,248.01231020455927,1624.436415161176,HCT116 OsTIRF74G ARMC5mAC Clone 5A1,,Vehicle,24.0,pSer5 Pol II 3E8,Goat anti-rat Alexa647,2823,503.9316171009422,,250505_ARMC5mAC_PhosphoPolII,20.881798463347053,1.0718327385340485,,,24.0,0.0
190,L13,,213.32538800770934,235.21941675571844,1571.7408429503262,HCT116 OsTIRF74G ARMC5mAC Clone 5F9,,10 µM 5PhIAA,24.0,pSer2 Pol II 3E10,Goat anti-rat Alexa647,3986,232.00799754764915,,250505_ARMC5mAC_PhosphoPolII,3.5424012832537244,0.18182637262211107,,,24.0,24.0
191,L14,,212.5792083422783,243.65513032991308,1677.5348117586384,HCT116 OsTIRF74G ARMC5mAC Clone 5A1,,10 µM 5PhIAA,24.0,pSer2 Pol II 3E10,Goat anti-rat Alexa647,1939,253.98129272942884,,250505_ARMC5mAC_PhosphoPolII,2.796221617822681,0.1435260415638837,,,24.0,24.0
192,L15,,231.82188056803093,244.38387902174776,1568.9660219550444,HCT116 OsTIRF74G ARMC5mAC Clone 5F9,,Vehicle,24.0,pSer2 Pol II 3E10,Goat anti-rat Alexa647,3826,227.5628962279333,,250505_ARMC5mAC_PhosphoPolII,22.038893843575323,1.131224783348199,,,24.0,0.0
193,L16,,233.29772889504355,250.35123561149786,1706.6210329807093,HCT116 OsTIRF74G ARMC5mAC Clone 5A1,,Vehicle,24.0,pSer2 Pol II 3E10,Goat anti-rat Alexa647,1607,245.68088937214495,,250505_ARMC5mAC_PhosphoPolII,23.514742170587937,1.2069779593392134,,,24.0,0.0
194,L17,,211.19171062681522,241.8163871969782,1615.0202628696604,HCT116 OsTIRF74G ARMC5mAC Clone 5F9,,10 µM 5PhIAA,24.0,pSer2 Pol II 3E10,Goat anti-rat Alexa647,3652,236.5783373722983,,250505_ARMC5mAC_PhosphoPolII,1.4087239023596112,0.07230777563315569,,,24.0,24.0
195,L18,,212.82956825877466,252.16792990316657,1656.2092807424594,HCT116 OsTIRF74G ARMC5mAC Clone 5A1,,10 µM 5PhIAA,24.0,pSer2 Pol II 3E10,Goat anti-rat Alexa647,2155,250.75338448162506,,250505_ARMC5mAC_PhosphoPolII,3.0465815343190457,0.15637665667677578,,,24.0,24.0
196,L19,,233.57492479578755,249.1175520825978,1573.5069124423962,HCT116 OsTIRF74G ARMC5mAC Clone 5F9,,Vehicle,24.0,pSer2 Pol II 3E10,Goat anti-rat Alexa647,3689,229.36809188641067,,250505_ARMC5mAC_PhosphoPolII,23.79193807133194,1.2212060269994944,,,24.0,0.0
197,L20,,232.59095113505538,256.3114390356242,1636.6961358313818,HCT116 OsTIRF74G ARMC5mAC Clone 5A1,,Vehicle,24.0,pSer2 Pol II 3E10,Goat anti-rat Alexa647,1708,245.8951835897428,,250505_ARMC5mAC_PhosphoPolII,22.807964410599766,1.1707000715244844,,,24.0,0.0
198,L21,,212.97351000876188,244.37273810997476,1565.2431900229735,HCT116 OsTIRF74G ARMC5mAC Clone 5F9,,10 µM 5PhIAA,24.0,pSer2 Pol II 3E10,Goat anti-rat Alexa647,3047,242.202114408645,,250505_ARMC5mAC_PhosphoPolII,3.1905232843062663,0.16376498006994472,,,24.0,24.0
199,L22,,210.71273954915475,241.74108458856915,1673.3795712484236,HCT116 OsTIRF74G ARMC5mAC Clone 5A1,,10 µM 5PhIAA,24.0,pSer2 Pol II 3E10,Goat anti-rat Alexa647,2379,250.70075585355815,,250505_ARMC5mAC_PhosphoPolII,0.9297528246991362,0.04772287779743811,,,24.0,24.0
200,M03,,232.7318140562883,244.05991231418594,1580.494787489976,HCT116 OsTIRF74G ARMC5mAC Clone 5F9,,Vehicle,48.0,pSer5 Pol II 3E8,Goat anti-rat Alexa647,3741,486.5259984240531,,250505_ARMC5mAC_PhosphoPolII,22.94882733183269,1.1779303630574671,,,48.0,0.0
201,M04,,233.95523154243244,257.3008914785684,1655.3446497636442,HCT116 OsTIRF74G ARMC5mAC Clone 5A1,,Vehicle,48.0,pSer5 Pol II 3E8,Goat anti-rat Alexa647,2327,528.263964282208,,250505_ARMC5mAC_PhosphoPolII,24.172244817976832,1.2407266263604575,,,48.0,0.0
202,M05,,216.1135376519704,237.06655312258542,1582.8369883040937,HCT116 OsTIRF74G ARMC5mAC Clone 5F9,,10 µM 5PhIAA,48.0,pSer5 Pol II 3E8,Goat anti-rat Alexa647,2736,747.767650726548,,250505_ARMC5mAC_PhosphoPolII,6.330550927514793,0.3249380913706921,,,48.0,48.0
203,M06,,217.45044155900507,248.6498598691449,1758.805983282006,HCT116 OsTIRF74G ARMC5mAC Clone 5A1,,10 µM 5PhIAA,48.0,pSer5 Pol II 3E8,Goat anti-rat Alexa647,2273,846.1990619100902,,250505_ARMC5mAC_PhosphoPolII,7.66745483454946,0.3935594497440626,,,48.0,48.0
204,M07,,236.61263982978946,241.647341804098,1595.200946284442,HCT116 OsTIRF74G ARMC5mAC Clone 5F9,,Vehicle,48.0,pSer5 Pol II 3E8,Goat anti-rat Alexa647,3593,462.6066779927517,,250505_ARMC5mAC_PhosphoPolII,26.829653105333847,1.3771275789431787,,,48.0,0.0
205,M08,,233.70253885663084,248.1445574086373,1785.3739837398373,HCT116 OsTIRF74G ARMC5mAC Clone 5A1,,Vehicle,48.0,pSer5 Pol II 3E8,Goat anti-rat Alexa647,2214,507.20836729304943,,250505_ARMC5mAC_PhosphoPolII,23.919552132175227,1.2277562735479035,,,48.0,0.0
206,M09,,217.43358074965747,240.7912269676957,1618.0280343007917,HCT116 OsTIRF74G ARMC5mAC Clone 5F9,,10 µM 5PhIAA,48.0,pSer5 Pol II 3E8,Goat anti-rat Alexa647,3032,738.3061574009182,,250505_ARMC5mAC_PhosphoPolII,7.650594025201855,0.39269400860456183,,,48.0,48.0
207,M10,,215.14422151270193,244.0777984290347,1781.3111690569317,HCT116 OsTIRF74G ARMC5mAC Clone 5A1,,10 µM 5PhIAA,48.0,pSer5 Pol II 3E8,Goat anti-rat Alexa647,2301,837.4911963652091,,250505_ARMC5mAC_PhosphoPolII,5.361234788246321,0.2751844854310028,,,48.0,48.0
208,M11,,232.08085188016477,240.3104697420629,1591.367437970449,HCT116 OsTIRF74G ARMC5mAC Clone 5F9,,Vehicle,48.0,pSer5 Pol II 3E8,Goat anti-rat Alexa647,3587,475.28912550477236,,250505_ARMC5mAC_PhosphoPolII,22.29786515570916,1.1445174090371875,,,48.0,0.0
209,M12,,229.4522131337982,249.06303836165415,1620.6564195298372,HCT116 OsTIRF74G ARMC5mAC Clone 5A1,,Vehicle,48.0,pSer5 Pol II 3E8,Goat anti-rat Alexa647,2212,520.8940374103786,,250505_ARMC5mAC_PhosphoPolII,19.6692264093426,1.009593155693772,,,48.0,0.0
210,M13,,214.14999832898053,243.7214501298188,1589.0157553290082,HCT116 OsTIRF74G ARMC5mAC Clone 5F9,,10 µM 5PhIAA,48.0,pSer2 Pol II 3E10,Goat anti-rat Alexa647,3237,243.3535878412672,,250505_ARMC5mAC_PhosphoPolII,4.367011604524919,0.22415243665452286,,,48.0,48.0
211,M14,,214.55742988738828,248.09805356998555,1666.2380743982494,HCT116 OsTIRF74G ARMC5mAC Clone 5A1,,10 µM 5PhIAA,48.0,pSer2 Pol II 3E10,Goat anti-rat Alexa647,2285,255.89146792037724,,250505_ARMC5mAC_PhosphoPolII,4.77444316293267,0.24506531366460862,,,48.0,48.0
212,M15,,232.41342805643282,248.91351452760026,1556.2906091370558,HCT116 OsTIRF74G ARMC5mAC Clone 5F9,,Vehicle,48.0,pSer2 Pol II 3E10,Goat anti-rat Alexa647,3152,230.76481796465623,,250505_ARMC5mAC_PhosphoPolII,22.63044133197721,1.1615880667396958,,,48.0,0.0
213,M16,,230.7585305685884,249.16187594158527,1668.926291793313,HCT116 OsTIRF74G ARMC5mAC Clone 5A1,,Vehicle,48.0,pSer2 Pol II 3E10,Goat anti-rat Alexa647,2632,236.79093425727118,,250505_ARMC5mAC_PhosphoPolII,20.9755438441328,1.0766445543548397,,,48.0,0.0
214,M17,,212.37060207698187,242.10099525421802,1590.6859205776173,HCT116 OsTIRF74G ARMC5mAC Clone 5F9,,10 µM 5PhIAA,48.0,pSer2 Pol II 3E10,Goat anti-rat Alexa647,3324,242.350888804945,,250505_ARMC5mAC_PhosphoPolII,2.5876153525262566,0.1328185814281829,,,48.0,48.0
215,M18,,214.45854601618876,247.14631234382955,1729.760939167556,HCT116 OsTIRF74G ARMC5mAC Clone 5A1,,10 µM 5PhIAA,48.0,pSer2 Pol II 3E10,Goat anti-rat Alexa647,1874,256.43443855557604,,250505_ARMC5mAC_PhosphoPolII,4.675559291733151,0.2399897465073706,,,48.0,48.0
216,M19,,233.1585220260911,243.57495303743593,1594.799539170507,HCT116 OsTIRF74G ARMC5mAC Clone 5F9,,Vehicle,48.0,pSer2 Pol II 3E10,Goat anti-rat Alexa647,3038,232.0578060452945,,250505_ARMC5mAC_PhosphoPolII,23.375535301635495,1.1998326705924638,,,48.0,0.0
217,M20,,235.06926686579675,254.87148800064816,1667.1620491374804,HCT116 OsTIRF74G ARMC5mAC Clone 5A1,,Vehicle,48.0,pSer2 Pol II 3E10,Goat anti-rat Alexa647,1913,246.28217768703485,,250505_ARMC5mAC_PhosphoPolII,25.286280141341138,1.2979084602700754,,,48.0,0.0
218,M21,,214.4756723605548,238.7763859907997,1612.958359621451,HCT116 OsTIRF74G ARMC5mAC Clone 5F9,,10 µM 5PhIAA,48.0,pSer2 Pol II 3E10,Goat anti-rat Alexa647,3170,234.7398052164,,250505_ARMC5mAC_PhosphoPolII,4.692685636099185,0.240868817178182,,,48.0,48.0
219,M22,,213.4268771393294,244.44737859826824,1708.826127819549,HCT116 OsTIRF74G ARMC5mAC Clone 5A1,,10 µM 5PhIAA,48.0,pSer2 Pol II 3E10,Goat anti-rat Alexa647,2128,258.43540541485635,,250505_ARMC5mAC_PhosphoPolII,3.6438904148737947,0.1870356640567889,,,48.0,48.0
220,N03,,211.69040531552574,227.7828670386226,1729.902962206333,HCT116 OsTIRF74G,,Vehicle,48.0,pSer5 Pol II 3E8,Goat anti-rat Alexa647,3916,457.51203373590727,,250505_ARMC5mAC_PhosphoPolII,1.907418591070126,0.09790505811010286,,,48.0,0.0
221,N04,,212.32162986491892,232.44419339346763,1622.2829422382672,HCT116 OsTIRF74G,,Vehicle,48.0,No primary,Goat anti-rat Alexa647,4432,114.53217759940357,,250505_ARMC5mAC_PhosphoPolII,2.538643140463307,0.13030490808440293,,,48.0,0.0
222,N05,,213.55947221795802,232.18150960153793,1638.5126382306478,HCT116 OsTIRF74G,,Vehicle,48.0,pSer5 Pol II 3E8,Goat anti-rat Alexa647,3798,448.1073316166605,,250505_ARMC5mAC_PhosphoPolII,3.776485493502406,0.19384157909768437,,,48.0,0.0
223,N06,,214.21161022395196,227.80368423180943,1648.0886045388702,HCT116 OsTIRF74G,,Vehicle,48.0,No primary,Goat anti-rat Alexa647,4142,114.57061005871878,,250505_ARMC5mAC_PhosphoPolII,4.428623499496354,0.2273148867772658,,,48.0,0.0
224,N07,,215.5537141248295,222.5781775604579,1751.5164524421593,HCT116 OsTIRF74G,,Vehicle,48.0,pSer5 Pol II 3E8,Goat anti-rat Alexa647,3890,427.47074007118476,,250505_ARMC5mAC_PhosphoPolII,5.770727400373886,0.29620315336980824,,,48.0,0.0
225,N08,,212.50940465036464,226.1752325582471,1714.0456462416273,HCT116 OsTIRF74G,,Vehicle,48.0,No primary,Goat anti-rat Alexa647,4031,114.62700176085329,,250505_ARMC5mAC_PhosphoPolII,2.7264179259090326,0.1399431182637227,,,48.0,0.0
226,N09,,215.19867275638921,233.41693996716674,1690.6716279069767,HCT116 OsTIRF74G,,Vehicle,48.0,pSer5 Pol II 3E8,Goat anti-rat Alexa647,4300,455.3133754454125,,250505_ARMC5mAC_PhosphoPolII,5.415686031933603,0.27797938960270846,,,48.0,0.0
227,N10,,211.52220134033465,218.3095010385796,1641.4060293318848,HCT116 OsTIRF74G,,Vehicle,48.0,No primary,Goat anti-rat Alexa647,3682,114.687866373166,,250505_ARMC5mAC_PhosphoPolII,1.7392146158790354,0.08927138952653572,,,48.0,0.0
228,N11,,210.70942596658028,222.528087173587,1668.9370739381227,HCT116 OsTIRF74G,,Vehicle,48.0,pSer5 Pol II 3E8,Goat anti-rat Alexa647,3814,436.0807286740529,,250505_ARMC5mAC_PhosphoPolII,0.9264392421246725,0.047552796360660524,,,48.0,0.0
229,N12,,210.17292564332845,222.71829656515865,1754.2104806022003,HCT116 OsTIRF74G,,Vehicle,48.0,No primary,Goat anti-rat Alexa647,3454,114.70809144746815,,250505_ARMC5mAC_PhosphoPolII,0.3899389188728435,0.020015004934086256,,,48.0,0.0
230,N13,,211.3028192674209,227.44689016973786,1684.0983175604626,HCT116 OsTIRF74G,,Vehicle,48.0,pSer2 Pol II 3E10,Goat anti-rat Alexa647,3804,221.28353413133098,,250505_ARMC5mAC_PhosphoPolII,1.5198325429652755,0.07801082265490517,,,48.0,0.0
231,N14,,210.5120848514584,219.04876497727625,1777.6155681479272,HCT116 OsTIRF74G,,Vehicle,48.0,No primary,Goat anti-rat Alexa647,3353,114.7969873299982,,250505_ARMC5mAC_PhosphoPolII,0.7290981270027999,0.037423560211882145,,,48.0,0.0
232,N15,,211.11111444268047,232.39221767282973,1654.2232406859846,HCT116 OsTIRF74G,,Vehicle,48.0,pSer2 Pol II 3E10,Goat anti-rat Alexa647,3382,227.24345115156376,,250505_ARMC5mAC_PhosphoPolII,1.328127718224863,0.06817088920030505,,,48.0,0.0
233,N16,,209.65517404740996,224.82910323689816,1676.4914301017675,HCT116 OsTIRF74G,,Vehicle,48.0,No primary,Goat anti-rat Alexa647,3734,114.86654534426972,,250505_ARMC5mAC_PhosphoPolII,-0.1278126770456538,-0.006560441232955607,,,48.0,0.0
234,N17,,209.95547811390205,226.38054000069036,1694.3947075208914,HCT116 OsTIRF74G,,Vehicle,48.0,pSer2 Pol II 3E10,Goat anti-rat Alexa647,3590,222.28862120283506,,250505_ARMC5mAC_PhosphoPolII,0.17249138944643505,0.00885373540255314,,,48.0,0.0
235,N18,,210.0301679116616,224.59837105316973,1731.4570200573066,HCT116 OsTIRF74G,,Vehicle,48.0,No primary,Goat anti-rat Alexa647,3490,114.90101130321453,,250505_ARMC5mAC_PhosphoPolII,0.2471811872059959,0.012687455501600236,,,48.0,0.0
236,N19,,210.60399986398264,226.82958065703815,1689.2020446596719,HCT116 OsTIRF74G,,Vehicle,48.0,pSer2 Pol II 3E10,Goat anti-rat Alexa647,3717,220.1378251926127,,250505_ARMC5mAC_PhosphoPolII,0.8210131395270253,0.042141425857370275,,,48.0,0.0
237,N20,,210.76838707787,226.86544265877285,1705.1503599040257,HCT116 OsTIRF74G,,Vehicle,48.0,No primary,Goat anti-rat Alexa647,3751,114.84936591843308,,250505_ARMC5mAC_PhosphoPolII,0.9854003534143772,0.0505791855623177,,,48.0,0.0
238,N21,,210.02995370899026,234.2450429974605,1693.7591992934942,HCT116 OsTIRF74G,,Vehicle,48.0,pSer2 Pol II 3E10,Goat anti-rat Alexa647,3397,222.8724590815324,,250505_ARMC5mAC_PhosphoPolII,0.2469669845346516,0.012676460785975945,,,48.0,0.0
239,N22,,209.72556596597767,225.43077248723088,1704.1923853475628,HCT116 OsTIRF74G,,Vehicle,48.0,No primary,Goat anti-rat Alexa647,3467,114.88648131384116,,250505_ARMC5mAC_PhosphoPolII,-0.05742075847794581,-0.0029473251030626983,,,48.0,0.0
0,C03,,703.6108172824753,918.5270502770237,1596.4742447294066,HCT116 OsTIRF74G,,Vehicle,24.0,Total Pol II F12,Goat anti-mouse Alexa647,4601,820.93660176481,,260119_ARMC5mAC_TotalPhospho,12.336072259781645,0.1661787377344936,,,24.0,0.0
1,C04,,706.3306426322439,911.3858870373527,1610.6591654946085,HCT116 OsTIRF74G,,Vehicle,24.0,Total Pol II F12,Goat anti-mouse Alexa647,4266,805.3155027540496,,260119_ARMC5mAC_TotalPhospho,15.055897609550243,0.20281739661754586,,,24.0,0.0
2,C05,,702.0759109155026,921.2572926116428,1573.3374587458745,HCT116 OsTIRF74G,,Vehicle,24.0,Total Pol II F12,Goat anti-mouse Alexa647,3636,843.1585282196116,,260119_ARMC5mAC_TotalPhospho,10.801165892808967,0.14550207524154288,,,24.0,0.0
3,C06,,702.409362224782,949.7521524223039,1569.9658224735676,HCT116 OsTIRF74G,,Vehicle,24.0,Total Pol II F12,Goat anti-mouse Alexa647,4067,853.259324780055,,260119_ARMC5mAC_TotalPhospho,11.134617202088293,0.1499939845385247,,,24.0,0.0
4,C07,,700.056024700693,946.6689731895503,1566.6122228231477,HCT116 OsTIRF74G,,Vehicle,24.0,Total Pol II F12,Goat anti-mouse Alexa647,3698,861.864417672009,,260119_ARMC5mAC_TotalPhospho,8.78127967799935,0.1182922685481515,,,24.0,0.0
5,C08,,691.8313607743131,929.2220444214215,1580.6096544964469,HCT116 OsTIRF74G,,Vehicle,24.0,Total Pol II F12,Goat anti-mouse Alexa647,4081,840.7162488046322,,260119_ARMC5mAC_TotalPhospho,0.5566157516194608,0.007498148605113282,,,24.0,0.0
6,C09,,693.0214908698292,936.5570592610455,1547.074529288703,HCT116 OsTIRF74G,,Vehicle,24.0,Total Pol II F12,Goat anti-mouse Alexa647,3824,842.5850412987617,,260119_ARMC5mAC_TotalPhospho,1.7467458471355712,0.02353034368696993,,,24.0,0.0
7,C10,,694.8749643030382,915.4597293992941,1541.4407957057151,HCT116 OsTIRF74G,,Vehicle,24.0,Total Pol II F12,Goat anti-mouse Alexa647,3167,859.9791903148351,,260119_ARMC5mAC_TotalPhospho,3.600219280344504,0.048498410432108355,,,24.0,0.0
8,C11,,697.7202847513965,999.3704064056868,1574.6606271777002,HCT116 OsTIRF74G,,Vehicle,24.0,Total Pol II F12,Goat anti-mouse Alexa647,2870,870.6144595275033,,260119_ARMC5mAC_TotalPhospho,6.445539728702897,0.08682760878642397,,,24.0,0.0
9,C12,,699.7554670455448,977.10475967721,1574.8093513335527,HCT116 OsTIRF74G,,Vehicle,24.0,Total Pol II F12,Goat anti-mouse Alexa647,3037,885.3304429223269,,260119_ARMC5mAC_TotalPhospho,8.480722022851182,0.11424346835493296,,,24.0,0.0
10,C13,,701.1267006816234,976.2803756313097,1596.7867623084446,HCT116 OsTIRF74G,,Vehicle,24.0,pSer2 Pol II 3E10,Goat anti-rat Alexa647,3067,1229.3191605502604,,260119_ARMC5mAC_TotalPhospho,9.851955658929796,0.1327153020134898,,,24.0,0.0
11,C14,,698.7199811833757,945.1376466814237,1602.2215635420525,HCT116 OsTIRF74G,,Vehicle,24.0,pSer2 Pol II 3E10,Goat anti-rat Alexa647,2699,1214.2126867572736,,260119_ARMC5mAC_TotalPhospho,7.445236160682043,0.1002944795768608,,,24.0,0.0
12,C15,,691.4161807369866,958.5264478066848,1570.5820288040075,HCT116 OsTIRF74G,,Vehicle,24.0,pSer2 Pol II 3E10,Goat anti-rat Alexa647,3194,1202.3560966920707,,260119_ARMC5mAC_TotalPhospho,0.14143571429292479,0.0019052748700574443,,,24.0,0.0
13,C16,,687.4813462179975,960.2859562396096,1566.0024968789014,HCT116 OsTIRF74G,,Vehicle,24.0,pSer2 Pol II 3E10,Goat anti-rat Alexa647,3204,1220.1454739592134,,260119_ARMC5mAC_TotalPhospho,-3.793398804696153,-0.05110072410512142,,,24.0,0.0
14,C17,,685.1473817390992,943.0605336502363,1595.9159364731654,HCT116 OsTIRF74G,,Vehicle,24.0,pSer2 Pol II 3E10,Goat anti-rat Alexa647,3652,1180.5974687825453,,260119_ARMC5mAC_TotalPhospho,-6.127363283594491,-0.08254146657588059,,,24.0,0.0
15,C18,,683.648454813118,882.7197854212474,1592.0925162050678,HCT116 OsTIRF74G,,Vehicle,24.0,pSer2 Pol II 3E10,Goat anti-rat Alexa647,3394,1155.0861601280826,,260119_ARMC5mAC_TotalPhospho,-7.6262902095757,-0.10273345145326256,,,24.0,0.0
16,C19,,685.179482925219,910.8903498406801,1603.9208170759698,HCT116 OsTIRF74G,,Vehicle,24.0,pSer2 Pol II 3E10,Goat anti-rat Alexa647,4357,1168.2111823789553,,260119_ARMC5mAC_TotalPhospho,-6.095262097474688,-0.082109032777113,,,24.0,0.0
17,C20,,683.6787987587429,884.1173947088153,1602.356705882353,HCT116 OsTIRF74G,,Vehicle,24.0,pSer2 Pol II 3E10,Goat anti-rat Alexa647,4250,1152.9443838168206,,260119_ARMC5mAC_TotalPhospho,-7.5959462639507365,-0.10232468937116286,,,24.0,0.0
18,C21,,681.831255396189,911.5733925056018,1563.020538869258,HCT116 OsTIRF74G,,Vehicle,24.0,pSer2 Pol II 3E10,Goat anti-rat Alexa647,4528,1170.1294682559783,,260119_ARMC5mAC_TotalPhospho,-9.443489626504629,-0.1272128723708612,,,24.0,0.0
19,C22,,679.003118880362,877.7160183999395,1560.7531659631193,HCT116 OsTIRF74G,,Vehicle,24.0,pSer2 Pol II 3E10,Goat anti-rat Alexa647,4501,1193.3357693775315,,260119_ARMC5mAC_TotalPhospho,-12.271626142331684,-0.16531058665494464,,,24.0,0.0
20,D03,,796.0516686067735,1000.4325407107824,1536.655172413793,HCT116 OsTIRF74G ARMC5mAC Clone 5A1,,Vehicle,48.0,Total Pol II F12,Goat anti-mouse Alexa647,3306,867.7661173504296,,260119_ARMC5mAC_TotalPhospho,104.7769235840799,1.411445761522646,,,48.0,0.0
21,D04,,745.1712560466949,1242.229685192545,1354.172064777328,HCT116 OsTIRF74G ARMC5mAC Clone 5F9,,Vehicle,48.0,Total Pol II F12,Goat anti-mouse Alexa647,1482,1040.361679517432,,260119_ARMC5mAC_TotalPhospho,53.896511024001256,0.7260377518589763,,,48.0,0.0
22,D05,,703.2211533260004,1065.3155723013863,1584.1985458612976,HCT116 OsTIRF74G ARMC5mAC Clone 5A1,,10 µM 5PhIAA,48.0,Total Pol II F12,Goat anti-mouse Alexa647,1788,1616.1298638036856,,260119_ARMC5mAC_TotalPhospho,11.946408303306725,0.1609295901075992,,,48.0,48.0
23,D06,,706.5844985538342,1085.365326275346,1491.1042561499414,HCT116 OsTIRF74G ARMC5mAC Clone 5F9,,10 µM 5PhIAA,48.0,Total Pol II F12,Goat anti-mouse Alexa647,2561,1423.6657758680844,,260119_ARMC5mAC_TotalPhospho,15.309753531140586,0.20623707961939108,,,48.0,48.0
24,D07,,720.9874689158808,1061.3273093651947,1509.9709976798144,HCT116 OsTIRF74G ARMC5mAC Clone 5A1,,Vehicle,48.0,Total Pol II F12,Goat anti-mouse Alexa647,1724,1021.6529017702868,,260119_ARMC5mAC_TotalPhospho,29.712723893187103,0.4002589193094399,,,48.0,0.0
25,D08,,726.069503424264,1209.6511043515043,1403.905077262693,HCT116 OsTIRF74G ARMC5mAC Clone 5F9,,Vehicle,48.0,Total Pol II F12,Goat anti-mouse Alexa647,2265,1022.0415110694499,,260119_ARMC5mAC_TotalPhospho,34.794758401570334,0.4687188036179655,,,48.0,0.0
26,D09,,696.2681323209317,1089.3868020002533,1525.567830313743,HCT116 OsTIRF74G ARMC5mAC Clone 5A1,,10 µM 5PhIAA,48.0,Total Pol II F12,Goat anti-mouse Alexa647,2263,1558.2996816457153,,260119_ARMC5mAC_TotalPhospho,4.993387298238076,0.06726572127385906,,,48.0,48.0
27,D10,,704.2393210813461,1181.5516119909682,1422.6213692946058,HCT116 OsTIRF74G ARMC5mAC Clone 5F9,,10 µM 5PhIAA,48.0,Total Pol II F12,Goat anti-mouse Alexa647,1928,1604.445476011552,,260119_ARMC5mAC_TotalPhospho,12.964576058652483,0.1746452873588988,,,48.0,48.0
28,D11,,765.8262979310018,1066.3535993931323,1552.004068716094,HCT116 OsTIRF74G ARMC5mAC Clone 5A1,,Vehicle,48.0,Total Pol II F12,Goat anti-mouse Alexa647,2212,914.0957586214557,,260119_ARMC5mAC_TotalPhospho,74.55155290830817,1.0042809978374962,,,48.0,0.0
29,D12,,752.2672129158557,1184.9807833566456,1402.951733216323,HCT116 OsTIRF74G ARMC5mAC Clone 5F9,,Vehicle,48.0,Total Pol II F12,Goat anti-mouse Alexa647,2279,981.9104633114263,,260119_ARMC5mAC_TotalPhospho,60.99246789316203,0.8216271040209276,,,48.0,0.0
30,D13,,695.2476520253381,1098.1056578869216,1496.2509673852958,HCT116 OsTIRF74G ARMC5mAC Clone 5A1,,10 µM 5PhIAA,48.0,pSer2 Pol II 3E10,Goat anti-rat Alexa647,1809,1578.318137496965,,260119_ARMC5mAC_TotalPhospho,3.9729070026444333,0.05351887188505075,,,48.0,48.0
31,D14,,700.0318827660636,1168.474267679609,1446.9307595467897,HCT116 OsTIRF74G ARMC5mAC Clone 5F9,,10 µM 5PhIAA,48.0,pSer2 Pol II 3E10,Goat anti-rat Alexa647,2383,1518.0702339235932,,260119_ARMC5mAC_TotalPhospho,8.75713774336998,0.11796705350898082,,,48.0,48.0
32,D15,,713.8395937119001,1151.4134721421303,1472.8722627737227,HCT116 OsTIRF74G ARMC5mAC Clone 5A1,,Vehicle,48.0,pSer2 Pol II 3E10,Goat anti-rat Alexa647,1644,1477.6439880598662,,260119_ARMC5mAC_TotalPhospho,22.56484868920643,0.3039701773284311,,,48.0,0.0
33,D16,,781.1113488983453,1200.5969355809839,1419.9484484484485,HCT116 OsTIRF74G ARMC5mAC Clone 5F9,,Vehicle,48.0,pSer2 Pol II 3E10,Goat anti-rat Alexa647,1998,1378.3266377240461,,260119_ARMC5mAC_TotalPhospho,89.83660387565169,1.2101853102045435,,,48.0,0.0
34,D17,,688.6187720898586,1052.6611871986772,1497.3783154955793,HCT116 OsTIRF74G ARMC5mAC Clone 5A1,,10 µM 5PhIAA,48.0,pSer2 Pol II 3E10,Goat anti-rat Alexa647,2149,1458.1033703432815,,260119_ARMC5mAC_TotalPhospho,-2.655972932835084,-0.03577850551949731,,,48.0,48.0
35,D18,,695.0947770922003,1160.299979529514,1464.9394201644309,HCT116 OsTIRF74G ARMC5mAC Clone 5F9,,10 µM 5PhIAA,48.0,pSer2 Pol II 3E10,Goat anti-rat Alexa647,2311,1434.4629443898853,,260119_ARMC5mAC_TotalPhospho,3.820032069506624,0.051459499753865136,,,48.0,48.0
36,D19,,745.2641419027018,1071.103904950808,1540.776754385965,HCT116 OsTIRF74G ARMC5mAC Clone 5A1,,Vehicle,48.0,pSer2 Pol II 3E10,Goat anti-rat Alexa647,2280,1335.1673980906644,,260119_ARMC5mAC_TotalPhospho,53.989396880008144,0.7272890135231072,,,48.0,0.0
37,D20,,774.4757192176879,1140.2578609323778,1409.2788250767208,HCT116 OsTIRF74G ARMC5mAC Clone 5F9,,Vehicle,48.0,pSer2 Pol II 3E10,Goat anti-rat Alexa647,2281,1348.3883316952163,,260119_ARMC5mAC_TotalPhospho,83.20097419499427,1.1207970072517275,,,48.0,0.0
38,D21,,683.8239691431997,983.4021248543864,1535.338543992854,HCT116 OsTIRF74G ARMC5mAC Clone 5A1,,10 µM 5PhIAA,48.0,pSer2 Pol II 3E10,Goat anti-rat Alexa647,2239,1372.9767313729199,,260119_ARMC5mAC_TotalPhospho,-7.450775879493904,-0.10036910490817962,,,48.0,48.0
39,D22,,683.5455512449496,962.7549767730635,1489.8116603976357,HCT116 OsTIRF74G ARMC5mAC Clone 5F9,,10 µM 5PhIAA,48.0,pSer2 Pol II 3E10,Goat anti-rat Alexa647,3722,1325.2711887134403,,260119_ARMC5mAC_TotalPhospho,-7.729193777744058,-0.10411966131864606,,,48.0,48.0
40,E03,,786.8336221039925,981.9271183561247,1536.9086882453153,HCT116 OsTIRF74G ARMC5mAC Clone 5A1,,Vehicle,24.0,Total Pol II F12,Goat anti-mouse Alexa647,2935,819.0511132845974,,260119_ARMC5mAC_TotalPhospho,95.55887708129887,1.2872698244860117,,,24.0,0.0
41,E04,,763.8951859075923,1228.956212497101,1324.173570019724,HCT116 OsTIRF74G ARMC5mAC Clone 5F9,,Vehicle,24.0,Total Pol II F12,Goat anti-mouse Alexa647,1521,987.6958025940893,,260119_ARMC5mAC_TotalPhospho,72.6204408848987,0.9782670647381962,,,24.0,0.0
42,E05,,702.0880618531586,1077.438789186365,1506.8670212765958,HCT116 OsTIRF74G ARMC5mAC Clone 5A1,,10 µM 5PhIAA,24.0,Total Pol II F12,Goat anti-mouse Alexa647,2444,1342.3627035564248,,260119_ARMC5mAC_TotalPhospho,10.813316830464942,0.14566576003840837,,,24.0,24.0
43,E06,,708.516804475498,1142.3499577417588,1435.7594594594595,HCT116 OsTIRF74G ARMC5mAC Clone 5F9,,10 µM 5PhIAA,24.0,Total Pol II F12,Goat anti-mouse Alexa647,2220,1391.526503838199,,260119_ARMC5mAC_TotalPhospho,17.24205945280437,0.23226709567448986,,,24.0,24.0
44,E07,,758.9785051692614,1128.7363825686934,1504.3531062124248,HCT116 OsTIRF74G ARMC5mAC Clone 5A1,,Vehicle,24.0,Total Pol II F12,Goat anti-mouse Alexa647,2495,871.8862376261138,,260119_ARMC5mAC_TotalPhospho,67.70376014656779,0.9120346544755644,,,24.0,0.0
45,E08,,793.4723208298482,1174.8743514460482,1425.1083133493205,HCT116 OsTIRF74G ARMC5mAC Clone 5F9,,Vehicle,24.0,Total Pol II F12,Goat anti-mouse Alexa647,2502,877.4061373666187,,260119_ARMC5mAC_TotalPhospho,102.19757580715452,1.3766994704243707,,,24.0,0.0
46,E09,,702.5466853335139,1102.3961625707643,1568.182570977918,HCT116 OsTIRF74G ARMC5mAC Clone 5A1,,10 µM 5PhIAA,24.0,Total Pol II F12,Goat anti-mouse Alexa647,2536,1347.351535156687,,260119_ARMC5mAC_TotalPhospho,11.271940310820241,0.15184385866298575,,,24.0,24.0
47,E10,,699.4482341996082,1157.1736195199524,1444.7998270644184,HCT116 OsTIRF74G ARMC5mAC Clone 5F9,,10 µM 5PhIAA,24.0,Total Pol II F12,Goat anti-mouse Alexa647,2313,1274.0537046791273,,260119_ARMC5mAC_TotalPhospho,8.173489176914586,0.11010474693265561,,,24.0,24.0
48,E11,,740.8493655716661,1095.2214540745408,1536.5572876071708,HCT116 OsTIRF74G ARMC5mAC Clone 5A1,,Vehicle,24.0,Total Pol II F12,Goat anti-mouse Alexa647,2566,855.2255616958469,,260119_ARMC5mAC_TotalPhospho,49.57462054897246,0.667817737526819,,,24.0,0.0
49,E12,,768.87860104419,1168.1777674024117,1457.8076751450246,HCT116 OsTIRF74G ARMC5mAC Clone 5F9,,Vehicle,24.0,Total Pol II F12,Goat anti-mouse Alexa647,2241,867.2499672022207,,260119_ARMC5mAC_TotalPhospho,77.60385602149631,1.0453984514200556,,,24.0,0.0
50,E13,,699.5080408282081,1078.3744211393025,1552.3298192771085,HCT116 OsTIRF74G ARMC5mAC Clone 5A1,,10 µM 5PhIAA,24.0,pSer2 Pol II 3E10,Goat anti-rat Alexa647,1992,1501.0799655027101,,260119_ARMC5mAC_TotalPhospho,8.233295805514445,0.11091039964282026,,,24.0,24.0
51,E14,,699.3256910815459,1098.6072799789258,1470.052338894341,HCT116 OsTIRF74G ARMC5mAC Clone 5F9,,10 µM 5PhIAA,24.0,pSer2 Pol II 3E10,Goat anti-rat Alexa647,3057,1316.2669263487248,,260119_ARMC5mAC_TotalPhospho,8.050946058852219,0.10845397347342056,,,24.0,24.0
52,E15,,774.0241318396426,1073.2549770097232,1538.7744935237463,HCT116 OsTIRF74G ARMC5mAC Clone 5A1,,Vehicle,24.0,pSer2 Pol II 3E10,Goat anti-rat Alexa647,3011,1221.2347946336918,,260119_ARMC5mAC_TotalPhospho,82.74938681694891,1.1147136916809304,,,24.0,0.0
53,E16,,757.7397421365079,1097.5854619045363,1461.7567102546457,HCT116 OsTIRF74G ARMC5mAC Clone 5F9,,Vehicle,24.0,pSer2 Pol II 3E10,Goat anti-rat Alexa647,2906,1222.306145256381,,260119_ARMC5mAC_TotalPhospho,66.4649971138142,0.8953473270345377,,,24.0,0.0
54,E17,,687.488502346012,1040.662745260252,1547.2016840417,HCT116 OsTIRF74G ARMC5mAC Clone 5A1,,10 µM 5PhIAA,24.0,pSer2 Pol II 3E10,Goat anti-rat Alexa647,2494,1340.9710160469601,,260119_ARMC5mAC_TotalPhospho,-3.7862426766816952,-0.0510043241898594,,,24.0,24.0
55,E18,,692.075832610301,1171.3398916512456,1426.3438552188552,HCT116 OsTIRF74G ARMC5mAC Clone 5F9,,10 µM 5PhIAA,24.0,pSer2 Pol II 3E10,Goat anti-rat Alexa647,2376,1437.6822878243797,,260119_ARMC5mAC_TotalPhospho,0.8010875876072987,0.010791418963827293,,,24.0,24.0
56,E19,,741.1350585844057,1090.047693870987,1510.6352178610011,HCT116 OsTIRF74G ARMC5mAC Clone 5A1,,Vehicle,24.0,pSer2 Pol II 3E10,Goat anti-rat Alexa647,2777,1287.6083380526438,,260119_ARMC5mAC_TotalPhospho,49.86031356171202,0.6716662967146091,,,24.0,0.0
57,E20,,740.401794121719,1209.0361884465324,1391.0436081242533,HCT116 OsTIRF74G ARMC5mAC Clone 5F9,,Vehicle,24.0,pSer2 Pol II 3E10,Goat anti-rat Alexa647,1674,1397.0646419834634,,260119_ARMC5mAC_TotalPhospho,49.127049099025385,0.6617885203633717,,,24.0,0.0
58,E21,,683.3626351008214,1061.2925012607352,1508.3821382567626,HCT116 OsTIRF74G ARMC5mAC Clone 5A1,,10 µM 5PhIAA,24.0,pSer2 Pol II 3E10,Goat anti-rat Alexa647,2329,1462.4801406564995,,260119_ARMC5mAC_TotalPhospho,-7.912109921872229,-0.10658371740573469,,,24.0,24.0
59,E22,,682.9823746578354,1052.291209055958,1471.6484490398818,HCT116 OsTIRF74G ARMC5mAC Clone 5F9,,10 µM 5PhIAA,24.0,pSer2 Pol II 3E10,Goat anti-rat Alexa647,3385,1325.5200600120722,,260119_ARMC5mAC_TotalPhospho,-8.292370364858243,-0.11170619067721452,,,24.0,24.0
60,F03,,788.5601671622402,1059.357194191131,1503.3610096313516,HCT116 OsTIRF74G ARMC5mAC Clone 5A1,,Vehicle,8.0,Total Pol II F12,Goat anti-mouse Alexa647,3011,802.9914319939732,,260119_ARMC5mAC_TotalPhospho,97.28542213954654,1.3105280441510125,,,8.0,0.0
61,F04,,802.930326157131,1199.1993954635686,1383.7832681017612,HCT116 OsTIRF74G ARMC5mAC Clone 5F9,,Vehicle,8.0,Total Pol II F12,Goat anti-mouse Alexa647,2044,920.5627664272289,,260119_ARMC5mAC_TotalPhospho,111.6555811344374,1.5041078832218655,,,8.0,0.0
62,F05,,701.69840107271,1073.8870341991592,1474.1128712871287,HCT116 OsTIRF74G ARMC5mAC Clone 5A1,,10 µM 5PhIAA,8.0,Total Pol II F12,Goat anti-mouse Alexa647,2525,1227.0635267101525,,260119_ARMC5mAC_TotalPhospho,10.423656050016348,0.140416655195638,,,8.0,8.0
63,F06,,710.8565090486047,1162.3681738878956,1393.6786458333333,HCT116 OsTIRF74G ARMC5mAC Clone 5F9,,10 µM 5PhIAA,8.0,Total Pol II F12,Goat anti-mouse Alexa647,1920,1226.366495580304,,260119_ARMC5mAC_TotalPhospho,19.58176402591107,0.2637851627255478,,,8.0,8.0
64,F07,,798.8466280654818,1091.5596136058869,1477.1157645199526,HCT116 OsTIRF74G ARMC5mAC Clone 5A1,,Vehicle,8.0,Total Pol II F12,Goat anti-mouse Alexa647,2531,880.703651894432,,260119_ARMC5mAC_TotalPhospho,107.57188304278816,1.449096548992615,,,8.0,0.0
65,F08,,803.788475969297,1034.039796396687,1418.0852003786683,HCT116 OsTIRF74G ARMC5mAC Clone 5F9,,Vehicle,8.0,Total Pol II F12,Goat anti-mouse Alexa647,3169,792.060255940563,,260119_ARMC5mAC_TotalPhospho,112.51373094660335,1.5156679851384016,,,8.0,0.0
66,F09,,703.6872996576907,1055.6443510345277,1521.978125,HCT116 OsTIRF74G ARMC5mAC Clone 5A1,,10 µM 5PhIAA,8.0,Total Pol II F12,Goat anti-mouse Alexa647,2880,1127.5381125618715,,260119_ARMC5mAC_TotalPhospho,12.412554634997036,0.16720902876267332,,,8.0,8.0
67,F10,,701.7429955711227,1051.0773756821025,1425.8456889605156,HCT116 OsTIRF74G ARMC5mAC Clone 5F9,,10 µM 5PhIAA,8.0,Total Pol II F12,Goat anti-mouse Alexa647,2482,1093.3937568776348,,260119_ARMC5mAC_TotalPhospho,10.468250548429069,0.14101738590635937,,,8.0,8.0
68,F11,,748.2859255112846,1078.3198397325355,1505.811123986095,HCT116 OsTIRF74G ARMC5mAC Clone 5A1,,Vehicle,8.0,Total Pol II F12,Goat anti-mouse Alexa647,2589,872.107717635844,,260119_ARMC5mAC_TotalPhospho,57.01118048859098,0.7679953400755399,,,8.0,0.0
69,F12,,761.0159056416669,1079.1378548957982,1400.806301050175,HCT116 OsTIRF74G ARMC5mAC Clone 5F9,,Vehicle,8.0,Total Pol II F12,Goat anti-mouse Alexa647,2571,855.3700183760371,,260119_ARMC5mAC_TotalPhospho,69.74116061897325,0.9394803950349664,,,8.0,0.0
70,F13,,691.0551264128643,1082.4493592789254,1514.551435841512,HCT116 OsTIRF74G ARMC5mAC Clone 5A1,,10 µM 5PhIAA,8.0,pSer2 Pol II 3E10,Goat anti-rat Alexa647,2751,1298.4215360351188,,260119_ARMC5mAC_TotalPhospho,-0.21961860982935377,-0.002958473539704465,,,8.0,8.0
71,F14,,695.7734665690717,1078.5659187010865,1432.1939592430858,HCT116 OsTIRF74G ARMC5mAC Clone 5F9,,10 µM 5PhIAA,8.0,pSer2 Pol II 3E10,Goat anti-rat Alexa647,2748,1336.2454361804823,,260119_ARMC5mAC_TotalPhospho,4.4987215463780785,0.06060209864637344,,,8.0,8.0
72,F15,,784.2996104331473,1047.0409592378364,1475.434296977661,HCT116 OsTIRF74G ARMC5mAC Clone 5A1,,Vehicle,8.0,pSer2 Pol II 3E10,Goat anti-rat Alexa647,3044,1249.9139653611135,,260119_ARMC5mAC_TotalPhospho,93.02486541045369,1.2531342542657882,,,8.0,0.0
73,F16,,795.4905525932368,1083.5743713633037,1412.7618472683369,HCT116 OsTIRF74G ARMC5mAC Clone 5F9,,Vehicle,8.0,pSer2 Pol II 3E10,Goat anti-rat Alexa647,3313,1239.6086112017654,,260119_ARMC5mAC_TotalPhospho,104.21580757054312,1.4038869900686106,,,8.0,0.0
74,F17,,690.0181385050261,1069.559118204567,1496.1550836550837,HCT116 OsTIRF74G ARMC5mAC Clone 5A1,,10 µM 5PhIAA,8.0,pSer2 Pol II 3E10,Goat anti-rat Alexa647,3108,1295.1043330363145,,260119_ARMC5mAC_TotalPhospho,-1.256606517667592,-0.01692769631511824,,,8.0,8.0
75,F18,,690.4855048850317,1102.066920346191,1404.3709222714458,HCT116 OsTIRF74G ARMC5mAC Clone 5F9,,10 µM 5PhIAA,8.0,pSer2 Pol II 3E10,Goat anti-rat Alexa647,2483,1339.7615651121796,,260119_ARMC5mAC_TotalPhospho,-0.7892401376619773,-0.010631822437815946,,,8.0,8.0
76,F19,,777.7281971506093,1084.2153977092867,1508.2808544303798,HCT116 OsTIRF74G ARMC5mAC Clone 5A1,,Vehicle,8.0,pSer2 Pol II 3E10,Goat anti-rat Alexa647,2528,1300.7151644378869,,260119_ARMC5mAC_TotalPhospho,86.45345212791563,1.1646110078525744,,,8.0,0.0
77,F20,,726.6390714543135,1133.0357599834854,1411.858937544867,HCT116 OsTIRF74G ARMC5mAC Clone 5F9,,Vehicle,8.0,pSer2 Pol II 3E10,Goat anti-rat Alexa647,2786,1319.7812447385745,,260119_ARMC5mAC_TotalPhospho,35.364326431619816,0.4763914318495725,,,8.0,0.0
78,F21,,683.5015731542845,1009.987820077073,1507.578538102644,HCT116 OsTIRF74G ARMC5mAC Clone 5A1,,10 µM 5PhIAA,8.0,pSer2 Pol II 3E10,Goat anti-rat Alexa647,2572,1321.5700544439526,,260119_ARMC5mAC_TotalPhospho,-7.773171868409122,-0.10471208842516681,,,8.0,8.0
79,F22,,682.4983455038923,1106.0305934300738,1439.4154727793696,HCT116 OsTIRF74G ARMC5mAC Clone 5F9,,10 µM 5PhIAA,8.0,pSer2 Pol II 3E10,Goat anti-rat Alexa647,3141,1346.4089063112192,,260119_ARMC5mAC_TotalPhospho,-8.776399518801327,-0.11822652811810272,,,8.0,8.0
80,G03,,786.6122814028843,1011.3341610593651,1515.8649025069637,HCT116 OsTIRF74G ARMC5mAC Clone 5A1,,Vehicle,2.0,Total Pol II F12,Goat anti-mouse Alexa647,2872,816.0471599833984,,260119_ARMC5mAC_TotalPhospho,95.33753638019061,1.2842881527233263,,,2.0,0.0
81,G04,,727.4742683499477,1204.085930919269,1413.2349066959384,HCT116 OsTIRF74G ARMC5mAC Clone 5F9,,Vehicle,2.0,Total Pol II F12,Goat anti-mouse Alexa647,1822,930.4500824911702,,260119_ARMC5mAC_TotalPhospho,36.19952332725404,0.48764233594234085,,,2.0,0.0
82,G05,,708.2234551855895,1084.940106746226,1430.2218009478672,HCT116 OsTIRF74G ARMC5mAC Clone 5A1,,10 µM 5PhIAA,2.0,Total Pol II F12,Goat anti-mouse Alexa647,2110,982.060623258445,,260119_ARMC5mAC_TotalPhospho,16.94871016289585,0.22831539908211185,,,2.0,2.0
83,G06,,712.2416975389365,1151.2238947111518,1402.1045690061235,HCT116 OsTIRF74G ARMC5mAC Clone 5F9,,10 µM 5PhIAA,2.0,Total Pol II F12,Goat anti-mouse Alexa647,2123,1025.8577250605165,,260119_ARMC5mAC_TotalPhospho,20.966952516242827,0.2824449816695521,,,2.0,2.0
84,G07,,792.2343353639623,1077.6797743095171,1495.9574468085107,HCT116 OsTIRF74G ARMC5mAC Clone 5A1,,Vehicle,2.0,Total Pol II F12,Goat anti-mouse Alexa647,2538,818.4344618906537,,260119_ARMC5mAC_TotalPhospho,100.95959034126861,1.360022617555627,,,2.0,0.0
85,G08,,801.1921171478461,1080.9747134096406,1438.7181751287712,HCT116 OsTIRF74G ARMC5mAC Clone 5F9,,Vehicle,2.0,Total Pol II F12,Goat anti-mouse Alexa647,2718,854.99844659303,,260119_ARMC5mAC_TotalPhospho,109.9173721251525,1.4806925389373304,,,2.0,0.0
86,G09,,706.9023169050469,979.6707304917213,1522.801080394026,HCT116 OsTIRF74G ARMC5mAC Clone 5A1,,10 µM 5PhIAA,2.0,Total Pol II F12,Goat anti-mouse Alexa647,3147,860.5557969674848,,260119_ARMC5mAC_TotalPhospho,15.627571882353209,0.21051839796133684,,,2.0,2.0
87,G10,,710.7948257170041,1025.3405043802904,1446.264855687606,HCT116 OsTIRF74G ARMC5mAC Clone 5F9,,10 µM 5PhIAA,2.0,Total Pol II F12,Goat anti-mouse Alexa647,2945,909.2831123883356,,260119_ARMC5mAC_TotalPhospho,19.520080694310423,0.26295422902405896,,,2.0,2.0
88,G11,,784.9983139340526,999.116650524014,1525.1671888350897,HCT116 OsTIRF74G ARMC5mAC Clone 5A1,,Vehicle,2.0,Total Pol II F12,Goat anti-mouse Alexa647,3511,805.0213570236994,,260119_ARMC5mAC_TotalPhospho,93.72356891135894,1.2625464612783597,,,2.0,0.0
89,G12,,794.6486239192221,1036.4262224838126,1436.6906112161312,HCT116 OsTIRF74G ARMC5mAC Clone 5F9,,Vehicle,2.0,Total Pol II F12,Goat anti-mouse Alexa647,3174,796.3754428046003,,260119_ARMC5mAC_TotalPhospho,103.37387889652848,1.3925454024575872,,,2.0,0.0
90,G13,,693.461936712648,979.1558859103382,1591.4340727048675,HCT116 OsTIRF74G ARMC5mAC Clone 5A1,,10 µM 5PhIAA,2.0,pSer2 Pol II 3E10,Goat anti-rat Alexa647,3246,1242.2195036345202,,260119_ARMC5mAC_TotalPhospho,2.187191689954375,0.0294635720807966,,,2.0,2.0
91,G14,,697.762998169655,1031.2335602101266,1444.9585669781932,HCT116 OsTIRF74G ARMC5mAC Clone 5F9,,10 µM 5PhIAA,2.0,pSer2 Pol II 3E10,Goat anti-rat Alexa647,3210,1269.128146876693,,260119_ARMC5mAC_TotalPhospho,6.48825314696137,0.0874029995413614,,,2.0,2.0
92,G15,,783.7928463850441,1055.6615636256809,1512.1366764995084,HCT116 OsTIRF74G ARMC5mAC Clone 5A1,,Vehicle,2.0,pSer2 Pol II 3E10,Goat anti-rat Alexa647,3051,1264.4937127161265,,260119_ARMC5mAC_TotalPhospho,92.51810136235042,1.2463076559718096,,,2.0,0.0
93,G16,,795.7147881912033,1062.2619714279617,1400.323192555476,HCT116 OsTIRF74G ARMC5mAC Clone 5F9,,Vehicle,2.0,pSer2 Pol II 3E10,Goat anti-rat Alexa647,2794,1310.5091671606017,,260119_ARMC5mAC_TotalPhospho,104.44004316850965,1.4069076588714924,,,2.0,0.0
94,G17,,692.6704814498125,1072.388507768818,1491.7121212121212,HCT116 OsTIRF74G ARMC5mAC Clone 5A1,,10 µM 5PhIAA,2.0,pSer2 Pol II 3E10,Goat anti-rat Alexa647,3300,1269.266996552829,,260119_ARMC5mAC_TotalPhospho,1.3957364271188908,0.018801909780056265,,,2.0,2.0
95,G18,,692.289086351995,1089.6161655305334,1453.7560396039603,HCT116 OsTIRF74G ARMC5mAC Clone 5F9,,10 µM 5PhIAA,2.0,pSer2 Pol II 3E10,Goat anti-rat Alexa647,2525,1298.593078589455,,260119_ARMC5mAC_TotalPhospho,1.0143413293013737,0.013664151618565034,,,2.0,2.0
96,G19,,772.1787060448953,1020.473438883606,1577.5622073578595,HCT116 OsTIRF74G ARMC5mAC Clone 5A1,,Vehicle,2.0,pSer2 Pol II 3E10,Goat anti-rat Alexa647,2990,1255.1500294711316,,260119_ARMC5mAC_TotalPhospho,80.90396102220166,1.0898540343527556,,,2.0,0.0
97,G20,,788.4143357483492,1136.4926159533784,1398.7010228166798,HCT116 OsTIRF74G ARMC5mAC Clone 5F9,,Vehicle,2.0,pSer2 Pol II 3E10,Goat anti-rat Alexa647,2542,1379.6922865534402,,260119_ARMC5mAC_TotalPhospho,97.13959072565558,1.3085635549868688,,,2.0,0.0
98,G21,,684.0992661059685,1066.779171988152,1489.360465116279,HCT116 OsTIRF74G ARMC5mAC Clone 5A1,,10 µM 5PhIAA,2.0,pSer2 Pol II 3E10,Goat anti-rat Alexa647,2322,1382.2465064406442,,260119_ARMC5mAC_TotalPhospho,-7.175478916725183,-0.09666059049519289,,,2.0,2.0
99,G22,,682.8457530906293,1088.5945197398057,1403.800790513834,HCT116 OsTIRF74G ARMC5mAC Clone 5F9,,10 µM 5PhIAA,2.0,pSer2 Pol II 3E10,Goat anti-rat Alexa647,2530,1377.6991803012581,,260119_ARMC5mAC_TotalPhospho,-8.428991932064378,-0.11354661436374257,,,2.0,2.0
100,H03,,782.0589297258866,1004.1566169931934,1481.3354838709677,HCT116 OsTIRF74G ARMC5mAC Clone 5A1,,Vehicle,0.5,Total Pol II F12,Goat anti-mouse Alexa647,3565,698.134171262045,,260119_ARMC5mAC_TotalPhospho,90.78418470319298,1.222950133764762,,,0.5,0.0
101,H04,,800.4919634243033,1156.8891038951747,1346.3129032258064,HCT116 OsTIRF74G ARMC5mAC Clone 5F9,,Vehicle,0.5,Total Pol II F12,Goat anti-mouse Alexa647,1550,891.2222909997905,,260119_ARMC5mAC_TotalPhospho,109.21721840160967,1.4712607960334094,,,0.5,0.0
104,H07,,782.3732874884056,1052.2646226889735,1500.653134493234,HCT116 OsTIRF74G ARMC5mAC Clone 5A1,,Vehicle,0.5,Total Pol II F12,Goat anti-mouse Alexa647,3621,760.1190425885886,,260119_ARMC5mAC_TotalPhospho,91.09854246571194,1.2271848346543437,,,0.5,0.0
105,H08,,807.0671154148752,1096.6254511544832,1374.096264367816,HCT116 OsTIRF74G ARMC5mAC Clone 5F9,,Vehicle,0.5,Total Pol II F12,Goat anti-mouse Alexa647,2784,808.8132014621893,,260119_ARMC5mAC_TotalPhospho,115.79237039218151,1.559834406433533,,,0.5,0.0
108,H11,,779.9534466257198,976.8494761533829,1559.3486211901306,HCT116 OsTIRF74G ARMC5mAC Clone 5A1,,Vehicle,0.5,Total Pol II F12,Goat anti-mouse Alexa647,3445,730.5936260262845,,260119_ARMC5mAC_TotalPhospho,88.67870160302618,1.1945872548403464,,,0.5,0.0
109,H12,,796.363090006559,1008.6348209171357,1450.8376933895922,HCT116 OsTIRF74G ARMC5mAC Clone 5F9,,Vehicle,0.5,Total Pol II F12,Goat anti-mouse Alexa647,3555,724.6253793295089,,260119_ARMC5mAC_TotalPhospho,105.08834498386534,1.4156409067868785,,,0.5,0.0
112,H15,,731.7927127405984,1054.372634193914,1537.4102979274612,HCT116 OsTIRF74G ARMC5mAC Clone 5A1,,Vehicle,0.5,pSer2 Pol II 3E10,Goat anti-rat Alexa647,3088,1294.4893115411394,,260119_ARMC5mAC_TotalPhospho,40.51796771790475,0.5458159282091911,,,0.5,0.0
113,H16,,794.503679995576,1039.2576501190615,1432.13113317757,HCT116 OsTIRF74G ARMC5mAC Clone 5F9,,Vehicle,0.5,pSer2 Pol II 3E10,Goat anti-rat Alexa647,3424,1251.1647749791728,,260119_ARMC5mAC_TotalPhospho,103.22893497288237,1.3905928686391593,,,0.5,0.0
116,H19,,753.2072972194974,1052.2194310891787,1530.1600861450108,HCT116 OsTIRF74G ARMC5mAC Clone 5A1,,Vehicle,0.5,pSer2 Pol II 3E10,Goat anti-rat Alexa647,2786,1308.2434995784497,,260119_ARMC5mAC_TotalPhospho,61.93255219680373,0.8342909422064826,,,0.5,0.0
117,H20,,790.1928525749113,1163.1676894056527,1353.6933045356373,HCT116 OsTIRF74G ARMC5mAC Clone 5F9,,Vehicle,0.5,pSer2 Pol II 3E10,Goat anti-rat Alexa647,1852,1419.1823311837636,,260119_ARMC5mAC_TotalPhospho,98.91810755221763,1.3325218842714015,,,0.5,0.0
120,I03,,689.2110355231353,1036.8048565433812,1572.8504378283712,HCT116 OsTIRF74G ARMC5mAC Clone 5A1,,10 µM 5PhIAA,48.0,Total Pol II F12,Goat anti-mouse Alexa647,2855,1262.9682219578954,,260119_ARMC5mAC_TotalPhospho,-2.0637094995583993,-0.027800148415583988,,,48.0,48.0
121,I04,,694.4338993822128,1063.2936510090701,1454.0707465277778,HCT116 OsTIRF74G ARMC5mAC Clone 5F9,,10 µM 5PhIAA,48.0,Total Pol II F12,Goat anti-mouse Alexa647,2304,1286.615333024676,,260119_ARMC5mAC_TotalPhospho,3.159154359519107,0.042556842463129366,,,48.0,48.0
122,I05,,721.2789102041653,1092.246836399738,1443.611111111111,HCT116 OsTIRF74G ARMC5mAC Clone 5A1,,Vehicle,48.0,Total Pol II F12,Goat anti-mouse Alexa647,2574,890.078831744118,,260119_ARMC5mAC_TotalPhospho,30.00416518147165,0.4041849132879883,,,48.0,0.0
123,I06,,723.0492652371322,1104.7808183874045,1405.6107554417413,HCT116 OsTIRF74G ARMC5mAC Clone 5F9,,Vehicle,48.0,Total Pol II F12,Goat anti-mouse Alexa647,2343,930.1561050384539,,260119_ARMC5mAC_TotalPhospho,31.774520214438553,0.42803329537630425,,,48.0,0.0
124,I07,,699.9907384837579,968.0580774024559,1617.2015134529147,HCT116 OsTIRF74G ARMC5mAC Clone 5A1,,10 µM 5PhIAA,48.0,Total Pol II F12,Goat anti-mouse Alexa647,3568,1137.121741944038,,260119_ARMC5mAC_TotalPhospho,8.715993461064272,0.11741280052192224,,,48.0,48.0
125,I08,,703.4352898083271,1039.8241276495157,1466.4114703618168,HCT116 OsTIRF74G ARMC5mAC Clone 5F9,,10 µM 5PhIAA,48.0,Total Pol II F12,Goat anti-mouse Alexa647,2598,1208.8513698898064,,260119_ARMC5mAC_TotalPhospho,12.16054478563342,0.1638142141262157,,,48.0,48.0
126,I09,,735.6621362609249,975.3995426491886,1544.675744141862,HCT116 OsTIRF74G ARMC5mAC Clone 5A1,,Vehicle,48.0,Total Pol II F12,Goat anti-mouse Alexa647,3158,733.3809080763629,,260119_ARMC5mAC_TotalPhospho,44.3873912382312,0.5979407782284623,,,48.0,0.0
127,I10,,726.8223674846872,1020.3941178731891,1500.5755305867665,HCT116 OsTIRF74G ARMC5mAC Clone 5F9,,Vehicle,48.0,Total Pol II F12,Goat anti-mouse Alexa647,3204,790.5659299669301,,260119_ARMC5mAC_TotalPhospho,35.54762246199357,0.4788606053691343,,,48.0,0.0
128,I11,,700.0586566498998,974.3378041990384,1580.0773227383863,HCT116 OsTIRF74G ARMC5mAC Clone 5A1,,10 µM 5PhIAA,48.0,Total Pol II F12,Goat anti-mouse Alexa647,3272,1205.6986083105705,,260119_ARMC5mAC_TotalPhospho,8.78391162720618,0.11832772343101548,,,48.0,48.0
129,I12,,694.2686191352351,985.825905102997,1522.8625550660793,HCT116 OsTIRF74G ARMC5mAC Clone 5F9,,10 µM 5PhIAA,48.0,Total Pol II F12,Goat anti-mouse Alexa647,3405,1171.1468544261265,,260119_ARMC5mAC_TotalPhospho,2.993874112541448,0.040330358843643915,,,48.0,48.0
130,I13,,712.9394512110888,980.9383232286349,1537.2225181598062,HCT116 OsTIRF74G ARMC5mAC Clone 5A1,,Vehicle,48.0,pSer2 Pol II 3E10,Goat anti-rat Alexa647,4130,1137.7818140088793,,260119_ARMC5mAC_TotalPhospho,21.664706188395144,0.2918443935768501,,,48.0,0.0
131,I14,,746.0491425553535,1060.3026785988413,1466.6128937297615,HCT116 OsTIRF74G ARMC5mAC Clone 5F9,,Vehicle,48.0,pSer2 Pol II 3E10,Goat anti-rat Alexa647,3397,1210.6859039403955,,260119_ARMC5mAC_TotalPhospho,54.774397532659805,0.7378637260273218,,,48.0,0.0
132,I15,,700.2645613656277,944.0868222950673,1586.2964661451308,HCT116 OsTIRF74G ARMC5mAC Clone 5A1,,10 µM 5PhIAA,48.0,pSer2 Pol II 3E10,Goat anti-rat Alexa647,3707,1246.603394067704,,260119_ARMC5mAC_TotalPhospho,8.989816342934091,0.12110145764987208,,,48.0,48.0
133,I16,,697.1555763690701,1034.3235735793246,1472.323800444868,HCT116 OsTIRF74G ARMC5mAC Clone 5F9,,10 µM 5PhIAA,48.0,pSer2 Pol II 3E10,Goat anti-rat Alexa647,3147,1294.923247554206,,260119_ARMC5mAC_TotalPhospho,5.880831346376453,0.07922044467560371,,,48.0,48.0
134,I17,,719.4387543890593,1020.6699352414721,1505.6001737116387,HCT116 OsTIRF74G ARMC5mAC Clone 5A1,,Vehicle,48.0,pSer2 Pol II 3E10,Goat anti-rat Alexa647,3454,1196.0064067583698,,260119_ARMC5mAC_TotalPhospho,28.16400936636569,0.37939624764551666,,,48.0,0.0
135,I18,,725.6842585594857,1093.69634854911,1415.7135980746089,HCT116 OsTIRF74G ARMC5mAC Clone 5F9,,Vehicle,48.0,pSer2 Pol II 3E10,Goat anti-rat Alexa647,2493,1202.3921451329452,,260119_ARMC5mAC_TotalPhospho,34.40951353679202,0.4635291853991849,,,48.0,0.0
136,I19,,688.2688183173929,1015.7238645758694,1574.7070365358593,HCT116 OsTIRF74G ARMC5mAC Clone 5A1,,10 µM 5PhIAA,48.0,pSer2 Pol II 3E10,Goat anti-rat Alexa647,2956,1343.4299125453065,,260119_ARMC5mAC_TotalPhospho,-3.0059267053007943,-0.040492718840326646,,,48.0,48.0
137,I20,,690.3134909323329,1191.8228798903947,1349.0922722029989,HCT116 OsTIRF74G ARMC5mAC Clone 5F9,,10 µM 5PhIAA,48.0,pSer2 Pol II 3E10,Goat anti-rat Alexa647,1734,1541.281049636506,,260119_ARMC5mAC_TotalPhospho,-0.9612540903607396,-0.012949015538686059,,,48.0,48.0
138,I21,,746.8015934675635,1012.9967145451592,1502.9949317738792,HCT116 OsTIRF74G ARMC5mAC Clone 5A1,,Vehicle,48.0,pSer2 Pol II 3E10,Goat anti-rat Alexa647,2565,1263.3828367291715,,260119_ARMC5mAC_TotalPhospho,55.52684844486987,0.7479999622753777,,,48.0,0.0
139,I22,,790.9309573018141,1074.767632160727,1439.8017621145375,HCT116 OsTIRF74G ARMC5mAC Clone 5F9,,Vehicle,48.0,pSer2 Pol II 3E10,Goat anti-rat Alexa647,2497,1263.3597213089233,,260119_ARMC5mAC_TotalPhospho,99.6562122791205,1.342464863628978,,,48.0,0.0
140,J03,,689.7169962220453,988.4199868454862,1524.32015185068,HCT116 OsTIRF74G ARMC5mAC Clone 5A1,,10 µM 5PhIAA,24.0,Total Pol II F12,Goat anti-mouse Alexa647,3161,1002.037839675205,,260119_ARMC5mAC_TotalPhospho,-1.557748800648369,-0.020984372006568427,,,24.0,24.0
141,J04,,696.8960257719835,1050.273949964082,1406.9283707865168,HCT116 OsTIRF74G ARMC5mAC Clone 5F9,,10 µM 5PhIAA,24.0,Total Pol II F12,Goat anti-mouse Alexa647,2136,1289.5506279436636,,260119_ARMC5mAC_TotalPhospho,5.621280749289895,0.07572404892712081,,,24.0,24.0
142,J05,,714.0688662056281,1079.7905478509276,1461.7508503401361,HCT116 OsTIRF74G ARMC5mAC Clone 5A1,,Vehicle,24.0,Total Pol II F12,Goat anti-mouse Alexa647,2352,867.48664324562,,260119_ARMC5mAC_TotalPhospho,22.79412118293442,0.30705869795336066,,,24.0,0.0
143,J06,,742.0796148154707,1091.0072020222774,1405.3235551663747,HCT116 OsTIRF74G ARMC5mAC Clone 5F9,,Vehicle,24.0,Total Pol II F12,Goat anti-mouse Alexa647,2284,843.2427293030811,,260119_ARMC5mAC_TotalPhospho,50.804869792777026,0.6843903760562464,,,24.0,0.0
144,J07,,699.9600309870742,989.8705994605441,1573.8411306042885,HCT116 OsTIRF74G ARMC5mAC Clone 5A1,,10 µM 5PhIAA,24.0,Total Pol II F12,Goat anti-mouse Alexa647,3078,1096.4510454432068,,260119_ARMC5mAC_TotalPhospho,8.685285964380569,0.11699914105800027,,,24.0,24.0
145,J08,,699.9142485136233,985.646078090453,1462.998535335042,HCT116 OsTIRF74G ARMC5mAC Clone 5F9,,10 µM 5PhIAA,24.0,Total Pol II F12,Goat anti-mouse Alexa647,2731,1121.9502100702227,,260119_ARMC5mAC_TotalPhospho,8.639503490929656,0.11638240718288835,,,24.0,24.0
146,J09,,696.4597160345028,977.7747826570577,1517.317880794702,HCT116 OsTIRF74G ARMC5mAC Clone 5A1,,Vehicle,24.0,Total Pol II F12,Goat anti-mouse Alexa647,3020,1021.4073969399905,,260119_ARMC5mAC_TotalPhospho,5.184971011809125,0.06984653784345066,,,24.0,0.0
147,J10,,748.6000268826394,1026.8614633693956,1417.5028960817717,HCT116 OsTIRF74G ARMC5mAC Clone 5F9,,Vehicle,24.0,Total Pol II F12,Goat anti-mouse Alexa647,2935,769.5836266684684,,260119_ARMC5mAC_TotalPhospho,57.32528185994579,0.7722265871299683,,,24.0,0.0
148,J11,,696.2238000354934,1010.3336286276373,1556.2055494706096,HCT116 OsTIRF74G ARMC5mAC Clone 5A1,,10 µM 5PhIAA,24.0,Total Pol II F12,Goat anti-mouse Alexa647,2739,1271.8676430440528,,260119_ARMC5mAC_TotalPhospho,4.949055012799704,0.06666852282366416,,,24.0,24.0
149,J12,,708.4897348511993,976.633262593925,1431.864017385905,HCT116 OsTIRF74G ARMC5mAC Clone 5F9,,10 µM 5PhIAA,24.0,Total Pol II F12,Goat anti-mouse Alexa647,3221,1113.4775330564958,,260119_ARMC5mAC_TotalPhospho,17.214989828505622,0.23190244184447148,,,24.0,24.0
150,J13,,731.2227269537976,1055.292871065515,1550.1238410596027,HCT116 OsTIRF74G ARMC5mAC Clone 5A1,,Vehicle,24.0,pSer2 Pol II 3E10,Goat anti-rat Alexa647,3020,1228.4202815287877,,260119_ARMC5mAC_TotalPhospho,39.94798193110398,0.5381376723930379,,,24.0,0.0
151,J14,,706.7235192216712,1031.0673430930135,1410.790204396452,HCT116 OsTIRF74G ARMC5mAC Clone 5F9,,Vehicle,24.0,pSer2 Pol II 3E10,Goat anti-rat Alexa647,2593,1272.3644536807492,,260119_ARMC5mAC_TotalPhospho,15.448774198977503,0.2081098214948958,,,24.0,0.0
152,J15,,699.2312905022828,986.2505972077104,1580.3311743170939,HCT116 OsTIRF74G ARMC5mAC Clone 5A1,,10 µM 5PhIAA,24.0,pSer2 Pol II 3E10,Goat anti-rat Alexa647,3551,1187.7519662893658,,260119_ARMC5mAC_TotalPhospho,7.956545479589181,0.10718230703267824,,,24.0,24.0
153,J16,,701.2618142887935,1032.485396574293,1468.1397185032613,HCT116 OsTIRF74G ARMC5mAC Clone 5F9,,10 µM 5PhIAA,24.0,pSer2 Pol II 3E10,Goat anti-rat Alexa647,2913,1278.8502027996597,,260119_ARMC5mAC_TotalPhospho,9.987069266099866,0.13453541203047456,,,24.0,24.0
154,J17,,725.5361688339151,1079.8294057543724,1477.2125490196079,HCT116 OsTIRF74G ARMC5mAC Clone 5A1,,Vehicle,24.0,pSer2 Pol II 3E10,Goat anti-rat Alexa647,2550,1270.809983177245,,260119_ARMC5mAC_TotalPhospho,34.26142381122145,0.46153427460841423,,,24.0,0.0
155,J18,,769.6522914038476,1078.537806158598,1428.9782168186423,HCT116 OsTIRF74G ARMC5mAC Clone 5F9,,Vehicle,24.0,pSer2 Pol II 3E10,Goat anti-rat Alexa647,1974,1240.2311563051107,,260119_ARMC5mAC_TotalPhospho,78.37754638115393,1.05582080341814,,,24.0,0.0
156,J19,,690.3751998499287,992.1140569436722,1579.0729013254786,HCT116 OsTIRF74G ARMC5mAC Clone 5A1,,10 µM 5PhIAA,24.0,pSer2 Pol II 3E10,Goat anti-rat Alexa647,2716,1281.0552930121082,,260119_ARMC5mAC_TotalPhospho,-0.8995451727649879,-0.012117737169276976,,,24.0,24.0
157,J20,,690.8508995606271,1089.5653784297876,1395.6719260065288,HCT116 OsTIRF74G ARMC5mAC Clone 5F9,,10 µM 5PhIAA,24.0,pSer2 Pol II 3E10,Goat anti-rat Alexa647,1838,1400.1012329779933,,260119_ARMC5mAC_TotalPhospho,-0.42384546206653795,-0.00570960532635184,,,24.0,24.0
158,J21,,754.8680455241447,1107.059132263263,1485.2685223086369,HCT116 OsTIRF74G ARMC5mAC Clone 5A1,,Vehicle,24.0,pSer2 Pol II 3E10,Goat anti-rat Alexa647,2443,1318.2320798669402,,260119_ARMC5mAC_TotalPhospho,63.59330050145104,0.8566628164261847,,,24.0,0.0
159,J22,,792.9232953634549,1070.49155077996,1416.6644083107499,HCT116 OsTIRF74G ARMC5mAC Clone 5F9,,Vehicle,24.0,pSer2 Pol II 3E10,Goat anti-rat Alexa647,2214,1233.538896519315,,260119_ARMC5mAC_TotalPhospho,101.64855034076129,1.369303570249015,,,24.0,0.0
160,K03,,690.8600439757951,1032.710236439697,1513.396239801348,HCT116 OsTIRF74G ARMC5mAC Clone 5A1,,10 µM 5PhIAA,8.0,Total Pol II F12,Goat anti-mouse Alexa647,2819,1032.4148157832358,,260119_ARMC5mAC_TotalPhospho,-0.41470104689858545,-0.005586421274091968,,,8.0,8.0
161,K04,,699.4825519591615,1145.591231918803,1408.9265242313704,HCT116 OsTIRF74G ARMC5mAC Clone 5F9,,10 µM 5PhIAA,8.0,Total Pol II F12,Goat anti-mouse Alexa647,1919,1195.7616105304874,,260119_ARMC5mAC_TotalPhospho,8.207806936467819,0.11056704010379928,,,8.0,8.0
162,K05,,792.782133646996,1072.21877007375,1486.7150735294117,HCT116 OsTIRF74G ARMC5mAC Clone 5A1,,Vehicle,8.0,Total Pol II F12,Goat anti-mouse Alexa647,2176,876.0508073363403,,260119_ARMC5mAC_TotalPhospho,101.5073886243024,1.367401986392859,,,8.0,0.0
163,K06,,794.1482272932801,1039.5813297554807,1415.1166752710376,HCT116 OsTIRF74G ARMC5mAC Clone 5F9,,Vehicle,8.0,Total Pol II F12,Goat anti-mouse Alexa647,1937,882.6033738206739,,260119_ARMC5mAC_TotalPhospho,102.87348227058646,1.3858045794537575,,,8.0,0.0
164,K07,,696.3971097560491,1002.5109285714543,1511.6768189509307,HCT116 OsTIRF74G ARMC5mAC Clone 5A1,,10 µM 5PhIAA,8.0,Total Pol II F12,Goat anti-mouse Alexa647,2364,1093.7215666998468,,260119_ARMC5mAC_TotalPhospho,5.122364733355425,0.06900317116169014,,,8.0,8.0
165,K08,,702.0371901511526,1078.069942915044,1389.093490607252,HCT116 OsTIRF74G ARMC5mAC Clone 5F9,,10 µM 5PhIAA,8.0,Total Pol II F12,Goat anti-mouse Alexa647,2289,1121.915974127174,,260119_ARMC5mAC_TotalPhospho,10.762445128458921,0.14498046936827125,,,8.0,8.0
166,K09,,777.9530448322961,1023.0780379043862,1503.2370321733422,HCT116 OsTIRF74G ARMC5mAC Clone 5A1,,Vehicle,8.0,Total Pol II F12,Goat anti-mouse Alexa647,3046,752.7049811394761,,260119_ARMC5mAC_TotalPhospho,86.67829980960244,1.1676399220108564,,,8.0,0.0
167,K10,,807.5992138657542,1070.777869291327,1395.7453891138102,HCT116 OsTIRF74G ARMC5mAC Clone 5F9,,Vehicle,8.0,Total Pol II F12,Goat anti-mouse Alexa647,2223,827.843096499137,,260119_ARMC5mAC_TotalPhospho,116.32446884306057,1.5670022834575548,,,8.0,0.0
168,K11,,697.9783947262714,1050.2438309192032,1457.3563636363635,HCT116 OsTIRF74G ARMC5mAC Clone 5A1,,10 µM 5PhIAA,8.0,Total Pol II F12,Goat anti-mouse Alexa647,2750,1078.3532079500837,,260119_ARMC5mAC_TotalPhospho,6.703649703577753,0.0903045979705117,,,8.0,8.0
169,K12,,703.6956508472074,1090.5371404115408,1357.4803788903923,HCT116 OsTIRF74G ARMC5mAC Clone 5F9,,10 µM 5PhIAA,8.0,Total Pol II F12,Goat anti-mouse Alexa647,2217,1148.0489274501858,,260119_ARMC5mAC_TotalPhospho,12.420905824513738,0.16732152730380068,,,8.0,8.0
170,K13,,773.4329594115181,1064.1395481975503,1414.863465553236,HCT116 OsTIRF74G ARMC5mAC Clone 5A1,,Vehicle,8.0,pSer2 Pol II 3E10,Goat anti-rat Alexa647,2395,1311.3153212277648,,260119_ARMC5mAC_TotalPhospho,82.15821438882449,1.1067500314639391,,,8.0,0.0
171,K14,,793.3377689441605,1106.5434093012566,1356.6629907366564,HCT116 OsTIRF74G ARMC5mAC Clone 5F9,,Vehicle,8.0,pSer2 Pol II 3E10,Goat anti-rat Alexa647,2267,1293.3383275496237,,260119_ARMC5mAC_TotalPhospho,102.06302392146688,1.3748869273350872,,,8.0,0.0
172,K15,,699.8070348895756,1040.4449716270417,1437.2033613445378,HCT116 OsTIRF74G ARMC5mAC Clone 5A1,,10 µM 5PhIAA,8.0,pSer2 Pol II 3E10,Goat anti-rat Alexa647,2380,1343.7659698410635,,260119_ARMC5mAC_TotalPhospho,8.53228986688191,0.1149381367265389,,,8.0,8.0
173,K16,,702.3922542103944,1076.831299374576,1413.0012886597938,HCT116 OsTIRF74G ARMC5mAC Clone 5F9,,10 µM 5PhIAA,8.0,pSer2 Pol II 3E10,Goat anti-rat Alexa647,2328,1352.0252728656717,,260119_ARMC5mAC_TotalPhospho,11.117509187700762,0.14976352315858188,,,8.0,8.0
174,K17,,767.71996412318,1036.398852011028,1491.434131736527,HCT116 OsTIRF74G ARMC5mAC Clone 5A1,,Vehicle,8.0,pSer2 Pol II 3E10,Goat anti-rat Alexa647,2338,1285.763806296965,,260119_ARMC5mAC_TotalPhospho,76.44521910048638,1.0297904996367528,,,8.0,0.0
175,K18,,765.2383960667839,1103.530145246757,1373.2906976744187,HCT116 OsTIRF74G ARMC5mAC Clone 5F9,,Vehicle,8.0,pSer2 Pol II 3E10,Goat anti-rat Alexa647,2150,1316.4374088925406,,260119_ARMC5mAC_TotalPhospho,73.96365104409028,0.9963613952565356,,,8.0,0.0
176,K19,,693.8348052801559,1058.990695055701,1457.6826883910387,HCT116 OsTIRF74G ARMC5mAC Clone 5A1,,10 µM 5PhIAA,8.0,pSer2 Pol II 3E10,Goat anti-rat Alexa647,2455,1292.0003833037674,,260119_ARMC5mAC_TotalPhospho,2.5600602574622826,0.03448646969232775,,,8.0,8.0
177,K20,,695.4409016543086,1120.8137869906502,1396.7239409804854,HCT116 OsTIRF74G ARMC5mAC Clone 5F9,,10 µM 5PhIAA,8.0,pSer2 Pol II 3E10,Goat anti-rat Alexa647,2101,1405.5203465844843,,260119_ARMC5mAC_TotalPhospho,4.166156631614967,0.05612212993459066,,,8.0,8.0
178,K21,,794.0380342518993,1039.5310648206203,1446.8015113350125,HCT116 OsTIRF74G ARMC5mAC Clone 5A1,,Vehicle,8.0,pSer2 Pol II 3E10,Goat anti-rat Alexa647,1985,1340.7881629964686,,260119_ARMC5mAC_TotalPhospho,102.76328922920561,1.384320173385264,,,8.0,0.0
179,K22,,805.3660697124369,1048.4948482570755,1384.8233685033217,HCT116 OsTIRF74G ARMC5mAC Clone 5F9,,Vehicle,8.0,pSer2 Pol II 3E10,Goat anti-rat Alexa647,2559,1251.423100104287,,260119_ARMC5mAC_TotalPhospho,114.09132468974326,1.5369196875743165,,,8.0,0.0
180,L03,,693.0837001594598,1066.1200828934661,1435.9231819733698,HCT116 OsTIRF74G ARMC5mAC Clone 5A1,,10 µM 5PhIAA,2.0,Total Pol II F12,Goat anti-mouse Alexa647,2929,858.9416626040255,,260119_ARMC5mAC_TotalPhospho,1.8089551367661443,0.024368362548116838,,,2.0,2.0
181,L04,,701.8324286515193,1099.333859797706,1402.0191657271703,HCT116 OsTIRF74G ARMC5mAC Clone 5F9,,10 µM 5PhIAA,2.0,Total Pol II F12,Goat anti-mouse Alexa647,1774,1010.7822478448403,,260119_ARMC5mAC_TotalPhospho,10.557683628825657,0.14222213536786063,,,2.0,2.0
182,L05,,790.2993931506418,1059.4006298828642,1473.560975609756,HCT116 OsTIRF74G ARMC5mAC Clone 5A1,,Vehicle,2.0,Total Pol II F12,Goat anti-mouse Alexa647,2255,821.0993250857388,,260119_ARMC5mAC_TotalPhospho,99.02464812794813,1.333957088120695,,,2.0,0.0
183,L06,,802.0796586530677,1083.9447277451968,1424.1279308926369,HCT116 OsTIRF74G ARMC5mAC Clone 5F9,,Vehicle,2.0,Total Pol II F12,Goat anti-mouse Alexa647,2431,845.6550285310825,,260119_ARMC5mAC_TotalPhospho,110.80491363037402,1.4926485751795577,,,2.0,0.0
184,L07,,694.7141782752891,1000.5539988937236,1513.0341266277503,HCT116 OsTIRF74G ARMC5mAC Clone 5A1,,10 µM 5PhIAA,2.0,Total Pol II F12,Goat anti-mouse Alexa647,2227,850.5220065786469,,260119_ARMC5mAC_TotalPhospho,3.4394332525954496,0.046332468260726,,,2.0,2.0
185,L08,,699.2645103764647,1110.3206747171037,1370.4943769680613,HCT116 OsTIRF74G ARMC5mAC Clone 5F9,,10 µM 5PhIAA,2.0,Total Pol II F12,Goat anti-mouse Alexa647,2223,953.7805672199742,,260119_ARMC5mAC_TotalPhospho,7.989765353771077,0.1076298106337429,,,2.0,2.0
186,L09,,786.9128053726935,1051.4764943299278,1481.1766358892012,HCT116 OsTIRF74G ARMC5mAC Clone 5A1,,Vehicle,2.0,Total Pol II F12,Goat anti-mouse Alexa647,2491,785.0923542604442,,260119_ARMC5mAC_TotalPhospho,95.63806034999982,1.2883364991426862,,,2.0,0.0
187,L10,,803.9328331169205,1066.5587738515253,1402.144131455399,HCT116 OsTIRF74G ARMC5mAC Clone 5F9,,Vehicle,2.0,Total Pol II F12,Goat anti-mouse Alexa647,2130,829.351553406379,,260119_ARMC5mAC_TotalPhospho,112.65808809422685,1.517612614520416,,,2.0,0.0
188,L11,,695.4913277197238,1002.290660866461,1623.0102417042197,HCT116 OsTIRF74G ARMC5mAC Clone 5A1,,10 µM 5PhIAA,2.0,Total Pol II F12,Goat anti-mouse Alexa647,2441,914.2364252995767,,260119_ARMC5mAC_TotalPhospho,4.216582697030162,0.05680141745197445,,,2.0,2.0
189,L12,,704.3274381463925,1152.5998286742704,1398.7466292134832,HCT116 OsTIRF74G ARMC5mAC Clone 5F9,,10 µM 5PhIAA,2.0,Total Pol II F12,Goat anti-mouse Alexa647,1780,1005.8188786769903,,260119_ARMC5mAC_TotalPhospho,13.052693123698873,0.17583230883006978,,,2.0,2.0
190,L13,,799.2584000795691,1072.4003596500006,1478.9658208182288,HCT116 OsTIRF74G ARMC5mAC Clone 5A1,,Vehicle,2.0,pSer2 Pol II 3E10,Goat anti-rat Alexa647,1931,1412.9741060999422,,260119_ARMC5mAC_TotalPhospho,107.98365505687548,1.4546435133824485,,,2.0,0.0
191,L14,,807.0061183172376,1098.1783993057115,1401.9186410371033,HCT116 OsTIRF74G ARMC5mAC Clone 5F9,,Vehicle,2.0,pSer2 Pol II 3E10,Goat anti-rat Alexa647,2237,1336.077579084068,,260119_ARMC5mAC_TotalPhospho,115.73137329454391,1.5590127169624093,,,2.0,0.0
192,L15,,699.5011465327992,1031.4677742780846,1546.162684290798,HCT116 OsTIRF74G ARMC5mAC Clone 5A1,,10 µM 5PhIAA,2.0,pSer2 Pol II 3E10,Goat anti-rat Alexa647,1967,1363.9992547939326,,260119_ARMC5mAC_TotalPhospho,8.226401510105575,0.1108175268641523,,,2.0,2.0
193,L16,,697.5478378874571,1063.37923777,1429.8671909130626,HCT116 OsTIRF74G ARMC5mAC Clone 5F9,,10 µM 5PhIAA,2.0,pSer2 Pol II 3E10,Goat anti-rat Alexa647,2289,1356.7945256733362,,260119_ARMC5mAC_TotalPhospho,6.273092864763498,0.08450458395548573,,,2.0,2.0
194,L17,,800.325638273754,1079.0737038367236,1482.382323733863,HCT116 OsTIRF74G ARMC5mAC Clone 5A1,,Vehicle,2.0,pSer2 Pol II 3E10,Goat anti-rat Alexa647,2014,1373.1993630628128,,260119_ARMC5mAC_TotalPhospho,109.0508932510603,1.469020236559556,,,2.0,0.0
195,L18,,808.7545069979651,1067.7358438081183,1373.4424096385542,HCT116 OsTIRF74G ARMC5mAC Clone 5F9,,Vehicle,2.0,pSer2 Pol II 3E10,Goat anti-rat Alexa647,2075,1379.7264044515257,,260119_ARMC5mAC_TotalPhospho,117.47976197527146,1.5825651911952185,,,2.0,0.0
196,L19,,697.0265764748165,1081.8013998546655,1468.3584981832862,HCT116 OsTIRF74G ARMC5mAC Clone 5A1,,10 µM 5PhIAA,2.0,pSer2 Pol II 3E10,Goat anti-rat Alexa647,2477,1342.0663869589916,,260119_ARMC5mAC_TotalPhospho,5.751831452122815,0.07748269224164284,,,2.0,2.0
197,L20,,698.2664583726481,1132.0782944774264,1380.0,HCT116 OsTIRF74G ARMC5mAC Clone 5F9,,10 µM 5PhIAA,2.0,pSer2 Pol II 3E10,Goat anti-rat Alexa647,1888,1415.3685031089444,,260119_ARMC5mAC_TotalPhospho,6.991713349954466,0.09418509186954184,,,2.0,2.0
198,L21,,791.2193846895858,1008.3789876284094,1467.110147441457,HCT116 OsTIRF74G ARMC5mAC Clone 5A1,,Vehicle,2.0,pSer2 Pol II 3E10,Goat anti-rat Alexa647,2306,1348.8740507624705,,260119_ARMC5mAC_TotalPhospho,99.94463966689216,1.346350257473842,,,2.0,0.0
199,L22,,806.8343380110157,1067.3169642675355,1378.57875,HCT116 OsTIRF74G ARMC5mAC Clone 5F9,,Vehicle,2.0,pSer2 Pol II 3E10,Goat anti-rat Alexa647,2400,1370.6358721471054,,260119_ARMC5mAC_TotalPhospho,115.55959298832204,1.5566986713039168,,,2.0,0.0
202,M05,,790.6175564053406,1050.527194442277,1500.4485355648535,HCT116 OsTIRF74G ARMC5mAC Clone 5A1,,Vehicle,0.5,Total Pol II F12,Goat anti-mouse Alexa647,2390,800.1705403996381,,260119_ARMC5mAC_TotalPhospho,99.34281138264691,1.338243052643756,,,0.5,0.0
203,M06,,802.1852693209029,1110.5092015532941,1358.4275431861804,HCT116 OsTIRF74G ARMC5mAC Clone 5F9,,Vehicle,0.5,Total Pol II F12,Goat anti-mouse Alexa647,2084,860.1788306829194,,260119_ARMC5mAC_TotalPhospho,110.91052429820922,1.4940712522766568,,,0.5,0.0
206,M09,,790.1982641701824,1067.287940014049,1509.4463331714423,HCT116 OsTIRF74G ARMC5mAC Clone 5A1,,Vehicle,0.5,Total Pol II F12,Goat anti-mouse Alexa647,2059,786.1851378125336,,260119_ARMC5mAC_TotalPhospho,98.92351914748872,1.3325947836556091,,,0.5,0.0
207,M10,,806.5223364994727,1080.3445550715878,1356.4551526717557,HCT116 OsTIRF74G ARMC5mAC Clone 5F9,,Vehicle,0.5,Total Pol II F12,Goat anti-mouse Alexa647,2096,838.1170426814896,,260119_ARMC5mAC_TotalPhospho,115.24759147677901,1.5524957113773192,,,0.5,0.0
210,M13,,790.175165544375,1060.9010998300482,1478.5159793814432,HCT116 OsTIRF74G ARMC5mAC Clone 5A1,,Vehicle,0.5,pSer2 Pol II 3E10,Goat anti-rat Alexa647,1940,1394.830272620835,,260119_ARMC5mAC_TotalPhospho,98.90042052168133,1.3322836229879964,,,0.5,0.0
211,M14,,811.833324336476,1142.925272282031,1327.404565630945,HCT116 OsTIRF74G ARMC5mAC Clone 5F9,,Vehicle,0.5,pSer2 Pol II 3E10,Goat anti-rat Alexa647,1577,1465.4504389386543,,260119_ARMC5mAC_TotalPhospho,120.55857931378239,1.6240398168503276,,,0.5,0.0
214,M17,,791.8543924940079,1036.5139154193685,1478.0049151027704,HCT116 OsTIRF74G ARMC5mAC Clone 5A1,,Vehicle,0.5,pSer2 Pol II 3E10,Goat anti-rat Alexa647,2238,1347.2751819980151,,260119_ARMC5mAC_TotalPhospho,100.57964747131427,1.3549044222977993,,,0.5,0.0
215,M18,,805.9166145290277,1103.3000454607673,1386.8440727988195,HCT116 OsTIRF74G ARMC5mAC Clone 5F9,,Vehicle,0.5,pSer2 Pol II 3E10,Goat anti-rat Alexa647,2033,1376.2696798407887,,260119_ARMC5mAC_TotalPhospho,114.64186950633405,1.544336054855627,,,0.5,0.0
218,M21,,789.649123480187,1022.6875981350286,1530.0078802206463,HCT116 OsTIRF74G ARMC5mAC Clone 5A1,,Vehicle,0.5,pSer2 Pol II 3E10,Goat anti-rat Alexa647,2538,1335.1602591103644,,260119_ARMC5mAC_TotalPhospho,98.37437845749332,1.3251973313077012,,,0.5,0.0
219,M22,,804.6127184263806,1085.2879702798004,1451.2891647098288,HCT116 OsTIRF74G ARMC5mAC Clone 5F9,,Vehicle,0.5,pSer2 Pol II 3E10,Goat anti-rat Alexa647,2981,1294.9073048516457,,260119_ARMC5mAC_TotalPhospho,113.33797340368699,1.5267713224260644,,,0.5,0.0
220,N03,,686.2218400118142,922.6387963969871,1620.6849144634525,HCT116 OsTIRF74G,,Vehicle,24.0,Total Pol II F12,Goat anti-mouse Alexa647,3215,661.8479712737923,,260119_ARMC5mAC_TotalPhospho,-5.052905010879499,-0.06806748200866292,,,24.0,0.0
221,N04,,688.7101746847031,891.7205092123418,1629.826097271649,HCT116 OsTIRF74G,,Vehicle,24.0,Total Pol II F12,Goat anti-mouse Alexa647,4215,604.0898750557644,,260119_ARMC5mAC_TotalPhospho,-2.564570337990517,-0.03454722480736598,,,24.0,0.0
222,N05,,690.8711689388916,898.9288999366225,1582.6120925603384,HCT116 OsTIRF74G,,Vehicle,24.0,Total Pol II F12,Goat anti-mouse Alexa647,4019,681.6225111320853,,260119_ARMC5mAC_TotalPhospho,-0.40357608380202237,-0.0054365573396241915,,,24.0,0.0
223,N06,,692.4999510128242,885.2197674923549,1630.7899415798831,HCT116 OsTIRF74G,,Vehicle,24.0,Total Pol II F12,Goat anti-mouse Alexa647,3937,597.1340594489118,,260119_ARMC5mAC_TotalPhospho,1.2252059901305756,0.016504701060193316,,,24.0,0.0
224,N07,,690.2284365425242,892.5989149593271,1635.4844796104687,HCT116 OsTIRF74G,,Vehicle,24.0,Total Pol II F12,Goat anti-mouse Alexa647,3286,645.2610535795724,,260119_ARMC5mAC_TotalPhospho,-1.0463084801695004,-0.01409477983379952,,,24.0,0.0
225,N08,,689.2000166046341,952.4308190177685,1602.9897377423033,HCT116 OsTIRF74G,,Vehicle,24.0,Total Pol II F12,Goat anti-mouse Alexa647,3508,674.5095177021637,,260119_ARMC5mAC_TotalPhospho,-2.0747284180595216,-0.027948583827533183,,,24.0,0.0
226,N09,,690.0446136618424,883.3566125909717,1592.3197763091002,HCT116 OsTIRF74G,,Vehicle,24.0,Total Pol II F12,Goat anti-mouse Alexa647,3934,636.7753339060852,,260119_ARMC5mAC_TotalPhospho,-1.23013136085126,-0.016571050532861877,,,24.0,0.0
227,N10,,689.5458018301514,970.7945468533726,1643.9242546333603,HCT116 OsTIRF74G,,Vehicle,24.0,Total Pol II F12,Goat anti-mouse Alexa647,3723,697.9626332035343,,260119_ARMC5mAC_TotalPhospho,-1.7289431925422605,-0.02329052483650124,,,24.0,0.0
228,N11,,689.8092130778839,939.0208217804048,1552.9648533007335,HCT116 OsTIRF74G,,Vehicle,24.0,Total Pol II F12,Goat anti-mouse Alexa647,3272,713.8078642564845,,260119_ARMC5mAC_TotalPhospho,-1.4655319448097543,-0.019742122417040164,,,24.0,0.0
229,N12,,691.6444798784433,908.8003070694334,1552.7105949895615,HCT116 OsTIRF74G,,Vehicle,24.0,Total Pol II F12,Goat anti-mouse Alexa647,3832,146.90286314709655,,260119_ARMC5mAC_TotalPhospho,0.369734855749698,0.004980683505336199,,,24.0,0.0
230,N13,,682.4550469200183,873.541828527329,1612.074278544542,HCT116 OsTIRF74G,,Vehicle,24.0,pSer2 Pol II 3E10,Goat anti-rat Alexa647,3985,706.9234582866767,,260119_ARMC5mAC_TotalPhospho,-8.819698102675375,-0.1188098016157247,,,24.0,0.0
231,N14,,689.1313502686284,969.3162491613291,1624.0398951659872,HCT116 OsTIRF74G,,Vehicle,24.0,pSer2 Pol II 3E10,Goat anti-rat Alexa647,3434,1113.1471359020293,,260119_ARMC5mAC_TotalPhospho,-2.143394754065298,-0.028873585303042903,,,24.0,0.0
232,N15,,692.2799694579375,958.8745700406887,1581.7704875518673,HCT116 OsTIRF74G,,Vehicle,24.0,pSer2 Pol II 3E10,Goat anti-rat Alexa647,3856,1112.3005915113,,260119_ARMC5mAC_TotalPhospho,1.0052244352438038,0.01354133830208622,,,24.0,0.0
233,N16,,688.3680431048806,925.8831376962747,1576.7405606407322,HCT116 OsTIRF74G,,Vehicle,24.0,pSer2 Pol II 3E10,Goat anti-rat Alexa647,3496,1099.8784103477003,,260119_ARMC5mAC_TotalPhospho,-2.906701917813052,-0.03915606568286709,,,24.0,0.0
234,N17,,686.280040644143,946.6981486412125,1604.5973293768545,HCT116 OsTIRF74G,,Vehicle,24.0,pSer2 Pol II 3E10,Goat anti-rat Alexa647,3370,1069.0910146165015,,260119_ARMC5mAC_TotalPhospho,-4.994704378550637,-0.06728346361025489,,,24.0,0.0
235,N18,,688.4428595569744,970.7040146960801,1580.547268907563,HCT116 OsTIRF74G,,Vehicle,24.0,pSer2 Pol II 3E10,Goat anti-rat Alexa647,2856,1162.3779217482754,,260119_ARMC5mAC_TotalPhospho,-2.8318854657192105,-0.03814821623865932,,,24.0,0.0
236,N19,,690.5036308689189,971.0938173447129,1589.5258323765786,HCT116 OsTIRF74G,,Vehicle,24.0,pSer2 Pol II 3E10,Goat anti-rat Alexa647,3484,1154.1781487184492,,260119_ARMC5mAC_TotalPhospho,-0.7711141537747608,-0.010387648031315937,,,24.0,0.0
237,N20,,685.5761730197635,890.2510224446017,1605.28969521045,HCT116 OsTIRF74G,,Vehicle,24.0,pSer2 Pol II 3E10,Goat anti-rat Alexa647,3445,1086.9268235399193,,260119_ARMC5mAC_TotalPhospho,-5.698572002930177,-0.07676523632432289,,,24.0,0.0
238,N21,,690.2644912918175,892.162283006852,1585.7130223303118,HCT116 OsTIRF74G,,Vehicle,24.0,pSer2 Pol II 3E10,Goat anti-rat Alexa647,4523,1062.002572750521,,260119_ARMC5mAC_TotalPhospho,-1.0102537308761157,-0.013609087743097196,,,24.0,0.0
239,N22,,689.9934726984175,942.9213215548409,1558.6752454231892,HCT116 OsTIRF74G,,Vehicle,24.0,pSer2 Pol II 3E10,Goat anti-rat Alexa647,3769,1189.5540549276216,,260119_ARMC5mAC_TotalPhospho,-1.2812723242761876,-0.01725996841284119,,,24.0,0.0
0,C03,2849.850840321998,177.7565858389146,,1598.040254237288,HCT116 OsTIRF74G,No addition,No addition,No addition,pSer5 Pol II 3E8,Goat anti-rat Alexa568,1416,266.2695923912938,1508.5847840103158,260127_ARMC5mAC_PhosphoEU,-0.873427750924094,-0.03197905848920643,473.6569846474867,2150.3981581517874,No addition,0.0
1,C04,2882.174541120097,178.36882602807972,,1529.4050343249428,HCT116 OsTIRF74G,No addition,No addition,No addition,pSer5 Pol II 3E8,Goat anti-rat Alexa568,1311,263.6129257556695,1423.5632338141563,260127_ARMC5mAC_PhosphoEU,-0.26118756175895896,-0.009562934433106705,491.56862979088993,2097.9237490258815,No addition,0.0
2,C05,2891.036714744621,178.11554676977505,,1485.019943019943,HCT116 OsTIRF74G,No addition,No addition,No addition,pSer5 Pol II 3E8,Goat anti-rat Alexa568,1053,265.8716344886323,1461.4234930448222,260127_ARMC5mAC_PhosphoEU,-0.5144668200636318,-0.018836319904152795,496.3807656262062,2235.5250860611536,No addition,0.0
3,C06,2771.4138720955566,177.9237812212366,,1499.017932987258,HCT116 OsTIRF74G,No addition,No addition,No addition,pSer5 Pol II 3E8,Goat anti-rat Alexa568,2119,255.26645732558455,1429.0854834506124,260127_ARMC5mAC_PhosphoEU,-0.7062323686020875,-0.025857486436173117,481.8671689758201,2196.5757779364935,No addition,0.0
4,C07,2793.9082815453817,178.03141684956876,,1501.491587417703,HCT116 OsTIRF74G,No addition,No addition,No addition,pSer5 Pol II 3E8,Goat anti-rat Alexa568,1367,260.1778839980222,1439.9647742818058,260127_ARMC5mAC_PhosphoEU,-0.5985967402699259,-0.02191659258397421,510.0893230567045,2270.4824993951174,No addition,0.0
5,C08,2672.1245040602585,176.66394453463843,,1537.3767085839256,HCT116 OsTIRF74G,No addition,No addition,No addition,pSer5 Pol II 3E8,Goat anti-rat Alexa568,1829,246.42338367728044,1474.8346338535414,260127_ARMC5mAC_PhosphoEU,-1.9660690552002507,-0.07198424511191388,485.2821482059393,2077.6094778342426,No addition,0.0
6,C09,2706.2591109520295,179.03239985450142,,1485.6693455797933,HCT116 OsTIRF74G,No addition,No addition,No addition,pSer5 Pol II 3E8,Goat anti-rat Alexa568,1742,258.2217734681011,1453.8041294642858,260127_ARMC5mAC_PhosphoEU,0.40238626466273786,0.014732682673854374,485.485029299798,2218.6636196557274,No addition,0.0
7,C10,2771.8935541708393,178.3681189365465,,1560.895531400966,HCT116 OsTIRF74G,No addition,No addition,No addition,pSer5 Pol II 3E8,Goat anti-rat Alexa568,1656,263.756897439746,1446.791569863923,260127_ARMC5mAC_PhosphoEU,-0.2618946532921882,-0.009588823376381563,495.8799856496521,2192.916469461035,No addition,0.0
8,C11,2885.8253771617874,178.09888951541427,,1463.6803892215569,HCT116 OsTIRF74G,No addition,No addition,No addition,pSer5 Pol II 3E8,Goat anti-rat Alexa568,1336,256.70266062545545,1451.1697403086187,260127_ARMC5mAC_PhosphoEU,-0.5311240744244117,-0.01944619669236955,509.5510749540043,2292.0354944492633,No addition,0.0
9,C12,2719.5191311326544,178.84099136919832,,1552.8437321121924,HCT116 OsTIRF74G,No addition,No addition,No addition,pSer5 Pol II 3E8,Goat anti-rat Alexa568,1747,250.02530723526104,1478.2563783447417,260127_ARMC5mAC_PhosphoEU,0.2109777793596379,0.007724589399554231,489.81798866956535,2169.843901705054,No addition,0.0
10,C13,2695.424687328942,179.20991893514199,,1614.1273775216139,HCT116 OsTIRF74G,No addition,No addition,No addition,pSer5 Pol II 3E8,Goat anti-rat Alexa568,1735,254.73776984305366,1517.9352168949772,260127_ARMC5mAC_PhosphoEU,0.5799053453033025,0.021232239227614625,494.53617531376125,2226.381863820766,No addition,0.0
11,C14,2872.7149930321402,179.5051738186006,,1534.4977341389729,HCT116 OsTIRF74G,No addition,No addition,No addition,pSer5 Pol II 3E8,Goat anti-rat Alexa568,1324,263.31464991684135,1466.853553199843,260127_ARMC5mAC_PhosphoEU,0.8751602287619278,0.03204249019268588,502.9435196637532,2204.7340925119106,No addition,0.0
12,C15,2692.1251218092507,179.32105476137917,,1604.437252311757,HCT116 OsTIRF74G,No addition,No addition,No addition,pSer5 Pol II 3E8,Goat anti-rat Alexa568,1514,254.93469713304268,1482.798003327787,260127_ARMC5mAC_PhosphoEU,0.6910411715404905,0.025301286820532454,494.047930952612,2246.772953196003,No addition,0.0
13,C16,2713.2428240107365,179.53926918325857,,1503.1693674856247,HCT116 OsTIRF74G,No addition,No addition,No addition,pSer5 Pol II 3E8,Goat anti-rat Alexa568,1913,250.84698911338867,1461.0816381156317,260127_ARMC5mAC_PhosphoEU,0.9092555934198856,0.0332908334694527,497.8953934359883,2189.295835947326,No addition,0.0
14,C17,2720.1616659220276,178.81917560544017,,1545.8033222591362,HCT116 OsTIRF74G,No addition,No addition,No addition,pSer5 Pol II 3E8,Goat anti-rat Alexa568,1505,249.09187765010603,1481.2025931928688,260127_ARMC5mAC_PhosphoEU,0.18916201560148238,0.006925842640625805,499.9408793411679,2210.470720686289,No addition,0.0
15,C18,2717.742579703411,180.24829381566929,,1590.767032967033,HCT116 OsTIRF74G,No addition,No addition,No addition,pSer5 Pol II 3E8,Goat anti-rat Alexa568,1820,251.12591958807116,1483.7317816569687,260127_ARMC5mAC_PhosphoEU,1.6182802258306026,0.05925055385406515,496.24141842003894,2249.00146707827,No addition,0.0
16,C19,2953.2085654958037,180.26172002731755,,1529.2473021582734,HCT116 OsTIRF74G,No addition,No addition,No addition,pSer5 Pol II 3E8,Goat anti-rat Alexa568,1112,260.6163781925074,1465.2785802723895,260127_ARMC5mAC_PhosphoEU,1.6317064374788686,0.05974213155712542,507.4229754271631,2347.6125407889645,No addition,0.0
17,C20,2857.758556181217,180.16818859264916,,1563.7924403183024,HCT116 OsTIRF74G,No addition,No addition,No addition,pSer5 Pol II 3E8,Goat anti-rat Alexa568,1508,251.0017758474944,1512.0992720052946,260127_ARMC5mAC_PhosphoEU,1.5381750028104761,0.05631763855621566,497.45942603430643,2216.0315337520838,No addition,0.0
18,C21,2792.656421153959,180.03975513314006,,1553.003861003861,HCT116 OsTIRF74G,No addition,No addition,No addition,pSer5 Pol II 3E8,Goat anti-rat Alexa568,1295,245.9563338094352,1486.0828983727356,260127_ARMC5mAC_PhosphoEU,1.4097415433013794,0.05161526780000016,493.8456108004144,2256.9290456191816,No addition,0.0
19,C22,2796.641994862293,179.95817327369605,,1688.1150971599402,HCT116 OsTIRF74G,No addition,No addition,No addition,pSer5 Pol II 3E8,Goat anti-rat Alexa568,1338,248.97623940522868,1575.3869026548673,260127_ARMC5mAC_PhosphoEU,1.3281596838573648,0.04862828799307497,464.3250440823887,2102.447653757175,No addition,0.0
20,D03,2897.414705199619,178.3822381386292,,1522.28238583411,HCT116 OsTIRF74G,"EU 1 mM, 30 mins",No addition,No addition,pSer5 Pol II 3E8,Goat anti-rat Alexa568,1073,691.2548794233132,1459.605208763952,260127_ARMC5mAC_PhosphoEU,-0.24777545120949185,-0.009071873017584558,446.4281264449214,1983.5470509224522,No addition,0.0
21,D04,2863.139366115286,178.22784023905382,,1517.07109375,HCT116 OsTIRF74G,"EU 1 mM, 30 mins",10 µM 5PhIAA,2,pSer5 Pol II 3E8,Goat anti-rat Alexa568,1280,760.8082942767699,1457.279117147708,260127_ARMC5mAC_PhosphoEU,-0.4021733507848637,-0.014724887197529632,459.6250280437209,1965.9487743205048,2,2.0
22,D05,3501.3495279972853,178.71851688993132,,1384.3067010309278,HCT116 OsTIRF74G ARMC5mAC Clone 5A1,"EU 1 mM, 30 mins",10 µM 5PhIAA,2,pSer5 Pol II 3E8,Goat anti-rat Alexa568,776,633.8797057525738,1379.2778091473745,260127_ARMC5mAC_PhosphoEU,0.08850330009263985,0.0032403964805971506,476.20004860807444,2134.2331189818537,2,2.0
23,D06,3195.1538288472825,178.79076759487552,,1394.4421524663678,HCT116 OsTIRF74G ARMC5mAC Clone 5F9,"EU 1 mM, 30 mins",10 µM 5PhIAA,2,pSer5 Pol II 3E8,Goat anti-rat Alexa568,1115,773.2836148554633,1315.5217391304348,260127_ARMC5mAC_PhosphoEU,0.16075400503683568,0.005885732075730573,481.6345426695892,2202.2988163182977,2,2.0
24,D07,2710.7415835417546,177.36547003374517,,1484.8818493150684,HCT116 OsTIRF74G,"EU 1 mM, 30 mins",Vehicle,2,pSer5 Pol II 3E8,Goat anti-rat Alexa568,1168,847.0164721516128,1433.4464360150062,260127_ARMC5mAC_PhosphoEU,-1.264543556093514,-0.04629909262635504,470.142102431986,2061.7211336566634,2,0.0
25,D08,3026.6236106134165,203.46355295573946,,1455.8179162609542,HCT116 OsTIRF74G ARMC5mAC Clone 5A1,"EU 1 mM, 30 mins",Vehicle,2,pSer5 Pol II 3E8,Goat anti-rat Alexa568,1027,745.0669519298007,1392.541232638889,260127_ARMC5mAC_PhosphoEU,24.833539365900776,0.9092374349634877,475.8526661716395,2123.157292475435,2,0.0
26,D09,2921.9213810916012,205.63149718104702,,1384.2056574923547,HCT116 OsTIRF74G ARMC5mAC Clone 5F9,"EU 1 mM, 30 mins",Vehicle,2,pSer5 Pol II 3E8,Goat anti-rat Alexa568,1308,807.7294655062135,1314.6932012299283,260127_ARMC5mAC_PhosphoEU,27.00148359120834,0.9886129930552675,500.97270403522117,2287.8456367350173,2,0.0
27,D10,2778.0364254337733,177.44932879105897,,1523.246887966805,HCT116 OsTIRF74G,"EU 1 mM, 30 mins",10 µM 5PhIAA,2,pSer5 Pol II 3E8,Goat anti-rat Alexa568,1446,761.2037250421041,1436.0968514715948,260127_ARMC5mAC_PhosphoEU,-1.1806847987797084,-0.043228748110585906,466.93242216427933,2055.2582944519427,2,2.0
28,D11,3582.6623430345235,179.32075305892937,,1384.5142517814727,HCT116 OsTIRF74G ARMC5mAC Clone 5A1,"EU 1 mM, 30 mins",10 µM 5PhIAA,2,pSer5 Pol II 3E8,Goat anti-rat Alexa568,842,609.2262284161884,1412.8181818181818,260127_ARMC5mAC_PhosphoEU,0.690739469090687,0.025290240502988275,495.0680904783373,2184.623024057072,2,2.0
29,D12,3066.378029131762,180.33092224410896,,1469.0928088506453,HCT116 OsTIRF74G ARMC5mAC Clone 5F9,"EU 1 mM, 30 mins",10 µM 5PhIAA,2,pSer5 Pol II 3E8,Goat anti-rat Alexa568,1627,723.027987359482,1360.13171057019,260127_ARMC5mAC_PhosphoEU,1.700908654270279,0.06227585198908314,493.828269724177,2302.5357023629626,2,2.0
30,D13,2861.6347007351605,179.91753759968057,,1456.3001531393568,HCT116 OsTIRF74G,"EU 1 mM, 30 mins",Vehicle,2,pSer5 Pol II 3E8,Goat anti-rat Alexa568,1306,858.1165114093435,1417.814910025707,260127_ARMC5mAC_PhosphoEU,1.2875240098418885,0.047140482510922184,476.74047244395314,2080.64971832335,2,0.0
31,D14,3227.556365180408,206.00280404696454,,1417.421875,HCT116 OsTIRF74G ARMC5mAC Clone 5A1,"EU 1 mM, 30 mins",Vehicle,2,pSer5 Pol II 3E8,Goat anti-rat Alexa568,832,653.930192368636,1429.2503176620075,260127_ARMC5mAC_PhosphoEU,27.37279045712586,1.0022077568695125,489.8482143835759,2135.91205446045,2,0.0
32,D15,2872.809166384335,206.71471127728267,,1412.6029207232268,HCT116 OsTIRF74G ARMC5mAC Clone 5F9,"EU 1 mM, 30 mins",Vehicle,2,pSer5 Pol II 3E8,Goat anti-rat Alexa568,1438,786.9656258263435,1306.905529110216,260127_ARMC5mAC_PhosphoEU,28.08469768744399,1.0282730186305977,500.0857826777881,2335.2595094330454,2,0.0
33,D16,2864.2478674924273,179.65141059537947,,1484.843152866242,HCT116 OsTIRF74G,"EU 1 mM, 30 mins",10 µM 5PhIAA,2,pSer5 Pol II 3E8,Goat anti-rat Alexa568,1256,732.3601295863042,1439.3611650485436,260127_ARMC5mAC_PhosphoEU,1.0213970055407913,0.03739669886413754,488.90879395020323,2175.181210893263,2,2.0
34,D17,3443.873957431434,181.09548630541468,,1454.5627044711014,HCT116 OsTIRF74G ARMC5mAC Clone 5A1,"EU 1 mM, 30 mins",10 µM 5PhIAA,2,pSer5 Pol II 3E8,Goat anti-rat Alexa568,917,617.2275419145385,1439.3545183714002,260127_ARMC5mAC_PhosphoEU,2.4654727155759986,0.0902690532691804,498.59806917362596,2245.291596079419,2,2.0
35,D18,3262.6387011553543,182.00103666096533,,1421.5485398579322,HCT116 OsTIRF74G ARMC5mAC Clone 5F9,"EU 1 mM, 30 mins",10 µM 5PhIAA,2,pSer5 Pol II 3E8,Goat anti-rat Alexa568,1267,745.5163567146848,1306.9332197614992,260127_ARMC5mAC_PhosphoEU,3.3710230711266433,0.12342422581142817,509.17241781244667,2380.879020401908,2,2.0
36,D19,2872.293747031101,181.06594501422418,,1471.519256308101,HCT116 OsTIRF74G,"EU 1 mM, 30 mins",Vehicle,2,pSer5 Pol II 3E8,Goat anti-rat Alexa568,1506,834.8158627926045,1417.4546023794614,260127_ARMC5mAC_PhosphoEU,2.435931424385501,0.08918744957863119,491.1155804325873,2176.8192855299426,2,0.0
37,D20,3135.0651689494753,208.31842813679376,,1464.542,HCT116 OsTIRF74G ARMC5mAC Clone 5A1,"EU 1 mM, 30 mins",Vehicle,2,pSer5 Pol II 3E8,Goat anti-rat Alexa568,1000,701.5481041923317,1407.2680913064594,260127_ARMC5mAC_PhosphoEU,29.688414546955073,1.0869903598144233,511.7055475251797,2262.7857087982507,2,0.0
38,D21,3052.745860546316,208.02418907446264,,1381.5561752988049,HCT116 OsTIRF74G ARMC5mAC Clone 5F9,"EU 1 mM, 30 mins",Vehicle,2,pSer5 Pol II 3E8,Goat anti-rat Alexa568,1255,845.0550926239163,1292.7039497969731,260127_ARMC5mAC_PhosphoEU,29.394175484623958,1.0762173013970089,529.4342368178555,2525.7662462707954,2,0.0
39,D22,2790.651268798421,180.55088112214685,,1531.9055007052186,HCT116 OsTIRF74G,"EU 1 mM, 30 mins",No addition,No addition,pSer5 Pol II 3E8,Goat anti-rat Alexa568,1418,644.4364340319544,1460.6305348919589,260127_ARMC5mAC_PhosphoEU,1.920867532308165,0.07032926890714152,473.13181717015624,2141.5841298736577,No addition,0.0
40,E03,2719.9534907207735,177.12302170968564,,1577.3248322147651,HCT116 OsTIRF74G,"EU 1 mM, 30 mins",No addition,No addition,pSer5 Pol II 3E8,Goat anti-rat Alexa568,1490,825.9523206220108,1465.4346599811972,260127_ARMC5mAC_PhosphoEU,-1.5069918801530378,-0.055175922023527904,441.5556873970904,1969.0822668318497,No addition,0.0
41,E04,2723.0208862612744,178.07885718248272,,1501.621156211562,HCT116 OsTIRF74G,"EU 1 mM, 30 mins",10 µM 5PhIAA,8,pSer5 Pol II 3E8,Goat anti-rat Alexa568,1626,861.5716294678176,1445.1822316555488,260127_ARMC5mAC_PhosphoEU,-0.5511564073559612,-0.020179646191558806,459.1004857195271,1978.2227263407372,8,8.0
42,E05,4404.205717368463,177.79297905686988,,1394.7185289957567,HCT116 OsTIRF74G ARMC5mAC Clone 5A1,"EU 1 mM, 30 mins",10 µM 5PhIAA,8,pSer5 Pol II 3E8,Goat anti-rat Alexa568,707,651.8950326499694,1455.4488372093024,260127_ARMC5mAC_PhosphoEU,-0.8370345329688007,-0.03064658325657107,475.21405568457374,2120.5433838927984,8,8.0
43,E06,4210.176073062742,178.84714531430117,,1300.484295845998,HCT116 OsTIRF74G ARMC5mAC Clone 5F9,"EU 1 mM, 30 mins",10 µM 5PhIAA,8,pSer5 Pol II 3E8,Goat anti-rat Alexa568,987,897.2600606361116,1298.7261326860842,260127_ARMC5mAC_PhosphoEU,0.21713172446249018,0.007949905540672103,509.32652860663114,2340.494236943307,8,8.0
44,E07,2750.2917139990973,176.71452671716327,,1471.5033112582782,HCT116 OsTIRF74G,"EU 1 mM, 30 mins",Vehicle,8,pSer5 Pol II 3E8,Goat anti-rat Alexa568,1359,979.3494856940097,1436.5078500480615,260127_ARMC5mAC_PhosphoEU,-1.915486872675416,-0.07013226528672284,455.8869898548395,2027.6661447070358,8,0.0
45,E08,3314.271317477565,206.8634102416623,,1357.106936416185,HCT116 OsTIRF74G ARMC5mAC Clone 5A1,"EU 1 mM, 30 mins",Vehicle,8,pSer5 Pol II 3E8,Goat anti-rat Alexa568,692,731.6412587762901,1369.0337837837837,260127_ARMC5mAC_PhosphoEU,28.233396651823625,1.0337173760764766,489.585089975718,2217.284656894987,8,0.0
46,E09,3023.3184196336374,206.35074961539428,,1298.6453287197232,HCT116 OsTIRF74G ARMC5mAC Clone 5F9,"EU 1 mM, 30 mins",Vehicle,8,pSer5 Pol II 3E8,Goat anti-rat Alexa568,1156,881.7242423881414,1296.1359438492796,260127_ARMC5mAC_PhosphoEU,27.720736025555595,1.0149471868591164,498.22226652269126,2396.7710993311302,8,0.0
47,E10,2802.1669351022765,177.1952899042124,,1501.008797653959,HCT116 OsTIRF74G,"EU 1 mM, 30 mins",10 µM 5PhIAA,8,pSer5 Pol II 3E8,Goat anti-rat Alexa568,1364,808.2615874262715,1407.9330284220844,260127_ARMC5mAC_PhosphoEU,-1.4347236856262953,-0.05252994607733783,459.08517549994,2084.9547272474138,8,8.0
48,E11,4794.930454323331,178.64376630545877,,1445.2509702457955,HCT116 OsTIRF74G ARMC5mAC Clone 5A1,"EU 1 mM, 30 mins",10 µM 5PhIAA,8,pSer5 Pol II 3E8,Goat anti-rat Alexa568,773,630.7223493865631,1432.7967061245497,260127_ARMC5mAC_PhosphoEU,0.013752715620086065,0.0005035320857790976,489.36041214921147,2154.1722293061603,8,8.0
49,E12,3842.273634472098,179.84116199406253,,1385.3335820895522,HCT116 OsTIRF74G ARMC5mAC Clone 5F9,"EU 1 mM, 30 mins",10 µM 5PhIAA,8,pSer5 Pol II 3E8,Goat anti-rat Alexa568,1340,785.2624399067225,1300.8445497630332,260127_ARMC5mAC_PhosphoEU,1.2111484042238487,0.04434412075504283,491.472307136099,2229.63547986388,8,8.0
50,E13,2986.7458168138787,180.3337737055121,,1433.4926829268293,HCT116 OsTIRF74G,"EU 1 mM, 30 mins",Vehicle,8,pSer5 Pol II 3E8,Goat anti-rat Alexa568,1025,856.1269029999555,1378.4808153477218,260127_ARMC5mAC_PhosphoEU,1.7037601156734183,0.06238025335587533,490.0081896915173,2181.8170592747856,8,0.0
51,E14,3226.3188479455816,206.5636540511292,,1440.103217158177,HCT116 OsTIRF74G ARMC5mAC Clone 5A1,"EU 1 mM, 30 mins",Vehicle,8,pSer5 Pol II 3E8,Goat anti-rat Alexa568,746,702.5263727267111,1394.7534759358289,260127_ARMC5mAC_PhosphoEU,27.93364046129051,1.0227423174761305,480.47781717189423,2178.2488158083556,8,0.0
52,E15,2898.082632491549,206.23091410181493,,1411.0600255427842,HCT116 OsTIRF74G ARMC5mAC Clone 5F9,"EU 1 mM, 30 mins",Vehicle,8,pSer5 Pol II 3E8,Goat anti-rat Alexa568,1566,880.4824181375764,1309.3573995426332,260127_ARMC5mAC_PhosphoEU,27.60090051197625,1.010559615140925,485.86449528596285,2406.393883672048,8,0.0
53,E16,2887.404129993048,179.1520522913058,,1482.7771787960467,HCT116 OsTIRF74G,"EU 1 mM, 30 mins",10 µM 5PhIAA,8,pSer5 Pol II 3E8,Goat anti-rat Alexa568,1113,785.1701714089963,1448.5597439544808,260127_ARMC5mAC_PhosphoEU,0.5220387014671246,0.01911355135005023,472.73477537888124,2093.5542631986063,8,8.0
54,E17,4501.461264997819,178.69018623902818,,1423.3355795148248,HCT116 OsTIRF74G ARMC5mAC Clone 5A1,"EU 1 mM, 30 mins",10 µM 5PhIAA,8,pSer5 Pol II 3E8,Goat anti-rat Alexa568,742,616.3762535137356,1404.8227405247812,260127_ARMC5mAC_PhosphoEU,0.0601726491894965,0.002203118306975614,491.8655248793684,2318.881776240569,8,8.0
55,E18,3830.2065650052077,181.25805537500577,,1412.6965517241379,HCT116 OsTIRF74G ARMC5mAC Clone 5F9,"EU 1 mM, 30 mins",10 µM 5PhIAA,8,pSer5 Pol II 3E8,Goat anti-rat Alexa568,1595,803.9721193837482,1333.188988095238,260127_ARMC5mAC_PhosphoEU,2.6280417851670848,0.09622124081931129,507.5547611888845,2359.521212725187,8,8.0
56,E19,2724.0998888448626,179.81472431824426,,1530.1657458563536,HCT116 OsTIRF74G,"EU 1 mM, 30 mins",Vehicle,8,pSer5 Pol II 3E8,Goat anti-rat Alexa568,1629,959.965754108483,1429.1322620519159,260127_ARMC5mAC_PhosphoEU,1.1847107284055767,0.04337615061622287,468.5852356988705,2226.882846348942,8,0.0
57,E20,3181.4084218423836,209.29623570924718,,1433.833147942158,HCT116 OsTIRF74G ARMC5mAC Clone 5A1,"EU 1 mM, 30 mins",Vehicle,8,pSer5 Pol II 3E8,Goat anti-rat Alexa568,899,693.7761979978512,1387.064039408867,260127_ARMC5mAC_PhosphoEU,30.666222119408502,1.122791106375995,486.17936175732194,2225.1969334641803,8,0.0
58,E21,3012.13758692235,209.57406197292354,,1340.5655737704917,HCT116 OsTIRF74G ARMC5mAC Clone 5F9,"EU 1 mM, 30 mins",Vehicle,8,pSer5 Pol II 3E8,Goat anti-rat Alexa568,1220,831.2315347509409,1281.372340425532,260127_ARMC5mAC_PhosphoEU,30.944048383084862,1.132963238331436,501.0175902331076,2519.1009723511434,8,0.0
59,E22,2762.216004756825,181.1081030677271,,1553.1551956815115,HCT116 OsTIRF74G,"EU 1 mM, 30 mins",No addition,No addition,pSer5 Pol II 3E8,Goat anti-rat Alexa568,1482,683.3273046982453,1424.570512820513,260127_ARMC5mAC_PhosphoEU,2.4780894778884033,0.09073099437364603,457.5544244736911,2179.159022987794,No addition,0.0
60,F03,2711.972418002602,178.22100269762527,,1481.537926675095,HCT116 OsTIRF74G,"EU 1 mM, 30 mins",No addition,No addition,pSer5 Pol II 3E8,Goat anti-rat Alexa568,1582,806.1585656038595,1441.3481301307388,260127_ARMC5mAC_PhosphoEU,-0.40901089221341635,-0.014975232045211326,435.52337813109517,1878.6471879617447,No addition,0.0
61,F04,2668.8406909245004,177.4163103432607,,1520.0220588235295,HCT116 OsTIRF74G,"EU 1 mM, 30 mins",10 µM 5PhIAA,24,pSer5 Pol II 3E8,Goat anti-rat Alexa568,1496,754.7076376627389,1463.3373108265425,260127_ARMC5mAC_PhosphoEU,-1.2137032465779782,-0.0444376619242889,440.88523312453293,1891.1083140258079,24,24.0
62,F05,5136.8394606812735,178.51763483536143,,1476.3280721533258,HCT116 OsTIRF74G ARMC5mAC Clone 5A1,"EU 1 mM, 30 mins",10 µM 5PhIAA,24,pSer5 Pol II 3E8,Goat anti-rat Alexa568,887,603.6918180841449,1445.3494653911087,260127_ARMC5mAC_PhosphoEU,-0.11237875447724832,-0.004114555277834781,464.2390954013444,2034.9531785920046,24,24.0
63,F06,4388.948903177093,179.3318973009489,,1408.0136054421769,HCT116 OsTIRF74G ARMC5mAC Clone 5F9,"EU 1 mM, 30 mins",10 µM 5PhIAA,24,pSer5 Pol II 3E8,Goat anti-rat Alexa568,1470,751.9047267407957,1296.356852950359,260127_ARMC5mAC_PhosphoEU,0.701883711110213,0.025698267803452725,464.8443086947291,2149.873943707677,24,24.0
64,F07,2837.3958637213236,177.13374578845773,,1483.7675097276265,HCT116 OsTIRF74G,"EU 1 mM, 30 mins",Vehicle,24,pSer5 Pol II 3E8,Goat anti-rat Alexa568,1028,841.2375584165051,1395.8741438356165,260127_ARMC5mAC_PhosphoEU,-1.4962678013809523,-0.05478327827946031,455.78872269530467,2041.3312947341071,24,0.0
65,F08,3002.6991649478673,203.7036034327857,,1432.7509881422925,HCT116 OsTIRF74G ARMC5mAC Clone 5A1,"EU 1 mM, 30 mins",Vehicle,24,pSer5 Pol II 3E8,Goat anti-rat Alexa568,759,665.2875432454898,1390.3680663556247,260127_ARMC5mAC_PhosphoEU,25.07358984294703,0.9180264713064505,470.1959265943042,2090.5043035534254,24,0.0
66,F09,2791.853155757524,203.86785669298476,,1386.1983345950039,HCT116 OsTIRF74G ARMC5mAC Clone 5F9,"EU 1 mM, 30 mins",Vehicle,24,pSer5 Pol II 3E8,Goat anti-rat Alexa568,1321,865.4963754494946,1329.1002080443827,260127_ARMC5mAC_PhosphoEU,25.237843103146076,0.9240403226059893,476.0668608025669,2286.007926108217,24,0.0
67,F10,2649.071503284406,178.28487575190843,,1526.4172989377846,HCT116 OsTIRF74G,"EU 1 mM, 30 mins",10 µM 5PhIAA,24,pSer5 Pol II 3E8,Goat anti-rat Alexa568,1318,757.8686196369533,1434.1679214402618,260127_ARMC5mAC_PhosphoEU,-0.34513783793025254,-0.012636629754816426,447.60199760702255,1995.412602421114,24,24.0
68,F11,5123.870449827677,178.76833801496696,,1451.4179104477612,HCT116 OsTIRF74G ARMC5mAC Clone 5A1,"EU 1 mM, 30 mins",10 µM 5PhIAA,24,pSer5 Pol II 3E8,Goat anti-rat Alexa568,938,598.360875155127,1448.592203898051,260127_ARMC5mAC_PhosphoEU,0.1383244251282747,0.005064511491629236,468.8631283982938,2096.294282862403,24,24.0
69,F12,4347.261886114063,180.26213890964644,,1450.668383773342,HCT116 OsTIRF74G ARMC5mAC Clone 5F9,"EU 1 mM, 30 mins",10 µM 5PhIAA,24,pSer5 Pol II 3E8,Goat anti-rat Alexa568,1553,714.6486051481014,1353.9983723958333,260127_ARMC5mAC_PhosphoEU,1.6321253198077557,0.05975746821488721,472.4479897067922,2103.7232779254264,24,24.0
70,F13,2747.605359525138,178.86585991148124,,1527.483600837404,HCT116 OsTIRF74G,"EU 1 mM, 30 mins",Vehicle,24,pSer5 Pol II 3E8,Goat anti-rat Alexa568,1433,790.4899445689994,1438.3023175371843,260127_ARMC5mAC_PhosphoEU,0.2358463216425548,0.00863510840626692,456.7630240212887,2040.0593502915553,24,0.0
71,F14,3129.210683154885,206.56098030264738,,1378.327142857143,HCT116 OsTIRF74G ARMC5mAC Clone 5A1,"EU 1 mM, 30 mins",Vehicle,24,pSer5 Pol II 3E8,Goat anti-rat Alexa568,700,647.8815776281118,1353.0934937124111,260127_ARMC5mAC_PhosphoEU,27.930966712808697,1.0226444227630365,474.0366255827198,2171.5683170068723,24,0.0
72,F15,2817.3360926919345,203.3128316563183,,1387.0561342592594,HCT116 OsTIRF74G ARMC5mAC Clone 5F9,"EU 1 mM, 30 mins",Vehicle,24,pSer5 Pol II 3E8,Goat anti-rat Alexa568,1728,853.8649272376038,1300.0991884580703,260127_ARMC5mAC_PhosphoEU,24.682818066479626,0.9037190331899483,488.02729796216255,2384.710880455801,24,0.0
73,F16,2688.9951661639193,178.86507663942024,,1491.444669365722,HCT116 OsTIRF74G,"EU 1 mM, 30 mins",10 µM 5PhIAA,24,pSer5 Pol II 3E8,Goat anti-rat Alexa568,1482,765.1667260092398,1488.3684065934067,260127_ARMC5mAC_PhosphoEU,0.2350630495815551,0.00860643024367686,456.2524957076639,2048.061083103077,24,24.0
74,F17,5255.840778028443,178.68558243478105,,1463.7860026917901,HCT116 OsTIRF74G ARMC5mAC Clone 5A1,"EU 1 mM, 30 mins",10 µM 5PhIAA,24,pSer5 Pol II 3E8,Goat anti-rat Alexa568,743,572.2783902789406,1450.9521850899744,260127_ARMC5mAC_PhosphoEU,0.05556884494237124,0.0020345579135877126,456.14543941552233,2096.89011754084,24,24.0
75,F18,4644.8747355081,180.760732352471,,1420.3944742900999,HCT116 OsTIRF74G ARMC5mAC Clone 5F9,"EU 1 mM, 30 mins",10 µM 5PhIAA,24,pSer5 Pol II 3E8,Goat anti-rat Alexa568,1303,729.149254461471,1377.7607713166617,260127_ARMC5mAC_PhosphoEU,2.1307187626323127,0.07801261164667289,493.6460661370759,2294.4094932688813,24,24.0
76,F19,2715.9135096324685,179.8736906291549,,1526.3318499682136,HCT116 OsTIRF74G,"EU 1 mM, 30 mins",Vehicle,24,pSer5 Pol II 3E8,Goat anti-rat Alexa568,1573,840.0878109189723,1455.3714034057546,260127_ARMC5mAC_PhosphoEU,1.2436770393162249,0.04553510091693094,460.2764481784797,2133.770198791679,24,0.0
77,F20,3119.570197774428,209.70640444316751,,1439.360599078341,HCT116 OsTIRF74G ARMC5mAC Clone 5A1,"EU 1 mM, 30 mins",Vehicle,24,pSer5 Pol II 3E8,Goat anti-rat Alexa568,868,712.0338530297821,1417.125137816979,260127_ARMC5mAC_PhosphoEU,31.07639085332883,1.137808730808702,494.109696731094,2259.737620500596,24,0.0
78,F21,2974.4195639528753,210.46266677934514,,1387.4363791631085,HCT116 OsTIRF74G ARMC5mAC Clone 5F9,"EU 1 mM, 30 mins",Vehicle,24,pSer5 Pol II 3E8,Goat anti-rat Alexa568,1171,815.7222776194704,1302.578478664193,260127_ARMC5mAC_PhosphoEU,31.83265318950646,1.1654979786671777,488.34513949282245,2428.6193654035906,24,0.0
79,F22,2765.116644233021,180.93132439931836,,1508.0491293532339,HCT116 OsTIRF74G,"EU 1 mM, 30 mins",No addition,No addition,pSer5 Pol II 3E8,Goat anti-rat Alexa568,1608,739.8457695370028,1453.3038688876948,260127_ARMC5mAC_PhosphoEU,2.3013108094796735,0.08425854674336905,455.76893665149737,2117.8719880301937,No addition,0.0
80,G03,2748.411842562899,178.65674891807228,,1554.050873196659,HCT116 OsTIRF74G,"EU 1 mM, 30 mins",No addition,No addition,pSer5 Pol II 3E8,Goat anti-rat Alexa568,1317,753.9629075235672,1489.107180385289,260127_ARMC5mAC_PhosphoEU,0.02673532823359892,0.0009788681713007467,441.3342235019523,1976.109623349253,No addition,0.0
81,G04,2745.1453129600145,178.3304150224848,,1492.0737155621741,HCT116 OsTIRF74G,"EU 1 mM, 30 mins",10 µM 5PhIAA,48,pSer5 Pol II 3E8,Goat anti-rat Alexa568,1343,724.1377887095504,1432.316965921583,260127_ARMC5mAC_PhosphoEU,-0.29959856735388257,-0.010969287498085114,447.8822043125229,1931.231754896074,48,48.0
82,G05,5152.570138686425,179.40585191007585,,1531.7907834101381,HCT116 OsTIRF74G ARMC5mAC Clone 5A1,"EU 1 mM, 30 mins",10 µM 5PhIAA,48,pSer5 Pol II 3E8,Goat anti-rat Alexa568,1085,591.2732340083215,1476.3605724838412,260127_ARMC5mAC_PhosphoEU,0.7758383202371704,0.028405988926711267,449.59478027495317,1972.8749456763735,48,48.0
83,G06,4398.098282028982,179.0813009593973,,1449.2235855487388,HCT116 OsTIRF74G ARMC5mAC Clone 5F9,"EU 1 mM, 30 mins",10 µM 5PhIAA,48,pSer5 Pol II 3E8,Goat anti-rat Alexa568,1467,710.7474326504325,1370.4233807266983,260127_ARMC5mAC_PhosphoEU,0.4512873695586279,0.016523112726022925,446.27958254242236,2075.595595124007,48,48.0
84,G07,2591.0009871944876,177.75496761313244,,1523.9500713266762,HCT116 OsTIRF74G,"EU 1 mM, 30 mins",Vehicle,48,pSer5 Pol II 3E8,Goat anti-rat Alexa568,1402,826.3551054245349,1460.1391767012042,260127_ARMC5mAC_PhosphoEU,-0.8750459767062466,-0.03203830704969864,448.73642849964097,1965.9302688952662,48,0.0
85,G08,3029.7801831505803,203.84222196889408,,1454.967619047619,HCT116 OsTIRF74G ARMC5mAC Clone 5A1,"EU 1 mM, 30 mins",Vehicle,48,pSer5 Pol II 3E8,Goat anti-rat Alexa568,1050,671.3881436324233,1364.408051689861,260127_ARMC5mAC_PhosphoEU,25.212208379055397,0.9231017511669858,451.974980738614,2019.728978992095,48,0.0
86,G09,2808.995629415243,196.43390213645802,,1376.3175275190517,HCT116 OsTIRF74G ARMC5mAC Clone 5F9,"EU 1 mM, 30 mins",Vehicle,48,pSer5 Pol II 3E8,Goat anti-rat Alexa568,1181,803.3760307024787,1274.9485043544112,260127_ARMC5mAC_PhosphoEU,17.803888546619334,0.6518588315579318,471.9839686385592,2272.26791860895,48,0.0
87,G10,2520.236967341993,175.81864487108874,,1564.502617801047,HCT116 OsTIRF74G,"EU 1 mM, 30 mins",10 µM 5PhIAA,48,pSer5 Pol II 3E8,Goat anti-rat Alexa568,1337,752.1024699122667,1468.8304039469626,260127_ARMC5mAC_PhosphoEU,-2.8113687187499465,-0.10293344194354909,425.017151739259,1875.0657665931524,48,48.0
88,G11,5305.361427139988,177.46755725283728,,1532.2931242460795,HCT116 OsTIRF74G ARMC5mAC Clone 5A1,"EU 1 mM, 30 mins",10 µM 5PhIAA,48,pSer5 Pol II 3E8,Goat anti-rat Alexa568,829,575.080953215816,1550.6478016838166,260127_ARMC5mAC_PhosphoEU,-1.1624563370014016,-0.042561344258624484,449.40812018861146,1968.3596179149697,48,48.0
89,G12,4302.890645199976,178.94544256182377,,1500.548284960422,HCT116 OsTIRF74G ARMC5mAC Clone 5F9,"EU 1 mM, 30 mins",10 µM 5PhIAA,48,pSer5 Pol II 3E8,Goat anti-rat Alexa568,1895,690.2001022546827,1401.1714787848355,260127_ARMC5mAC_PhosphoEU,0.3154289719850851,0.011548890602146582,445.27574097955335,2044.4491852529432,48,48.0
90,G13,2570.4817223847604,177.6219399355792,,1520.1333775713338,HCT116 OsTIRF74G,"EU 1 mM, 30 mins",Vehicle,48,pSer5 Pol II 3E8,Goat anti-rat Alexa568,1507,793.6177567070612,1459.446319018405,260127_ARMC5mAC_PhosphoEU,-1.0080736542594764,-0.036908887216927304,443.31776639171954,2018.757074537826,48,0.0
91,G14,3068.9741785716956,206.4885368832333,,1416.8552894211577,HCT116 OsTIRF74G ARMC5mAC Clone 5A1,"EU 1 mM, 30 mins",Vehicle,48,pSer5 Pol II 3E8,Goat anti-rat Alexa568,1002,614.7744783445097,1450.5025737014507,260127_ARMC5mAC_PhosphoEU,27.858523293394626,1.0199920312582444,468.59398491384667,2080.9185601174117,48,0.0
92,G15,2773.4540493479444,193.99316953693645,,1394.077168367347,HCT116 OsTIRF74G ARMC5mAC Clone 5F9,"EU 1 mM, 30 mins",Vehicle,48,pSer5 Pol II 3E8,Goat anti-rat Alexa568,1568,790.3987273330886,1322.252652710066,260127_ARMC5mAC_PhosphoEU,15.363155947097766,0.5624955951894594,475.0060845549076,2231.275420220301,48,0.0
93,G16,2598.083418529497,179.12232994569035,,1563.600142551675,HCT116 OsTIRF74G,"EU 1 mM, 30 mins",10 µM 5PhIAA,48,pSer5 Pol II 3E8,Goat anti-rat Alexa568,1403,636.9595905186899,1502.922411029176,260127_ARMC5mAC_PhosphoEU,0.49231635585167055,0.018025318662381006,450.49214190865064,1965.3063573131096,48,48.0
94,G17,5307.457622765758,180.0986077962631,,1551.8389261744967,HCT116 OsTIRF74G ARMC5mAC Clone 5A1,"EU 1 mM, 30 mins",10 µM 5PhIAA,48,pSer5 Pol II 3E8,Goat anti-rat Alexa568,894,549.814169412971,1519.6056415929204,260127_ARMC5mAC_PhosphoEU,1.4685942064244273,0.05377005708195999,433.93046685211556,1975.020425394544,48,48.0
95,G18,4350.408612436026,181.9515767379399,,1458.2183833116037,HCT116 OsTIRF74G ARMC5mAC Clone 5F9,"EU 1 mM, 30 mins",10 µM 5PhIAA,48,pSer5 Pol II 3E8,Goat anti-rat Alexa568,1534,643.3966849823333,1411.493817204301,260127_ARMC5mAC_PhosphoEU,3.3215631481012053,0.12161333559225584,457.5452192986808,2021.447727708568,48,48.0
96,G19,2681.602305671556,181.07681978727697,,1488.0467289719627,HCT116 OsTIRF74G,"EU 1 mM, 30 mins",Vehicle,48,pSer5 Pol II 3E8,Goat anti-rat Alexa568,1284,796.915625801998,1453.7532509752925,260127_ARMC5mAC_PhosphoEU,2.446806197438292,0.0895856107352284,463.3260811620818,2079.5430750268733,48,0.0
97,G20,3218.5606982328127,209.06987974026836,,1441.8507890961262,HCT116 OsTIRF74G ARMC5mAC Clone 5A1,"EU 1 mM, 30 mins",Vehicle,48,pSer5 Pol II 3E8,Goat anti-rat Alexa568,697,614.8545977361032,1438.2190656565656,260127_ARMC5mAC_PhosphoEU,30.43986615042968,1.1145034709491424,466.7256159241933,2118.8152792159776,48,0.0
98,G21,2852.992788696664,210.6951154771055,,1375.292050209205,HCT116 OsTIRF74G ARMC5mAC Clone 5F9,"EU 1 mM, 30 mins",Vehicle,48,pSer5 Pol II 3E8,Goat anti-rat Alexa568,1195,770.5752271075849,1356.6020786933927,260127_ARMC5mAC_PhosphoEU,32.06510188726682,1.174008688904577,476.19389228538216,2349.293813495743,48,0.0
99,G22,2600.958878296355,183.22984906808517,,1621.5595823095823,HCT116 OsTIRF74G,"EU 1 mM, 30 mins",No addition,No addition,pSer5 Pol II 3E8,Goat anti-rat Alexa568,1628,663.9624380807822,1504.002771789344,260127_ARMC5mAC_PhosphoEU,4.59983547824649,0.1684150837249446,433.0065281547873,1960.1386239540627,No addition,0.0
100,H03,2718.607918928477,177.85428490021434,,1548.8984375,HCT116 OsTIRF74G,"EU 1 mM, 30 mins",No addition,No addition,pSer5 Pol II 3E8,Goat anti-rat Alexa568,1408,726.6992144045118,1450.572577824414,260127_ARMC5mAC_PhosphoEU,-0.7757286896243443,-0.02840197498992478,436.6729865029036,1909.8317743024313,No addition,0.0
101,H04,2592.459765733573,180.52934930133094,,1573.9882434301521,HCT116 OsTIRF74G,"EU 1 mM, 30 mins",10 µM 5PhIAA,48,pSer5 Pol II 3E8,Goat anti-rat Alexa568,1446,685.2308415975982,1519.6990544506032,260127_ARMC5mAC_PhosphoEU,1.899335711492256,0.0695409182318595,437.3365486176585,1874.4069500167623,48,48.0
102,H05,5039.016755316928,179.54794266135468,,1554.1237993596585,HCT116 OsTIRF74G ARMC5mAC Clone 5A1,"EU 1 mM, 30 mins",10 µM 5PhIAA,48,pSer5 Pol II 3E8,Goat anti-rat Alexa568,937,574.2906487430492,1499.9800833719314,260127_ARMC5mAC_PhosphoEU,0.9179290715159993,0.0336083979881516,442.07357634216913,1928.3932260350934,48,48.0
103,H06,4329.695020778772,179.8261646334372,,1484.6724738675957,HCT116 OsTIRF74G ARMC5mAC Clone 5F9,"EU 1 mM, 30 mins",10 µM 5PhIAA,48,pSer5 Pol II 3E8,Goat anti-rat Alexa568,1722,682.678236957685,1395.6944444444443,260127_ARMC5mAC_PhosphoEU,1.196151043598519,0.04379501812793518,431.0889630819474,1992.2685646084262,48,48.0
104,H07,2590.5546888538256,176.5959499515363,,1560.675505050505,HCT116 OsTIRF74G,"EU 1 mM, 30 mins",Vehicle,48,pSer5 Pol II 3E8,Goat anti-rat Alexa568,1584,784.1301623416716,1514.8140987507436,260127_ARMC5mAC_PhosphoEU,-2.0340636383023707,-0.07447375010837336,443.7378712374644,1924.1774020276944,48,0.0
105,H08,3054.688955666297,208.8679522375071,,1378.4848800834202,HCT116 OsTIRF74G ARMC5mAC Clone 5A1,"EU 1 mM, 30 mins",Vehicle,48,pSer5 Pol II 3E8,Goat anti-rat Alexa568,959,656.4993437582336,1374.2292637465052,260127_ARMC5mAC_PhosphoEU,30.237938647668415,1.1071102418989436,458.8457878522412,1983.1574835990941,48,0.0
106,H09,2810.5246138652474,197.63257571033301,,1358.0226480836236,HCT116 OsTIRF74G ARMC5mAC Clone 5F9,"EU 1 mM, 30 mins",Vehicle,48,pSer5 Pol II 3E8,Goat anti-rat Alexa568,1148,755.8843414338638,1285.7008862629248,260127_ARMC5mAC_PhosphoEU,19.002562120494332,0.6957462078038303,461.4802892417568,2163.621136881728,48,0.0
107,H10,2599.6712879343886,175.64716171222534,,1516.7180192572214,HCT116 OsTIRF74G,"EU 1 mM, 30 mins",10 µM 5PhIAA,48,pSer5 Pol II 3E8,Goat anti-rat Alexa568,1454,720.7238480257043,1466.168034032209,260127_ARMC5mAC_PhosphoEU,-2.982851877613342,-0.10921200357775916,437.6545701511518,1843.4121838262292,48,48.0
108,H11,5315.578957195186,177.14853881510774,,1540.360465116279,HCT116 OsTIRF74G ARMC5mAC Clone 5A1,"EU 1 mM, 30 mins",10 µM 5PhIAA,48,pSer5 Pol II 3E8,Goat anti-rat Alexa568,946,537.2046774018322,1538.301054650048,260127_ARMC5mAC_PhosphoEU,-1.4814747747309411,-0.05424165699026657,447.83283892066646,1899.9118055679548,48,48.0
109,H12,4512.080184695794,178.78098044447128,,1460.6374184191443,HCT116 OsTIRF74G ARMC5mAC Clone 5F9,"EU 1 mM, 30 mins",10 µM 5PhIAA,48,pSer5 Pol II 3E8,Goat anti-rat Alexa568,1379,632.9696414405046,1385.2955528103769,260127_ARMC5mAC_PhosphoEU,0.15096685463259973,0.005527392356287743,446.1507707135609,1977.4172455673647,48,48.0
110,H13,2666.3049758582615,178.69938163201425,,1512.1257689678741,HCT116 OsTIRF74G,"EU 1 mM, 30 mins",Vehicle,48,pSer5 Pol II 3E8,Goat anti-rat Alexa568,1463,752.9588050376564,1427.4192668888215,260127_ARMC5mAC_PhosphoEU,0.06936804217556869,0.002539791843878607,442.7080683534744,1979.366776571203,48,0.0
111,H14,2942.428059587937,206.17350137048751,,1498.3258527827647,HCT116 OsTIRF74G ARMC5mAC Clone 5A1,"EU 1 mM, 30 mins",Vehicle,48,pSer5 Pol II 3E8,Goat anti-rat Alexa568,1114,652.6216236410163,1415.9847878302642,260127_ARMC5mAC_PhosphoEU,27.54348778064883,1.0084575464910543,456.0770615373096,2074.1450699145194,48,0.0
112,H15,2768.864060062388,201.3159605465963,,1414.4515173945226,HCT116 OsTIRF74G ARMC5mAC Clone 5F9,"EU 1 mM, 30 mins",Vehicle,48,pSer5 Pol II 3E8,Goat anti-rat Alexa568,1351,753.4018197389456,1330.715593331154,260127_ARMC5mAC_PhosphoEU,22.68594695675762,0.8306070237013051,475.6810609695329,2222.4020441923312,48,0.0
113,H16,2521.551070345499,179.3496464714755,,1628.823732718894,HCT116 OsTIRF74G,"EU 1 mM, 30 mins",10 µM 5PhIAA,48,pSer5 Pol II 3E8,Goat anti-rat Alexa568,1736,673.1582623971116,1526.893492628368,260127_ARMC5mAC_PhosphoEU,0.7196328816368123,0.02634812322859177,443.1608428642711,1885.09445769581,48,48.0
114,H17,5207.346252536211,179.972040649395,,1540.8910891089108,HCT116 OsTIRF74G ARMC5mAC Clone 5A1,"EU 1 mM, 30 mins",10 µM 5PhIAA,48,pSer5 Pol II 3E8,Goat anti-rat Alexa568,1010,532.9201255785173,1535.5695833333334,260127_ARMC5mAC_PhosphoEU,1.3420270595563295,0.0491360181609106,439.1341407026024,1932.128690603009,48,48.0
115,H18,4445.4272899048965,180.93210028455252,,1474.25920964501,HCT116 OsTIRF74G ARMC5mAC Clone 5F9,"EU 1 mM, 30 mins",10 µM 5PhIAA,48,pSer5 Pol II 3E8,Goat anti-rat Alexa568,1493,655.6230297075808,1381.531713900135,260127_ARMC5mAC_PhosphoEU,2.302086694713836,0.08428695444996864,453.91406536721513,2026.3657280194927,48,48.0
116,H19,2556.6791466855357,179.63306259447148,,1535.6406984553391,HCT116 OsTIRF74G,"EU 1 mM, 30 mins",Vehicle,48,pSer5 Pol II 3E8,Goat anti-rat Alexa568,1489,790.8906933022813,1488.315459212778,260127_ARMC5mAC_PhosphoEU,1.0030490046327998,0.0367249182920457,436.15933169124804,1920.8451935030382,48,0.0
117,H20,3180.924184413079,209.56063209415723,,1356.1181818181817,HCT116 OsTIRF74G ARMC5mAC Clone 5A1,"EU 1 mM, 30 mins",Vehicle,48,pSer5 Pol II 3E8,Goat anti-rat Alexa568,770,619.0102193997113,1389.4389291689906,260127_ARMC5mAC_PhosphoEU,30.930618504318545,1.1324715263631404,477.26218277015397,1990.9045511365518,48,0.0
118,H21,2931.806563877248,210.08160256404187,,1333.4625482625484,HCT116 OsTIRF74G ARMC5mAC Clone 5F9,"EU 1 mM, 30 mins",Vehicle,48,pSer5 Pol II 3E8,Goat anti-rat Alexa568,1295,751.1877964145882,1337.4518469656991,260127_ARMC5mAC_PhosphoEU,31.45158897420319,1.1515459662466498,478.81518249357816,2179.270552681322,48,0.0
119,H22,2668.6346288082764,181.82284760089306,,1562.2981407702523,HCT116 OsTIRF74G,"EU 1 mM, 30 mins",No addition,No addition,pSer5 Pol II 3E8,Goat anti-rat Alexa568,1506,566.3656106776291,1484.8976323119778,260127_ARMC5mAC_PhosphoEU,3.192834011054373,0.1169001391103141,441.5285572159736,1957.1025088000981,No addition,0.0
120,I03,2656.614678813367,177.56922272052012,,1614.1802985074628,HCT116 OsTIRF74G,"EU 1 mM, 30 mins",No addition,No addition,pSer5 Pol II 3E8,Goat anti-rat Alexa568,1675,749.927106674793,1488.045930428909,260127_ARMC5mAC_PhosphoEU,-1.0607908693185664,-0.0388390375951115,424.9413508635221,1887.519852875671,No addition,0.0
121,I04,2837.893194574366,179.32750368855838,,1477.1104883907126,HCT116 OsTIRF74G,"EU 1 mM, 30 mins",Vehicle,2,pSer5 Pol II 3E8,Goat anti-rat Alexa568,1249,755.899308414304,1421.1675874769796,260127_ARMC5mAC_PhosphoEU,0.6974900987196975,0.02553740322425136,456.943817165195,1931.4313000664545,2,0.0
122,I05,3261.30451889058,207.4327133159444,,1438.1374663072777,HCT116 OsTIRF74G ARMC5mAC Clone 5A1,"EU 1 mM, 30 mins",Vehicle,2,pSer5 Pol II 3E8,Goat anti-rat Alexa568,742,622.0796175284164,1423.9606741573034,260127_ARMC5mAC_PhosphoEU,28.802699726105715,1.0545614313418263,465.535642350793,2003.8500066054078,2,0.0
123,I06,2964.160945303903,205.27057959800817,,1299.3400182315406,HCT116 OsTIRF74G ARMC5mAC Clone 5F9,"EU 1 mM, 30 mins",Vehicle,2,pSer5 Pol II 3E8,Goat anti-rat Alexa568,1097,712.4087835907159,1262.3093080724877,260127_ARMC5mAC_PhosphoEU,26.640566008169486,0.9753986150078889,492.96846382881927,2211.576035510548,2,0.0
124,I07,2714.05675729519,177.29500030073197,,1501.2901315789475,HCT116 OsTIRF74G,"EU 1 mM, 30 mins",10 µM 5PhIAA,2,pSer5 Pol II 3E8,Goat anti-rat Alexa568,1520,712.4715823381088,1416.5847513089004,260127_ARMC5mAC_PhosphoEU,-1.335013289106712,-0.04887922098999305,442.6862050283325,1954.9982510023724,2,2.0
125,I08,3322.377177848211,178.26076911073014,,1468.9470954356846,HCT116 OsTIRF74G ARMC5mAC Clone 5A1,"EU 1 mM, 30 mins",10 µM 5PhIAA,2,pSer5 Pol II 3E8,Goat anti-rat Alexa568,964,547.2538715577225,1433.2277179236044,260127_ARMC5mAC_PhosphoEU,-0.36924447910854497,-0.01351925305983885,467.6131935985048,2054.114866975907,2,2.0
126,I09,3051.7611026245404,178.839146408164,,1394.9428129829985,HCT116 OsTIRF74G ARMC5mAC Clone 5F9,"EU 1 mM, 30 mins",10 µM 5PhIAA,2,pSer5 Pol II 3E8,Goat anti-rat Alexa568,1294,657.4222314870823,1345.655907036798,260127_ARMC5mAC_PhosphoEU,0.20913281832531538,0.007657039316831895,460.9468553905799,2157.536727202868,2,2.0
127,I10,2687.41237249661,177.36522376926527,,1477.4486873508354,HCT116 OsTIRF74G,"EU 1 mM, 30 mins",Vehicle,2,pSer5 Pol II 3E8,Goat anti-rat Alexa568,1257,718.866969677215,1401.7295509919945,260127_ARMC5mAC_PhosphoEU,-1.2647898205734123,-0.04630810917775055,445.9957980759462,1883.1061594411633,2,0.0
128,I11,2986.385107877872,204.76806044344627,,1441.0757211538462,HCT116 OsTIRF74G ARMC5mAC Clone 5A1,"EU 1 mM, 30 mins",Vehicle,2,pSer5 Pol II 3E8,Goat anti-rat Alexa568,832,567.4613939692913,1387.1639004149379,260127_ARMC5mAC_PhosphoEU,26.13804685360759,0.9569997383765029,452.99849210429835,2029.3799633405984,2,0.0
129,I12,2755.4686122607627,205.0414404181724,,1374.947080291971,HCT116 OsTIRF74G ARMC5mAC Clone 5F9,"EU 1 mM, 30 mins",Vehicle,2,pSer5 Pol II 3E8,Goat anti-rat Alexa568,1096,658.2782863272149,1268.130341113106,260127_ARMC5mAC_PhosphoEU,26.41142682833373,0.9670090770908905,452.19201214774057,2075.980212056579,2,0.0
130,I13,2651.4513224261113,177.43123395676022,,1578.4869960988296,HCT116 OsTIRF74G,"EU 1 mM, 30 mins",10 µM 5PhIAA,2,pSer5 Pol II 3E8,Goat anti-rat Alexa568,1538,618.514306401801,1472.4062695924765,260127_ARMC5mAC_PhosphoEU,-1.198779633078459,-0.04389125942165888,433.3580375489829,1920.5643319383673,2,2.0
131,I14,3288.9388378262697,180.0509921113479,,1496.2338262476894,HCT116 OsTIRF74G ARMC5mAC Clone 5A1,"EU 1 mM, 30 mins",10 µM 5PhIAA,2,pSer5 Pol II 3E8,Goat anti-rat Alexa568,1082,521.0069494165251,1425.635340186001,260127_ARMC5mAC_PhosphoEU,1.4209785215092268,0.052026690476885,467.3928217367384,2035.2406635731647,2,2.0
132,I15,3080.3641536329465,181.80427191785236,,1437.6985677083333,HCT116 OsTIRF74G ARMC5mAC Clone 5F9,"EU 1 mM, 30 mins",10 µM 5PhIAA,2,pSer5 Pol II 3E8,Goat anti-rat Alexa568,1536,655.6816510804802,1333.6846991037132,260127_ARMC5mAC_PhosphoEU,3.1742583280136785,0.11622002234758606,457.78171274177816,2202.2753273309627,2,2.0
133,I16,2532.200202167371,181.58913024965037,,1569.274819197896,HCT116 OsTIRF74G,"EU 1 mM, 30 mins",Vehicle,2,pSer5 Pol II 3E8,Goat anti-rat Alexa568,1521,693.6355159272904,1461.593921852388,260127_ARMC5mAC_PhosphoEU,2.9591166598116843,0.10834297930239098,446.5954457111943,1946.9983212339391,2,0.0
134,I17,3164.450612005234,205.2205890263102,,1356.8925729442972,HCT116 OsTIRF74G ARMC5mAC Clone 5A1,"EU 1 mM, 30 mins",Vehicle,2,pSer5 Pol II 3E8,Goat anti-rat Alexa568,754,593.6417299282648,1388.2649006622516,260127_ARMC5mAC_PhosphoEU,26.59057543647151,0.9735682959980487,467.48523457693153,2088.2294848764345,2,0.0
135,I18,2916.82183466812,207.1339458876187,,1347.2781350482314,HCT116 OsTIRF74G ARMC5mAC Clone 5F9,"EU 1 mM, 30 mins",Vehicle,2,pSer5 Pol II 3E8,Goat anti-rat Alexa568,1244,675.3279997331518,1302.760434340007,260127_ARMC5mAC_PhosphoEU,28.50393229778001,1.0436225745732053,479.1078253456547,2153.4340911378804,2,0.0
136,I19,2811.2959854414794,178.7812610215703,,1506.2482380579484,HCT116 OsTIRF74G,"EU 1 mM, 30 mins",10 µM 5PhIAA,2,pSer5 Pol II 3E8,Goat anti-rat Alexa568,1277,658.2177782323727,1450.3820816864295,260127_ARMC5mAC_PhosphoEU,0.15124743173160482,0.005537665205358914,457.5164543181906,1945.6104407061077,2,2.0
137,I20,3397.0247457040996,181.0680497176689,,1456.372340425532,HCT116 OsTIRF74G ARMC5mAC Clone 5A1,"EU 1 mM, 30 mins",10 µM 5PhIAA,2,pSer5 Pol II 3E8,Goat anti-rat Alexa568,752,515.040868339765,1440.1963123644252,260127_ARMC5mAC_PhosphoEU,2.4380361278302303,0.08926450968404943,458.89299173778386,1916.653859332521,2,2.0
138,I21,3330.095078336121,183.20956454358293,,1399.6932409012131,HCT116 OsTIRF74G ARMC5mAC Clone 5F9,"EU 1 mM, 30 mins",10 µM 5PhIAA,2,pSer5 Pol II 3E8,Goat anti-rat Alexa568,1154,660.581900633999,1324.741533670689,260127_ARMC5mAC_PhosphoEU,4.579550953744246,0.16767240066409989,476.60427129678806,2227.270201040419,2,2.0
139,I22,2711.3092032607888,183.63747607872622,,1518.024860161591,HCT116 OsTIRF74G,"EU 1 mM, 30 mins",No addition,No addition,pSer5 Pol II 3E8,Goat anti-rat Alexa568,1609,654.1022574972995,1451.6168032786886,260127_ARMC5mAC_PhosphoEU,5.0074624888875405,0.18333964732082167,445.6827124848254,1900.7609048682325,No addition,0.0
140,J03,2599.192062943188,177.03538205316428,,1551.1533333333334,HCT116 OsTIRF74G,"EU 1 mM, 30 mins",No addition,No addition,pSer5 Pol II 3E8,Goat anti-rat Alexa568,1650,698.750093678871,1459.253555324315,260127_ARMC5mAC_PhosphoEU,-1.5946315366743988,-0.05838469767658605,423.1092178844225,1837.3869028531692,No addition,0.0
141,J04,3032.1473289244786,179.05426161987208,,1379.8551502145922,HCT116 OsTIRF74G,"EU 1 mM, 30 mins",Vehicle,8,pSer5 Pol II 3E8,Goat anti-rat Alexa568,932,779.8933728760636,1350.9516198704105,260127_ARMC5mAC_PhosphoEU,0.4242480300333966,0.015533113702895906,452.1142021347305,1936.9602052661464,8,0.0
142,J05,3116.4335092186907,209.72675630625767,,1525.4472906403942,HCT116 OsTIRF74G ARMC5mAC Clone 5A1,"EU 1 mM, 30 mins",Vehicle,8,pSer5 Pol II 3E8,Goat anti-rat Alexa568,1015,649.158882833347,1433.0324098274962,260127_ARMC5mAC_PhosphoEU,31.096742716418987,1.1385538793564047,458.0990721320106,1933.3156198068043,8,0.0
143,J06,2881.309200465714,202.48023389916762,,1364.9646226415093,HCT116 OsTIRF74G ARMC5mAC Clone 5F9,"EU 1 mM, 30 mins",Vehicle,8,pSer5 Pol II 3E8,Goat anti-rat Alexa568,1272,758.8648875055034,1289.594217687075,260127_ARMC5mAC_PhosphoEU,23.850220309328932,0.8732348948674208,458.15705958034016,2170.0985109617013,8,0.0
144,J07,2807.374953339204,178.79095754408192,,1416.3629560336763,HCT116 OsTIRF74G,"EU 1 mM, 30 mins",10 µM 5PhIAA,8,pSer5 Pol II 3E8,Goat anti-rat Alexa568,1069,625.9407707364464,1377.928514056225,260127_ARMC5mAC_PhosphoEU,0.16094395424323693,0.005892686740011685,463.05539934975724,1944.3883845546193,8,8.0
145,J08,4239.567713274503,180.5171514972568,,1414.9333333333334,HCT116 OsTIRF74G ARMC5mAC Clone 5A1,"EU 1 mM, 30 mins",10 µM 5PhIAA,8,pSer5 Pol II 3E8,Goat anti-rat Alexa568,795,541.0134579179676,1422.424126984127,260127_ARMC5mAC_PhosphoEU,1.887137907418122,0.0690943165644475,461.66351374361346,2039.951379227713,8,8.0
146,J09,4035.4383461939515,180.54847765112854,,1396.349376114082,HCT116 OsTIRF74G ARMC5mAC Clone 5F9,"EU 1 mM, 30 mins",10 µM 5PhIAA,8,pSer5 Pol II 3E8,Goat anti-rat Alexa568,1122,679.8595612492439,1325.2795399093761,260127_ARMC5mAC_PhosphoEU,1.9184640612898534,0.07024126993963634,479.73098389634015,2168.3081531802763,8,8.0
147,J10,2692.7445757888595,178.18034568662216,,1473.517980636238,HCT116 OsTIRF74G,"EU 1 mM, 30 mins",Vehicle,8,pSer5 Pol II 3E8,Goat anti-rat Alexa568,1446,722.4085422801828,1419.8583478766725,260127_ARMC5mAC_PhosphoEU,-0.44966790321652184,-0.01646381874455655,447.0064405657969,1940.5233732555898,8,0.0
148,J11,3160.1279123136837,209.809154100636,,1353.0080428954423,HCT116 OsTIRF74G ARMC5mAC Clone 5A1,"EU 1 mM, 30 mins",Vehicle,8,pSer5 Pol II 3E8,Goat anti-rat Alexa568,746,587.6006181187159,1349.0041039671682,260127_ARMC5mAC_PhosphoEU,31.17914051079731,1.141570733220984,482.0397119902532,2037.0277545467663,8,0.0
149,J12,2778.309846241123,204.56773504476124,,1390.0735411670664,HCT116 OsTIRF74G ARMC5mAC Clone 5F9,"EU 1 mM, 30 mins",Vehicle,8,pSer5 Pol II 3E8,Goat anti-rat Alexa568,1251,713.1497734953003,1289.3857449856735,260127_ARMC5mAC_PhosphoEU,25.937721454922553,0.9496651676181951,454.32572749193605,2087.3534379222447,8,0.0
150,J13,2842.229412848881,178.2538392951798,,1440.2485436893203,HCT116 OsTIRF74G,"EU 1 mM, 30 mins",10 µM 5PhIAA,8,pSer5 Pol II 3E8,Goat anti-rat Alexa568,1030,688.0868372632947,1420.9679973606071,260127_ARMC5mAC_PhosphoEU,-0.3761742946588811,-0.013772976366167445,454.0227622966102,1956.891822986498,8,8.0
151,J14,4588.751861243157,180.84285872960768,,1363.1431767337808,HCT116 OsTIRF74G ARMC5mAC Clone 5A1,"EU 1 mM, 30 mins",10 µM 5PhIAA,8,pSer5 Pol II 3E8,Goat anti-rat Alexa568,894,533.6233762376221,1364.1097622660598,260127_ARMC5mAC_PhosphoEU,2.2128451397690014,0.08101952803464216,475.5121283615065,2002.351103624582,8,8.0
152,J15,3944.9898858064585,181.84115620915915,,1439.358761329305,HCT116 OsTIRF74G ARMC5mAC Clone 5F9,"EU 1 mM, 30 mins",10 µM 5PhIAA,8,pSer5 Pol II 3E8,Goat anti-rat Alexa568,1324,715.328126686901,1338.3471337579617,260127_ARMC5mAC_PhosphoEU,3.2111426193204693,0.1175704773884121,464.79870835129276,2143.3240777260344,8,8.0
153,J16,2728.3491312956507,179.1853012711094,,1458.0534950071326,HCT116 OsTIRF74G,"EU 1 mM, 30 mins",Vehicle,8,pSer5 Pol II 3E8,Goat anti-rat Alexa568,1402,752.725342894869,1389.0407534246576,260127_ARMC5mAC_PhosphoEU,0.5552876812707268,0.020330905697586003,440.2669769467295,1972.5425832002143,8,0.0
154,J17,3106.5043169898913,208.8223580333491,,1447.6690307328606,HCT116 OsTIRF74G ARMC5mAC Clone 5A1,"EU 1 mM, 30 mins",Vehicle,8,pSer5 Pol II 3E8,Goat anti-rat Alexa568,846,586.8304068511138,1410.8539666498232,260127_ARMC5mAC_PhosphoEU,30.19234444351042,1.105440888343375,473.33248123576004,2044.2193400177002,8,0.0
155,J18,2890.551277892522,209.03086436202827,,1328.3608562691131,HCT116 OsTIRF74G ARMC5mAC Clone 5F9,"EU 1 mM, 30 mins",Vehicle,8,pSer5 Pol II 3E8,Goat anti-rat Alexa568,1308,718.7531707342033,1276.1110752340976,260127_ARMC5mAC_PhosphoEU,30.400850772189585,1.1130749898167323,479.0564239063291,2145.0377059064194,8,0.0
156,J19,2685.248442094383,179.64628012858176,,1497.2629582806574,HCT116 OsTIRF74G,"EU 1 mM, 30 mins",10 µM 5PhIAA,8,pSer5 Pol II 3E8,Goat anti-rat Alexa568,1582,695.49769216414,1460.9928400954655,260127_ARMC5mAC_PhosphoEU,1.016266538743082,0.03720885562509769,448.03191366360585,1823.3600323802573,8,8.0
157,J20,4503.184907780227,181.91417136406966,,1437.766149870801,HCT116 OsTIRF74G ARMC5mAC Clone 5A1,"EU 1 mM, 30 mins",10 µM 5PhIAA,8,pSer5 Pol II 3E8,Goat anti-rat Alexa568,774,533.7472833034507,1368.1024159663866,260127_ARMC5mAC_PhosphoEU,3.2841577742309767,0.12024380200743318,461.16534566951356,1989.4775235551792,8,8.0
158,J21,3858.214137225045,181.40767213400568,,1399.2326283987916,HCT116 OsTIRF74G ARMC5mAC Clone 5F9,"EU 1 mM, 30 mins",10 µM 5PhIAA,8,pSer5 Pol II 3E8,Goat anti-rat Alexa568,1324,659.9031817126778,1321.9305555555557,260127_ARMC5mAC_PhosphoEU,2.7776585441669965,0.10169920174047681,466.3641437538081,2206.0858505878077,8,8.0
159,J22,2685.797451596287,180.38262267362285,,1583.063670411985,HCT116 OsTIRF74G,"EU 1 mM, 30 mins",No addition,No addition,pSer5 Pol II 3E8,Goat anti-rat Alexa568,1602,596.4190376649684,1494.749126706891,260127_ARMC5mAC_PhosphoEU,1.752609083784165,0.06416877450911118,436.1868189280499,1853.5736111822891,No addition,0.0
160,K03,2513.176788893754,176.90919101877893,,1575.5466666666666,HCT116 OsTIRF74G,"EU 1 mM, 30 mins",No addition,No addition,pSer5 Pol II 3E8,Goat anti-rat Alexa568,1800,733.2363290964204,1489.6997286704855,260127_ARMC5mAC_PhosphoEU,-1.720822571059756,-0.0630049658844066,410.09764652267273,1816.2355621194365,No addition,0.0
161,K04,2708.897898822669,177.6883686377849,,1494.4530059271804,HCT116 OsTIRF74G,"EU 1 mM, 30 mins",Vehicle,24,pSer5 Pol II 3E8,Goat anti-rat Alexa568,1181,736.3504272036441,1433.7634926091441,260127_ARMC5mAC_PhosphoEU,-0.9416449520537924,-0.034476714262781885,430.28223328054776,1883.013929659211,24,0.0
162,K05,3309.2324933660707,209.2671484747589,,1297.9209770114942,HCT116 OsTIRF74G ARMC5mAC Clone 5A1,"EU 1 mM, 30 mins",Vehicle,24,pSer5 Pol II 3E8,Goat anti-rat Alexa568,696,644.5063591388781,1330.7503966155473,260127_ARMC5mAC_PhosphoEU,30.637134884920215,1.1217261271925354,460.86490721252466,2021.1447729486204,24,0.0
163,K06,2951.8828351859715,202.01278831095,,1356.5310734463276,HCT116 OsTIRF74G ARMC5mAC Clone 5F9,"EU 1 mM, 30 mins",Vehicle,24,pSer5 Pol II 3E8,Goat anti-rat Alexa568,1062,730.7982212532469,1287.0368852459017,260127_ARMC5mAC_PhosphoEU,23.382774721111304,0.8561201766891657,457.1314052745336,2141.6393934889697,24,0.0
164,K07,2685.2767482506993,177.85846229840104,,1517.225407166124,HCT116 OsTIRF74G,"EU 1 mM, 30 mins",10 µM 5PhIAA,24,pSer5 Pol II 3E8,Goat anti-rat Alexa568,1535,673.7642369794245,1473.055728429986,260127_ARMC5mAC_PhosphoEU,-0.7715512914376461,-0.028249026722819932,418.43015626391735,1885.4034606991038,24,24.0
165,K08,5199.3028372584195,179.88253445844398,,1437.7654867256638,HCT116 OsTIRF74G ARMC5mAC Clone 5A1,"EU 1 mM, 30 mins",10 µM 5PhIAA,24,pSer5 Pol II 3E8,Goat anti-rat Alexa568,904,549.1992587391375,1364.2686640471513,260127_ARMC5mAC_PhosphoEU,1.252520868605302,0.04585890255227483,458.33248785096686,2023.2328766007279,24,24.0
166,K09,4525.495882578263,181.14722069990023,,1416.719734660033,HCT116 OsTIRF74G ARMC5mAC Clone 5F9,"EU 1 mM, 30 mins",10 µM 5PhIAA,24,pSer5 Pol II 3E8,Goat anti-rat Alexa568,1206,675.8961022792445,1319.0939824205545,260127_ARMC5mAC_PhosphoEU,2.5172071100615483,0.09216321935836945,451.41335090353874,2171.3994295265456,24,24.0
167,K10,2609.8921229123553,177.70715955402707,,1536.1898034398034,HCT116 OsTIRF74G,"EU 1 mM, 30 mins",Vehicle,24,pSer5 Pol II 3E8,Goat anti-rat Alexa568,1628,746.3861286468882,1405.9834162520729,260127_ARMC5mAC_PhosphoEU,-0.9228540358116106,-0.03378871710567446,419.4301870691113,1890.3688732943574,24,0.0
168,K11,3179.097826130625,210.6208075739713,,1454.8079847908746,HCT116 OsTIRF74G ARMC5mAC Clone 5A1,"EU 1 mM, 30 mins",Vehicle,24,pSer5 Pol II 3E8,Goat anti-rat Alexa568,526,572.044403550385,1393.5438596491229,260127_ARMC5mAC_PhosphoEU,31.99079398413261,1.1712880325274182,444.8859762609673,1990.6616731018642,24,0.0
169,K12,2964.3718638644073,200.41924079017969,,1334.0581092801388,HCT116 OsTIRF74G ARMC5mAC Clone 5F9,"EU 1 mM, 30 mins",Vehicle,24,pSer5 Pol II 3E8,Goat anti-rat Alexa568,1153,689.5062190367538,1288.1224727838257,260127_ARMC5mAC_PhosphoEU,21.789227200341003,0.7977751683949742,474.7384758956249,2212.6775331801573,24,0.0
170,K13,2589.071624956772,179.26097201006917,,1529.1892878880096,HCT116 OsTIRF74G,"EU 1 mM, 30 mins",10 µM 5PhIAA,24,pSer5 Pol II 3E8,Goat anti-rat Alexa568,1643,665.255935783408,1443.2126876239026,260127_ARMC5mAC_PhosphoEU,0.6309584202304848,0.023101459970169304,423.34010294412644,1903.252659883676,24,24.0
171,K14,5223.550607051691,178.6870760965867,,1507.2124277456646,HCT116 OsTIRF74G ARMC5mAC Clone 5A1,"EU 1 mM, 30 mins",10 µM 5PhIAA,24,pSer5 Pol II 3E8,Goat anti-rat Alexa568,692,501.99437830833403,1428.6526867627786,260127_ARMC5mAC_PhosphoEU,0.057062506748025044,0.0020892457778049415,431.32571142826805,1886.7155950680565,24,24.0
172,K15,4395.904953520587,180.42282772052423,,1448.544695071011,HCT116 OsTIRF74G ARMC5mAC Clone 5F9,"EU 1 mM, 30 mins",10 µM 5PhIAA,24,pSer5 Pol II 3E8,Goat anti-rat Alexa568,1197,648.1546906016737,1358.037767379679,260127_ARMC5mAC_PhosphoEU,1.7928141306855423,0.06564081331834311,442.2647814619761,2111.7473714850507,24,24.0
173,K16,2607.8226217062447,179.94709144220013,,1497.0895691609978,HCT116 OsTIRF74G,"EU 1 mM, 30 mins",Vehicle,24,pSer5 Pol II 3E8,Goat anti-rat Alexa568,1764,744.9930666816714,1442.123392612859,260127_ARMC5mAC_PhosphoEU,1.3170778523614501,0.04822254574684975,431.2846940734611,1924.149105616002,24,0.0
174,K17,3257.530017025979,209.7452913408046,,1336.6870415647923,HCT116 OsTIRF74G ARMC5mAC Clone 5A1,"EU 1 mM, 30 mins",Vehicle,24,pSer5 Pol II 3E8,Goat anti-rat Alexa568,818,573.4513915174999,1360.5704779189352,260127_ARMC5mAC_PhosphoEU,31.11527775096593,1.139232507844278,454.75550597661066,2076.7269458135765,24,0.0
175,K18,2799.580777768751,208.53909031026618,,1367.0622041920217,HCT116 OsTIRF74G ARMC5mAC Clone 5F9,"EU 1 mM, 30 mins",Vehicle,24,pSer5 Pol II 3E8,Goat anti-rat Alexa568,1479,723.3250477653709,1291.583787247677,260127_ARMC5mAC_PhosphoEU,29.909076720427493,1.095069526688116,454.20178455677717,2197.2248777371847,24,0.0
176,K19,2642.6365597258164,179.311662376047,,1518.508064516129,HCT116 OsTIRF74G,"EU 1 mM, 30 mins",10 µM 5PhIAA,24,pSer5 Pol II 3E8,Goat anti-rat Alexa568,1240,645.4433888900323,1465.469135802469,260127_ARMC5mAC_PhosphoEU,0.6816487862083136,0.024957400746872593,429.1446226213197,1974.1214630291977,24,24.0
177,K20,5015.28244982787,179.88900012358812,,1533.3795379537953,HCT116 OsTIRF74G ARMC5mAC Clone 5A1,"EU 1 mM, 30 mins",10 µM 5PhIAA,24,pSer5 Pol II 3E8,Goat anti-rat Alexa568,909,516.5865747141187,1461.623595505618,260127_ARMC5mAC_PhosphoEU,1.258986533749436,0.04609563178786085,442.49891721158974,1920.909821545848,24,24.0
178,K21,4598.893994831541,180.84506796178943,,1357.1252144082332,HCT116 OsTIRF74G ARMC5mAC Clone 5F9,"EU 1 mM, 30 mins",10 µM 5PhIAA,24,pSer5 Pol II 3E8,Goat anti-rat Alexa568,1166,649.5781615115249,1347.5835877862596,260127_ARMC5mAC_PhosphoEU,2.2150543719507425,0.08110041528041764,451.30332328141003,2197.6980864184793,24,24.0
179,K22,2624.635711990972,178.9532946077653,,1526.0919117647059,HCT116 OsTIRF74G,"EU 1 mM, 30 mins",No addition,No addition,pSer5 Pol II 3E8,Goat anti-rat Alexa568,1632,622.6131071681043,1481.1870014771048,260127_ARMC5mAC_PhosphoEU,0.3232810179266039,0.011836379791902801,431.46607933856313,1891.7034956371465,No addition,0.0
180,L03,2554.5788615657234,176.30105437860558,,1590.0499001996009,HCT116 OsTIRF74G,"EU 1 mM, 30 mins",No addition,No addition,pSer5 Pol II 3E8,Goat anti-rat Alexa568,1503,715.3540053435712,1481.3192404156216,260127_ARMC5mAC_PhosphoEU,-2.328959211233098,-0.08527084553496386,419.40840203779385,1793.4743177276446,No addition,0.0
181,L04,2625.58526013414,176.8331856476344,,1476.824640967498,HCT116 OsTIRF74G,"EU 1 mM, 30 mins",10 µM 5PhIAA,48,pSer5 Pol II 3E8,Goat anti-rat Alexa568,1323,709.9914956354138,1438.91280838121,260127_ARMC5mAC_PhosphoEU,-1.7968279422042883,-0.06578777214027982,427.53678684120615,1807.9350035296031,48,48.0
182,L05,4999.523249638605,177.19611463450372,,1433.369536423841,HCT116 OsTIRF74G ARMC5mAC Clone 5A1,"EU 1 mM, 30 mins",10 µM 5PhIAA,48,pSer5 Pol II 3E8,Goat anti-rat Alexa568,755,570.6426340350731,1435.1954206602768,260127_ARMC5mAC_PhosphoEU,-1.4338989553349677,-0.05249974999277757,436.23917506554733,1842.5074499419381,48,48.0
183,L06,4759.106425252451,180.10306346132782,,1426.0353327855382,HCT116 OsTIRF74G ARMC5mAC Clone 5F9,"EU 1 mM, 30 mins",10 µM 5PhIAA,48,pSer5 Pol II 3E8,Goat anti-rat Alexa568,1217,674.134306050054,1334.1767838125666,260127_ARMC5mAC_PhosphoEU,1.4730498714891382,0.05393319361335821,438.2770002260946,1976.8227074519405,48,48.0
184,L07,2803.2330040637507,179.76901286780875,,1513.3784021071115,HCT116 OsTIRF74G,"EU 1 mM, 30 mins",Vehicle,48,pSer5 Pol II 3E8,Goat anti-rat Alexa568,1139,595.0094479836114,1462.104726976365,260127_ARMC5mAC_PhosphoEU,1.138999277970072,0.04170250428937229,458.842017722862,1950.2059168885467,48,0.0
185,L08,3136.704781955727,180.64183977286064,,1462.0741656365883,HCT116 OsTIRF74G ARMC5mAC Clone 5A1,"EU 1 mM, 30 mins",Vehicle,48,pSer5 Pol II 3E8,Goat anti-rat Alexa568,809,550.703829565096,1428.0075642965205,260127_ARMC5mAC_PhosphoEU,2.0118261830219524,0.07365956383788766,460.9543445785622,2015.8146261659863,48,0.0
186,L09,2937.696489938924,183.98469747929516,,1449.6018447348195,HCT116 OsTIRF74G ARMC5mAC Clone 5F9,"EU 1 mM, 30 mins",Vehicle,48,pSer5 Pol II 3E8,Goat anti-rat Alexa568,1301,611.0792536225407,1355.466910643489,260127_ARMC5mAC_PhosphoEU,5.354683889456481,0.19605256314671615,465.89889856589554,2139.6126735922003,48,0.0
187,L10,2710.82152898786,180.85063510982837,,1509.9702159344752,HCT116 OsTIRF74G,"EU 1 mM, 30 mins",Vehicle,48,pSer5 Pol II 3E8,Goat anti-rat Alexa568,1343,721.678686095081,1443.396848555588,260127_ARMC5mAC_PhosphoEU,2.2206215199896917,0.08130424685385605,436.67187121173976,1896.44513873419,48,0.0
188,L11,3172.2818982217273,208.90316676468723,,1475.2870493991988,HCT116 OsTIRF74G ARMC5mAC Clone 5A1,"EU 1 mM, 30 mins",Vehicle,48,pSer5 Pol II 3E8,Goat anti-rat Alexa568,749,581.6434320297972,1405.655601659751,260127_ARMC5mAC_PhosphoEU,30.273153174848545,1.1083995613912216,461.6564127711268,2029.6425907588978,48,0.0
189,L12,2856.774658560499,197.3070840729933,,1389.9219905850707,HCT116 OsTIRF74G ARMC5mAC Clone 5F9,"EU 1 mM, 30 mins",Vehicle,48,pSer5 Pol II 3E8,Goat anti-rat Alexa568,1487,678.7471119087356,1307.7854581023803,260127_ARMC5mAC_PhosphoEU,18.67707048315461,0.6838288899750553,460.8066590844931,2152.0760159616416,48,0.0
190,L13,2670.948205379114,177.18350134668967,,1578.7877442273534,HCT116 OsTIRF74G,"EU 1 mM, 30 mins",10 µM 5PhIAA,48,pSer5 Pol II 3E8,Goat anti-rat Alexa568,1126,567.8331192095717,1495.6107460378817,260127_ARMC5mAC_PhosphoEU,-1.4465122431490158,-0.05296156388444735,438.2813385483958,1915.1441551699138,48,48.0
191,L14,5309.187081510769,180.9464062766752,,1491.5620842572062,HCT116 OsTIRF74G ARMC5mAC Clone 5A1,"EU 1 mM, 30 mins",10 µM 5PhIAA,48,pSer5 Pol II 3E8,Goat anti-rat Alexa568,902,483.96887197224066,1452.297142857143,260127_ARMC5mAC_PhosphoEU,2.316392686836508,0.08481074380558853,428.6203516840477,1856.8503154507857,48,48.0
192,L15,4519.177104390458,179.72013478161165,,1465.8938589840789,HCT116 OsTIRF74G ARMC5mAC Clone 5F9,"EU 1 mM, 30 mins",10 µM 5PhIAA,48,pSer5 Pol II 3E8,Goat anti-rat Alexa568,1319,602.3472869421612,1384.3624726818607,260127_ARMC5mAC_PhosphoEU,1.0901211917729654,0.03991291702736465,440.69950603303727,2064.582972824165,48,48.0
193,L16,2659.774590999703,179.15347667649166,,1476.292984869326,HCT116 OsTIRF74G,"EU 1 mM, 30 mins",Vehicle,48,pSer5 Pol II 3E8,Goat anti-rat Alexa568,1454,713.8524893797698,1425.5725513905684,260127_ARMC5mAC_PhosphoEU,0.5234630866529812,0.019165702769697104,439.6893375025976,1906.757260226159,48,0.0
194,L17,3098.5404013924917,206.89322267634083,,1414.983173076923,HCT116 OsTIRF74G ARMC5mAC Clone 5A1,"EU 1 mM, 30 mins",Vehicle,48,pSer5 Pol II 3E8,Goat anti-rat Alexa568,832,572.5424940428352,1404.4966047985513,260127_ARMC5mAC_PhosphoEU,28.263209086502144,1.0348089072206168,458.15299720234685,2052.021426094446,48,0.0
195,L18,2942.8955500934658,196.80546749728416,,1331.132122213047,HCT116 OsTIRF74G ARMC5mAC Clone 5F9,"EU 1 mM, 30 mins",Vehicle,48,pSer5 Pol II 3E8,Goat anti-rat Alexa568,1211,678.9842870931556,1312.1173989455185,260127_ARMC5mAC_PhosphoEU,18.175453907445473,0.6654630597197352,468.1264662705558,2176.859028923836,48,0.0
196,L19,2663.976767029051,179.0642003602858,,1532.3001700680272,HCT116 OsTIRF74G,"EU 1 mM, 30 mins",10 µM 5PhIAA,48,pSer5 Pol II 3E8,Goat anti-rat Alexa568,1176,570.3024222051496,1483.6674991080984,260127_ARMC5mAC_PhosphoEU,0.43418677044712695,0.01589700363044109,441.861851295337,1949.1409108554467,48,48.0
197,L20,5171.58776938314,179.39193814655013,,1504.461716937355,HCT116 OsTIRF74G ARMC5mAC Clone 5A1,"EU 1 mM, 30 mins",10 µM 5PhIAA,48,pSer5 Pol II 3E8,Goat anti-rat Alexa568,862,516.2788235405349,1464.569804456571,260127_ARMC5mAC_PhosphoEU,0.761924556711449,0.027896560348190297,441.4595049498524,1967.7375365606654,48,48.0
198,L21,4555.587600234784,180.25117347103745,,1422.0712143928035,HCT116 OsTIRF74G ARMC5mAC Clone 5F9,"EU 1 mM, 30 mins",10 µM 5PhIAA,48,pSer5 Pol II 3E8,Goat anti-rat Alexa568,1334,602.5942368437157,1385.9822755860491,260127_ARMC5mAC_PhosphoEU,1.6211598811987642,0.05935598749451196,451.7655354818226,2140.571238625041,48,48.0
199,L22,2672.6301600418424,178.22052819719343,,1504.8307189542484,HCT116 OsTIRF74G,"EU 1 mM, 30 mins",No addition,No addition,pSer5 Pol II 3E8,Goat anti-rat Alexa568,1530,591.0572154528434,1460.2751445086706,260127_ARMC5mAC_PhosphoEU,-0.4094853926452515,-0.01499260506438407,441.2348058904864,1889.8556660148486,No addition,0.0
200,M03,2760.7054506808927,176.7566080923305,,1527.854219948849,HCT116 OsTIRF74G,"EU 1 mM, 30 mins",No addition,No addition,pSer5 Pol II 3E8,Goat anti-rat Alexa568,1173,662.83776866037,1427.0754557015684,260127_ARMC5mAC_PhosphoEU,-1.8734054975081733,-0.06859152793740493,437.2727456937434,1830.2924763242515,No addition,0.0
201,M04,2588.533277403767,176.99845939814017,,1456.2831325301204,HCT116 OsTIRF74G,"EU 1 mM, 30 mins",Vehicle,48,pSer5 Pol II 3E8,Goat anti-rat Alexa568,1328,768.7325615153918,1395.779365079365,260127_ARMC5mAC_PhosphoEU,-1.6315541916985126,-0.05973655733909813,426.0400993601338,1841.489951814021,48,0.0
202,M05,2981.813332572772,186.48832720506135,,1406.022113022113,HCT116 OsTIRF74G ARMC5mAC Clone 5A1,"EU 1 mM, 30 mins",Vehicle,48,pSer5 Pol II 3E8,Goat anti-rat Alexa568,814,579.1385259448397,1382.9297498669505,260127_ARMC5mAC_PhosphoEU,7.85831361522267,0.28771866987493117,446.08239366213803,1841.1019293638756,48,0.0
203,M06,2886.650581004403,194.02421956877936,,1335.8906414300736,HCT116 OsTIRF74G ARMC5mAC Clone 5F9,"EU 1 mM, 30 mins",Vehicle,48,pSer5 Pol II 3E8,Goat anti-rat Alexa568,951,670.2994450767168,1304.6842105263158,260127_ARMC5mAC_PhosphoEU,15.394205978940676,0.5636324388303279,457.80801710768884,1996.208329558499,48,0.0
204,M07,2582.475100301082,178.251918157355,,1551.8763089005236,HCT116 OsTIRF74G,"EU 1 mM, 30 mins",10 µM 5PhIAA,48,pSer5 Pol II 3E8,Goat anti-rat Alexa568,1528,612.3730258899044,1455.2764227642276,260127_ARMC5mAC_PhosphoEU,-0.3780954324836898,-0.013843315531370732,433.7579901675917,1837.874848260511,48,48.0
205,M08,5502.060415012967,178.69549834894303,,1496.6269702276707,HCT116 OsTIRF74G ARMC5mAC Clone 5A1,"EU 1 mM, 30 mins",10 µM 5PhIAA,48,pSer5 Pol II 3E8,Goat anti-rat Alexa568,571,527.607426122549,1508.1871689228958,260127_ARMC5mAC_PhosphoEU,0.06548475910435059,0.0023976120970898873,438.46505328298093,1777.110099732158,48,48.0
206,M09,4481.423354997713,181.68727948758786,,1426.2525107604017,HCT116 OsTIRF74G ARMC5mAC Clone 5F9,"EU 1 mM, 30 mins",10 µM 5PhIAA,48,pSer5 Pol II 3E8,Goat anti-rat Alexa568,1394,584.8872160697307,1353.3911925425907,260127_ARMC5mAC_PhosphoEU,3.0572658977491756,0.11193654524685895,445.2861867963554,2009.4132447175707,48,48.0
207,M10,2715.2877436671874,179.83109877847707,,1535.6378454996457,HCT116 OsTIRF74G,"EU 1 mM, 30 mins",Vehicle,48,pSer5 Pol II 3E8,Goat anti-rat Alexa568,1411,657.5066651207529,1450.9804400977996,260127_ARMC5mAC_PhosphoEU,1.2010851886383875,0.04397567338265687,444.56333329362167,1879.5120603898692,48,0.0
208,M11,3267.9252521523995,208.79019029439027,,1380.509954058193,HCT116 OsTIRF74G ARMC5mAC Clone 5A1,"EU 1 mM, 30 mins",Vehicle,48,pSer5 Pol II 3E8,Goat anti-rat Alexa568,653,570.3635499254526,1348.3080110497237,260127_ARMC5mAC_PhosphoEU,30.16017670455159,1.1042631217741978,477.04197745269477,2014.5832467609332,48,0.0
209,M12,2832.9540806044583,202.79398933421018,,1395.0637610976594,HCT116 OsTIRF74G ARMC5mAC Clone 5F9,"EU 1 mM, 30 mins",Vehicle,48,pSer5 Pol II 3E8,Goat anti-rat Alexa568,1239,634.7865116073815,1315.4284199363733,260127_ARMC5mAC_PhosphoEU,24.1639757443715,0.8847225117858403,457.86534847619043,2117.264553225281,48,0.0
210,M13,2615.2972210219473,179.73110279416312,,1547.980828220859,HCT116 OsTIRF74G,"EU 1 mM, 30 mins",10 µM 5PhIAA,48,pSer5 Pol II 3E8,Goat anti-rat Alexa568,1304,546.2502503221059,1483.9625176803395,260127_ARMC5mAC_PhosphoEU,1.1010892043244382,0.040314491988227535,442.0428796592785,1913.6790516668186,48,48.0
211,M14,5438.179449379651,178.6728124147346,,1457.953642384106,HCT116 OsTIRF74G ARMC5mAC Clone 5A1,"EU 1 mM, 30 mins",10 µM 5PhIAA,48,pSer5 Pol II 3E8,Goat anti-rat Alexa568,906,458.23765987810765,1471.3076923076924,260127_ARMC5mAC_PhosphoEU,0.042798824895925236,0.0015670055401468949,442.03617685527894,1871.5826779302104,48,48.0
212,M15,4658.5034588638055,179.7602976320436,,1445.5608163265306,HCT116 OsTIRF74G ARMC5mAC Clone 5F9,"EU 1 mM, 30 mins",10 µM 5PhIAA,48,pSer5 Pol II 3E8,Goat anti-rat Alexa568,1225,584.2312752602929,1348.8994807121662,260127_ARMC5mAC_PhosphoEU,1.13028404220492,0.04138341088526858,439.43068906574035,2067.3872233781576,48,48.0
213,M16,2822.48559895837,178.66459813599133,,1426.1850877192983,HCT116 OsTIRF74G,"EU 1 mM, 30 mins",Vehicle,48,pSer5 Pol II 3E8,Goat anti-rat Alexa568,1140,651.5855853513772,1387.8895110115716,260127_ARMC5mAC_PhosphoEU,0.034584546152643725,0.0012662538178663495,437.75131845008457,1872.8999451879556,48,0.0
214,M17,3195.6539337162712,206.66371826880558,,1420.5963020030817,HCT116 OsTIRF74G ARMC5mAC Clone 5A1,"EU 1 mM, 30 mins",Vehicle,48,pSer5 Pol II 3E8,Goat anti-rat Alexa568,649,536.4810738658405,1388.2453237410073,260127_ARMC5mAC_PhosphoEU,28.0337046789669,1.0264059971180521,457.8640576633628,1996.543371576937,48,0.0
215,M18,2798.848790651955,205.42561722614428,,1365.1344696969697,HCT116 OsTIRF74G ARMC5mAC Clone 5F9,"EU 1 mM, 30 mins",Vehicle,48,pSer5 Pol II 3E8,Goat anti-rat Alexa568,1056,640.7304052772505,1297.1489547038327,260127_ARMC5mAC_PhosphoEU,26.7956036363056,0.9810750517514514,452.97198719003416,2065.857609061858,48,0.0
216,M19,2678.1595954020977,179.0095650273206,,1453.1193785772691,HCT116 OsTIRF74G,"EU 1 mM, 30 mins",10 µM 5PhIAA,48,pSer5 Pol II 3E8,Goat anti-rat Alexa568,1223,613.571684511323,1453.0493630573249,260127_ARMC5mAC_PhosphoEU,0.379551437481922,0.01389662465619506,436.79283645217123,1949.5882161556926,48,48.0
217,M20,5144.747698743725,179.72399964031752,,1567.8662280701753,HCT116 OsTIRF74G ARMC5mAC Clone 5A1,"EU 1 mM, 30 mins",10 µM 5PhIAA,48,pSer5 Pol II 3E8,Goat anti-rat Alexa568,912,481.3365065138991,1533.2253374870197,260127_ARMC5mAC_PhosphoEU,1.0939860504788328,0.04005442219762823,433.1507071460351,1872.1470973429552,48,48.0
218,M21,4630.815570102879,179.75506765381212,,1456.3821989528797,HCT116 OsTIRF74G ARMC5mAC Clone 5F9,"EU 1 mM, 30 mins",10 µM 5PhIAA,48,pSer5 Pol II 3E8,Goat anti-rat Alexa568,1528,610.9220438170673,1378.6924046643555,260127_ARMC5mAC_PhosphoEU,1.1250540639734368,0.04119192420582094,443.806910755006,2056.630804805457,48,48.0
219,M22,2650.5343996689267,178.26116110596504,,1583.2834190231363,HCT116 OsTIRF74G,"EU 1 mM, 30 mins",No addition,No addition,pSer5 Pol II 3E8,Goat anti-rat Alexa568,1556,557.596605758937,1519.1759036144579,260127_ARMC5mAC_PhosphoEU,-0.36885248387363845,-0.013504900826890785,431.1502744941301,1869.082390465507,No addition,0.0
220,N03,2563.3340841298723,175.73964775186923,,1619.6335671883432,HCT116 OsTIRF74G,No addition,No addition,No addition,pSer5 Pol II 3E8,Goat anti-rat Alexa568,1853,206.80981077236243,1498.0833815865662,260127_ARMC5mAC_PhosphoEU,-2.890365837969455,-0.10582578592200258,415.6881026596242,1757.8755368020873,No addition,0.0
221,N04,142.56432781276473,176.67837284986268,,1551.2114803625377,HCT116 OsTIRF74G,No addition,No addition,No addition,No primary,Goat anti-rat Alexa568,1324,208.65560399081414,1450.084708470847,260127_ARMC5mAC_PhosphoEU,-1.9516407399759998,-0.07145597710580937,427.4996047715103,1799.6960597477032,No addition,0.0
222,N05,2593.7167239875616,176.08369881936287,,1535.2641744548287,HCT116 OsTIRF74G,No addition,No addition,No addition,pSer5 Pol II 3E8,Goat anti-rat Alexa568,1605,212.77145166478738,1426.5364441416893,260127_ARMC5mAC_PhosphoEU,-2.546314770475817,-0.09322894640206256,425.3614211593391,1730.4947707005188,No addition,0.0
223,N06,486.411806198997,177.46687496286768,,1618.7455303933255,HCT116 OsTIRF74G,No addition,No addition,No addition,No primary,Goat anti-rat Alexa568,1678,207.03150167081725,1493.0632183908046,260127_ARMC5mAC_PhosphoEU,-1.163138626971005,-0.04258632513520123,423.044742030315,1809.163011710968,No addition,0.0
224,N07,2697.5300761343306,176.9239722210715,,1569.6531746031746,HCT116 OsTIRF74G,No addition,No addition,No addition,pSer5 Pol II 3E8,Goat anti-rat Alexa568,1260,213.17364719073763,1468.637557685481,260127_ARMC5mAC_PhosphoEU,-1.7060413687671883,-0.06246377752377264,431.0814679581446,1890.0347689099435,No addition,0.0
225,N08,142.88888239756923,178.2191087162366,,1486.045784883721,HCT116 OsTIRF74G,No addition,No addition,No addition,No primary,Goat anti-rat Alexa568,1376,209.50439205232914,1425.9046833773086,260127_ARMC5mAC_PhosphoEU,-0.41090487360207817,-0.015044576924099596,436.55328629856166,1922.1659734701873,No addition,0.0
226,N09,2605.302495354641,178.0715241034197,,1634.9663386846194,HCT116 OsTIRF74G,No addition,No addition,No addition,pSer5 Pol II 3E8,Goat anti-rat Alexa568,1931,208.9019141066163,1489.5408426483234,260127_ARMC5mAC_PhosphoEU,-0.5584894864189778,-0.020448134299492264,430.2305017279769,1890.0310598922938,No addition,0.0
227,N10,143.31595005371233,178.23110553004472,,1489.895652173913,HCT116 OsTIRF74G,No addition,No addition,No addition,No primary,Goat anti-rat Alexa568,1380,216.38844010001068,1408.7865853658536,260127_ARMC5mAC_PhosphoEU,-0.3989080597939676,-0.014605334170422734,445.5717936928141,1951.547869585766,No addition,0.0
228,N11,2831.581125108886,178.4173270511788,,1472.7537901758642,HCT116 OsTIRF74G,No addition,No addition,No addition,pSer5 Pol II 3E8,Goat anti-rat Alexa568,1649,215.20124914567447,1445.3653123933084,260127_ARMC5mAC_PhosphoEU,-0.21268653865988085,-0.007787152689475613,455.79717727064576,1963.7526728194432,No addition,0.0
229,N12,144.2979282558039,178.5147545335109,,1548.4215080346107,HCT116 OsTIRF74G,No addition,No addition,No addition,No primary,Goat anti-rat Alexa568,1618,210.38805539894355,1467.997150997151,260127_ARMC5mAC_PhosphoEU,-0.11525905632777267,-0.004220012588124081,434.19962647851673,1892.8195526785953,No addition,0.0
230,N13,2745.232859997748,178.0639685195784,,1571.3421884882985,HCT116 OsTIRF74G,No addition,No addition,No addition,pSer5 Pol II 3E8,Goat anti-rat Alexa568,1581,220.71961259747403,1463.718773096822,260127_ARMC5mAC_PhosphoEU,-0.5660450702602873,-0.020724769038113405,445.55021126663894,1959.5823941324893,No addition,0.0
231,N14,143.4364796853694,179.7825556336056,,1553.2683749157113,HCT116 OsTIRF74G,No addition,No addition,No addition,No primary,Goat anti-rat Alexa568,1483,214.82922262206537,1437.3210303729336,260127_ARMC5mAC_PhosphoEU,1.152542043766914,0.04219834942260126,434.802134594376,1924.4380170349382,No addition,0.0
232,N15,2630.4348807332,178.8589470317858,,1531.2366589327146,HCT116 OsTIRF74G,No addition,No addition,No addition,pSer5 Pol II 3E8,Goat anti-rat Alexa568,1724,216.01852922848437,1437.761162721007,260127_ARMC5mAC_PhosphoEU,0.22893344194710608,0.008382005177206803,429.33497911799185,1946.50969449676,No addition,0.0
233,N16,142.30189792372997,177.9337176159944,,1542.4830985915494,HCT116 OsTIRF74G,No addition,No addition,No addition,No primary,Goat anti-rat Alexa568,1420,209.87658254841722,1479.760213143872,260127_ARMC5mAC_PhosphoEU,-0.6962959738442862,-0.025493682390795143,419.8305198107659,1859.7168764675287,No addition,0.0
234,N17,2770.5549639295323,179.19561708162715,,1514.2081141998497,HCT116 OsTIRF74G,No addition,No addition,No addition,pSer5 Pol II 3E8,Goat anti-rat Alexa568,1331,224.27095148439062,1449.09967453214,260127_ARMC5mAC_PhosphoEU,0.5656034917884654,0.02070860140001967,452.90400430637555,1992.3325326802687,No addition,0.0
235,N18,142.82990442276136,177.4452122046514,,1629.4849368318755,HCT116 OsTIRF74G,No addition,No addition,No addition,No primary,Goat anti-rat Alexa568,2058,208.74267956307074,1478.4363336992317,260127_ARMC5mAC_PhosphoEU,-1.184801385187285,-0.04337946985873792,422.1497247790141,1819.3937863982405,No addition,0.0
236,N19,2666.924427260013,178.66441170689322,,1524.9189636163176,HCT116 OsTIRF74G,No addition,No addition,No addition,pSer5 Pol II 3E8,Goat anti-rat Alexa568,1814,222.03739276305578,1414.4020006251953,260127_ARMC5mAC_PhosphoEU,0.034398117054536215,0.001259428036310677,433.2598000238487,1962.3542957295476,No addition,0.0
237,N20,142.13764349873676,176.9293647432308,,1603.736607142857,HCT116 OsTIRF74G,No addition,No addition,No addition,No primary,Goat anti-rat Alexa568,1568,208.159424167027,1507.5981161695447,260127_ARMC5mAC_PhosphoEU,-1.7006488466078906,-0.06226633957729788,430.44053034287697,1879.503280824731,No addition,0.0
238,N21,2614.4566430238583,178.66337793612607,,1552.4125615763546,HCT116 OsTIRF74G,No addition,No addition,No addition,pSer5 Pol II 3E8,Goat anti-rat Alexa568,1624,212.85260769634803,1450.4864029666255,260127_ARMC5mAC_PhosphoEU,0.03336434628738516,0.0012215782933958468,432.37879014487316,1962.6989395800272,No addition,0.0
239,N22,142.357348476256,177.9392117097377,,1604.7780068728523,HCT116 OsTIRF74G,No addition,No addition,No addition,No primary,Goat anti-rat Alexa568,1455,207.44079745844076,1528.532894736842,260127_ARMC5mAC_PhosphoEU,-0.6908018801009916,-0.025292525575046944,416.0502274353281,1813.7518777501346,No addition,0.0
