,EXPERIMENT,WELL,CELL,DRUG,DRUG TIME HOURS,TIME_IN_AUXIN_HRS,PRIMARY,SECONDARY,TotalNumberCells,GFP_Intensity,GFP_Intensity_BGS,GFP_Intensity_FC
0,250128_ARMC5mAC_TotalPolII,C03,HCT116 OsTIRF74G,No addition,No addition,0.0,Total Pol II F12,Goat anti-mouse Alexa647,4218,342.8332047332353,8.194533933840319,0.13319632369822637
1,250128_ARMC5mAC_TotalPolII,C04,HCT116 OsTIRF74G,No addition,No addition,0.0,Total Pol II F12,Goat anti-mouse Alexa647,3306,345.2668605572173,10.628189757822327,0.17275366906018136
2,250128_ARMC5mAC_TotalPolII,C05,HCT116 OsTIRF74G,No addition,No addition,0.0,Total Pol II F12,Goat anti-mouse Alexa647,3637,344.0512909694715,9.412620170076536,0.15299544954528213
3,250128_ARMC5mAC_TotalPolII,C06,HCT116 OsTIRF74G,No addition,No addition,0.0,Total Pol II F12,Goat anti-mouse Alexa647,3696,341.2956208398161,6.656950040421123,0.10820399056073163
4,250128_ARMC5mAC_TotalPolII,C07,HCT116 OsTIRF74G,No addition,No addition,0.0,Total Pol II F12,Goat anti-mouse Alexa647,4018,339.7770383124041,5.138367513009143,0.08352051111983995
5,250128_ARMC5mAC_TotalPolII,C08,HCT116 OsTIRF74G,No addition,No addition,0.0,Total Pol II F12,Goat anti-mouse Alexa647,3467,333.141746760972,-1.4969240384229465,-0.024331436099136215
6,250128_ARMC5mAC_TotalPolII,C09,HCT116 OsTIRF74G,No addition,No addition,0.0,Total Pol II F12,Goat anti-mouse Alexa647,4007,337.6278199822987,2.989149182903759,0.04858649501763065
7,250128_ARMC5mAC_TotalPolII,C10,HCT116 OsTIRF74G,No addition,No addition,0.0,Total Pol II F12,Goat anti-mouse Alexa647,3940,342.20466005112013,7.565989251725171,0.12297977671535563
8,250128_ARMC5mAC_TotalPolII,C11,HCT116 OsTIRF74G,No addition,No addition,0.0,Total Pol II F12,Goat anti-mouse Alexa647,3998,340.64133422037156,6.002663420976603,0.09756902668620791
9,250128_ARMC5mAC_TotalPolII,C12,HCT116 OsTIRF74G,No addition,No addition,0.0,Total Pol II F12,Goat anti-mouse Alexa647,4108,341.2454867134108,6.60681591401584,0.10738909597576572
10,250128_ARMC5mAC_TotalPolII,C13,HCT116 OsTIRF74G,No addition,No addition,0.0,Total Pol II F12,Goat anti-mouse Alexa647,4388,341.50999758433966,6.871326784944699,0.1116885321450939
11,250128_ARMC5mAC_TotalPolII,C14,HCT116 OsTIRF74G,No addition,No addition,0.0,Total Pol II F12,Goat anti-mouse Alexa647,4201,341.2428290789214,6.604158279526416,0.10734589801642078
12,250128_ARMC5mAC_TotalPolII,C15,HCT116 OsTIRF74G,No addition,No addition,0.0,Total Pol II F12,Goat anti-mouse Alexa647,4115,341.42985504096725,6.791184241572296,0.11038587207495283
13,250128_ARMC5mAC_TotalPolII,C16,HCT116 OsTIRF74G,No addition,No addition,0.0,Total Pol II F12,Goat anti-mouse Alexa647,3427,340.30491484839,5.666244048995054,0.09210076895116324
14,250128_ARMC5mAC_TotalPolII,C17,HCT116 OsTIRF74G,No addition,No addition,0.0,Total Pol II F12,Goat anti-mouse Alexa647,4106,330.1272720506812,-4.511398748713759,-0.07332957956082833
15,250128_ARMC5mAC_TotalPolII,C18,HCT116 OsTIRF74G,No addition,No addition,0.0,Total Pol II F12,Goat anti-mouse Alexa647,3964,334.0040597591726,-0.634611040222353,-0.010315151321401778
16,250128_ARMC5mAC_TotalPolII,C19,HCT116 OsTIRF74G,No addition,No addition,0.0,Total Pol II F12,Goat anti-mouse Alexa647,3547,336.0355610242101,1.396890224815138,0.022705457571785187
17,250128_ARMC5mAC_TotalPolII,C20,HCT116 OsTIRF74G,No addition,No addition,0.0,Total Pol II F12,Goat anti-mouse Alexa647,3225,336.4414116625175,1.8027408631225512,0.02930227118309842
18,250128_ARMC5mAC_TotalPolII,C21,HCT116 OsTIRF74G,No addition,No addition,0.0,Total Pol II F12,Goat anti-mouse Alexa647,2977,336.3533708358453,1.7147000364503242,0.027871230132714028
19,250128_ARMC5mAC_TotalPolII,C22,HCT116 OsTIRF74G,No addition,No addition,0.0,Total Pol II F12,Goat anti-mouse Alexa647,4059,336.31104335873096,1.6723725593359973,0.027183227082318823
20,250128_ARMC5mAC_TotalPolII,D03,HCT116 OsTIRF74G,No addition,No addition,0.0,Total Pol II F12,Goat anti-mouse Alexa647,4609,332.31868710301404,-2.319983696380916,-0.037709685735957774
21,250128_ARMC5mAC_TotalPolII,D04,HCT116 OsTIRF74G ARMC5mAC Clone 5A1,Vehicle,72,0.0,Total Pol II F12,Goat anti-mouse Alexa647,2201,389.9334027474956,55.29473194810066,0.8987765594515374
22,250128_ARMC5mAC_TotalPolII,D05,HCT116 OsTIRF74G ARMC5mAC Clone 5F9,Vehicle,72,0.0,Total Pol II F12,Goat anti-mouse Alexa647,2540,396.8964035512113,62.25773275181632,1.0119551876017878
23,250128_ARMC5mAC_TotalPolII,D06,HCT116 OsTIRF74G,Vehicle,72,0.0,Total Pol II F12,Goat anti-mouse Alexa647,4446,331.8465215302753,-2.7921492691196477,-0.04538440146395686
27,250128_ARMC5mAC_TotalPolII,D10,HCT116 OsTIRF74G ARMC5mAC Clone 5A1,Vehicle,72,0.0,Total Pol II F12,Goat anti-mouse Alexa647,2051,389.07359886358523,54.434928064190274,0.8848010585428909
28,250128_ARMC5mAC_TotalPolII,D11,HCT116 OsTIRF74G ARMC5mAC Clone 5F9,Vehicle,72,0.0,Total Pol II F12,Goat anti-mouse Alexa647,2010,395.5227885365621,60.88411773716712,0.9896280520251808
29,250128_ARMC5mAC_TotalPolII,D12,HCT116 OsTIRF74G,Vehicle,72,0.0,Total Pol II F12,Goat anti-mouse Alexa647,3987,335.40070779129155,0.7620369918965935,0.01238636958027871
33,250128_ARMC5mAC_TotalPolII,D16,HCT116 OsTIRF74G ARMC5mAC Clone 5A1,Vehicle,72,0.0,Total Pol II F12,Goat anti-mouse Alexa647,2101,394.3954676579332,59.75679685853822,0.9713042525420229
34,250128_ARMC5mAC_TotalPolII,D17,HCT116 OsTIRF74G ARMC5mAC Clone 5F9,Vehicle,72,0.0,Total Pol II F12,Goat anti-mouse Alexa647,2303,395.38491137312906,60.7462405737341,0.9873869567488066
35,250128_ARMC5mAC_TotalPolII,D18,HCT116 OsTIRF74G,Vehicle,72,0.0,Total Pol II F12,Goat anti-mouse Alexa647,3435,335.8341609336834,1.195490134288434,0.019431842273193674
39,250128_ARMC5mAC_TotalPolII,D22,HCT116 OsTIRF74G,No addition,No addition,0.0,Total Pol II F12,Goat anti-mouse Alexa647,4395,334.66323358741505,0.024562788020091375,0.00039925065787381
40,250128_ARMC5mAC_TotalPolII,E03,HCT116 OsTIRF74G,No addition,No addition,0.0,Total Pol II F12,Goat anti-mouse Alexa647,4501,333.0652126184055,-1.573458180989462,-0.02557544417934663
41,250128_ARMC5mAC_TotalPolII,E04,HCT116 OsTIRF74G ARMC5mAC Clone 5A1,Vehicle,48,0.0,Total Pol II F12,Goat anti-mouse Alexa647,2300,389.487840186728,54.84916938733306,0.8915342567713656
42,250128_ARMC5mAC_TotalPolII,E05,HCT116 OsTIRF74G ARMC5mAC Clone 5F9,Vehicle,48,0.0,Total Pol II F12,Goat anti-mouse Alexa647,2599,393.77221529205076,59.1335444926558,0.9611737283972707
43,250128_ARMC5mAC_TotalPolII,E06,HCT116 OsTIRF74G,Vehicle,48,0.0,Total Pol II F12,Goat anti-mouse Alexa647,4028,331.45589452756195,-3.1827762718330064,-0.051733765700989545
44,250128_ARMC5mAC_TotalPolII,E07,HCT116 OsTIRF74G ARMC5mAC Clone 5A1,10 µM 5PhIAA,48,48.0,Total Pol II F12,Goat anti-mouse Alexa647,1937,331.79310518783643,-2.845565611558527,-0.04625264613726068
45,250128_ARMC5mAC_TotalPolII,E08,HCT116 OsTIRF74G ARMC5mAC Clone 5F9,10 µM 5PhIAA,48,48.0,Total Pol II F12,Goat anti-mouse Alexa647,1995,331.5370563776124,-3.1016144217825854,-0.05041453752541025
46,250128_ARMC5mAC_TotalPolII,E09,HCT116 OsTIRF74G,10 µM 5PhIAA,48,48.0,Total Pol II F12,Goat anti-mouse Alexa647,3473,330.96542666540677,-3.6732441339881916,-0.05970597213257403
47,250128_ARMC5mAC_TotalPolII,E10,HCT116 OsTIRF74G ARMC5mAC Clone 5A1,Vehicle,48,0.0,Total Pol II F12,Goat anti-mouse Alexa647,1814,336.14156166119267,1.5028908617977095,0.02442842257134948
48,250128_ARMC5mAC_TotalPolII,E11,HCT116 OsTIRF74G ARMC5mAC Clone 5F9,Vehicle,48,0.0,Total Pol II F12,Goat anti-mouse Alexa647,2640,392.4030631980047,57.76439239860974,0.9389191344224309
49,250128_ARMC5mAC_TotalPolII,E12,HCT116 OsTIRF74G,Vehicle,48,0.0,Total Pol II F12,Goat anti-mouse Alexa647,3764,333.8692014688124,-0.7694693305825808,-0.012507176962058589
50,250128_ARMC5mAC_TotalPolII,E13,HCT116 OsTIRF74G ARMC5mAC Clone 5A1,10 µM 5PhIAA,48,48.0,Total Pol II F12,Goat anti-mouse Alexa647,1782,337.57927613105886,2.940605331663903,0.047797449224971124
51,250128_ARMC5mAC_TotalPolII,E14,HCT116 OsTIRF74G ARMC5mAC Clone 5F9,10 µM 5PhIAA,48,48.0,Total Pol II F12,Goat anti-mouse Alexa647,2562,336.482203294824,1.8435324954290309,0.029965310167955807
52,250128_ARMC5mAC_TotalPolII,E15,HCT116 OsTIRF74G,10 µM 5PhIAA,48,48.0,Total Pol II F12,Goat anti-mouse Alexa647,3880,331.2843107354954,-3.3543600638995485,-0.054522738264161756
53,250128_ARMC5mAC_TotalPolII,E16,HCT116 OsTIRF74G ARMC5mAC Clone 5A1,Vehicle,48,0.0,Total Pol II F12,Goat anti-mouse Alexa647,2242,391.6788288536809,57.04015805428594,0.9271472200049969
54,250128_ARMC5mAC_TotalPolII,E17,HCT116 OsTIRF74G ARMC5mAC Clone 5F9,Vehicle,48,0.0,Total Pol II F12,Goat anti-mouse Alexa647,2523,391.68987021052607,57.05119941113111,0.9273266894113464
55,250128_ARMC5mAC_TotalPolII,E18,HCT116 OsTIRF74G,Vehicle,48,0.0,Total Pol II F12,Goat anti-mouse Alexa647,4333,332.80202742144655,-1.8366433779484055,-0.029853332460699617
56,250128_ARMC5mAC_TotalPolII,E19,HCT116 OsTIRF74G ARMC5mAC Clone 5A1,10 µM 5PhIAA,48,48.0,Total Pol II F12,Goat anti-mouse Alexa647,2306,336.3018509613174,1.6631801619224689,0.027033811197127503
57,250128_ARMC5mAC_TotalPolII,E20,HCT116 OsTIRF74G ARMC5mAC Clone 5F9,10 µM 5PhIAA,48,48.0,Total Pol II F12,Goat anti-mouse Alexa647,2447,336.7602627545717,2.1215919551767684,0.03448496901700479
58,250128_ARMC5mAC_TotalPolII,E21,HCT116 OsTIRF74G,10 µM 5PhIAA,48,48.0,Total Pol II F12,Goat anti-mouse Alexa647,4143,330.5796825849379,-4.058988214457031,-0.06597596793973319
59,250128_ARMC5mAC_TotalPolII,E22,HCT116 OsTIRF74G,No addition,No addition,0.0,Total Pol II F12,Goat anti-mouse Alexa647,4837,329.403492436788,-5.235178362606973,-0.08509410265837541
60,250128_ARMC5mAC_TotalPolII,F03,HCT116 OsTIRF74G,No addition,No addition,0.0,Total Pol II F12,Goat anti-mouse Alexa647,3909,331.23180774351545,-3.406863055879512,-0.05537613707504584
61,250128_ARMC5mAC_TotalPolII,F04,HCT116 OsTIRF74G ARMC5mAC Clone 5A1,Vehicle,24,0.0,Total Pol II F12,Goat anti-mouse Alexa647,1404,412.6234786817052,77.98480788231024,1.2675876136580044
62,250128_ARMC5mAC_TotalPolII,F05,HCT116 OsTIRF74G ARMC5mAC Clone 5F9,Vehicle,24,0.0,Total Pol II F12,Goat anti-mouse Alexa647,2253,407.0063714142813,72.36770061488636,1.1762855281605291
63,250128_ARMC5mAC_TotalPolII,F06,HCT116 OsTIRF74G,Vehicle,24,0.0,Total Pol II F12,Goat anti-mouse Alexa647,3864,330.63331936763484,-4.005351431760118,-0.06510414016674337
64,250128_ARMC5mAC_TotalPolII,F07,HCT116 OsTIRF74G ARMC5mAC Clone 5A1,10 µM 5PhIAA,24,24.0,Total Pol II F12,Goat anti-mouse Alexa647,1757,332.6374278829049,-2.001242916490071,-0.03252878094784741
65,250128_ARMC5mAC_TotalPolII,F08,HCT116 OsTIRF74G ARMC5mAC Clone 5F9,10 µM 5PhIAA,24,24.0,Total Pol II F12,Goat anti-mouse Alexa647,2514,332.759436465133,-1.8792343342619802,-0.030545618178174375
66,250128_ARMC5mAC_TotalPolII,F09,HCT116 OsTIRF74G,10 µM 5PhIAA,24,24.0,Total Pol II F12,Goat anti-mouse Alexa647,4453,328.5959099628268,-6.0427608365681635,-0.09822078167187467
67,250128_ARMC5mAC_TotalPolII,F10,HCT116 OsTIRF74G ARMC5mAC Clone 5A1,Vehicle,24,0.0,Total Pol II F12,Goat anti-mouse Alexa647,1793,406.7141714062469,72.07550060685196,1.1715360247514275
68,250128_ARMC5mAC_TotalPolII,F11,HCT116 OsTIRF74G ARMC5mAC Clone 5F9,Vehicle,24,0.0,Total Pol II F12,Goat anti-mouse Alexa647,2683,402.7931259515534,68.15445515215845,1.107802218309789
69,250128_ARMC5mAC_TotalPolII,F12,HCT116 OsTIRF74G,Vehicle,24,0.0,Total Pol II F12,Goat anti-mouse Alexa647,4173,335.8035610385221,1.1648902391271463,0.01893446273044711
70,250128_ARMC5mAC_TotalPolII,F13,HCT116 OsTIRF74G ARMC5mAC Clone 5A1,10 µM 5PhIAA,24,24.0,Total Pol II F12,Goat anti-mouse Alexa647,2113,338.80772809524035,4.169057295845391,0.06776506261090502
71,250128_ARMC5mAC_TotalPolII,F14,HCT116 OsTIRF74G ARMC5mAC Clone 5F9,10 µM 5PhIAA,24,24.0,Total Pol II F12,Goat anti-mouse Alexa647,2524,336.9548618595815,2.3161910601865543,0.03764803913075822
72,250128_ARMC5mAC_TotalPolII,F15,HCT116 OsTIRF74G,10 µM 5PhIAA,24,24.0,Total Pol II F12,Goat anti-mouse Alexa647,4118,330.7430297454984,-3.8956410538965542,-0.06332087596636905
73,250128_ARMC5mAC_TotalPolII,F16,HCT116 OsTIRF74G ARMC5mAC Clone 5A1,Vehicle,24,0.0,Total Pol II F12,Goat anti-mouse Alexa647,1584,336.6648320771705,2.026161277775543,0.0329338111963772
74,250128_ARMC5mAC_TotalPolII,F17,HCT116 OsTIRF74G ARMC5mAC Clone 5F9,Vehicle,24,0.0,Total Pol II F12,Goat anti-mouse Alexa647,2668,401.2478085090811,66.60913770968614,1.0826841818301238
75,250128_ARMC5mAC_TotalPolII,F18,HCT116 OsTIRF74G,Vehicle,24,0.0,Total Pol II F12,Goat anti-mouse Alexa647,3888,333.4497928501946,-1.1888779492003323,-0.019324365905110025
76,250128_ARMC5mAC_TotalPolII,F19,HCT116 OsTIRF74G ARMC5mAC Clone 5A1,10 µM 5PhIAA,24,24.0,Total Pol II F12,Goat anti-mouse Alexa647,2109,337.3484564861435,2.709785686748546,0.044045639983802065
77,250128_ARMC5mAC_TotalPolII,F20,HCT116 OsTIRF74G ARMC5mAC Clone 5F9,10 µM 5PhIAA,24,24.0,Total Pol II F12,Goat anti-mouse Alexa647,2410,338.53452581710985,3.8958550177148936,0.06332435379613184
78,250128_ARMC5mAC_TotalPolII,F21,HCT116 OsTIRF74G,10 µM 5PhIAA,24,24.0,Total Pol II F12,Goat anti-mouse Alexa647,4020,329.4934097358243,-5.145261063570672,-0.08363256088367481
79,250128_ARMC5mAC_TotalPolII,F22,HCT116 OsTIRF74G,No addition,No addition,0.0,Total Pol II F12,Goat anti-mouse Alexa647,4850,328.1660073747346,-6.472663424660368,-0.10520854262869571
80,250128_ARMC5mAC_TotalPolII,G03,HCT116 OsTIRF74G,No addition,No addition,0.0,Total Pol II F12,Goat anti-mouse Alexa647,3075,331.6911826534685,-2.9474881459264566,-0.04790932447789844
81,250128_ARMC5mAC_TotalPolII,G04,HCT116 OsTIRF74G ARMC5mAC Clone 5A1,Vehicle,8,0.0,Total Pol II F12,Goat anti-mouse Alexa647,1891,414.4133907184848,79.77471991908982,1.2966813613887573
82,250128_ARMC5mAC_TotalPolII,G05,HCT116 OsTIRF74G ARMC5mAC Clone 5F9,Vehicle,8,0.0,Total Pol II F12,Goat anti-mouse Alexa647,2088,408.8900795903217,74.25140879092675,1.2069038654564108
83,250128_ARMC5mAC_TotalPolII,G06,HCT116 OsTIRF74G,Vehicle,8,0.0,Total Pol II F12,Goat anti-mouse Alexa647,4554,333.43060890651856,-1.208061892876401,-0.01963618727192798
84,250128_ARMC5mAC_TotalPolII,G07,HCT116 OsTIRF74G ARMC5mAC Clone 5A1,10 µM 5PhIAA,8,8.0,Total Pol II F12,Goat anti-mouse Alexa647,2241,337.5055804899889,2.866909690593957,0.04659957896873061
85,250128_ARMC5mAC_TotalPolII,G08,HCT116 OsTIRF74G ARMC5mAC Clone 5F9,10 µM 5PhIAA,8,8.0,Total Pol II F12,Goat anti-mouse Alexa647,2561,336.79165111674183,2.1529803173468736,0.034995164530467894
86,250128_ARMC5mAC_TotalPolII,G09,HCT116 OsTIRF74G,10 µM 5PhIAA,8,8.0,Total Pol II F12,Goat anti-mouse Alexa647,4228,333.1186221378377,-1.5200486615572686,-0.024707310409166093
87,250128_ARMC5mAC_TotalPolII,G10,HCT116 OsTIRF74G ARMC5mAC Clone 5A1,Vehicle,8,0.0,Total Pol II F12,Goat anti-mouse Alexa647,1877,412.9415688925476,78.30289809315263,1.272757943908714
88,250128_ARMC5mAC_TotalPolII,G11,HCT116 OsTIRF74G ARMC5mAC Clone 5F9,Vehicle,8,0.0,Total Pol II F12,Goat anti-mouse Alexa647,2422,411.4007189186566,76.76204811926164,1.2477125229549677
89,250128_ARMC5mAC_TotalPolII,G12,HCT116 OsTIRF74G,Vehicle,8,0.0,Total Pol II F12,Goat anti-mouse Alexa647,4479,334.5933149568642,-0.04535584253073921,-0.0007372269774101643
90,250128_ARMC5mAC_TotalPolII,G13,HCT116 OsTIRF74G ARMC5mAC Clone 5A1,10 µM 5PhIAA,8,8.0,Total Pol II F12,Goat anti-mouse Alexa647,1944,339.74544906130564,5.1067782619106765,0.08300705029965587
91,250128_ARMC5mAC_TotalPolII,G14,HCT116 OsTIRF74G ARMC5mAC Clone 5F9,10 µM 5PhIAA,8,8.0,Total Pol II F12,Goat anti-mouse Alexa647,2378,341.6375999658254,6.998929166430457,0.1137626181451352
92,250128_ARMC5mAC_TotalPolII,G15,HCT116 OsTIRF74G,10 µM 5PhIAA,8,8.0,Total Pol II F12,Goat anti-mouse Alexa647,3855,335.0234912875943,0.38482048819935244,0.006254983471389362
93,250128_ARMC5mAC_TotalPolII,G16,HCT116 OsTIRF74G ARMC5mAC Clone 5A1,Vehicle,8,0.0,Total Pol II F12,Goat anti-mouse Alexa647,2634,357.8956195299577,23.256948730562726,0.3780251685280837
94,250128_ARMC5mAC_TotalPolII,G17,HCT116 OsTIRF74G ARMC5mAC Clone 5F9,Vehicle,8,0.0,Total Pol II F12,Goat anti-mouse Alexa647,2669,406.8977983945719,72.25912759517695,1.1745207509084163
95,250128_ARMC5mAC_TotalPolII,G18,HCT116 OsTIRF74G,Vehicle,8,0.0,Total Pol II F12,Goat anti-mouse Alexa647,4285,334.2618162575117,-0.3768545418832332,-0.006125502676916983
96,250128_ARMC5mAC_TotalPolII,G19,HCT116 OsTIRF74G ARMC5mAC Clone 5A1,10 µM 5PhIAA,8,8.0,Total Pol II F12,Goat anti-mouse Alexa647,1998,338.2566191930737,3.6179483936787165,0.05880717918292518
97,250128_ARMC5mAC_TotalPolII,G20,HCT116 OsTIRF74G ARMC5mAC Clone 5F9,10 µM 5PhIAA,8,8.0,Total Pol II F12,Goat anti-mouse Alexa647,2083,338.0772815362282,3.4386107368332546,0.05589217305990154
98,250128_ARMC5mAC_TotalPolII,G21,HCT116 OsTIRF74G,10 µM 5PhIAA,8,8.0,Total Pol II F12,Goat anti-mouse Alexa647,3296,330.96490641369024,-3.6737643857047146,-0.059714428454385376
99,250128_ARMC5mAC_TotalPolII,G22,HCT116 OsTIRF74G,No addition,No addition,0.0,Total Pol II F12,Goat anti-mouse Alexa647,4345,330.40253061513505,-4.236140184259909,-0.06885544727365846
100,250128_ARMC5mAC_TotalPolII,H03,HCT116 OsTIRF74G,No addition,No addition,0.0,Total Pol II F12,Goat anti-mouse Alexa647,3548,331.9376210494238,-2.701049749971162,-0.04390364354175885
101,250128_ARMC5mAC_TotalPolII,H04,HCT116 OsTIRF74G ARMC5mAC Clone 5A1,Vehicle,2,0.0,Total Pol II F12,Goat anti-mouse Alexa647,1540,410.9821166625213,76.34344586312636,1.2409084408608355
102,250128_ARMC5mAC_TotalPolII,H05,HCT116 OsTIRF74G ARMC5mAC Clone 5F9,Vehicle,2,0.0,Total Pol II F12,Goat anti-mouse Alexa647,2267,407.1217500420189,72.48307924262394,1.1781609257331145
103,250128_ARMC5mAC_TotalPolII,H06,HCT116 OsTIRF74G,Vehicle,2,0.0,Total Pol II F12,Goat anti-mouse Alexa647,4300,329.88692220973707,-4.751748589657893,-0.07723629536354258
104,250128_ARMC5mAC_TotalPolII,H07,HCT116 OsTIRF74G ARMC5mAC Clone 5A1,10 µM 5PhIAA,2,2.0,Total Pol II F12,Goat anti-mouse Alexa647,2111,340.1686023698173,5.52993157042232,0.08988510651487719
105,250128_ARMC5mAC_TotalPolII,H08,HCT116 OsTIRF74G ARMC5mAC Clone 5F9,10 µM 5PhIAA,2,2.0,Total Pol II F12,Goat anti-mouse Alexa647,1997,338.02881148268415,3.3901406832891894,0.05510432679632519
106,250128_ARMC5mAC_TotalPolII,H09,HCT116 OsTIRF74G,10 µM 5PhIAA,2,2.0,Total Pol II F12,Goat anti-mouse Alexa647,4354,331.8067801975488,-2.831890601846169,-0.046030368575787454
107,250128_ARMC5mAC_TotalPolII,H10,HCT116 OsTIRF74G ARMC5mAC Clone 5A1,Vehicle,2,0.0,Total Pol II F12,Goat anti-mouse Alexa647,1850,407.1083668943034,72.46969609490844,1.177943392180919
108,250128_ARMC5mAC_TotalPolII,H11,HCT116 OsTIRF74G ARMC5mAC Clone 5F9,Vehicle,2,0.0,Total Pol II F12,Goat anti-mouse Alexa647,2069,411.22422024877335,76.58554944937839,1.244843662546813
109,250128_ARMC5mAC_TotalPolII,H12,HCT116 OsTIRF74G,Vehicle,2,0.0,Total Pol II F12,Goat anti-mouse Alexa647,4726,336.791695314713,2.153024515318066,0.03499588293706982
110,250128_ARMC5mAC_TotalPolII,H13,HCT116 OsTIRF74G ARMC5mAC Clone 5A1,10 µM 5PhIAA,2,2.0,Total Pol II F12,Goat anti-mouse Alexa647,2440,342.68804914873346,8.049378349338497,0.1308369228615214
111,250128_ARMC5mAC_TotalPolII,H14,HCT116 OsTIRF74G ARMC5mAC Clone 5F9,10 µM 5PhIAA,2,2.0,Total Pol II F12,Goat anti-mouse Alexa647,2552,342.15592507453573,7.517254275140772,0.12218762431608929
112,250128_ARMC5mAC_TotalPolII,H15,HCT116 OsTIRF74G,10 µM 5PhIAA,2,2.0,Total Pol II F12,Goat anti-mouse Alexa647,3852,331.5726095811415,-3.0660612182534805,-0.04983664547639261
113,250128_ARMC5mAC_TotalPolII,H16,HCT116 OsTIRF74G ARMC5mAC Clone 5A1,Vehicle,2,0.0,Total Pol II F12,Goat anti-mouse Alexa647,1890,410.8786996417535,76.24002884235853,1.23922747070618
114,250128_ARMC5mAC_TotalPolII,H17,HCT116 OsTIRF74G ARMC5mAC Clone 5F9,Vehicle,2,0.0,Total Pol II F12,Goat anti-mouse Alexa647,2103,405.27210567831315,70.6334348789182,1.1480962714911749
115,250128_ARMC5mAC_TotalPolII,H18,HCT116 OsTIRF74G,Vehicle,2,0.0,Total Pol II F12,Goat anti-mouse Alexa647,4046,335.5823570818221,0.9436862824271657,0.015338949665541035
116,250128_ARMC5mAC_TotalPolII,H19,HCT116 OsTIRF74G ARMC5mAC Clone 5A1,10 µM 5PhIAA,2,2.0,Total Pol II F12,Goat anti-mouse Alexa647,1689,338.81508734997533,4.17641655058037,0.06788468206501576
117,250128_ARMC5mAC_TotalPolII,H20,HCT116 OsTIRF74G ARMC5mAC Clone 5F9,10 µM 5PhIAA,2,2.0,Total Pol II F12,Goat anti-mouse Alexa647,2001,343.1244338616326,8.485763062237652,0.1379300461490143
118,250128_ARMC5mAC_TotalPolII,H21,HCT116 OsTIRF74G,10 µM 5PhIAA,2,2.0,Total Pol II F12,Goat anti-mouse Alexa647,3486,335.4818361019612,0.8431653025662627,0.01370505259706663
119,250128_ARMC5mAC_TotalPolII,H22,HCT116 OsTIRF74G,No addition,No addition,0.0,Total Pol II F12,Goat anti-mouse Alexa647,4338,331.5333663635776,-3.105304435817345,-0.05047451608035834
120,250128_ARMC5mAC_TotalPolII,I03,HCT116 OsTIRF74G,No addition,No addition,0.0,Total Pol II F12,Goat anti-mouse Alexa647,4005,330.19153735545484,-4.447133443940118,-0.07228499271717076
121,250128_ARMC5mAC_TotalPolII,I04,HCT116 OsTIRF74G ARMC5mAC Clone 5A1,Vehicle,72,0.0,Total Pol II F12,Goat anti-mouse Alexa647,1735,390.84166185998765,56.202991060592694,0.913539665654535
122,250128_ARMC5mAC_TotalPolII,I05,HCT116 OsTIRF74G ARMC5mAC Clone 5F9,Vehicle,72,0.0,Total Pol II F12,Goat anti-mouse Alexa647,1890,393.65514697795726,59.0164761785623,0.9592708661741478
123,250128_ARMC5mAC_TotalPolII,I06,HCT116 OsTIRF74G,Vehicle,72,0.0,Total Pol II F12,Goat anti-mouse Alexa647,4738,328.9601310272529,-5.678539772142074,-0.09230062719003525
130,250128_ARMC5mAC_TotalPolII,I13,HCT116 OsTIRF74G ARMC5mAC Clone 5A1,Vehicle,72,0.0,Total Pol II F12,Goat anti-mouse Alexa647,2368,399.77474367656157,65.13607287716661,1.058740560161723
131,250128_ARMC5mAC_TotalPolII,I14,HCT116 OsTIRF74G ARMC5mAC Clone 5F9,Vehicle,72,0.0,Total Pol II F12,Goat anti-mouse Alexa647,2470,401.8893571565516,67.25068635715667,1.0931120990254823
132,250128_ARMC5mAC_TotalPolII,I15,HCT116 OsTIRF74G,Vehicle,72,0.0,Total Pol II F12,Goat anti-mouse Alexa647,4293,333.9490227698608,-0.6896480295341689,-0.011209738457526671
136,250128_ARMC5mAC_TotalPolII,I19,HCT116 OsTIRF74G ARMC5mAC Clone 5A1,Vehicle,72,0.0,Total Pol II F12,Goat anti-mouse Alexa647,1791,387.9071929960078,53.26852219661282,0.8658419603494263
137,250128_ARMC5mAC_TotalPolII,I20,HCT116 OsTIRF74G ARMC5mAC Clone 5F9,Vehicle,72,0.0,Total Pol II F12,Goat anti-mouse Alexa647,2109,397.71690669125553,63.07823589186057,1.0252918828573199
138,250128_ARMC5mAC_TotalPolII,I21,HCT116 OsTIRF74G,Vehicle,72,0.0,Total Pol II F12,Goat anti-mouse Alexa647,3263,332.08056328560605,-2.5581075137889115,-0.04158021910854564
139,250128_ARMC5mAC_TotalPolII,I22,HCT116 OsTIRF74G,No addition,No addition,0.0,Total Pol II F12,Goat anti-mouse Alexa647,4377,332.26628044368914,-2.372390355705818,-0.03856151872801556
140,250128_ARMC5mAC_TotalPolII,J03,HCT116 OsTIRF74G,No addition,No addition,0.0,Total Pol II F12,Goat anti-mouse Alexa647,3937,329.1022794832442,-5.536391316150741,-0.08999010508953655
141,250128_ARMC5mAC_TotalPolII,J04,HCT116 OsTIRF74G ARMC5mAC Clone 5A1,10 µM 5PhIAA,48,48.0,Total Pol II F12,Goat anti-mouse Alexa647,2256,331.10607767841475,-3.5325931209802093,-0.057419789903255344
142,250128_ARMC5mAC_TotalPolII,J05,HCT116 OsTIRF74G ARMC5mAC Clone 5F9,10 µM 5PhIAA,48,48.0,Total Pol II F12,Goat anti-mouse Alexa647,1962,334.6242502307215,-0.01442056867347219,-0.0002343960923771718
143,250128_ARMC5mAC_TotalPolII,J06,HCT116 OsTIRF74G,10 µM 5PhIAA,48,48.0,Total Pol II F12,Goat anti-mouse Alexa647,4534,328.17098764449497,-6.467683154899987,-0.10512759188415505
144,250128_ARMC5mAC_TotalPolII,J07,HCT116 OsTIRF74G ARMC5mAC Clone 5A1,Vehicle,48,0.0,Total Pol II F12,Goat anti-mouse Alexa647,1829,384.53926896005424,49.900598160659285,0.8110987493619928
145,250128_ARMC5mAC_TotalPolII,J08,HCT116 OsTIRF74G ARMC5mAC Clone 5F9,Vehicle,48,0.0,Total Pol II F12,Goat anti-mouse Alexa647,2675,391.6529749134901,57.014304114095125,0.9267269825864527
146,250128_ARMC5mAC_TotalPolII,J09,HCT116 OsTIRF74G,Vehicle,48,0.0,Total Pol II F12,Goat anti-mouse Alexa647,4705,332.1584995595772,-2.480171239817764,-0.04031342037911141
147,250128_ARMC5mAC_TotalPolII,J10,HCT116 OsTIRF74G ARMC5mAC Clone 5A1,10 µM 5PhIAA,48,48.0,Total Pol II F12,Goat anti-mouse Alexa647,2007,337.76080296278803,3.1221321633930756,0.050748038829471195
148,250128_ARMC5mAC_TotalPolII,J11,HCT116 OsTIRF74G ARMC5mAC Clone 5F9,10 µM 5PhIAA,48,48.0,Total Pol II F12,Goat anti-mouse Alexa647,2306,347.5367184834658,12.898047684070832,0.2096485960364484
149,250128_ARMC5mAC_TotalPolII,J12,HCT116 OsTIRF74G,10 µM 5PhIAA,48,48.0,Total Pol II F12,Goat anti-mouse Alexa647,4484,340.50246688675145,5.863796087356491,0.09531183689734268
150,250128_ARMC5mAC_TotalPolII,J13,HCT116 OsTIRF74G ARMC5mAC Clone 5A1,Vehicle,48,0.0,Total Pol II F12,Goat anti-mouse Alexa647,2520,399.5428366193528,64.90416581995783,1.0549710758067525
151,250128_ARMC5mAC_TotalPolII,J14,HCT116 OsTIRF74G ARMC5mAC Clone 5F9,Vehicle,48,0.0,Total Pol II F12,Goat anti-mouse Alexa647,2020,404.42978044787975,69.79110964848479,1.1344048736694305
152,250128_ARMC5mAC_TotalPolII,J15,HCT116 OsTIRF74G,Vehicle,48,0.0,Total Pol II F12,Goat anti-mouse Alexa647,3990,336.33309432060014,1.6944235212051808,0.02754164979173685
153,250128_ARMC5mAC_TotalPolII,J16,HCT116 OsTIRF74G ARMC5mAC Clone 5A1,10 µM 5PhIAA,48,48.0,Total Pol II F12,Goat anti-mouse Alexa647,1903,342.2345830738904,7.595912274495447,0.12346615417856681
154,250128_ARMC5mAC_TotalPolII,J17,HCT116 OsTIRF74G ARMC5mAC Clone 5F9,10 µM 5PhIAA,48,48.0,Total Pol II F12,Goat anti-mouse Alexa647,2421,339.74089854077863,5.102227741383672,0.08293308482340013
155,250128_ARMC5mAC_TotalPolII,J18,HCT116 OsTIRF74G,10 µM 5PhIAA,48,48.0,Total Pol II F12,Goat anti-mouse Alexa647,3287,332.7798628708874,-1.858807928507531,-0.030213601473523807
156,250128_ARMC5mAC_TotalPolII,J19,HCT116 OsTIRF74G ARMC5mAC Clone 5A1,Vehicle,48,0.0,Total Pol II F12,Goat anti-mouse Alexa647,1728,394.36816411852016,59.7294933191252,0.9708604529186243
157,250128_ARMC5mAC_TotalPolII,J20,HCT116 OsTIRF74G ARMC5mAC Clone 5F9,Vehicle,48,0.0,Total Pol II F12,Goat anti-mouse Alexa647,2357,400.47729577733116,65.8386249779362,1.0701600451238313
158,250128_ARMC5mAC_TotalPolII,J21,HCT116 OsTIRF74G,Vehicle,48,0.0,Total Pol II F12,Goat anti-mouse Alexa647,3461,334.04286550645475,-0.5958052929402129,-0.009684391485873075
159,250128_ARMC5mAC_TotalPolII,J22,HCT116 OsTIRF74G,No addition,No addition,0.0,Total Pol II F12,Goat anti-mouse Alexa647,4796,334.14366523892625,-0.49500556046871225,-0.008045963491875308
160,250128_ARMC5mAC_TotalPolII,K03,HCT116 OsTIRF74G,No addition,No addition,0.0,Total Pol II F12,Goat anti-mouse Alexa647,3992,328.4186301635456,-6.2200406358493865,-0.10110233878309799
161,250128_ARMC5mAC_TotalPolII,K04,HCT116 OsTIRF74G ARMC5mAC Clone 5A1,10 µM 5PhIAA,24,24.0,Total Pol II F12,Goat anti-mouse Alexa647,1362,333.88630802098874,-0.7523627784062228,-0.012229122117275615
162,250128_ARMC5mAC_TotalPolII,K05,HCT116 OsTIRF74G ARMC5mAC Clone 5F9,10 µM 5PhIAA,24,24.0,Total Pol II F12,Goat anti-mouse Alexa647,2203,333.7590645896219,-0.8796062097730442,-0.014297373638306958
163,250128_ARMC5mAC_TotalPolII,K06,HCT116 OsTIRF74G,10 µM 5PhIAA,24,24.0,Total Pol II F12,Goat anti-mouse Alexa647,4637,329.968104204843,-4.670566594551985,-0.07591673974440723
164,250128_ARMC5mAC_TotalPolII,K07,HCT116 OsTIRF74G ARMC5mAC Clone 5A1,Vehicle,24,0.0,Total Pol II F12,Goat anti-mouse Alexa647,1583,348.5880983411901,13.94942754179516,0.22673802821036776
165,250128_ARMC5mAC_TotalPolII,K08,HCT116 OsTIRF74G ARMC5mAC Clone 5F9,Vehicle,24,0.0,Total Pol II F12,Goat anti-mouse Alexa647,2553,414.17515647457776,79.5364856751828,1.2928090331119289
166,250128_ARMC5mAC_TotalPolII,K09,HCT116 OsTIRF74G,Vehicle,24,0.0,Total Pol II F12,Goat anti-mouse Alexa647,4576,334.37990518624895,-0.25876561314601076,-0.004206051088303138
167,250128_ARMC5mAC_TotalPolII,K10,HCT116 OsTIRF74G ARMC5mAC Clone 5A1,10 µM 5PhIAA,24,24.0,Total Pol II F12,Goat anti-mouse Alexa647,2167,339.3214016690894,4.682730869694467,0.07611446138941028
168,250128_ARMC5mAC_TotalPolII,K11,HCT116 OsTIRF74G ARMC5mAC Clone 5F9,10 µM 5PhIAA,24,24.0,Total Pol II F12,Goat anti-mouse Alexa647,2802,346.43907574946235,11.800404950067389,0.19180719369633847
169,250128_ARMC5mAC_TotalPolII,K12,HCT116 OsTIRF74G,10 µM 5PhIAA,24,24.0,Total Pol II F12,Goat anti-mouse Alexa647,4300,341.07871904867824,6.440048249283279,0.10467840613867996
170,250128_ARMC5mAC_TotalPolII,K13,HCT116 OsTIRF74G ARMC5mAC Clone 5A1,Vehicle,24,0.0,Total Pol II F12,Goat anti-mouse Alexa647,1696,424.10329751255676,89.4646267131618,1.4541839078873346
171,250128_ARMC5mAC_TotalPolII,K14,HCT116 OsTIRF74G ARMC5mAC Clone 5F9,Vehicle,24,0.0,Total Pol II F12,Goat anti-mouse Alexa647,2113,414.5379742299864,79.89930343059143,1.298706377803285
172,250128_ARMC5mAC_TotalPolII,K15,HCT116 OsTIRF74G,Vehicle,24,0.0,Total Pol II F12,Goat anti-mouse Alexa647,4211,337.8484931444288,3.2098223450338423,0.05217338039413857
173,250128_ARMC5mAC_TotalPolII,K16,HCT116 OsTIRF74G ARMC5mAC Clone 5A1,10 µM 5PhIAA,24,24.0,Total Pol II F12,Goat anti-mouse Alexa647,2002,344.54299168414633,9.904320884751371,0.1609876951181534
174,250128_ARMC5mAC_TotalPolII,K17,HCT116 OsTIRF74G ARMC5mAC Clone 5F9,10 µM 5PhIAA,24,24.0,Total Pol II F12,Goat anti-mouse Alexa647,2564,342.16242998962593,7.523759190230976,0.12229335708661408
175,250128_ARMC5mAC_TotalPolII,K18,HCT116 OsTIRF74G,10 µM 5PhIAA,24,24.0,Total Pol II F12,Goat anti-mouse Alexa647,4379,335.443989539171,0.8053187397760553,0.013089883623581489
176,250128_ARMC5mAC_TotalPolII,K19,HCT116 OsTIRF74G ARMC5mAC Clone 5A1,Vehicle,24,0.0,Total Pol II F12,Goat anti-mouse Alexa647,2451,412.06613973058285,77.42746893118789,1.2585284652131175
177,250128_ARMC5mAC_TotalPolII,K20,HCT116 OsTIRF74G ARMC5mAC Clone 5F9,Vehicle,24,0.0,Total Pol II F12,Goat anti-mouse Alexa647,2122,424.08689202149174,89.44822122209678,1.4539172482925404
178,250128_ARMC5mAC_TotalPolII,K21,HCT116 OsTIRF74G,Vehicle,24,0.0,Total Pol II F12,Goat anti-mouse Alexa647,2981,335.2935694372523,0.6548986378573431,0.010644911798747577
179,250128_ARMC5mAC_TotalPolII,K22,HCT116 OsTIRF74G,No addition,No addition,0.0,Total Pol II F12,Goat anti-mouse Alexa647,4501,331.8588664744214,-2.7798043249735542,-0.04518374317273553
180,250128_ARMC5mAC_TotalPolII,L03,HCT116 OsTIRF74G,No addition,No addition,0.0,Total Pol II F12,Goat anti-mouse Alexa647,4647,328.8756332949728,-5.763037504422186,-0.09367407775981933
181,250128_ARMC5mAC_TotalPolII,L04,HCT116 OsTIRF74G ARMC5mAC Clone 5A1,10 µM 5PhIAA,8,8.0,Total Pol II F12,Goat anti-mouse Alexa647,1483,333.31480466612186,-1.3238661332730999,-0.02151850287572428
182,250128_ARMC5mAC_TotalPolII,L05,HCT116 OsTIRF74G ARMC5mAC Clone 5F9,10 µM 5PhIAA,8,8.0,Total Pol II F12,Goat anti-mouse Alexa647,2169,335.3255361240895,0.6868653246945655,0.011164507568550568
183,250128_ARMC5mAC_TotalPolII,L06,HCT116 OsTIRF74G,10 µM 5PhIAA,8,8.0,Total Pol II F12,Goat anti-mouse Alexa647,3994,328.81255862321643,-5.826112176178526,-0.09469931171018746
184,250128_ARMC5mAC_TotalPolII,L07,HCT116 OsTIRF74G ARMC5mAC Clone 5A1,Vehicle,8,0.0,Total Pol II F12,Goat anti-mouse Alexa647,2339,407.8295616936734,73.19089089427843,1.1896659009559047
185,250128_ARMC5mAC_TotalPolII,L08,HCT116 OsTIRF74G ARMC5mAC Clone 5F9,Vehicle,8,0.0,Total Pol II F12,Goat anti-mouse Alexa647,2005,412.11817598190106,77.4795051825061,1.2593742774863452
186,250128_ARMC5mAC_TotalPolII,L09,HCT116 OsTIRF74G,Vehicle,8,0.0,Total Pol II F12,Goat anti-mouse Alexa647,4025,333.0162074752742,-1.6224633241207584,-0.02637198794377462
187,250128_ARMC5mAC_TotalPolII,L10,HCT116 OsTIRF74G ARMC5mAC Clone 5A1,10 µM 5PhIAA,8,8.0,Total Pol II F12,Goat anti-mouse Alexa647,1531,340.0381343924112,5.399463593016264,0.08776444229026938
188,250128_ARMC5mAC_TotalPolII,L11,HCT116 OsTIRF74G ARMC5mAC Clone 5F9,10 µM 5PhIAA,8,8.0,Total Pol II F12,Goat anti-mouse Alexa647,1881,342.9098669941411,8.271196194746153,0.1344424142509646
189,250128_ARMC5mAC_TotalPolII,L12,HCT116 OsTIRF74G,10 µM 5PhIAA,8,8.0,Total Pol II F12,Goat anti-mouse Alexa647,3611,338.02075887287106,3.3820880734760976,0.05497343734831757
190,250128_ARMC5mAC_TotalPolII,L13,HCT116 OsTIRF74G ARMC5mAC Clone 5A1,Vehicle,8,0.0,Total Pol II F12,Goat anti-mouse Alexa647,1979,416.58004516538097,81.94137436598601,1.331898789174274
191,250128_ARMC5mAC_TotalPolII,L14,HCT116 OsTIRF74G ARMC5mAC Clone 5F9,Vehicle,8,0.0,Total Pol II F12,Goat anti-mouse Alexa647,1716,423.16423822146055,88.52556742206559,1.4389201666766054
192,250128_ARMC5mAC_TotalPolII,L15,HCT116 OsTIRF74G,Vehicle,8,0.0,Total Pol II F12,Goat anti-mouse Alexa647,4713,335.6558369536152,1.0171661542202628,0.016533312745574166
193,250128_ARMC5mAC_TotalPolII,L16,HCT116 OsTIRF74G ARMC5mAC Clone 5A1,10 µM 5PhIAA,8,8.0,Total Pol II F12,Goat anti-mouse Alexa647,1821,341.65040405288187,7.011733253486909,0.1139707394779652
194,250128_ARMC5mAC_TotalPolII,L17,HCT116 OsTIRF74G ARMC5mAC Clone 5F9,10 µM 5PhIAA,8,8.0,Total Pol II F12,Goat anti-mouse Alexa647,2075,345.29376816433984,10.65509736494488,0.17319103308566178
195,250128_ARMC5mAC_TotalPolII,L18,HCT116 OsTIRF74G,10 µM 5PhIAA,8,8.0,Total Pol II F12,Goat anti-mouse Alexa647,3460,338.46389647439685,3.8252256750018887,0.062176324039888514
196,250128_ARMC5mAC_TotalPolII,L19,HCT116 OsTIRF74G ARMC5mAC Clone 5A1,Vehicle,8,0.0,Total Pol II F12,Goat anti-mouse Alexa647,1642,415.3178684953806,80.67919769598564,1.3113830046697448
197,250128_ARMC5mAC_TotalPolII,L20,HCT116 OsTIRF74G ARMC5mAC Clone 5F9,Vehicle,8,0.0,Total Pol II F12,Goat anti-mouse Alexa647,2025,418.6265253834214,83.98785458402642,1.3651628703001646
198,250128_ARMC5mAC_TotalPolII,L21,HCT116 OsTIRF74G,Vehicle,8,0.0,Total Pol II F12,Goat anti-mouse Alexa647,3416,332.90872069181944,-1.7299501075755188,-0.028119109197760558
199,250128_ARMC5mAC_TotalPolII,L22,HCT116 OsTIRF74G,No addition,No addition,0.0,Total Pol II F12,Goat anti-mouse Alexa647,4716,330.8565580891089,-3.7821127102860714,-0.06147555344692484
200,250128_ARMC5mAC_TotalPolII,M03,HCT116 OsTIRF74G,No addition,No addition,0.0,Total Pol II F12,Goat anti-mouse Alexa647,4229,331.90631083890395,-2.73235996049101,-0.0444125687557041
201,250128_ARMC5mAC_TotalPolII,M04,HCT116 OsTIRF74G ARMC5mAC Clone 5A1,10 µM 5PhIAA,2,2.0,Total Pol II F12,Goat anti-mouse Alexa647,1122,336.67385529694985,2.0351844975548943,0.03308047721939133
202,250128_ARMC5mAC_TotalPolII,M05,HCT116 OsTIRF74G ARMC5mAC Clone 5F9,10 µM 5PhIAA,2,2.0,Total Pol II F12,Goat anti-mouse Alexa647,2509,339.5677998631318,4.929129063736866,0.08011948887203481
203,250128_ARMC5mAC_TotalPolII,M06,HCT116 OsTIRF74G,10 µM 5PhIAA,2,2.0,Total Pol II F12,Goat anti-mouse Alexa647,3635,329.6557968929325,-4.98287390646243,-0.08099307308397176
204,250128_ARMC5mAC_TotalPolII,M07,HCT116 OsTIRF74G ARMC5mAC Clone 5A1,Vehicle,2,0.0,Total Pol II F12,Goat anti-mouse Alexa647,1577,409.30264764839103,74.66397684899607,1.2136098659506205
205,250128_ARMC5mAC_TotalPolII,M08,HCT116 OsTIRF74G ARMC5mAC Clone 5F9,Vehicle,2,0.0,Total Pol II F12,Goat anti-mouse Alexa647,2073,412.8257565737504,78.18708577435547,1.2708754969962608
206,250128_ARMC5mAC_TotalPolII,M09,HCT116 OsTIRF74G,Vehicle,2,0.0,Total Pol II F12,Goat anti-mouse Alexa647,4094,333.6773966787483,-0.9612741206466353,-0.015624827472814285
207,250128_ARMC5mAC_TotalPolII,M10,HCT116 OsTIRF74G ARMC5mAC Clone 5A1,10 µM 5PhIAA,2,2.0,Total Pol II F12,Goat anti-mouse Alexa647,1467,344.08166991819456,9.442999118799605,0.15348923776074364
208,250128_ARMC5mAC_TotalPolII,M11,HCT116 OsTIRF74G ARMC5mAC Clone 5F9,10 µM 5PhIAA,2,2.0,Total Pol II F12,Goat anti-mouse Alexa647,1663,350.23417876003055,15.595507960635587,0.2534938952396999
209,250128_ARMC5mAC_TotalPolII,M12,HCT116 OsTIRF74G,10 µM 5PhIAA,2,2.0,Total Pol II F12,Goat anti-mouse Alexa647,2932,341.90611517249135,7.267444373096396,0.11812714194523512
210,250128_ARMC5mAC_TotalPolII,M13,HCT116 OsTIRF74G ARMC5mAC Clone 5A1,Vehicle,2,0.0,Total Pol II F12,Goat anti-mouse Alexa647,1370,409.99346546349835,75.3547946641034,1.224838618441052
211,250128_ARMC5mAC_TotalPolII,M14,HCT116 OsTIRF74G ARMC5mAC Clone 5F9,Vehicle,2,0.0,Total Pol II F12,Goat anti-mouse Alexa647,2103,422.25196535127776,87.6132945518828,1.4240918196956769
212,250128_ARMC5mAC_TotalPolII,M15,HCT116 OsTIRF74G,Vehicle,2,0.0,Total Pol II F12,Goat anti-mouse Alexa647,4031,340.95642142344855,6.317750624053588,0.10269054518049311
213,250128_ARMC5mAC_TotalPolII,M16,HCT116 OsTIRF74G ARMC5mAC Clone 5A1,10 µM 5PhIAA,2,2.0,Total Pol II F12,Goat anti-mouse Alexa647,1528,352.71719024511606,18.0785194457211,0.2938534817865421
214,250128_ARMC5mAC_TotalPolII,M17,HCT116 OsTIRF74G ARMC5mAC Clone 5F9,10 µM 5PhIAA,2,2.0,Total Pol II F12,Goat anti-mouse Alexa647,2599,346.51333408769733,11.874663288302372,0.19301421019498197
215,250128_ARMC5mAC_TotalPolII,M18,HCT116 OsTIRF74G,10 µM 5PhIAA,2,2.0,Total Pol II F12,Goat anti-mouse Alexa647,4007,340.95217603711126,6.313505237716299,0.10262153944357495
216,250128_ARMC5mAC_TotalPolII,M19,HCT116 OsTIRF74G ARMC5mAC Clone 5A1,Vehicle,2,0.0,Total Pol II F12,Goat anti-mouse Alexa647,1753,423.13887823846176,88.5002074390668,1.4385079581810691
217,250128_ARMC5mAC_TotalPolII,M20,HCT116 OsTIRF74G ARMC5mAC Clone 5F9,Vehicle,2,0.0,Total Pol II F12,Goat anti-mouse Alexa647,2277,418.4282922734126,83.78962147401762,1.3619407320185228
218,250128_ARMC5mAC_TotalPolII,M21,HCT116 OsTIRF74G,Vehicle,2,0.0,Total Pol II F12,Goat anti-mouse Alexa647,2683,337.5918314267187,2.9531606273237685,0.04800152663051244
219,250128_ARMC5mAC_TotalPolII,M22,HCT116 OsTIRF74G,No addition,No addition,0.0,Total Pol II F12,Goat anti-mouse Alexa647,3742,335.6539216622558,1.015250862860853,0.016502181046084724
220,250128_ARMC5mAC_TotalPolII,N03,HCT116 OsTIRF74G,No addition,No addition,0.0,Total Pol II F12,Goat anti-mouse Alexa647,3684,329.34446911471196,-5.294201684683003,-0.08605348479974623
221,250128_ARMC5mAC_TotalPolII,N04,HCT116 OsTIRF74G,No addition,No addition,0.0,No primary,Goat anti-mouse Alexa647,4300,330.25543516668597,-4.383235632708988,-0.07124637921979995
222,250128_ARMC5mAC_TotalPolII,N05,HCT116 OsTIRF74G,No addition,No addition,0.0,Total Pol II F12,Goat anti-mouse Alexa647,4490,325.1620656724176,-9.476605126977347,-0.15403547953356278
223,250128_ARMC5mAC_TotalPolII,N06,HCT116 OsTIRF74G,No addition,No addition,0.0,No primary,Goat anti-mouse Alexa647,3991,324.0517518155139,-10.586918983881048,-0.1720828419686664
224,250128_ARMC5mAC_TotalPolII,N07,HCT116 OsTIRF74G,No addition,No addition,0.0,Total Pol II F12,Goat anti-mouse Alexa647,4347,327.82591068675066,-6.812760112644298,-0.11073657252119905
225,250128_ARMC5mAC_TotalPolII,N08,HCT116 OsTIRF74G,No addition,No addition,0.0,No primary,Goat anti-mouse Alexa647,4131,327.503359399812,-7.1353113995829744,-0.11597941439252793
226,250128_ARMC5mAC_TotalPolII,N09,HCT116 OsTIRF74G,No addition,No addition,0.0,Total Pol II F12,Goat anti-mouse Alexa647,4051,331.2264836317242,-3.4121871676707656,-0.05546267672736516
227,250128_ARMC5mAC_TotalPolII,N10,HCT116 OsTIRF74G,No addition,No addition,0.0,No primary,Goat anti-mouse Alexa647,3873,331.39445601564086,-3.244214783754103,-0.05273240503636229
228,250128_ARMC5mAC_TotalPolII,N11,HCT116 OsTIRF74G,No addition,No addition,0.0,Total Pol II F12,Goat anti-mouse Alexa647,4077,335.7384183949892,1.0997475955942377,0.017875615368947304
229,250128_ARMC5mAC_TotalPolII,N12,HCT116 OsTIRF74G,No addition,No addition,0.0,No primary,Goat anti-mouse Alexa647,3673,338.2414917880528,3.602820988657868,0.05856129396820293
230,250128_ARMC5mAC_TotalPolII,N13,HCT116 OsTIRF74G,No addition,No addition,0.0,Total Pol II F12,Goat anti-mouse Alexa647,3931,341.08719131126486,6.448520511869901,0.10481611674419516
231,250128_ARMC5mAC_TotalPolII,N14,HCT116 OsTIRF74G,No addition,No addition,0.0,No primary,Goat anti-mouse Alexa647,4313,339.79590956424744,5.15723876485248,0.08382724990320574
232,250128_ARMC5mAC_TotalPolII,N15,HCT116 OsTIRF74G,No addition,No addition,0.0,Total Pol II F12,Goat anti-mouse Alexa647,2378,339.89714636052344,5.258475561128478,0.08547278205864217
233,250128_ARMC5mAC_TotalPolII,N16,HCT116 OsTIRF74G,No addition,No addition,0.0,No primary,Goat anti-mouse Alexa647,2791,341.0090196253975,6.370348826002555,0.10354549156173973
234,250128_ARMC5mAC_TotalPolII,N17,HCT116 OsTIRF74G,No addition,No addition,0.0,Total Pol II F12,Goat anti-mouse Alexa647,2062,341.85210183091255,7.213431031517587,0.1172491934753113
235,250128_ARMC5mAC_TotalPolII,N18,HCT116 OsTIRF74G,No addition,No addition,0.0,No primary,Goat anti-mouse Alexa647,3339,342.1794933220077,7.540822522612757,0.12257070942436064
236,250128_ARMC5mAC_TotalPolII,N19,HCT116 OsTIRF74G,No addition,No addition,0.0,Total Pol II F12,Goat anti-mouse Alexa647,2815,337.6608454713099,3.022174671914968,0.04912330086408196
237,250128_ARMC5mAC_TotalPolII,N20,HCT116 OsTIRF74G,No addition,No addition,0.0,No primary,Goat anti-mouse Alexa647,3715,340.91301527299396,6.274344473599001,0.101985009061768
238,250128_ARMC5mAC_TotalPolII,N21,HCT116 OsTIRF74G,No addition,No addition,0.0,Total Pol II F12,Goat anti-mouse Alexa647,2797,338.1721874908502,3.5335166914552474,0.05743480188477187
239,250128_ARMC5mAC_TotalPolII,N22,HCT116 OsTIRF74G,No addition,No addition,0.0,No primary,Goat anti-mouse Alexa647,3383,350.4894649081614,15.850794108766422,0.2576433900976915
0,250203_ARMC5mAC_TotalPolII,C03,HCT116 OsTIRF74G,No addition,No addition,0.0,Total Pol II F12,Goat anti-mouse Alexa647,4218,259.49310590849984,10.34838420561897,0.21513780696284904
1,250203_ARMC5mAC_TotalPolII,C04,HCT116 OsTIRF74G,No addition,No addition,0.0,Total Pol II F12,Goat anti-mouse Alexa647,3306,258.3233483311108,9.17862662822995,0.190819123497173
2,250203_ARMC5mAC_TotalPolII,C05,HCT116 OsTIRF74G,No addition,No addition,0.0,Total Pol II F12,Goat anti-mouse Alexa647,3637,259.9064672200733,10.761745517192423,0.2237313848865323
3,250203_ARMC5mAC_TotalPolII,C06,HCT116 OsTIRF74G,No addition,No addition,0.0,Total Pol II F12,Goat anti-mouse Alexa647,3696,260.730616980866,11.585895277985117,0.24086505219370696
4,250203_ARMC5mAC_TotalPolII,C07,HCT116 OsTIRF74G,No addition,No addition,0.0,Total Pol II F12,Goat anti-mouse Alexa647,4018,262.01739968190833,12.872677979027458,0.26761663029897914
5,250203_ARMC5mAC_TotalPolII,C08,HCT116 OsTIRF74G,No addition,No addition,0.0,Total Pol II F12,Goat anti-mouse Alexa647,3467,260.2921023654176,11.147380662536705,0.2317485494804135
6,250203_ARMC5mAC_TotalPolII,C09,HCT116 OsTIRF74G,No addition,No addition,0.0,Total Pol II F12,Goat anti-mouse Alexa647,4007,259.8839437687449,10.739222065864055,0.22326313343512325
7,250203_ARMC5mAC_TotalPolII,C10,HCT116 OsTIRF74G,No addition,No addition,0.0,Total Pol II F12,Goat anti-mouse Alexa647,3940,261.90908746438197,12.764365761501097,0.2653648726832103
8,250203_ARMC5mAC_TotalPolII,C11,HCT116 OsTIRF74G,No addition,No addition,0.0,Total Pol II F12,Goat anti-mouse Alexa647,3998,261.0430819640109,11.898360261130051,0.2473610451807072
9,250203_ARMC5mAC_TotalPolII,C12,HCT116 OsTIRF74G,No addition,No addition,0.0,Total Pol II F12,Goat anti-mouse Alexa647,4108,262.1829723146644,13.038250611783553,0.27105880372397334
10,250203_ARMC5mAC_TotalPolII,C13,HCT116 OsTIRF74G,No addition,No addition,0.0,Total Pol II F12,Goat anti-mouse Alexa647,4388,261.5040497452384,12.359328042357504,0.2569443381434826
11,250203_ARMC5mAC_TotalPolII,C14,HCT116 OsTIRF74G,No addition,No addition,0.0,Total Pol II F12,Goat anti-mouse Alexa647,4201,257.0924346926302,7.947712989749334,0.16522903566494979
12,250203_ARMC5mAC_TotalPolII,C15,HCT116 OsTIRF74G,No addition,No addition,0.0,Total Pol II F12,Goat anti-mouse Alexa647,4115,252.7559958593765,3.611274156495625,0.07507660973277626
13,250203_ARMC5mAC_TotalPolII,C16,HCT116 OsTIRF74G,No addition,No addition,0.0,Total Pol II F12,Goat anti-mouse Alexa647,3427,249.41559766243358,0.27087595955271127,0.005631377685560337
14,250203_ARMC5mAC_TotalPolII,C17,HCT116 OsTIRF74G,No addition,No addition,0.0,Total Pol II F12,Goat anti-mouse Alexa647,4106,249.05767610946137,-0.08704559341950358,-0.0018096349828105064
15,250203_ARMC5mAC_TotalPolII,C18,HCT116 OsTIRF74G,No addition,No addition,0.0,Total Pol II F12,Goat anti-mouse Alexa647,3964,250.322574865298,1.1778531624171364,0.02448698668813316
16,250203_ARMC5mAC_TotalPolII,C19,HCT116 OsTIRF74G,No addition,No addition,0.0,Total Pol II F12,Goat anti-mouse Alexa647,3547,250.06890924912233,0.9241875462414555,0.019213403558480543
17,250203_ARMC5mAC_TotalPolII,C20,HCT116 OsTIRF74G,No addition,No addition,0.0,Total Pol II F12,Goat anti-mouse Alexa647,3225,251.1387576119862,1.994035909105321,0.041455023698980485
18,250203_ARMC5mAC_TotalPolII,C21,HCT116 OsTIRF74G,No addition,No addition,0.0,Total Pol II F12,Goat anti-mouse Alexa647,2977,251.71266821154794,2.567946508667063,0.053386342185919276
19,250203_ARMC5mAC_TotalPolII,C22,HCT116 OsTIRF74G,No addition,No addition,0.0,Total Pol II F12,Goat anti-mouse Alexa647,4059,251.8110454603255,2.6663237574446157,0.05543155669830173
20,250203_ARMC5mAC_TotalPolII,D03,HCT116 OsTIRF74G,No addition,No addition,0.0,Total Pol II F12,Goat anti-mouse Alexa647,4609,258.7617511083341,9.617029405453252,0.19993330114889096
21,250203_ARMC5mAC_TotalPolII,D04,HCT116 OsTIRF74G,10 µM 5PhIAA,2,2.0,Total Pol II F12,Goat anti-mouse Alexa647,2201,257.0609807878668,7.916259084985938,0.1645751244884068
22,250203_ARMC5mAC_TotalPolII,D05,HCT116 OsTIRF74G ARMC5mAC Clone 5A1,10 µM 5PhIAA,2,2.0,Total Pol II F12,Goat anti-mouse Alexa647,2540,260.2164515584132,11.07172985553234,0.23017580649073482
23,250203_ARMC5mAC_TotalPolII,D06,HCT116 OsTIRF74G ARMC5mAC Clone 5F9,10 µM 5PhIAA,2,2.0,Total Pol II F12,Goat anti-mouse Alexa647,4446,261.1025926182064,11.957870915325543,0.24859824234889805
24,250203_ARMC5mAC_TotalPolII,D07,HCT116 OsTIRF74G,Vehicle,2,0.0,Total Pol II F12,Goat anti-mouse Alexa647,2443,257.6890712278157,8.54434952493483,0.1776328151519951
25,250203_ARMC5mAC_TotalPolII,D08,HCT116 OsTIRF74G ARMC5mAC Clone 5A1,Vehicle,2,0.0,Total Pol II F12,Goat anti-mouse Alexa647,2489,310.2050514827855,61.060329779904635,1.2694141597626638
26,250203_ARMC5mAC_TotalPolII,D09,HCT116 OsTIRF74G ARMC5mAC Clone 5F9,Vehicle,2,0.0,Total Pol II F12,Goat anti-mouse Alexa647,4000,308.92720589394077,59.78248419105989,1.2428483798149172
27,250203_ARMC5mAC_TotalPolII,D10,HCT116 OsTIRF74G,10 µM 5PhIAA,2,2.0,Total Pol II F12,Goat anti-mouse Alexa647,2051,257.5806609211306,8.4359392182497,0.1753790183109632
28,250203_ARMC5mAC_TotalPolII,D11,HCT116 OsTIRF74G ARMC5mAC Clone 5A1,10 µM 5PhIAA,2,2.0,Total Pol II F12,Goat anti-mouse Alexa647,2010,263.2736934785475,14.128971775666628,0.29373435910955303
29,250203_ARMC5mAC_TotalPolII,D12,HCT116 OsTIRF74G ARMC5mAC Clone 5F9,10 µM 5PhIAA,2,2.0,Total Pol II F12,Goat anti-mouse Alexa647,3987,261.87644524900867,12.731723546127796,0.2646862571148003
30,250203_ARMC5mAC_TotalPolII,D13,HCT116 OsTIRF74G,Vehicle,2,0.0,Total Pol II F12,Goat anti-mouse Alexa647,2029,258.0174062871556,8.872684584274737,0.18445873920079972
31,250203_ARMC5mAC_TotalPolII,D14,HCT116 OsTIRF74G ARMC5mAC Clone 5A1,Vehicle,2,0.0,Total Pol II F12,Goat anti-mouse Alexa647,2027,304.94133718649584,55.79661548361497,1.1599841340038723
32,250203_ARMC5mAC_TotalPolII,D15,HCT116 OsTIRF74G ARMC5mAC Clone 5F9,Vehicle,2,0.0,Total Pol II F12,Goat anti-mouse Alexa647,3642,306.79563999840815,57.650918295527276,1.1985341754860241
33,250203_ARMC5mAC_TotalPolII,D16,HCT116 OsTIRF74G,10 µM 5PhIAA,2,2.0,Total Pol II F12,Goat anti-mouse Alexa647,2101,251.44964458328377,2.3049228804028985,0.0479182105974691
34,250203_ARMC5mAC_TotalPolII,D17,HCT116 OsTIRF74G ARMC5mAC Clone 5A1,10 µM 5PhIAA,2,2.0,Total Pol II F12,Goat anti-mouse Alexa647,2303,252.17721541043866,3.0324937075577907,0.06304404947763532
35,250203_ARMC5mAC_TotalPolII,D18,HCT116 OsTIRF74G ARMC5mAC Clone 5F9,10 µM 5PhIAA,2,2.0,Total Pol II F12,Goat anti-mouse Alexa647,3435,250.63397068307557,1.4892489801947022,0.03096075225413259
36,250203_ARMC5mAC_TotalPolII,D19,HCT116 OsTIRF74G,Vehicle,2,0.0,Total Pol II F12,Goat anti-mouse Alexa647,1898,247.453114638081,-1.6916070647998822,-0.03516767709168573
37,250203_ARMC5mAC_TotalPolII,D20,HCT116 OsTIRF74G ARMC5mAC Clone 5A1,Vehicle,2,0.0,Total Pol II F12,Goat anti-mouse Alexa647,2836,295.18370312249726,46.03898141961639,0.9571277313072268
38,250203_ARMC5mAC_TotalPolII,D21,HCT116 OsTIRF74G ARMC5mAC Clone 5F9,Vehicle,2,0.0,Total Pol II F12,Goat anti-mouse Alexa647,4143,302.01575728558413,52.87103558270326,1.0991627698690751
39,250203_ARMC5mAC_TotalPolII,D22,HCT116 OsTIRF74G,No addition,No addition,0.0,Total Pol II F12,Goat anti-mouse Alexa647,4395,247.32840735913092,-1.8163143437499514,-0.03776027995340151
40,250203_ARMC5mAC_TotalPolII,E03,HCT116 OsTIRF74G,No addition,No addition,0.0,Total Pol II F12,Goat anti-mouse Alexa647,4501,255.28507706833523,6.140355365454354,0.12765496149429045
41,250203_ARMC5mAC_TotalPolII,E04,HCT116 OsTIRF74G,10 µM 5PhIAA,8,8.0,Total Pol II F12,Goat anti-mouse Alexa647,2300,257.01224048748855,7.867518784607682,0.16356183766741741
42,250203_ARMC5mAC_TotalPolII,E05,HCT116 OsTIRF74G ARMC5mAC Clone 5A1,10 µM 5PhIAA,8,8.0,Total Pol II F12,Goat anti-mouse Alexa647,2599,259.4892564327517,10.344534729870816,0.21505777825943415
43,250203_ARMC5mAC_TotalPolII,E06,HCT116 OsTIRF74G ARMC5mAC Clone 5F9,10 µM 5PhIAA,8,8.0,Total Pol II F12,Goat anti-mouse Alexa647,4028,258.79530339196424,9.650581689083367,0.20063083658779157
44,250203_ARMC5mAC_TotalPolII,E07,HCT116 OsTIRF74G,Vehicle,8,0.0,Total Pol II F12,Goat anti-mouse Alexa647,1937,255.22598566767994,6.081263964799064,0.1264264804005522
45,250203_ARMC5mAC_TotalPolII,E08,HCT116 OsTIRF74G ARMC5mAC Clone 5A1,Vehicle,8,0.0,Total Pol II F12,Goat anti-mouse Alexa647,1995,315.17672642955927,66.0320047266784,1.3727728313898997
46,250203_ARMC5mAC_TotalPolII,E09,HCT116 OsTIRF74G ARMC5mAC Clone 5F9,Vehicle,8,0.0,Total Pol II F12,Goat anti-mouse Alexa647,3473,317.2233778061216,68.07865610324075,1.4153217047233848
47,250203_ARMC5mAC_TotalPolII,E10,HCT116 OsTIRF74G,10 µM 5PhIAA,8,8.0,Total Pol II F12,Goat anti-mouse Alexa647,1814,253.1981585712337,4.053436868352833,0.08426895457227827
48,250203_ARMC5mAC_TotalPolII,E11,HCT116 OsTIRF74G ARMC5mAC Clone 5A1,10 µM 5PhIAA,8,8.0,Total Pol II F12,Goat anti-mouse Alexa647,2640,260.59849579230274,11.45377408942187,0.2381183178054159
49,250203_ARMC5mAC_TotalPolII,E12,HCT116 OsTIRF74G ARMC5mAC Clone 5F9,10 µM 5PhIAA,8,8.0,Total Pol II F12,Goat anti-mouse Alexa647,3764,258.37964845176475,9.234926748883879,0.1919895752554923
50,250203_ARMC5mAC_TotalPolII,E13,HCT116 OsTIRF74G,Vehicle,8,0.0,Total Pol II F12,Goat anti-mouse Alexa647,1782,252.6048239958013,3.460102292920425,0.07193382120097858
51,250203_ARMC5mAC_TotalPolII,E14,HCT116 OsTIRF74G ARMC5mAC Clone 5A1,Vehicle,8,0.0,Total Pol II F12,Goat anti-mouse Alexa647,2562,313.9066508634273,64.7619291605464,1.346368586384542
52,250203_ARMC5mAC_TotalPolII,E15,HCT116 OsTIRF74G ARMC5mAC Clone 5F9,Vehicle,8,0.0,Total Pol II F12,Goat anti-mouse Alexa647,3880,315.47270768125503,66.32798597837416,1.3789261357248286
53,250203_ARMC5mAC_TotalPolII,E16,HCT116 OsTIRF74G,10 µM 5PhIAA,8,8.0,Total Pol II F12,Goat anti-mouse Alexa647,2242,249.389651266282,0.24492956340111505,0.00509196489843046
54,250203_ARMC5mAC_TotalPolII,E17,HCT116 OsTIRF74G ARMC5mAC Clone 5A1,10 µM 5PhIAA,8,8.0,Total Pol II F12,Goat anti-mouse Alexa647,2523,249.59631197046545,0.451590267584578,0.009388339076274291
55,250203_ARMC5mAC_TotalPolII,E18,HCT116 OsTIRF74G ARMC5mAC Clone 5F9,10 µM 5PhIAA,8,8.0,Total Pol II F12,Goat anti-mouse Alexa647,4333,249.0318270196146,-0.11289468326626206,-0.0023470248198246453
56,250203_ARMC5mAC_TotalPolII,E19,HCT116 OsTIRF74G,Vehicle,8,0.0,Total Pol II F12,Goat anti-mouse Alexa647,2306,245.47488422486475,-3.6698374780161203,-0.07629411232158992
57,250203_ARMC5mAC_TotalPolII,E20,HCT116 OsTIRF74G ARMC5mAC Clone 5A1,Vehicle,8,0.0,Total Pol II F12,Goat anti-mouse Alexa647,2447,290.4684066673453,41.323684964464405,0.8590990421530038
58,250203_ARMC5mAC_TotalPolII,E21,HCT116 OsTIRF74G ARMC5mAC Clone 5F9,Vehicle,8,0.0,Total Pol II F12,Goat anti-mouse Alexa647,4143,304.0646144997562,54.91989279687533,1.141757501479219
59,250203_ARMC5mAC_TotalPolII,E22,HCT116 OsTIRF74G,No addition,No addition,0.0,Total Pol II F12,Goat anti-mouse Alexa647,4837,246.82853748301844,-2.3161842198624356,-0.04815232829416937
60,250203_ARMC5mAC_TotalPolII,F03,HCT116 OsTIRF74G,No addition,No addition,0.0,Total Pol II F12,Goat anti-mouse Alexa647,3909,255.41657266132935,6.271850958448482,0.1303886900590528
61,250203_ARMC5mAC_TotalPolII,F04,HCT116 OsTIRF74G,10 µM 5PhIAA,24,24.0,Total Pol II F12,Goat anti-mouse Alexa647,1404,253.51729645262168,4.3725747497408065,0.0909036738247098
62,250203_ARMC5mAC_TotalPolII,F05,HCT116 OsTIRF74G ARMC5mAC Clone 5A1,10 µM 5PhIAA,24,24.0,Total Pol II F12,Goat anti-mouse Alexa647,2253,255.8551423321856,6.7104206293047355,0.13950633734713871
63,250203_ARMC5mAC_TotalPolII,F06,HCT116 OsTIRF74G ARMC5mAC Clone 5F9,10 µM 5PhIAA,24,24.0,Total Pol II F12,Goat anti-mouse Alexa647,3864,257.38280645199717,8.238084749116297,0.1712657214192565
64,250203_ARMC5mAC_TotalPolII,F07,HCT116 OsTIRF74G,Vehicle,24,0.0,Total Pol II F12,Goat anti-mouse Alexa647,1757,253.45655861456945,4.311836911688573,0.0896409641090107
65,250203_ARMC5mAC_TotalPolII,F08,HCT116 OsTIRF74G ARMC5mAC Clone 5A1,Vehicle,24,0.0,Total Pol II F12,Goat anti-mouse Alexa647,2514,301.33660706125687,52.191885358376,1.0850435714553983
66,250203_ARMC5mAC_TotalPolII,F09,HCT116 OsTIRF74G ARMC5mAC Clone 5F9,Vehicle,24,0.0,Total Pol II F12,Goat anti-mouse Alexa647,4453,298.17830777624084,49.03358607335997,1.0193840860314087
67,250203_ARMC5mAC_TotalPolII,F10,HCT116 OsTIRF74G,10 µM 5PhIAA,24,24.0,Total Pol II F12,Goat anti-mouse Alexa647,1793,249.26762981176273,0.12290810888185888,0.0025551990028005143
68,250203_ARMC5mAC_TotalPolII,F11,HCT116 OsTIRF74G ARMC5mAC Clone 5A1,10 µM 5PhIAA,24,24.0,Total Pol II F12,Goat anti-mouse Alexa647,2683,251.52503513979815,2.3803134369172767,0.04948554310773724
69,250203_ARMC5mAC_TotalPolII,F12,HCT116 OsTIRF74G ARMC5mAC Clone 5F9,10 µM 5PhIAA,24,24.0,Total Pol II F12,Goat anti-mouse Alexa647,4173,259.14137072286366,9.996649019982783,0.2078254058221616
70,250203_ARMC5mAC_TotalPolII,F13,HCT116 OsTIRF74G,Vehicle,24,0.0,Total Pol II F12,Goat anti-mouse Alexa647,2113,251.8860607774867,2.7413390746058326,0.05699108816737144
71,250203_ARMC5mAC_TotalPolII,F14,HCT116 OsTIRF74G ARMC5mAC Clone 5A1,Vehicle,24,0.0,Total Pol II F12,Goat anti-mouse Alexa647,2524,296.1081796696372,46.96345796675632,0.9763471430519395
72,250203_ARMC5mAC_TotalPolII,F15,HCT116 OsTIRF74G ARMC5mAC Clone 5F9,Vehicle,24,0.0,Total Pol II F12,Goat anti-mouse Alexa647,4118,304.6848749229199,55.54015322003903,1.1546524099532232
73,250203_ARMC5mAC_TotalPolII,F16,HCT116 OsTIRF74G,10 µM 5PhIAA,24,24.0,Total Pol II F12,Goat anti-mouse Alexa647,1584,248.5308478581007,-0.6138738447801586,-0.012762134657326084
74,250203_ARMC5mAC_TotalPolII,F17,HCT116 OsTIRF74G ARMC5mAC Clone 5A1,10 µM 5PhIAA,24,24.0,Total Pol II F12,Goat anti-mouse Alexa647,2668,248.77029849444537,-0.3744232084355019,-0.0077840739518609215
75,250203_ARMC5mAC_TotalPolII,F18,HCT116 OsTIRF74G ARMC5mAC Clone 5F9,10 µM 5PhIAA,24,24.0,Total Pol II F12,Goat anti-mouse Alexa647,3888,248.05126100383632,-1.093460699044556,-0.02273250897128233
76,250203_ARMC5mAC_TotalPolII,F19,HCT116 OsTIRF74G,Vehicle,24,0.0,Total Pol II F12,Goat anti-mouse Alexa647,2109,247.72043100830834,-1.4242906945725338,-0.02961030151369414
77,250203_ARMC5mAC_TotalPolII,F20,HCT116 OsTIRF74G ARMC5mAC Clone 5A1,Vehicle,24,0.0,Total Pol II F12,Goat anti-mouse Alexa647,2410,293.1265482797937,43.98182657691285,0.9143604960897775
78,250203_ARMC5mAC_TotalPolII,F21,HCT116 OsTIRF74G ARMC5mAC Clone 5F9,Vehicle,24,0.0,Total Pol II F12,Goat anti-mouse Alexa647,4020,296.40168688111766,47.25696517823678,0.9824490133102356
79,250203_ARMC5mAC_TotalPolII,F22,HCT116 OsTIRF74G,No addition,No addition,0.0,Total Pol II F12,Goat anti-mouse Alexa647,4850,243.6435669314225,-5.501154771458374,-0.11436629620420807
80,250203_ARMC5mAC_TotalPolII,G03,HCT116 OsTIRF74G,No addition,No addition,0.0,Total Pol II F12,Goat anti-mouse Alexa647,3075,252.26957289992228,3.1248511970414086,0.06496411616140912
81,250203_ARMC5mAC_TotalPolII,G04,HCT116 OsTIRF74G,10 µM 5PhIAA,48,48.0,Total Pol II F12,Goat anti-mouse Alexa647,1891,252.3927441376921,3.2480224348112188,0.0675247854840951
82,250203_ARMC5mAC_TotalPolII,G05,HCT116 OsTIRF74G ARMC5mAC Clone 5A1,10 µM 5PhIAA,48,48.0,Total Pol II F12,Goat anti-mouse Alexa647,2088,253.24273762753847,4.098015924657602,0.08519573118003836
83,250203_ARMC5mAC_TotalPolII,G06,HCT116 OsTIRF74G ARMC5mAC Clone 5F9,10 µM 5PhIAA,48,48.0,Total Pol II F12,Goat anti-mouse Alexa647,4554,252.7419025484654,3.597180845584518,0.07478361674546381
84,250203_ARMC5mAC_TotalPolII,G07,HCT116 OsTIRF74G,Vehicle,48,0.0,Total Pol II F12,Goat anti-mouse Alexa647,2241,251.42348515752977,2.278763454648896,0.04737436902990652
85,250203_ARMC5mAC_TotalPolII,G08,HCT116 OsTIRF74G ARMC5mAC Clone 5A1,Vehicle,48,0.0,Total Pol II F12,Goat anti-mouse Alexa647,2561,294.8680990838139,45.723377380933016,0.9505664789028088
86,250203_ARMC5mAC_TotalPolII,G09,HCT116 OsTIRF74G ARMC5mAC Clone 5F9,Vehicle,48,0.0,Total Pol II F12,Goat anti-mouse Alexa647,4228,295.37480001479236,46.230078311911484,0.9611005415072443
87,250203_ARMC5mAC_TotalPolII,G10,HCT116 OsTIRF74G,10 µM 5PhIAA,48,48.0,Total Pol II F12,Goat anti-mouse Alexa647,1877,245.82642666271775,-3.3182950401631217,-0.06898571831231047
88,250203_ARMC5mAC_TotalPolII,G11,HCT116 OsTIRF74G ARMC5mAC Clone 5A1,10 µM 5PhIAA,48,48.0,Total Pol II F12,Goat anti-mouse Alexa647,2422,248.16471007488542,-0.9800116279954523,-0.02037395870270765
89,250203_ARMC5mAC_TotalPolII,G12,HCT116 OsTIRF74G ARMC5mAC Clone 5F9,10 µM 5PhIAA,48,48.0,Total Pol II F12,Goat anti-mouse Alexa647,4479,251.0618567859145,1.917135083033628,0.03985629342902082
90,250203_ARMC5mAC_TotalPolII,G13,HCT116 OsTIRF74G,Vehicle,48,0.0,Total Pol II F12,Goat anti-mouse Alexa647,1944,247.8286113343869,-1.3161103684939803,-0.02736128585611653
91,250203_ARMC5mAC_TotalPolII,G14,HCT116 OsTIRF74G ARMC5mAC Clone 5A1,Vehicle,48,0.0,Total Pol II F12,Goat anti-mouse Alexa647,2378,294.36265053628324,45.21792883340237,0.9400584527329594
92,250203_ARMC5mAC_TotalPolII,G15,HCT116 OsTIRF74G ARMC5mAC Clone 5F9,Vehicle,48,0.0,Total Pol II F12,Goat anti-mouse Alexa647,3855,299.82390888558507,50.6791871827042,1.0535953219852996
93,250203_ARMC5mAC_TotalPolII,G16,HCT116 OsTIRF74G,10 µM 5PhIAA,48,48.0,Total Pol II F12,Goat anti-mouse Alexa647,2634,250.38657046029826,1.2418487574173867,0.0258174235650478
94,250203_ARMC5mAC_TotalPolII,G17,HCT116 OsTIRF74G ARMC5mAC Clone 5A1,10 µM 5PhIAA,48,48.0,Total Pol II F12,Goat anti-mouse Alexa647,2669,250.8423357891225,1.6976140862416287,0.03529256010662583
95,250203_ARMC5mAC_TotalPolII,G18,HCT116 OsTIRF74G ARMC5mAC Clone 5F9,10 µM 5PhIAA,48,48.0,Total Pol II F12,Goat anti-mouse Alexa647,4285,247.34332994506875,-1.8013917578121266,-0.037450046747029536
96,250203_ARMC5mAC_TotalPolII,G19,HCT116 OsTIRF74G,Vehicle,48,0.0,Total Pol II F12,Goat anti-mouse Alexa647,1998,244.16256198673685,-4.982159716144025,-0.10357664481454815
97,250203_ARMC5mAC_TotalPolII,G20,HCT116 OsTIRF74G ARMC5mAC Clone 5A1,Vehicle,48,0.0,Total Pol II F12,Goat anti-mouse Alexa647,2083,284.12131168023325,34.976589977352376,0.7271460658254787
98,250203_ARMC5mAC_TotalPolII,G21,HCT116 OsTIRF74G ARMC5mAC Clone 5F9,Vehicle,48,0.0,Total Pol II F12,Goat anti-mouse Alexa647,3296,295.35237222710094,46.20765052422007,0.9606342788556954
99,250203_ARMC5mAC_TotalPolII,G22,HCT116 OsTIRF74G,No addition,No addition,0.0,Total Pol II F12,Goat anti-mouse Alexa647,4345,243.95923557624403,-5.185486126636846,-0.10780370067002186
100,250203_ARMC5mAC_TotalPolII,H03,HCT116 OsTIRF74G,No addition,No addition,0.0,Total Pol II F12,Goat anti-mouse Alexa647,3548,252.91521876067273,3.7704970577918573,0.07838677537047396
104,250203_ARMC5mAC_TotalPolII,H07,HCT116 OsTIRF74G,Vehicle,72,0.0,Total Pol II F12,Goat anti-mouse Alexa647,2111,247.82290386339812,-1.3218178394827476,-0.027479941364786258
105,250203_ARMC5mAC_TotalPolII,H08,HCT116 OsTIRF74G ARMC5mAC Clone 5A1,Vehicle,72,0.0,Total Pol II F12,Goat anti-mouse Alexa647,1997,289.7585406643927,40.61381896151181,0.8443412778413751
106,250203_ARMC5mAC_TotalPolII,H09,HCT116 OsTIRF74G ARMC5mAC Clone 5F9,Vehicle,72,0.0,Total Pol II F12,Goat anti-mouse Alexa647,4354,292.0796033975994,42.93488169471851,0.8925950280233746
110,250203_ARMC5mAC_TotalPolII,H13,HCT116 OsTIRF74G,Vehicle,72,0.0,Total Pol II F12,Goat anti-mouse Alexa647,2440,244.42540248394022,-4.7193192189406545,-0.09811232043058739
111,250203_ARMC5mAC_TotalPolII,H14,HCT116 OsTIRF74G ARMC5mAC Clone 5A1,Vehicle,72,0.0,Total Pol II F12,Goat anti-mouse Alexa647,2552,292.6238141791287,43.47909247624784,0.9039089019323261
112,250203_ARMC5mAC_TotalPolII,H15,HCT116 OsTIRF74G ARMC5mAC Clone 5F9,Vehicle,72,0.0,Total Pol II F12,Goat anti-mouse Alexa647,3852,296.6951138188747,47.550392115993816,0.9885492147173882
116,250203_ARMC5mAC_TotalPolII,H19,HCT116 OsTIRF74G,Vehicle,72,0.0,Total Pol II F12,Goat anti-mouse Alexa647,1689,241.72070082489384,-7.424020877987033,-0.15434173478689492
117,250203_ARMC5mAC_TotalPolII,H20,HCT116 OsTIRF74G ARMC5mAC Clone 5A1,Vehicle,72,0.0,Total Pol II F12,Goat anti-mouse Alexa647,2001,287.98047354503143,38.83575184215056,0.80737613883113
118,250203_ARMC5mAC_TotalPolII,H21,HCT116 OsTIRF74G ARMC5mAC Clone 5F9,Vehicle,72,0.0,Total Pol II F12,Goat anti-mouse Alexa647,3486,289.53272246529855,40.388000762417676,0.8396466287869815
119,250203_ARMC5mAC_TotalPolII,H22,HCT116 OsTIRF74G,No addition,No addition,0.0,Total Pol II F12,Goat anti-mouse Alexa647,4338,242.4111675611046,-6.733554141776267,-0.13998727166901773
120,250203_ARMC5mAC_TotalPolII,I03,HCT116 OsTIRF74G,No addition,No addition,0.0,Total Pol II F12,Goat anti-mouse Alexa647,4005,250.8629936399063,1.7182719370254347,0.035722026642259534
121,250203_ARMC5mAC_TotalPolII,I04,HCT116 OsTIRF74G,Vehicle,2,0.0,Total Pol II F12,Goat anti-mouse Alexa647,1735,249.10912219787969,-0.035599505001187026,-0.0007400961621389912
122,250203_ARMC5mAC_TotalPolII,I05,HCT116 OsTIRF74G ARMC5mAC Clone 5A1,Vehicle,2,0.0,Total Pol II F12,Goat anti-mouse Alexa647,1890,302.108984491496,52.964262788615144,1.1011009175287132
123,250203_ARMC5mAC_TotalPolII,I06,HCT116 OsTIRF74G ARMC5mAC Clone 5F9,Vehicle,2,0.0,Total Pol II F12,Goat anti-mouse Alexa647,4738,300.7974114527705,51.652689749889646,1.0738339605220542
124,250203_ARMC5mAC_TotalPolII,I07,HCT116 OsTIRF74G,10 µM 5PhIAA,2,2.0,Total Pol II F12,Goat anti-mouse Alexa647,1700,245.15270026047997,-3.9920214424008975,-0.0829921581381244
125,250203_ARMC5mAC_TotalPolII,I08,HCT116 OsTIRF74G ARMC5mAC Clone 5A1,10 µM 5PhIAA,2,2.0,Total Pol II F12,Goat anti-mouse Alexa647,2593,248.72743450021014,-0.41728720267073527,-0.008675195264541708
126,250203_ARMC5mAC_TotalPolII,I09,HCT116 OsTIRF74G ARMC5mAC Clone 5F9,10 µM 5PhIAA,2,2.0,Total Pol II F12,Goat anti-mouse Alexa647,4801,248.04742366236093,-1.097298040519945,-0.022812285409147343
127,250203_ARMC5mAC_TotalPolII,I10,HCT116 OsTIRF74G,Vehicle,2,0.0,Total Pol II F12,Goat anti-mouse Alexa647,1858,245.9042475050764,-3.240474197804474,-0.06736786135721691
128,250203_ARMC5mAC_TotalPolII,I11,HCT116 OsTIRF74G ARMC5mAC Clone 5A1,Vehicle,2,0.0,Total Pol II F12,Goat anti-mouse Alexa647,2463,297.93100691939316,48.78628521651228,1.0142428231110239
129,250203_ARMC5mAC_TotalPolII,I12,HCT116 OsTIRF74G ARMC5mAC Clone 5F9,Vehicle,2,0.0,Total Pol II F12,Goat anti-mouse Alexa647,4711,298.5223109241723,49.37758922129143,1.0265357419193015
130,250203_ARMC5mAC_TotalPolII,I13,HCT116 OsTIRF74G,10 µM 5PhIAA,2,2.0,Total Pol II F12,Goat anti-mouse Alexa647,2368,242.46282147175586,-6.681900231125013,-0.1389134123265581
131,250203_ARMC5mAC_TotalPolII,I14,HCT116 OsTIRF74G ARMC5mAC Clone 5A1,10 µM 5PhIAA,2,2.0,Total Pol II F12,Goat anti-mouse Alexa647,2470,250.1161853878686,0.9714636849877252,0.020196251180819618
132,250203_ARMC5mAC_TotalPolII,I15,HCT116 OsTIRF74G ARMC5mAC Clone 5F9,10 µM 5PhIAA,2,2.0,Total Pol II F12,Goat anti-mouse Alexa647,4293,248.71654092820725,-0.4281807746736206,-0.008901667257089116
133,250203_ARMC5mAC_TotalPolII,I16,HCT116 OsTIRF74G,Vehicle,2,0.0,Total Pol II F12,Goat anti-mouse Alexa647,1782,246.46312158382773,-2.6816001190531438,-0.055749144726493186
134,250203_ARMC5mAC_TotalPolII,I17,HCT116 OsTIRF74G ARMC5mAC Clone 5A1,Vehicle,2,0.0,Total Pol II F12,Goat anti-mouse Alexa647,2647,299.3142799830392,50.169558280158356,1.0430003882951624
135,250203_ARMC5mAC_TotalPolII,I18,HCT116 OsTIRF74G ARMC5mAC Clone 5F9,Vehicle,2,0.0,Total Pol II F12,Goat anti-mouse Alexa647,4281,298.6405104517714,49.495788748890504,1.0289930518380714
136,250203_ARMC5mAC_TotalPolII,I19,HCT116 OsTIRF74G,10 µM 5PhIAA,2,2.0,Total Pol II F12,Goat anti-mouse Alexa647,1791,242.7616053051433,-6.383116397737581,-0.13270184369963925
137,250203_ARMC5mAC_TotalPolII,I20,HCT116 OsTIRF74G ARMC5mAC Clone 5A1,10 µM 5PhIAA,2,2.0,Total Pol II F12,Goat anti-mouse Alexa647,2109,247.17723115058334,-1.9674905522975337,-0.040903158815033404
138,250203_ARMC5mAC_TotalPolII,I21,HCT116 OsTIRF74G ARMC5mAC Clone 5F9,10 µM 5PhIAA,2,2.0,Total Pol II F12,Goat anti-mouse Alexa647,3263,245.84696592027854,-3.297755782602337,-0.06855871727132931
139,250203_ARMC5mAC_TotalPolII,I22,HCT116 OsTIRF74G,No addition,No addition,0.0,Total Pol II F12,Goat anti-mouse Alexa647,4377,242.72896792215883,-6.415753780722042,-0.1333803588050671
140,250203_ARMC5mAC_TotalPolII,J03,HCT116 OsTIRF74G,No addition,No addition,0.0,Total Pol II F12,Goat anti-mouse Alexa647,3937,248.40364540671283,-0.7410762961680462,-0.015406610924164853
141,250203_ARMC5mAC_TotalPolII,J04,HCT116 OsTIRF74G,Vehicle,8,0.0,Total Pol II F12,Goat anti-mouse Alexa647,2256,247.52457172803344,-1.6201499748474362,-0.0336821194124522
142,250203_ARMC5mAC_TotalPolII,J05,HCT116 OsTIRF74G ARMC5mAC Clone 5A1,Vehicle,8,0.0,Total Pol II F12,Goat anti-mouse Alexa647,1962,308.4408853516838,59.29616364880292,1.2327380154465999
143,250203_ARMC5mAC_TotalPolII,J06,HCT116 OsTIRF74G ARMC5mAC Clone 5F9,Vehicle,8,0.0,Total Pol II F12,Goat anti-mouse Alexa647,4534,309.1392836691909,59.994561966310016,1.247257372230187
144,250203_ARMC5mAC_TotalPolII,J07,HCT116 OsTIRF74G,10 µM 5PhIAA,8,8.0,Total Pol II F12,Goat anti-mouse Alexa647,1829,243.41256794753647,-5.732153755344399,-0.11916865122083971
145,250203_ARMC5mAC_TotalPolII,J08,HCT116 OsTIRF74G ARMC5mAC Clone 5A1,10 µM 5PhIAA,8,8.0,Total Pol II F12,Goat anti-mouse Alexa647,2675,245.69937200138148,-3.4453497014993957,-0.07162712209682125
146,250203_ARMC5mAC_TotalPolII,J09,HCT116 OsTIRF74G ARMC5mAC Clone 5F9,10 µM 5PhIAA,8,8.0,Total Pol II F12,Goat anti-mouse Alexa647,4705,248.18013635659588,-0.9645853462849914,-0.02005325390949195
147,250203_ARMC5mAC_TotalPolII,J10,HCT116 OsTIRF74G,Vehicle,8,0.0,Total Pol II F12,Goat anti-mouse Alexa647,2007,245.46272058805158,-3.6820011148292906,-0.07654698833553393
148,250203_ARMC5mAC_TotalPolII,J11,HCT116 OsTIRF74G ARMC5mAC Clone 5A1,Vehicle,8,0.0,Total Pol II F12,Goat anti-mouse Alexa647,2306,311.8486896045092,62.703967901628346,1.3035845861714719
149,250203_ARMC5mAC_TotalPolII,J12,HCT116 OsTIRF74G ARMC5mAC Clone 5F9,Vehicle,8,0.0,Total Pol II F12,Goat anti-mouse Alexa647,4484,308.04435314587437,58.899631442993496,1.2244943063367604
150,250203_ARMC5mAC_TotalPolII,J13,HCT116 OsTIRF74G,10 µM 5PhIAA,8,8.0,Total Pol II F12,Goat anti-mouse Alexa647,2520,241.79349949420057,-7.351222208680298,-0.15282828633414414
151,250203_ARMC5mAC_TotalPolII,J14,HCT116 OsTIRF74G ARMC5mAC Clone 5A1,10 µM 5PhIAA,8,8.0,Total Pol II F12,Goat anti-mouse Alexa647,2020,244.9673816056027,-4.177340097278176,-0.08684484163029264
152,250203_ARMC5mAC_TotalPolII,J15,HCT116 OsTIRF74G ARMC5mAC Clone 5F9,10 µM 5PhIAA,8,8.0,Total Pol II F12,Goat anti-mouse Alexa647,3990,247.95333855571366,-1.1913831471672154,-0.02476826840221875
153,250203_ARMC5mAC_TotalPolII,J16,HCT116 OsTIRF74G,Vehicle,8,0.0,Total Pol II F12,Goat anti-mouse Alexa647,1903,245.36395141638909,-3.780770286491787,-0.07860035073151735
154,250203_ARMC5mAC_TotalPolII,J17,HCT116 OsTIRF74G ARMC5mAC Clone 5A1,Vehicle,8,0.0,Total Pol II F12,Goat anti-mouse Alexa647,2421,305.9488107834517,56.804089080570805,1.1809290135053854
155,250203_ARMC5mAC_TotalPolII,J18,HCT116 OsTIRF74G ARMC5mAC Clone 5F9,Vehicle,8,0.0,Total Pol II F12,Goat anti-mouse Alexa647,3287,308.80874488481015,59.66402318192928,1.2403856338239898
156,250203_ARMC5mAC_TotalPolII,J19,HCT116 OsTIRF74G,10 µM 5PhIAA,8,8.0,Total Pol II F12,Goat anti-mouse Alexa647,1728,242.32860362580942,-6.816118077071451,-0.14170373518841275
157,250203_ARMC5mAC_TotalPolII,J20,HCT116 OsTIRF74G ARMC5mAC Clone 5A1,10 µM 5PhIAA,8,8.0,Total Pol II F12,Goat anti-mouse Alexa647,2357,245.59450601738376,-3.5502156854971076,-0.07380723421616245
158,250203_ARMC5mAC_TotalPolII,J21,HCT116 OsTIRF74G ARMC5mAC Clone 5F9,10 µM 5PhIAA,8,8.0,Total Pol II F12,Goat anti-mouse Alexa647,3461,245.13539713600858,-4.009324566872294,-0.08335188156725262
159,250203_ARMC5mAC_TotalPolII,J22,HCT116 OsTIRF74G,No addition,No addition,0.0,Total Pol II F12,Goat anti-mouse Alexa647,4796,243.36736171232414,-5.777359990556732,-0.12010846656895438
160,250203_ARMC5mAC_TotalPolII,K03,HCT116 OsTIRF74G,No addition,No addition,0.0,Total Pol II F12,Goat anti-mouse Alexa647,3992,249.85493143487912,0.7102097319982477,0.014764910269065208
161,250203_ARMC5mAC_TotalPolII,K04,HCT116 OsTIRF74G,Vehicle,24,0.0,Total Pol II F12,Goat anti-mouse Alexa647,1362,247.59468132184463,-1.55004038103624,-0.03222457551382047
162,250203_ARMC5mAC_TotalPolII,K05,HCT116 OsTIRF74G ARMC5mAC Clone 5A1,Vehicle,24,0.0,Total Pol II F12,Goat anti-mouse Alexa647,2203,292.4249349625958,43.28021325971491,0.8997743010472766
163,250203_ARMC5mAC_TotalPolII,K06,HCT116 OsTIRF74G ARMC5mAC Clone 5F9,Vehicle,24,0.0,Total Pol II F12,Goat anti-mouse Alexa647,4637,294.0380960105357,44.893374307654824,0.933311124114132
164,250203_ARMC5mAC_TotalPolII,K07,HCT116 OsTIRF74G,10 µM 5PhIAA,24,24.0,Total Pol II F12,Goat anti-mouse Alexa647,1583,243.67376534043083,-5.470956362450039,-0.11373848616558457
165,250203_ARMC5mAC_TotalPolII,K08,HCT116 OsTIRF74G ARMC5mAC Clone 5A1,10 µM 5PhIAA,24,24.0,Total Pol II F12,Goat anti-mouse Alexa647,2553,246.82517318060235,-2.3195485222785237,-0.04822227048315033
166,250203_ARMC5mAC_TotalPolII,K09,HCT116 OsTIRF74G ARMC5mAC Clone 5F9,10 µM 5PhIAA,24,24.0,Total Pol II F12,Goat anti-mouse Alexa647,4576,247.2057314041174,-1.9389902987634855,-0.04031065259170715
167,250203_ARMC5mAC_TotalPolII,K10,HCT116 OsTIRF74G,Vehicle,24,0.0,Total Pol II F12,Goat anti-mouse Alexa647,2167,246.15098022516864,-2.993741477712234,-0.06223840971994577
168,250203_ARMC5mAC_TotalPolII,K11,HCT116 OsTIRF74G ARMC5mAC Clone 5A1,Vehicle,24,0.0,Total Pol II F12,Goat anti-mouse Alexa647,2802,296.7676758259384,47.622954123057525,0.9900577430787562
169,250203_ARMC5mAC_TotalPolII,K12,HCT116 OsTIRF74G ARMC5mAC Clone 5F9,Vehicle,24,0.0,Total Pol II F12,Goat anti-mouse Alexa647,4300,296.73468123405485,47.589959531173974,0.989371801776383
170,250203_ARMC5mAC_TotalPolII,K13,HCT116 OsTIRF74G,10 µM 5PhIAA,24,24.0,Total Pol II F12,Goat anti-mouse Alexa647,1696,243.00051538438058,-6.144206318500295,-0.12773502090999816
171,250203_ARMC5mAC_TotalPolII,K14,HCT116 OsTIRF74G ARMC5mAC Clone 5A1,10 µM 5PhIAA,24,24.0,Total Pol II F12,Goat anti-mouse Alexa647,2113,244.35707966493558,-4.7876420379452895,-0.09953271816168396
172,250203_ARMC5mAC_TotalPolII,K15,HCT116 OsTIRF74G ARMC5mAC Clone 5F9,10 µM 5PhIAA,24,24.0,Total Pol II F12,Goat anti-mouse Alexa647,4211,246.39434898931623,-2.7503727135646443,-0.05717889306868518
173,250203_ARMC5mAC_TotalPolII,K16,HCT116 OsTIRF74G,Vehicle,24,0.0,Total Pol II F12,Goat anti-mouse Alexa647,2002,244.98860457277917,-4.1561171301017055,-0.08640362660339876
174,250203_ARMC5mAC_TotalPolII,K17,HCT116 OsTIRF74G ARMC5mAC Clone 5A1,Vehicle,24,0.0,Total Pol II F12,Goat anti-mouse Alexa647,2564,293.7604158439945,44.615694141113636,0.9275382903190442
175,250203_ARMC5mAC_TotalPolII,K18,HCT116 OsTIRF74G ARMC5mAC Clone 5F9,Vehicle,24,0.0,Total Pol II F12,Goat anti-mouse Alexa647,4379,302.1138560301363,52.969134327255404,1.1012021944158847
176,250203_ARMC5mAC_TotalPolII,K19,HCT116 OsTIRF74G,10 µM 5PhIAA,24,24.0,Total Pol II F12,Goat anti-mouse Alexa647,2451,242.58332810186351,-6.5613936010173575,-0.1364081388837952
177,250203_ARMC5mAC_TotalPolII,K20,HCT116 OsTIRF74G ARMC5mAC Clone 5A1,10 µM 5PhIAA,24,24.0,Total Pol II F12,Goat anti-mouse Alexa647,2122,244.95612059951742,-4.188601103363453,-0.08707895239630638
178,250203_ARMC5mAC_TotalPolII,K21,HCT116 OsTIRF74G ARMC5mAC Clone 5F9,10 µM 5PhIAA,24,24.0,Total Pol II F12,Goat anti-mouse Alexa647,2981,248.38935366408126,-0.7553680387996167,-0.015703729209139625
179,250203_ARMC5mAC_TotalPolII,K22,HCT116 OsTIRF74G,No addition,No addition,0.0,Total Pol II F12,Goat anti-mouse Alexa647,4501,241.9772086728309,-7.1675130300499745,-0.14900906305984649
180,250203_ARMC5mAC_TotalPolII,L03,HCT116 OsTIRF74G,No addition,No addition,0.0,Total Pol II F12,Goat anti-mouse Alexa647,4647,248.80955346254171,-0.3351682403391578,-0.0069679825137349116
181,250203_ARMC5mAC_TotalPolII,L04,HCT116 OsTIRF74G,Vehicle,48,0.0,Total Pol II F12,Goat anti-mouse Alexa647,1483,246.85000935024365,-2.2947123526372195,-0.04770593875794378
182,250203_ARMC5mAC_TotalPolII,L05,HCT116 OsTIRF74G ARMC5mAC Clone 5A1,Vehicle,48,0.0,Total Pol II F12,Goat anti-mouse Alexa647,2169,288.0931898363306,38.94846813344975,0.809719454969888
183,250203_ARMC5mAC_TotalPolII,L06,HCT116 OsTIRF74G ARMC5mAC Clone 5F9,Vehicle,48,0.0,Total Pol II F12,Goat anti-mouse Alexa647,3994,291.2713560163618,42.126634313480906,0.8757919633489389
184,250203_ARMC5mAC_TotalPolII,L07,HCT116 OsTIRF74G,10 µM 5PhIAA,48,48.0,Total Pol II F12,Goat anti-mouse Alexa647,2339,243.8028251480562,-5.341896554824672,-0.11105539637805113
185,250203_ARMC5mAC_TotalPolII,L08,HCT116 OsTIRF74G ARMC5mAC Clone 5A1,10 µM 5PhIAA,48,48.0,Total Pol II F12,Goat anti-mouse Alexa647,2005,245.55772457326322,-3.5869971296176573,-0.07457190231002052
186,250203_ARMC5mAC_TotalPolII,L09,HCT116 OsTIRF74G ARMC5mAC Clone 5F9,10 µM 5PhIAA,48,48.0,Total Pol II F12,Goat anti-mouse Alexa647,4025,245.90091336668675,-3.243808336194121,-0.06743717645095587
187,250203_ARMC5mAC_TotalPolII,L10,HCT116 OsTIRF74G,Vehicle,48,0.0,Total Pol II F12,Goat anti-mouse Alexa647,1531,243.66106853107408,-5.483653171806793,-0.11400244657391134
188,250203_ARMC5mAC_TotalPolII,L11,HCT116 OsTIRF74G ARMC5mAC Clone 5A1,Vehicle,48,0.0,Total Pol II F12,Goat anti-mouse Alexa647,1881,291.0107942392867,41.86607253640585,0.870375012433275
189,250203_ARMC5mAC_TotalPolII,L12,HCT116 OsTIRF74G ARMC5mAC Clone 5F9,Vehicle,48,0.0,Total Pol II F12,Goat anti-mouse Alexa647,3611,295.4389869014942,46.294265198613346,0.9624349552443486
190,250203_ARMC5mAC_TotalPolII,L13,HCT116 OsTIRF74G,10 µM 5PhIAA,48,48.0,Total Pol II F12,Goat anti-mouse Alexa647,1979,244.6991980875745,-4.445523615306371,-0.09242024478365059
191,250203_ARMC5mAC_TotalPolII,L14,HCT116 OsTIRF74G ARMC5mAC Clone 5A1,10 µM 5PhIAA,48,48.0,Total Pol II F12,Goat anti-mouse Alexa647,1716,247.08311105089575,-2.06161065198512,-0.04285986929616507
192,250203_ARMC5mAC_TotalPolII,L15,HCT116 OsTIRF74G ARMC5mAC Clone 5F9,10 µM 5PhIAA,48,48.0,Total Pol II F12,Goat anti-mouse Alexa647,4713,246.6385668369937,-2.5061548658871686,-0.0521017243893477
193,250203_ARMC5mAC_TotalPolII,L16,HCT116 OsTIRF74G,Vehicle,48,0.0,Total Pol II F12,Goat anti-mouse Alexa647,1821,244.9704500096811,-4.174271693199785,-0.08678105102190543
194,250203_ARMC5mAC_TotalPolII,L17,HCT116 OsTIRF74G ARMC5mAC Clone 5A1,Vehicle,48,0.0,Total Pol II F12,Goat anti-mouse Alexa647,2075,289.35831832008756,40.21359661720669,0.8360208525710627
195,250203_ARMC5mAC_TotalPolII,L18,HCT116 OsTIRF74G ARMC5mAC Clone 5F9,Vehicle,48,0.0,Total Pol II F12,Goat anti-mouse Alexa647,3460,298.8474837068347,49.70276200395381,1.0332959237946522
196,250203_ARMC5mAC_TotalPolII,L19,HCT116 OsTIRF74G,10 µM 5PhIAA,48,48.0,Total Pol II F12,Goat anti-mouse Alexa647,1642,249.280627960422,0.13590625754113717,0.002825424106697975
197,250203_ARMC5mAC_TotalPolII,L20,HCT116 OsTIRF74G ARMC5mAC Clone 5A1,10 µM 5PhIAA,48,48.0,Total Pol II F12,Goat anti-mouse Alexa647,2025,245.44261765331717,-3.702104049563701,-0.07696491844001632
198,250203_ARMC5mAC_TotalPolII,L21,HCT116 OsTIRF74G ARMC5mAC Clone 5F9,10 µM 5PhIAA,48,48.0,Total Pol II F12,Goat anti-mouse Alexa647,3416,244.9753974161883,-4.169324286692586,-0.08667819687917516
199,250203_ARMC5mAC_TotalPolII,L22,HCT116 OsTIRF74G,No addition,No addition,0.0,Total Pol II F12,Goat anti-mouse Alexa647,4716,243.04430480775952,-6.100416895121356,-0.12682466038155957
200,250203_ARMC5mAC_TotalPolII,M03,HCT116 OsTIRF74G,No addition,No addition,0.0,Total Pol II F12,Goat anti-mouse Alexa647,4229,250.08000908189882,0.9352873790179501,0.01944416361084628
201,250203_ARMC5mAC_TotalPolII,M04,HCT116 OsTIRF74G,Vehicle,72,0.0,Total Pol II F12,Goat anti-mouse Alexa647,1122,262.7500842313513,13.605362528470437,0.282848780944984
202,250203_ARMC5mAC_TotalPolII,M05,HCT116 OsTIRF74G ARMC5mAC Clone 5A1,Vehicle,72,0.0,Total Pol II F12,Goat anti-mouse Alexa647,2509,293.0124074809453,43.86768577806441,0.9119875651412042
203,250203_ARMC5mAC_TotalPolII,M06,HCT116 OsTIRF74G ARMC5mAC Clone 5F9,Vehicle,72,0.0,Total Pol II F12,Goat anti-mouse Alexa647,3635,295.68962013917684,46.544898436295966,0.9676454967197762
207,250203_ARMC5mAC_TotalPolII,M10,HCT116 OsTIRF74G,Vehicle,72,0.0,Total Pol II F12,Goat anti-mouse Alexa647,1467,244.87968731261324,-4.26503439026763,-0.08866796275742132
208,250203_ARMC5mAC_TotalPolII,M11,HCT116 OsTIRF74G ARMC5mAC Clone 5A1,Vehicle,72,0.0,Total Pol II F12,Goat anti-mouse Alexa647,1663,290.68887380872417,41.544152105843295,0.8636824453550098
209,250203_ARMC5mAC_TotalPolII,M12,HCT116 OsTIRF74G ARMC5mAC Clone 5F9,Vehicle,72,0.0,Total Pol II F12,Goat anti-mouse Alexa647,2932,294.23534988174333,45.09062817886246,0.937411934870994
213,250203_ARMC5mAC_TotalPolII,M16,HCT116 OsTIRF74G,Vehicle,72,0.0,Total Pol II F12,Goat anti-mouse Alexa647,1528,244.9584037040335,-4.186317998847386,-0.08703148777874926
214,250203_ARMC5mAC_TotalPolII,M17,HCT116 OsTIRF74G ARMC5mAC Clone 5A1,Vehicle,72,0.0,Total Pol II F12,Goat anti-mouse Alexa647,2599,292.49993810271843,43.35521639983756,0.9013335793617164
215,250203_ARMC5mAC_TotalPolII,M18,HCT116 OsTIRF74G ARMC5mAC Clone 5F9,Vehicle,72,0.0,Total Pol II F12,Goat anti-mouse Alexa647,4007,301.63616429935973,52.49144259647886,1.0912712187851432
219,250203_ARMC5mAC_TotalPolII,M22,HCT116 OsTIRF74G,No addition,No addition,0.0,Total Pol II F12,Goat anti-mouse Alexa647,3742,243.09125830917216,-6.053463393708711,-0.12584852023036006
220,250203_ARMC5mAC_TotalPolII,N03,HCT116 OsTIRF74G,No addition,No addition,0.0,No primary,Goat anti-mouse Alexa647,3684,252.4296360432068,3.2849143403259404,0.06829175001589209
221,250203_ARMC5mAC_TotalPolII,N04,HCT116 OsTIRF74G,No addition,No addition,0.0,Total Pol II F12,Goat anti-mouse Alexa647,4300,249.2869134167112,0.14219171383032858,0.002956095644877167
222,250203_ARMC5mAC_TotalPolII,N05,HCT116 OsTIRF74G,No addition,No addition,0.0,No primary,Goat anti-mouse Alexa647,4490,247.56617434317647,-1.5785473597044017,-0.032817221549370154
223,250203_ARMC5mAC_TotalPolII,N06,HCT116 OsTIRF74G,No addition,No addition,0.0,Total Pol II F12,Goat anti-mouse Alexa647,3991,243.72499369306146,-5.4197280098194085,-0.11267347396461806
224,250203_ARMC5mAC_TotalPolII,N07,HCT116 OsTIRF74G,No addition,No addition,0.0,No primary,Goat anti-mouse Alexa647,4347,245.97521010088644,-3.1695116019944294,-0.06589258396746996
225,250203_ARMC5mAC_TotalPolII,N08,HCT116 OsTIRF74G,No addition,No addition,0.0,Total Pol II F12,Goat anti-mouse Alexa647,4131,245.66695019016822,-3.47777151271265,-0.07230115557138007
226,250203_ARMC5mAC_TotalPolII,N09,HCT116 OsTIRF74G,No addition,No addition,0.0,No primary,Goat anti-mouse Alexa647,4051,246.59523105538779,-2.549490647493087,-0.05300265392892317
227,250203_ARMC5mAC_TotalPolII,N10,HCT116 OsTIRF74G,No addition,No addition,0.0,Total Pol II F12,Goat anti-mouse Alexa647,3873,243.1391151816542,-6.005606521226667,-0.1248535994398953
228,250203_ARMC5mAC_TotalPolII,N11,HCT116 OsTIRF74G,No addition,No addition,0.0,No primary,Goat anti-mouse Alexa647,4077,246.28731722698268,-2.8574044758981927,-0.05940403065212603
229,250203_ARMC5mAC_TotalPolII,N12,HCT116 OsTIRF74G,No addition,No addition,0.0,Total Pol II F12,Goat anti-mouse Alexa647,3673,244.2849604111904,-4.859761291690461,-0.10103204189979072
230,250203_ARMC5mAC_TotalPolII,N13,HCT116 OsTIRF74G,No addition,No addition,0.0,No primary,Goat anti-mouse Alexa647,3931,245.3948190354769,-3.7499026674039726,-0.07795862814519211
231,250203_ARMC5mAC_TotalPolII,N14,HCT116 OsTIRF74G,No addition,No addition,0.0,Total Pol II F12,Goat anti-mouse Alexa647,4313,245.14012652564003,-4.004595177240844,-0.08325355988790963
232,250203_ARMC5mAC_TotalPolII,N15,HCT116 OsTIRF74G,No addition,No addition,0.0,No primary,Goat anti-mouse Alexa647,2378,244.97849302972278,-4.166228673158088,-0.08661384059960692
233,250203_ARMC5mAC_TotalPolII,N16,HCT116 OsTIRF74G,No addition,No addition,0.0,Total Pol II F12,Goat anti-mouse Alexa647,2791,245.85411319355958,-3.290608509321288,-0.06841012898267511
234,250203_ARMC5mAC_TotalPolII,N17,HCT116 OsTIRF74G,No addition,No addition,0.0,No primary,Goat anti-mouse Alexa647,2062,244.87476680789845,-4.269954894982419,-0.08877025762514718
235,250203_ARMC5mAC_TotalPolII,N18,HCT116 OsTIRF74G,No addition,No addition,0.0,Total Pol II F12,Goat anti-mouse Alexa647,3339,246.50833323077288,-2.6363884721079955,-0.05480921687112072
236,250203_ARMC5mAC_TotalPolII,N19,HCT116 OsTIRF74G,No addition,No addition,0.0,No primary,Goat anti-mouse Alexa647,2815,245.88123016896972,-3.26349153391115,-0.0678463804297334
237,250203_ARMC5mAC_TotalPolII,N20,HCT116 OsTIRF74G,No addition,No addition,0.0,Total Pol II F12,Goat anti-mouse Alexa647,3715,242.90581465248488,-6.238907050395994,-0.12970380244854549
238,250203_ARMC5mAC_TotalPolII,N21,HCT116 OsTIRF74G,No addition,No addition,0.0,No primary,Goat anti-mouse Alexa647,2797,246.16011786416217,-2.984603838718698,-0.06204844270917126
239,250203_ARMC5mAC_TotalPolII,N22,HCT116 OsTIRF74G,No addition,No addition,0.0,Total Pol II F12,Goat anti-mouse Alexa647,3383,245.70436049239396,-3.4403612104869126,-0.07152341382747647
0,250210_ARMC5mAC_PhosphoPolII,C03,HCT116 OsTIRF74G,Vehicle,24.0,0.0,pSer2 Pol II 3E10,Goat anti-rat Alexa647,3671,277.9496083722829,13.205290520703215,0.2592392580888269
1,250210_ARMC5mAC_PhosphoPolII,C04,HCT116 OsTIRF74G,Vehicle,24.0,0.0,pSer2 Pol II 3E10,Goat anti-rat Alexa647,1849,279.2019771205502,14.45765926897053,0.2838250969725263
2,250210_ARMC5mAC_PhosphoPolII,C05,HCT116 OsTIRF74G,Vehicle,24.0,0.0,pSer2 Pol II 3E10,Goat anti-rat Alexa647,2679,281.0948985965144,16.35058074493469,0.3209859271928086
3,250210_ARMC5mAC_PhosphoPolII,C06,HCT116 OsTIRF74G,Vehicle,24.0,0.0,pSer2 Pol II 3E10,Goat anti-rat Alexa647,2365,284.5946692173953,19.850351365815584,0.38969156739177346
4,250210_ARMC5mAC_PhosphoPolII,C07,HCT116 OsTIRF74G,Vehicle,24.0,0.0,pSer2 Pol II 3E10,Goat anti-rat Alexa647,3273,288.560617808079,23.81629995649928,0.46754896618624686
5,250210_ARMC5mAC_PhosphoPolII,C08,HCT116 OsTIRF74G,Vehicle,24.0,0.0,pSer2 Pol II 3E10,Goat anti-rat Alexa647,2713,301.5152661800984,36.77094832851873,0.7218677505779068
6,250210_ARMC5mAC_PhosphoPolII,C09,HCT116 OsTIRF74G,Vehicle,24.0,0.0,pSer2 Pol II 3E10,Goat anti-rat Alexa647,2706,282.4518108306531,17.70749297907338,0.34762410833076013
7,250210_ARMC5mAC_PhosphoPolII,C10,HCT116 OsTIRF74G,Vehicle,24.0,0.0,pSer2 Pol II 3E10,Goat anti-rat Alexa647,431,278.7364139284271,13.992096076847417,0.27468540736628544
8,250210_ARMC5mAC_PhosphoPolII,C11,HCT116 OsTIRF74G,Vehicle,24.0,0.0,pSer2 Pol II 3E10,Goat anti-rat Alexa647,3333,275.6435845416513,10.899266690071613,0.2139686215927314
9,250210_ARMC5mAC_PhosphoPolII,C12,HCT116 OsTIRF74G,Vehicle,24.0,0.0,pSer2 Pol II 3E10,Goat anti-rat Alexa647,3507,272.0632619196624,7.318944068082715,0.14368162724089348
10,250210_ARMC5mAC_PhosphoPolII,C13,HCT116 OsTIRF74G,Vehicle,24.0,0.0,pSer5 Pol II 3E8,Goat anti-rat Alexa647,3377,270.4055316141402,5.6612137625605214,0.11113794530968729
11,250210_ARMC5mAC_PhosphoPolII,C14,HCT116 OsTIRF74G,Vehicle,24.0,0.0,pSer5 Pol II 3E8,Goat anti-rat Alexa647,2969,270.38823699203243,5.643919140452738,0.11079842646327347
12,250210_ARMC5mAC_PhosphoPolII,C15,HCT116 OsTIRF74G,Vehicle,24.0,0.0,pSer5 Pol II 3E8,Goat anti-rat Alexa647,2912,270.25099095079815,5.50667309921846,0.10810408499085973
13,250210_ARMC5mAC_PhosphoPolII,C16,HCT116 OsTIRF74G,Vehicle,24.0,0.0,pSer5 Pol II 3E8,Goat anti-rat Alexa647,3037,270.26388990905286,5.5195720574731695,0.108357310496412
14,250210_ARMC5mAC_PhosphoPolII,C17,HCT116 OsTIRF74G,Vehicle,24.0,0.0,pSer5 Pol II 3E8,Goat anti-rat Alexa647,2828,271.83268323516893,7.088365383589235,0.1391550288290318
15,250210_ARMC5mAC_PhosphoPolII,C18,HCT116 OsTIRF74G,Vehicle,24.0,0.0,pSer5 Pol II 3E8,Goat anti-rat Alexa647,3409,273.0076045845816,8.263286733001905,0.1622204614643029
16,250210_ARMC5mAC_PhosphoPolII,C19,HCT116 OsTIRF74G,Vehicle,24.0,0.0,pSer5 Pol II 3E8,Goat anti-rat Alexa647,2787,272.2799971266353,7.5356792750556,0.147936457846043
17,250210_ARMC5mAC_PhosphoPolII,C20,HCT116 OsTIRF74G,Vehicle,24.0,0.0,pSer5 Pol II 3E8,Goat anti-rat Alexa647,3599,271.516328260619,6.7720104090392965,0.13294451579514904
18,250210_ARMC5mAC_PhosphoPolII,C21,HCT116 OsTIRF74G,Vehicle,24.0,0.0,pSer5 Pol II 3E8,Goat anti-rat Alexa647,3049,270.89770630635104,6.1533884547713456,0.12080005776823517
19,250210_ARMC5mAC_PhosphoPolII,C22,HCT116 OsTIRF74G,Vehicle,24.0,0.0,pSer5 Pol II 3E8,Goat anti-rat Alexa647,3190,270.1576242409304,5.41330638935068,0.10627115927382454
20,250210_ARMC5mAC_PhosphoPolII,D03,HCT116 OsTIRF74G ARMC5mAC Clone 5A1,Vehicle,48.0,0.0,pSer2 Pol II 3E10,Goat anti-rat Alexa647,1603,307.4972292995318,42.7529114479521,0.8393024771040181
21,250210_ARMC5mAC_PhosphoPolII,D04,HCT116 OsTIRF74G ARMC5mAC Clone 5F9,Vehicle,48.0,0.0,pSer2 Pol II 3E10,Goat anti-rat Alexa647,1685,335.58714508205946,70.84282723047977,1.390748802031394
22,250210_ARMC5mAC_PhosphoPolII,D05,HCT116 OsTIRF74G ARMC5mAC Clone 5A1,10 µM 5PhIAA,48.0,48.0,pSer2 Pol II 3E10,Goat anti-rat Alexa647,1981,272.05612953143975,7.311811679860057,0.143541607979042
23,250210_ARMC5mAC_PhosphoPolII,D06,HCT116 OsTIRF74G ARMC5mAC Clone 5F9,10 µM 5PhIAA,48.0,48.0,pSer2 Pol II 3E10,Goat anti-rat Alexa647,2054,279.832456552549,15.088138700969296,0.29620233471185325
24,250210_ARMC5mAC_PhosphoPolII,D07,HCT116 OsTIRF74G ARMC5mAC Clone 5A1,Vehicle,48.0,0.0,pSer2 Pol II 3E10,Goat anti-rat Alexa647,897,327.0266740605493,62.28235620896959,1.222694176271519
25,250210_ARMC5mAC_PhosphoPolII,D08,HCT116 OsTIRF74G ARMC5mAC Clone 5F9,Vehicle,48.0,0.0,pSer2 Pol II 3E10,Goat anti-rat Alexa647,433,351.96505023024037,87.22073237866067,1.7122711474131218
26,250210_ARMC5mAC_PhosphoPolII,D09,HCT116 OsTIRF74G ARMC5mAC Clone 5A1,10 µM 5PhIAA,48.0,48.0,pSer2 Pol II 3E10,Goat anti-rat Alexa647,555,275.570042321307,10.825724469727334,0.21252487973711937
27,250210_ARMC5mAC_PhosphoPolII,D11,HCT116 OsTIRF74G ARMC5mAC Clone 5A1,Vehicle,48.0,0.0,pSer2 Pol II 3E10,Goat anti-rat Alexa647,331,312.80282323443356,48.058505382853866,0.9434590826136157
28,250210_ARMC5mAC_PhosphoPolII,D13,HCT116 OsTIRF74G ARMC5mAC Clone 5A1,10 µM 5PhIAA,48.0,48.0,pSer5 Pol II 3E8,Goat anti-rat Alexa647,764,269.57404414138927,4.829726289809571,0.09481462434918551
29,250210_ARMC5mAC_PhosphoPolII,D14,HCT116 OsTIRF74G ARMC5mAC Clone 5F9,10 µM 5PhIAA,48.0,48.0,pSer5 Pol II 3E8,Goat anti-rat Alexa647,1793,274.1595888201494,9.4152709685697,0.18483560484872247
30,250210_ARMC5mAC_PhosphoPolII,D15,HCT116 OsTIRF74G ARMC5mAC Clone 5A1,Vehicle,48.0,0.0,pSer5 Pol II 3E8,Goat anti-rat Alexa647,1490,315.28584031776677,50.541522466187075,0.9922043567517348
31,250210_ARMC5mAC_PhosphoPolII,D16,HCT116 OsTIRF74G ARMC5mAC Clone 5F9,Vehicle,48.0,0.0,pSer5 Pol II 3E8,Goat anti-rat Alexa647,1714,330.9552997309417,66.21098187936201,1.2998188712946632
32,250210_ARMC5mAC_PhosphoPolII,D17,HCT116 OsTIRF74G ARMC5mAC Clone 5A1,10 µM 5PhIAA,48.0,48.0,pSer5 Pol II 3E8,Goat anti-rat Alexa647,2071,269.68379613887276,4.9394782872930705,0.09696921734028877
33,250210_ARMC5mAC_PhosphoPolII,D18,HCT116 OsTIRF74G ARMC5mAC Clone 5F9,10 µM 5PhIAA,48.0,48.0,pSer5 Pol II 3E8,Goat anti-rat Alexa647,1684,274.48798791350964,9.743670061929947,0.19128256163367777
34,250210_ARMC5mAC_PhosphoPolII,D19,HCT116 OsTIRF74G ARMC5mAC Clone 5A1,Vehicle,48.0,0.0,pSer5 Pol II 3E8,Goat anti-rat Alexa647,1194,319.4527420523922,54.70842420081249,1.0740067610623227
35,250210_ARMC5mAC_PhosphoPolII,D20,HCT116 OsTIRF74G ARMC5mAC Clone 5F9,Vehicle,48.0,0.0,pSer5 Pol II 3E8,Goat anti-rat Alexa647,1625,338.6281837237329,73.8838658721532,1.4504488593721159
36,250210_ARMC5mAC_PhosphoPolII,D21,HCT116 OsTIRF74G ARMC5mAC Clone 5A1,10 µM 5PhIAA,48.0,48.0,pSer5 Pol II 3E8,Goat anti-rat Alexa647,1098,276.4040674505433,11.659749598963629,0.2288980186235133
37,250210_ARMC5mAC_PhosphoPolII,D22,HCT116 OsTIRF74G ARMC5mAC Clone 5F9,10 µM 5PhIAA,48.0,48.0,pSer5 Pol II 3E8,Goat anti-rat Alexa647,1333,276.87741699220237,12.133099140622676,0.23819056571318103
38,250210_ARMC5mAC_PhosphoPolII,E03,HCT116 OsTIRF74G ARMC5mAC Clone 5A1,Vehicle,24.0,0.0,pSer2 Pol II 3E10,Goat anti-rat Alexa647,2370,329.0174887662829,64.2731709147032,1.2617767944462253
39,250210_ARMC5mAC_PhosphoPolII,E04,HCT116 OsTIRF74G ARMC5mAC Clone 5F9,Vehicle,24.0,0.0,pSer2 Pol II 3E10,Goat anti-rat Alexa647,1509,349.04494064826474,84.30062279668505,1.654945105219457
40,250210_ARMC5mAC_PhosphoPolII,E05,HCT116 OsTIRF74G ARMC5mAC Clone 5A1,10 µM 5PhIAA,24.0,24.0,pSer2 Pol II 3E10,Goat anti-rat Alexa647,2019,270.41320674351624,5.668888891936547,0.11128861937793721
41,250210_ARMC5mAC_PhosphoPolII,E06,HCT116 OsTIRF74G ARMC5mAC Clone 5F9,10 µM 5PhIAA,24.0,24.0,pSer2 Pol II 3E10,Goat anti-rat Alexa647,1617,274.1236913862859,9.37937353470619,0.1841308854707217
42,250210_ARMC5mAC_PhosphoPolII,E07,HCT116 OsTIRF74G ARMC5mAC Clone 5A1,Vehicle,24.0,0.0,pSer2 Pol II 3E10,Goat anti-rat Alexa647,1774,325.3158485359053,60.57153068432558,1.1891081571655553
43,250210_ARMC5mAC_PhosphoPolII,E08,HCT116 OsTIRF74G ARMC5mAC Clone 5F9,Vehicle,24.0,0.0,pSer2 Pol II 3E10,Goat anti-rat Alexa647,2068,345.7119878064044,80.96766995482471,1.5895143431613037
44,250210_ARMC5mAC_PhosphoPolII,E09,HCT116 OsTIRF74G ARMC5mAC Clone 5A1,10 µM 5PhIAA,24.0,24.0,pSer2 Pol II 3E10,Goat anti-rat Alexa647,2246,271.4582212880331,6.713903436453393,0.1318037905351223
45,250210_ARMC5mAC_PhosphoPolII,E10,HCT116 OsTIRF74G ARMC5mAC Clone 5F9,10 µM 5PhIAA,24.0,24.0,pSer2 Pol II 3E10,Goat anti-rat Alexa647,1677,274.3453917242912,9.601073872711481,0.1884831888942948
46,250210_ARMC5mAC_PhosphoPolII,E11,HCT116 OsTIRF74G ARMC5mAC Clone 5A1,Vehicle,24.0,0.0,pSer2 Pol II 3E10,Goat anti-rat Alexa647,1804,323.583512302614,58.8391944510343,1.1550998512388708
47,250210_ARMC5mAC_PhosphoPolII,E12,HCT116 OsTIRF74G ARMC5mAC Clone 5F9,Vehicle,24.0,0.0,pSer2 Pol II 3E10,Goat anti-rat Alexa647,1789,341.240311485684,76.49599363410431,1.5017287658595784
48,250210_ARMC5mAC_PhosphoPolII,E13,HCT116 OsTIRF74G ARMC5mAC Clone 5A1,10 µM 5PhIAA,24.0,24.0,pSer5 Pol II 3E8,Goat anti-rat Alexa647,2359,261.85566599209255,-2.8886518594871404,-0.05670848087410941
49,250210_ARMC5mAC_PhosphoPolII,E14,HCT116 OsTIRF74G ARMC5mAC Clone 5F9,10 µM 5PhIAA,24.0,24.0,pSer5 Pol II 3E8,Goat anti-rat Alexa647,1990,263.3838199065189,-1.3604979450607857,-0.026708573912552575
50,250210_ARMC5mAC_PhosphoPolII,E15,HCT116 OsTIRF74G ARMC5mAC Clone 5A1,Vehicle,24.0,0.0,pSer5 Pol II 3E8,Goat anti-rat Alexa647,1627,285.91882442034165,21.174506568761956,0.4156866798709798
51,250210_ARMC5mAC_PhosphoPolII,E16,HCT116 OsTIRF74G ARMC5mAC Clone 5F9,Vehicle,24.0,0.0,pSer5 Pol II 3E8,Goat anti-rat Alexa647,2035,338.31675715398234,73.57243930240264,1.4443350981667333
52,250210_ARMC5mAC_PhosphoPolII,E17,HCT116 OsTIRF74G ARMC5mAC Clone 5A1,10 µM 5PhIAA,24.0,24.0,pSer5 Pol II 3E8,Goat anti-rat Alexa647,1799,260.16645699135955,-4.577860860220142,-0.0898701358502297
53,250210_ARMC5mAC_PhosphoPolII,E18,HCT116 OsTIRF74G ARMC5mAC Clone 5F9,10 µM 5PhIAA,24.0,24.0,pSer5 Pol II 3E8,Goat anti-rat Alexa647,1965,263.6977995906045,-1.0465182609751764,-0.020544691320972676
54,250210_ARMC5mAC_PhosphoPolII,E19,HCT116 OsTIRF74G ARMC5mAC Clone 5A1,Vehicle,24.0,0.0,pSer5 Pol II 3E8,Goat anti-rat Alexa647,942,329.2957612187628,64.55144336718308,1.2672396916096267
55,250210_ARMC5mAC_PhosphoPolII,E20,HCT116 OsTIRF74G ARMC5mAC Clone 5F9,Vehicle,24.0,0.0,pSer5 Pol II 3E8,Goat anti-rat Alexa647,1672,342.5090265976893,77.76470874610959,1.5266355078844267
56,250210_ARMC5mAC_PhosphoPolII,E21,HCT116 OsTIRF74G ARMC5mAC Clone 5A1,10 µM 5PhIAA,24.0,24.0,pSer5 Pol II 3E8,Goat anti-rat Alexa647,1195,264.3345202184171,-0.4097976331626114,-0.008044929736386847
57,250210_ARMC5mAC_PhosphoPolII,E22,HCT116 OsTIRF74G ARMC5mAC Clone 5F9,10 µM 5PhIAA,24.0,24.0,pSer5 Pol II 3E8,Goat anti-rat Alexa647,1184,268.53496063872086,3.7906427871411665,0.07441588825914817
58,250210_ARMC5mAC_PhosphoPolII,F03,HCT116 OsTIRF74G ARMC5mAC Clone 5A1,Vehicle,8.0,0.0,pSer2 Pol II 3E10,Goat anti-rat Alexa647,1637,338.26104213517175,73.51672428359205,1.4432413304742908
59,250210_ARMC5mAC_PhosphoPolII,F04,HCT116 OsTIRF74G ARMC5mAC Clone 5F9,Vehicle,8.0,0.0,pSer2 Pol II 3E10,Goat anti-rat Alexa647,1754,349.87202199956374,85.12770414798405,1.6711819275410638
60,250210_ARMC5mAC_PhosphoPolII,F05,HCT116 OsTIRF74G ARMC5mAC Clone 5A1,10 µM 5PhIAA,8.0,8.0,pSer2 Pol II 3E10,Goat anti-rat Alexa647,1694,268.0389861635935,3.294668312013812,0.06467918047816981
61,250210_ARMC5mAC_PhosphoPolII,F06,HCT116 OsTIRF74G ARMC5mAC Clone 5F9,10 µM 5PhIAA,8.0,8.0,pSer2 Pol II 3E10,Goat anti-rat Alexa647,1833,269.33042770134466,4.586109849764966,0.09003207563688037
62,250210_ARMC5mAC_PhosphoPolII,F07,HCT116 OsTIRF74G ARMC5mAC Clone 5A1,Vehicle,8.0,0.0,pSer2 Pol II 3E10,Goat anti-rat Alexa647,1459,327.0049273349882,62.26060948340853,1.2222672560919539
63,250210_ARMC5mAC_PhosphoPolII,F08,HCT116 OsTIRF74G ARMC5mAC Clone 5F9,Vehicle,8.0,0.0,pSer2 Pol II 3E10,Goat anti-rat Alexa647,1482,345.515809172111,80.77149132053131,1.585663068285725
64,250210_ARMC5mAC_PhosphoPolII,F09,HCT116 OsTIRF74G ARMC5mAC Clone 5A1,10 µM 5PhIAA,8.0,8.0,pSer2 Pol II 3E10,Goat anti-rat Alexa647,2160,264.4575069121316,-0.28681093944811664,-0.00563052020989007
65,250210_ARMC5mAC_PhosphoPolII,F10,HCT116 OsTIRF74G ARMC5mAC Clone 5F9,10 µM 5PhIAA,8.0,8.0,pSer2 Pol II 3E10,Goat anti-rat Alexa647,1915,270.39117105830144,5.646853206721744,0.11085602649574289
66,250210_ARMC5mAC_PhosphoPolII,F11,HCT116 OsTIRF74G ARMC5mAC Clone 5A1,Vehicle,8.0,0.0,pSer2 Pol II 3E10,Goat anti-rat Alexa647,1712,320.2762657631344,55.53194791155471,1.090173741671849
67,250210_ARMC5mAC_PhosphoPolII,F12,HCT116 OsTIRF74G ARMC5mAC Clone 5F9,Vehicle,8.0,0.0,pSer2 Pol II 3E10,Goat anti-rat Alexa647,1941,263.16051877955397,-1.5837990720257267,-0.031092303175762115
68,250210_ARMC5mAC_PhosphoPolII,F13,HCT116 OsTIRF74G ARMC5mAC Clone 5A1,10 µM 5PhIAA,8.0,8.0,pSer5 Pol II 3E8,Goat anti-rat Alexa647,1524,258.8746186760337,-5.869699175545975,-0.11523082033579564
69,250210_ARMC5mAC_PhosphoPolII,F14,HCT116 OsTIRF74G ARMC5mAC Clone 5F9,10 µM 5PhIAA,8.0,8.0,pSer5 Pol II 3E8,Goat anti-rat Alexa647,1656,260.0116313635403,-4.7326864880394055,-0.09290959044049989
70,250210_ARMC5mAC_PhosphoPolII,F15,HCT116 OsTIRF74G ARMC5mAC Clone 5A1,Vehicle,8.0,0.0,pSer5 Pol II 3E8,Goat anti-rat Alexa647,1741,315.13818799614734,50.39387014456764,0.989305724703337
71,250210_ARMC5mAC_PhosphoPolII,F16,HCT116 OsTIRF74G ARMC5mAC Clone 5F9,Vehicle,8.0,0.0,pSer5 Pol II 3E8,Goat anti-rat Alexa647,1497,341.0752965170588,76.33097866547911,1.4984892795360567
72,250210_ARMC5mAC_PhosphoPolII,F17,HCT116 OsTIRF74G ARMC5mAC Clone 5A1,10 µM 5PhIAA,8.0,8.0,pSer5 Pol II 3E8,Goat anti-rat Alexa647,1437,260.0876868567998,-4.656630994779903,-0.09141650934430881
73,250210_ARMC5mAC_PhosphoPolII,F18,HCT116 OsTIRF74G ARMC5mAC Clone 5F9,10 µM 5PhIAA,8.0,8.0,pSer5 Pol II 3E8,Goat anti-rat Alexa647,834,261.5068140427592,-3.23750380882052,-0.06355695727727835
74,250210_ARMC5mAC_PhosphoPolII,F19,HCT116 OsTIRF74G ARMC5mAC Clone 5A1,Vehicle,8.0,0.0,pSer5 Pol II 3E8,Goat anti-rat Alexa647,718,310.2525423968974,45.50822454531772,0.8933933221364417
75,250210_ARMC5mAC_PhosphoPolII,F21,HCT116 OsTIRF74G ARMC5mAC Clone 5A1,10 µM 5PhIAA,8.0,8.0,pSer5 Pol II 3E8,Goat anti-rat Alexa647,500,258.41962843935676,-6.324689412222938,-0.12416294728967613
76,250210_ARMC5mAC_PhosphoPolII,G03,HCT116 OsTIRF74G ARMC5mAC Clone 5A1,Vehicle,2.0,0.0,pSer2 Pol II 3E10,Goat anti-rat Alexa647,1388,342.7423637923014,77.99804594072168,1.531216259903546
77,250210_ARMC5mAC_PhosphoPolII,G04,HCT116 OsTIRF74G ARMC5mAC Clone 5F9,Vehicle,2.0,0.0,pSer2 Pol II 3E10,Goat anti-rat Alexa647,1685,349.0269974868296,84.2826796352499,1.6545928545930189
78,250210_ARMC5mAC_PhosphoPolII,G05,HCT116 OsTIRF74G ARMC5mAC Clone 5A1,10 µM 5PhIAA,2.0,2.0,pSer2 Pol II 3E10,Goat anti-rat Alexa647,1847,263.1906911148512,-1.5536267367285177,-0.03049997589564717
79,250210_ARMC5mAC_PhosphoPolII,G06,HCT116 OsTIRF74G ARMC5mAC Clone 5F9,10 µM 5PhIAA,2.0,2.0,pSer2 Pol II 3E10,Goat anti-rat Alexa647,1859,264.5512545117765,-0.19306333980318868,-0.0037901170668121317
80,250210_ARMC5mAC_PhosphoPolII,G07,HCT116 OsTIRF74G ARMC5mAC Clone 5A1,Vehicle,2.0,0.0,pSer2 Pol II 3E10,Goat anti-rat Alexa647,2125,320.45910597652437,55.714788124944675,1.0937631637442908
81,250210_ARMC5mAC_PhosphoPolII,G08,HCT116 OsTIRF74G ARMC5mAC Clone 5F9,Vehicle,2.0,0.0,pSer2 Pol II 3E10,Goat anti-rat Alexa647,1668,339.7918906125917,75.04757276101202,1.4732941356670712
82,250210_ARMC5mAC_PhosphoPolII,G09,HCT116 OsTIRF74G ARMC5mAC Clone 5A1,10 µM 5PhIAA,2.0,2.0,pSer2 Pol II 3E10,Goat anti-rat Alexa647,1547,258.21375565652465,-6.53056219505504,-0.1282045325466156
83,250210_ARMC5mAC_PhosphoPolII,G10,HCT116 OsTIRF74G ARMC5mAC Clone 5F9,10 µM 5PhIAA,2.0,2.0,pSer2 Pol II 3E10,Goat anti-rat Alexa647,1733,261.49806676908076,-3.2462510824989295,-0.06372867911369956
84,250210_ARMC5mAC_PhosphoPolII,G11,HCT116 OsTIRF74G ARMC5mAC Clone 5A1,Vehicle,2.0,0.0,pSer2 Pol II 3E10,Goat anti-rat Alexa647,1992,321.0547528494079,56.310434997828224,1.105456587161759
85,250210_ARMC5mAC_PhosphoPolII,G12,HCT116 OsTIRF74G ARMC5mAC Clone 5F9,Vehicle,2.0,0.0,pSer2 Pol II 3E10,Goat anti-rat Alexa647,1888,337.7982645698907,73.05394671831101,1.434156326816437
86,250210_ARMC5mAC_PhosphoPolII,G13,HCT116 OsTIRF74G ARMC5mAC Clone 5A1,10 µM 5PhIAA,2.0,2.0,pSer5 Pol II 3E8,Goat anti-rat Alexa647,1490,255.7258940226734,-9.018423828906293,-0.17704491233046832
87,250210_ARMC5mAC_PhosphoPolII,G14,HCT116 OsTIRF74G ARMC5mAC Clone 5F9,10 µM 5PhIAA,2.0,2.0,pSer5 Pol II 3E8,Goat anti-rat Alexa647,1821,254.95551736060747,-9.788800490972221,-0.19216853827491917
88,250210_ARMC5mAC_PhosphoPolII,G15,HCT116 OsTIRF74G ARMC5mAC Clone 5A1,Vehicle,2.0,0.0,pSer5 Pol II 3E8,Goat anti-rat Alexa647,1467,322.4824138693867,57.73809601780698,1.1334836709310543
89,250210_ARMC5mAC_PhosphoPolII,G16,HCT116 OsTIRF74G ARMC5mAC Clone 5F9,Vehicle,2.0,0.0,pSer5 Pol II 3E8,Goat anti-rat Alexa647,1543,336.4354939387493,71.6911760871696,1.4074031367364106
90,250210_ARMC5mAC_PhosphoPolII,G17,HCT116 OsTIRF74G ARMC5mAC Clone 5A1,10 µM 5PhIAA,2.0,2.0,pSer5 Pol II 3E8,Goat anti-rat Alexa647,1414,254.61165093767846,-10.132666913901232,-0.19891914146854195
91,250210_ARMC5mAC_PhosphoPolII,G18,HCT116 OsTIRF74G ARMC5mAC Clone 5F9,10 µM 5PhIAA,2.0,2.0,pSer5 Pol II 3E8,Goat anti-rat Alexa647,1712,257.91093962732884,-6.8333782242508505,-0.13414925618772378
92,250210_ARMC5mAC_PhosphoPolII,G19,HCT116 OsTIRF74G ARMC5mAC Clone 5A1,Vehicle,2.0,0.0,pSer5 Pol II 3E8,Goat anti-rat Alexa647,1086,328.6628380398662,63.91852018828649,1.2548144795276106
93,250210_ARMC5mAC_PhosphoPolII,G20,HCT116 OsTIRF74G ARMC5mAC Clone 5F9,Vehicle,2.0,0.0,pSer5 Pol II 3E8,Goat anti-rat Alexa647,1704,334.4757606516788,69.7314428000991,1.36893069248419
94,250210_ARMC5mAC_PhosphoPolII,G21,HCT116 OsTIRF74G ARMC5mAC Clone 5A1,10 µM 5PhIAA,2.0,2.0,pSer5 Pol II 3E8,Goat anti-rat Alexa647,1088,259.8451584172358,-4.899159434343915,-0.09617769900836379
95,250210_ARMC5mAC_PhosphoPolII,G22,HCT116 OsTIRF74G ARMC5mAC Clone 5F9,10 µM 5PhIAA,2.0,2.0,pSer5 Pol II 3E8,Goat anti-rat Alexa647,1605,260.23375462256234,-4.51056322901735,-0.08854898445588552
96,250210_ARMC5mAC_PhosphoPolII,H03,HCT116 OsTIRF74G ARMC5mAC Clone 5A1,Vehicle,0.5,0.0,pSer2 Pol II 3E10,Goat anti-rat Alexa647,1331,340.9827845385375,76.23846668695779,1.4966731334513799
97,250210_ARMC5mAC_PhosphoPolII,H04,HCT116 OsTIRF74G ARMC5mAC Clone 5F9,Vehicle,0.5,0.0,pSer2 Pol II 3E10,Goat anti-rat Alexa647,1485,350.85501216864,86.11069431706028,1.690479469063563
100,250210_ARMC5mAC_PhosphoPolII,H07,HCT116 OsTIRF74G ARMC5mAC Clone 5A1,Vehicle,0.5,0.0,pSer2 Pol II 3E10,Goat anti-rat Alexa647,2444,319.1006002588112,54.356282407231504,1.067093700182149
101,250210_ARMC5mAC_PhosphoPolII,H08,HCT116 OsTIRF74G ARMC5mAC Clone 5F9,Vehicle,0.5,0.0,pSer2 Pol II 3E10,Goat anti-rat Alexa647,1607,332.9792024329785,68.23488458139883,1.3395510554595944
104,250210_ARMC5mAC_PhosphoPolII,H11,HCT116 OsTIRF74G ARMC5mAC Clone 5A1,Vehicle,0.5,0.0,pSer2 Pol II 3E10,Goat anti-rat Alexa647,2141,321.94606099637167,57.201743144791976,1.122954275863507
105,250210_ARMC5mAC_PhosphoPolII,H12,HCT116 OsTIRF74G ARMC5mAC Clone 5F9,Vehicle,0.5,0.0,pSer2 Pol II 3E10,Goat anti-rat Alexa647,1621,342.4150057818575,77.67068793027778,1.5247897411061093
108,250210_ARMC5mAC_PhosphoPolII,H15,HCT116 OsTIRF74G ARMC5mAC Clone 5A1,Vehicle,0.5,0.0,pSer5 Pol II 3E8,Goat anti-rat Alexa647,1408,322.8072848316482,58.062966980068495,1.1398613653179548
109,250210_ARMC5mAC_PhosphoPolII,H16,HCT116 OsTIRF74G ARMC5mAC Clone 5F9,Vehicle,0.5,0.0,pSer5 Pol II 3E8,Goat anti-rat Alexa647,1740,332.4395649117489,67.69524706016921,1.3289571779208054
112,250210_ARMC5mAC_PhosphoPolII,H19,HCT116 OsTIRF74G ARMC5mAC Clone 5A1,Vehicle,0.5,0.0,pSer5 Pol II 3E8,Goat anti-rat Alexa647,1304,329.03377140747045,64.28945355589076,1.2620964466200695
113,250210_ARMC5mAC_PhosphoPolII,H20,HCT116 OsTIRF74G ARMC5mAC Clone 5F9,Vehicle,0.5,0.0,pSer5 Pol II 3E8,Goat anti-rat Alexa647,1818,336.7137844791363,71.96946662755659,1.412866388992009
116,250210_ARMC5mAC_PhosphoPolII,I03,HCT116 OsTIRF74G ARMC5mAC Clone 5A1,10 µM 5PhIAA,48.0,48.0,pSer2 Pol II 3E10,Goat anti-rat Alexa647,1689,269.33095690639703,4.58663905481734,0.09004246470972502
117,250210_ARMC5mAC_PhosphoPolII,I04,HCT116 OsTIRF74G ARMC5mAC Clone 5F9,10 µM 5PhIAA,48.0,48.0,pSer2 Pol II 3E10,Goat anti-rat Alexa647,1822,271.4265663221501,6.682248470570414,0.13118235703788386
118,250210_ARMC5mAC_PhosphoPolII,I05,HCT116 OsTIRF74G ARMC5mAC Clone 5A1,Vehicle,48.0,0.0,pSer2 Pol II 3E10,Goat anti-rat Alexa647,2245,299.09315136827524,34.34883351669555,0.6743180775253853
119,250210_ARMC5mAC_PhosphoPolII,I06,HCT116 OsTIRF74G ARMC5mAC Clone 5F9,Vehicle,48.0,0.0,pSer2 Pol II 3E10,Goat anti-rat Alexa647,1493,319.82133689369454,55.07701904211484,1.0812428194470118
120,250210_ARMC5mAC_PhosphoPolII,I07,HCT116 OsTIRF74G ARMC5mAC Clone 5A1,10 µM 5PhIAA,48.0,48.0,pSer2 Pol II 3E10,Goat anti-rat Alexa647,2229,251.08407187265954,-13.660245978920159,-0.2681707022904303
121,250210_ARMC5mAC_PhosphoPolII,I08,HCT116 OsTIRF74G ARMC5mAC Clone 5F9,10 µM 5PhIAA,48.0,48.0,pSer2 Pol II 3E10,Goat anti-rat Alexa647,2078,253.30223435245443,-11.44208349912526,-0.22462491322346775
122,250210_ARMC5mAC_PhosphoPolII,I09,HCT116 OsTIRF74G ARMC5mAC Clone 5A1,Vehicle,48.0,0.0,pSer2 Pol II 3E10,Goat anti-rat Alexa647,1694,285.7047173885481,20.960399536968396,0.41148344420670246
123,250210_ARMC5mAC_PhosphoPolII,I10,HCT116 OsTIRF74G ARMC5mAC Clone 5F9,Vehicle,48.0,0.0,pSer2 Pol II 3E10,Goat anti-rat Alexa647,1342,321.0071966192385,56.26287876765883,1.1045229884796788
124,250210_ARMC5mAC_PhosphoPolII,I11,HCT116 OsTIRF74G ARMC5mAC Clone 5A1,10 µM 5PhIAA,48.0,48.0,pSer2 Pol II 3E10,Goat anti-rat Alexa647,1871,254.98359198074021,-9.76072587083948,-0.19161739222607405
125,250210_ARMC5mAC_PhosphoPolII,I12,HCT116 OsTIRF74G ARMC5mAC Clone 5F9,10 µM 5PhIAA,48.0,48.0,pSer2 Pol II 3E10,Goat anti-rat Alexa647,1549,261.78982537790955,-2.9544924736701432,-0.058001028883269405
126,250210_ARMC5mAC_PhosphoPolII,I13,HCT116 OsTIRF74G ARMC5mAC Clone 5A1,Vehicle,48.0,0.0,pSer5 Pol II 3E8,Goat anti-rat Alexa647,1744,300.8126740955135,36.068356243933806,0.7080748354988088
127,250210_ARMC5mAC_PhosphoPolII,I14,HCT116 OsTIRF74G ARMC5mAC Clone 5F9,Vehicle,48.0,0.0,pSer5 Pol II 3E8,Goat anti-rat Alexa647,1442,323.9601791194021,59.21586126782239,1.1624943743641085
128,250210_ARMC5mAC_PhosphoPolII,I15,HCT116 OsTIRF74G ARMC5mAC Clone 5A1,10 µM 5PhIAA,48.0,48.0,pSer5 Pol II 3E8,Goat anti-rat Alexa647,1339,260.9926197249942,-3.751698126585495,-0.0736513473432823
129,250210_ARMC5mAC_PhosphoPolII,I16,HCT116 OsTIRF74G ARMC5mAC Clone 5F9,10 µM 5PhIAA,48.0,48.0,pSer5 Pol II 3E8,Goat anti-rat Alexa647,1357,259.3725797610826,-5.371738090497104,-0.10545511248273569
130,250210_ARMC5mAC_PhosphoPolII,I17,HCT116 OsTIRF74G ARMC5mAC Clone 5A1,Vehicle,48.0,0.0,pSer5 Pol II 3E8,Goat anti-rat Alexa647,1574,287.992856120145,23.248538268565312,0.4564029699266035
131,250210_ARMC5mAC_PhosphoPolII,I18,HCT116 OsTIRF74G ARMC5mAC Clone 5F9,Vehicle,48.0,0.0,pSer5 Pol II 3E8,Goat anti-rat Alexa647,1205,317.95368637970614,53.20936852812645,1.0445780953459791
132,250210_ARMC5mAC_PhosphoPolII,I19,HCT116 OsTIRF74G ARMC5mAC Clone 5A1,10 µM 5PhIAA,48.0,48.0,pSer5 Pol II 3E8,Goat anti-rat Alexa647,1397,253.7377022647855,-11.006615586794197,-0.21607603818454257
133,250210_ARMC5mAC_PhosphoPolII,I20,HCT116 OsTIRF74G ARMC5mAC Clone 5F9,10 µM 5PhIAA,48.0,48.0,pSer5 Pol II 3E8,Goat anti-rat Alexa647,1507,258.3820896737339,-6.362228177845793,-0.12489988842204897
134,250210_ARMC5mAC_PhosphoPolII,I21,HCT116 OsTIRF74G ARMC5mAC Clone 5A1,Vehicle,48.0,0.0,pSer5 Pol II 3E8,Goat anti-rat Alexa647,1149,301.02189972268843,36.27758187110874,0.7121822420172009
135,250210_ARMC5mAC_PhosphoPolII,I22,HCT116 OsTIRF74G ARMC5mAC Clone 5F9,Vehicle,48.0,0.0,pSer5 Pol II 3E8,Goat anti-rat Alexa647,1093,327.04086634390836,62.29654849232867,1.2229727916494109
136,250210_ARMC5mAC_PhosphoPolII,J03,HCT116 OsTIRF74G ARMC5mAC Clone 5A1,10 µM 5PhIAA,24.0,24.0,pSer2 Pol II 3E10,Goat anti-rat Alexa647,1734,268.5012359427882,3.7569180912084903,0.07375382291956693
137,250210_ARMC5mAC_PhosphoPolII,J04,HCT116 OsTIRF74G ARMC5mAC Clone 5F9,10 µM 5PhIAA,24.0,24.0,pSer2 Pol II 3E10,Goat anti-rat Alexa647,1840,267.41476664312194,2.670448791542242,0.05242483400105833
138,250210_ARMC5mAC_PhosphoPolII,J05,HCT116 OsTIRF74G ARMC5mAC Clone 5A1,Vehicle,24.0,0.0,pSer2 Pol II 3E10,Goat anti-rat Alexa647,1873,311.2292730509628,46.48495519938308,0.9125679801809233
139,250210_ARMC5mAC_PhosphoPolII,J06,HCT116 OsTIRF74G ARMC5mAC Clone 5F9,Vehicle,24.0,0.0,pSer2 Pol II 3E10,Goat anti-rat Alexa647,1921,323.94537919059644,59.201061339016746,1.1622038300131663
140,250210_ARMC5mAC_PhosphoPolII,J07,HCT116 OsTIRF74G ARMC5mAC Clone 5A1,10 µM 5PhIAA,24.0,24.0,pSer2 Pol II 3E10,Goat anti-rat Alexa647,1934,250.8635700462666,-13.880747805313092,-0.27249947716984063
141,250210_ARMC5mAC_PhosphoPolII,J08,HCT116 OsTIRF74G ARMC5mAC Clone 5F9,10 µM 5PhIAA,24.0,24.0,pSer2 Pol II 3E10,Goat anti-rat Alexa647,1469,255.69568091535106,-9.048636936228633,-0.17763804002535105
142,250210_ARMC5mAC_PhosphoPolII,J09,HCT116 OsTIRF74G ARMC5mAC Clone 5A1,Vehicle,24.0,0.0,pSer2 Pol II 3E10,Goat anti-rat Alexa647,1908,247.71700192837855,-17.027315923201144,-0.33427123320416496
143,250210_ARMC5mAC_PhosphoPolII,J10,HCT116 OsTIRF74G ARMC5mAC Clone 5F9,Vehicle,24.0,0.0,pSer2 Pol II 3E10,Goat anti-rat Alexa647,1944,315.07595678604144,50.33163893446175,0.988084034600228
144,250210_ARMC5mAC_PhosphoPolII,J11,HCT116 OsTIRF74G ARMC5mAC Clone 5A1,10 µM 5PhIAA,24.0,24.0,pSer2 Pol II 3E10,Goat anti-rat Alexa647,1460,253.2107280074929,-11.533589844086805,-0.2264213172435883
145,250210_ARMC5mAC_PhosphoPolII,J12,HCT116 OsTIRF74G ARMC5mAC Clone 5F9,10 µM 5PhIAA,24.0,24.0,pSer2 Pol II 3E10,Goat anti-rat Alexa647,1615,259.6876157561418,-5.056702095437913,-0.09927049295449597
146,250210_ARMC5mAC_PhosphoPolII,J13,HCT116 OsTIRF74G ARMC5mAC Clone 5A1,Vehicle,24.0,0.0,pSer5 Pol II 3E8,Goat anti-rat Alexa647,1823,314.134007781287,49.38968992970729,0.9695921914433345
147,250210_ARMC5mAC_PhosphoPolII,J14,HCT116 OsTIRF74G ARMC5mAC Clone 5F9,Vehicle,24.0,0.0,pSer5 Pol II 3E8,Goat anti-rat Alexa647,1405,331.6070249316731,66.8627070800934,1.3126131946948576
148,250210_ARMC5mAC_PhosphoPolII,J15,HCT116 OsTIRF74G ARMC5mAC Clone 5A1,10 µM 5PhIAA,24.0,24.0,pSer5 Pol II 3E8,Goat anti-rat Alexa647,1876,256.228866199286,-8.515451652293677,-0.16717082938621566
149,250210_ARMC5mAC_PhosphoPolII,J16,HCT116 OsTIRF74G ARMC5mAC Clone 5F9,10 µM 5PhIAA,24.0,24.0,pSer5 Pol II 3E8,Goat anti-rat Alexa647,1391,259.5347648757645,-5.2095529758152,-0.10227118035058984
150,250210_ARMC5mAC_PhosphoPolII,J17,HCT116 OsTIRF74G ARMC5mAC Clone 5A1,Vehicle,24.0,0.0,pSer5 Pol II 3E8,Goat anti-rat Alexa647,1645,306.9362368086932,42.1919189571135,0.8282893701306884
151,250210_ARMC5mAC_PhosphoPolII,J18,HCT116 OsTIRF74G ARMC5mAC Clone 5F9,Vehicle,24.0,0.0,pSer5 Pol II 3E8,Goat anti-rat Alexa647,1344,320.68617675111705,55.94185889953735,1.0982208967299278
152,250210_ARMC5mAC_PhosphoPolII,J19,HCT116 OsTIRF74G ARMC5mAC Clone 5A1,10 µM 5PhIAA,24.0,24.0,pSer5 Pol II 3E8,Goat anti-rat Alexa647,1134,251.29790121469193,-13.446416636887761,-0.2639729180842295
153,250210_ARMC5mAC_PhosphoPolII,J20,HCT116 OsTIRF74G ARMC5mAC Clone 5F9,10 µM 5PhIAA,24.0,24.0,pSer5 Pol II 3E8,Goat anti-rat Alexa647,1175,260.616996686845,-4.127321164734667,-0.08102537956000606
154,250210_ARMC5mAC_PhosphoPolII,J21,HCT116 OsTIRF74G ARMC5mAC Clone 5A1,Vehicle,24.0,0.0,pSer5 Pol II 3E8,Goat anti-rat Alexa647,1032,318.0137844663421,53.26946661476239,1.0457579091007492
155,250210_ARMC5mAC_PhosphoPolII,J22,HCT116 OsTIRF74G ARMC5mAC Clone 5F9,Vehicle,24.0,0.0,pSer5 Pol II 3E8,Goat anti-rat Alexa647,1278,333.95255611317145,69.20823826159176,1.3586594185444987
156,250210_ARMC5mAC_PhosphoPolII,K03,HCT116 OsTIRF74G ARMC5mAC Clone 5A1,10 µM 5PhIAA,8.0,8.0,pSer2 Pol II 3E10,Goat anti-rat Alexa647,1446,265.63311999377925,0.8888021421995518,0.017448492145654193
157,250210_ARMC5mAC_PhosphoPolII,K04,HCT116 OsTIRF74G ARMC5mAC Clone 5F9,10 µM 5PhIAA,8.0,8.0,pSer2 Pol II 3E10,Goat anti-rat Alexa647,1451,266.09303883284616,1.3487209812664673,0.02647737480702805
158,250210_ARMC5mAC_PhosphoPolII,K05,HCT116 OsTIRF74G ARMC5mAC Clone 5A1,Vehicle,8.0,0.0,pSer2 Pol II 3E10,Goat anti-rat Alexa647,2063,311.1437480274959,46.39943017591622,0.9108889982912923
159,250210_ARMC5mAC_PhosphoPolII,K06,HCT116 OsTIRF74G ARMC5mAC Clone 5F9,Vehicle,8.0,0.0,pSer2 Pol II 3E10,Goat anti-rat Alexa647,1242,331.9358423640124,67.1915245124327,1.3190683640887206
160,250210_ARMC5mAC_PhosphoPolII,K07,HCT116 OsTIRF74G ARMC5mAC Clone 5A1,10 µM 5PhIAA,8.0,8.0,pSer2 Pol II 3E10,Goat anti-rat Alexa647,2281,254.08531654800146,-10.659001303578236,-0.20925185898600826
161,250210_ARMC5mAC_PhosphoPolII,K08,HCT116 OsTIRF74G ARMC5mAC Clone 5F9,10 µM 5PhIAA,8.0,8.0,pSer2 Pol II 3E10,Goat anti-rat Alexa647,1452,255.00993381358336,-9.734384037996335,-0.19110026333805372
162,250210_ARMC5mAC_PhosphoPolII,K09,HCT116 OsTIRF74G ARMC5mAC Clone 5A1,Vehicle,8.0,0.0,pSer2 Pol II 3E10,Goat anti-rat Alexa647,1748,302.1068526031043,37.362534751524606,0.7334814613974473
163,250210_ARMC5mAC_PhosphoPolII,K10,HCT116 OsTIRF74G ARMC5mAC Clone 5F9,Vehicle,8.0,0.0,pSer2 Pol II 3E10,Goat anti-rat Alexa647,1188,327.5068899649636,62.7625721133839,1.2321215201521891
164,250210_ARMC5mAC_PhosphoPolII,K11,HCT116 OsTIRF74G ARMC5mAC Clone 5A1,10 µM 5PhIAA,8.0,8.0,pSer2 Pol II 3E10,Goat anti-rat Alexa647,1474,253.06951620286506,-11.674801648714634,-0.2291935124791047
165,250210_ARMC5mAC_PhosphoPolII,K12,HCT116 OsTIRF74G ARMC5mAC Clone 5F9,10 µM 5PhIAA,8.0,8.0,pSer2 Pol II 3E10,Goat anti-rat Alexa647,1408,259.7322922479829,-5.012025603596783,-0.0983934277675735
166,250210_ARMC5mAC_PhosphoPolII,K13,HCT116 OsTIRF74G ARMC5mAC Clone 5A1,Vehicle,8.0,0.0,pSer5 Pol II 3E8,Goat anti-rat Alexa647,1517,315.5380916364725,50.79377378489278,0.9971564208211069
167,250210_ARMC5mAC_PhosphoPolII,K14,HCT116 OsTIRF74G ARMC5mAC Clone 5F9,Vehicle,8.0,0.0,pSer5 Pol II 3E8,Goat anti-rat Alexa647,1772,332.7436252720853,67.9993074205056,1.3349263296107472
168,250210_ARMC5mAC_PhosphoPolII,K15,HCT116 OsTIRF74G ARMC5mAC Clone 5A1,10 µM 5PhIAA,8.0,8.0,pSer5 Pol II 3E8,Goat anti-rat Alexa647,1389,263.0888425432809,-1.6554753082987759,-0.032499413021993294
169,250210_ARMC5mAC_PhosphoPolII,K16,HCT116 OsTIRF74G ARMC5mAC Clone 5F9,10 µM 5PhIAA,8.0,8.0,pSer5 Pol II 3E8,Goat anti-rat Alexa647,1409,262.4270730288186,-2.317244822761097,-0.0454909210608395
170,250210_ARMC5mAC_PhosphoPolII,K17,HCT116 OsTIRF74G ARMC5mAC Clone 5A1,Vehicle,8.0,0.0,pSer5 Pol II 3E8,Goat anti-rat Alexa647,1763,308.6600052916383,43.915687440058605,0.862129478527773
171,250210_ARMC5mAC_PhosphoPolII,K18,HCT116 OsTIRF74G ARMC5mAC Clone 5F9,Vehicle,8.0,0.0,pSer5 Pol II 3E8,Goat anti-rat Alexa647,1770,329.6276910377828,64.88337318620313,1.2737559617276835
172,250210_ARMC5mAC_PhosphoPolII,K19,HCT116 OsTIRF74G ARMC5mAC Clone 5A1,10 µM 5PhIAA,8.0,8.0,pSer5 Pol II 3E8,Goat anti-rat Alexa647,1430,250.80106177476586,-13.943256076813839,-0.27372660639527213
173,250210_ARMC5mAC_PhosphoPolII,K20,HCT116 OsTIRF74G ARMC5mAC Clone 5F9,10 µM 5PhIAA,8.0,8.0,pSer5 Pol II 3E8,Goat anti-rat Alexa647,1883,255.53643364687196,-9.207884204707739,-0.18076429791937254
174,250210_ARMC5mAC_PhosphoPolII,K21,HCT116 OsTIRF74G ARMC5mAC Clone 5A1,Vehicle,8.0,0.0,pSer5 Pol II 3E8,Goat anti-rat Alexa647,949,321.00697925877427,56.26266140719457,1.1045187213743541
175,250210_ARMC5mAC_PhosphoPolII,K22,HCT116 OsTIRF74G ARMC5mAC Clone 5F9,Vehicle,8.0,0.0,pSer5 Pol II 3E8,Goat anti-rat Alexa647,1492,334.8627875065178,70.11846965493811,1.3765285983804378
176,250210_ARMC5mAC_PhosphoPolII,L03,HCT116 OsTIRF74G ARMC5mAC Clone 5A1,10 µM 5PhIAA,2.0,2.0,pSer2 Pol II 3E10,Goat anti-rat Alexa647,1521,260.3885015732914,-4.355816278288273,-0.08551107441251164
177,250210_ARMC5mAC_PhosphoPolII,L04,HCT116 OsTIRF74G ARMC5mAC Clone 5F9,10 µM 5PhIAA,2.0,2.0,pSer2 Pol II 3E10,Goat anti-rat Alexa647,2199,265.7076201839976,0.9633023324179248,0.018911040357630908
178,250210_ARMC5mAC_PhosphoPolII,L05,HCT116 OsTIRF74G ARMC5mAC Clone 5A1,Vehicle,2.0,0.0,pSer2 Pol II 3E10,Goat anti-rat Alexa647,1643,319.3324939520038,54.58817610042411,1.071646114147179
179,250210_ARMC5mAC_PhosphoPolII,L06,HCT116 OsTIRF74G ARMC5mAC Clone 5F9,Vehicle,2.0,0.0,pSer2 Pol II 3E10,Goat anti-rat Alexa647,1617,338.0520540122994,73.30773616071968,1.4391385865143704
180,250210_ARMC5mAC_PhosphoPolII,L07,HCT116 OsTIRF74G ARMC5mAC Clone 5A1,10 µM 5PhIAA,2.0,2.0,pSer2 Pol II 3E10,Goat anti-rat Alexa647,1958,253.5737300931486,-11.170587758431083,-0.21929505287079396
181,250210_ARMC5mAC_PhosphoPolII,L08,HCT116 OsTIRF74G ARMC5mAC Clone 5F9,10 µM 5PhIAA,2.0,2.0,pSer2 Pol II 3E10,Goat anti-rat Alexa647,1417,259.5931024644443,-5.15121538713538,-0.10112592775774933
182,250210_ARMC5mAC_PhosphoPolII,L09,HCT116 OsTIRF74G ARMC5mAC Clone 5A1,Vehicle,2.0,0.0,pSer2 Pol II 3E10,Goat anti-rat Alexa647,1643,308.74701672512504,44.00269887354534,0.8638376408303731
183,250210_ARMC5mAC_PhosphoPolII,L10,HCT116 OsTIRF74G ARMC5mAC Clone 5F9,Vehicle,2.0,0.0,pSer2 Pol II 3E10,Goat anti-rat Alexa647,1175,339.26341962319947,74.51910177161977,1.4629194735574624
184,250210_ARMC5mAC_PhosphoPolII,L11,HCT116 OsTIRF74G ARMC5mAC Clone 5A1,10 µM 5PhIAA,2.0,2.0,pSer2 Pol II 3E10,Goat anti-rat Alexa647,1392,251.2353224150383,-13.508995436541397,-0.2652014318809433
185,250210_ARMC5mAC_PhosphoPolII,L12,HCT116 OsTIRF74G ARMC5mAC Clone 5F9,10 µM 5PhIAA,2.0,2.0,pSer2 Pol II 3E10,Goat anti-rat Alexa647,1875,254.48057142240955,-10.26374642917014,-0.20149242497454886
186,250210_ARMC5mAC_PhosphoPolII,L13,HCT116 OsTIRF74G ARMC5mAC Clone 5A1,Vehicle,2.0,0.0,pSer5 Pol II 3E8,Goat anti-rat Alexa647,1609,317.91337987830354,53.16906202672385,1.0437868194930635
187,250210_ARMC5mAC_PhosphoPolII,L14,HCT116 OsTIRF74G ARMC5mAC Clone 5F9,Vehicle,2.0,0.0,pSer5 Pol II 3E8,Goat anti-rat Alexa647,1413,336.25199030164504,71.50767245006534,1.4038006906815568
188,250210_ARMC5mAC_PhosphoPolII,L15,HCT116 OsTIRF74G ARMC5mAC Clone 5A1,10 µM 5PhIAA,2.0,2.0,pSer5 Pol II 3E8,Goat anti-rat Alexa647,1674,260.0842613164445,-4.6600565351351975,-0.09148375773531298
189,250210_ARMC5mAC_PhosphoPolII,L16,HCT116 OsTIRF74G ARMC5mAC Clone 5F9,10 µM 5PhIAA,2.0,2.0,pSer5 Pol II 3E8,Goat anti-rat Alexa647,1303,264.36165151052126,-0.3826663410584388,-0.007512302602962566
190,250210_ARMC5mAC_PhosphoPolII,L17,HCT116 OsTIRF74G ARMC5mAC Clone 5A1,Vehicle,2.0,0.0,pSer5 Pol II 3E8,Goat anti-rat Alexa647,1498,313.3871144642332,48.64279661265351,0.9549295780702354
191,250210_ARMC5mAC_PhosphoPolII,L18,HCT116 OsTIRF74G ARMC5mAC Clone 5F9,Vehicle,2.0,0.0,pSer5 Pol II 3E8,Goat anti-rat Alexa647,1664,330.88962334110425,66.14530548952456,1.298529547250734
192,250210_ARMC5mAC_PhosphoPolII,L19,HCT116 OsTIRF74G ARMC5mAC Clone 5A1,10 µM 5PhIAA,2.0,2.0,pSer5 Pol II 3E8,Goat anti-rat Alexa647,1427,251.10609657751115,-13.638221274068542,-0.26773832496890093
193,250210_ARMC5mAC_PhosphoPolII,L20,HCT116 OsTIRF74G ARMC5mAC Clone 5F9,10 µM 5PhIAA,2.0,2.0,pSer5 Pol II 3E8,Goat anti-rat Alexa647,1623,256.2474806048408,-8.496837246738892,-0.16680540125131613
194,250210_ARMC5mAC_PhosphoPolII,L21,HCT116 OsTIRF74G ARMC5mAC Clone 5A1,Vehicle,2.0,0.0,pSer5 Pol II 3E8,Goat anti-rat Alexa647,1271,319.6919116742348,54.94759382265511,1.0787020121987259
195,250210_ARMC5mAC_PhosphoPolII,L22,HCT116 OsTIRF74G ARMC5mAC Clone 5F9,Vehicle,2.0,0.0,pSer5 Pol II 3E8,Goat anti-rat Alexa647,1266,337.8317729664329,73.08745511485319,1.4348141458811308
198,250210_ARMC5mAC_PhosphoPolII,M05,HCT116 OsTIRF74G ARMC5mAC Clone 5A1,Vehicle,0.5,0.0,pSer2 Pol II 3E10,Goat anti-rat Alexa647,1811,325.0512971313982,60.306979279818506,1.1839146243369327
199,250210_ARMC5mAC_PhosphoPolII,M06,HCT116 OsTIRF74G ARMC5mAC Clone 5F9,Vehicle,0.5,0.0,pSer2 Pol II 3E10,Goat anti-rat Alexa647,1736,338.10757632537604,73.36325847379635,1.440228571110075
202,250210_ARMC5mAC_PhosphoPolII,M09,HCT116 OsTIRF74G ARMC5mAC Clone 5A1,Vehicle,0.5,0.0,pSer2 Pol II 3E10,Goat anti-rat Alexa647,1881,315.4658925362817,50.72157468470198,0.9957390463878221
203,250210_ARMC5mAC_PhosphoPolII,M10,HCT116 OsTIRF74G ARMC5mAC Clone 5F9,Vehicle,0.5,0.0,pSer2 Pol II 3E10,Goat anti-rat Alexa647,1954,336.84963803795506,72.10532018637537,1.4155333939883543
206,250210_ARMC5mAC_PhosphoPolII,M13,HCT116 OsTIRF74G ARMC5mAC Clone 5A1,Vehicle,0.5,0.0,pSer5 Pol II 3E8,Goat anti-rat Alexa647,1474,326.7753777636808,62.031059912101114,1.2177608606842159
207,250210_ARMC5mAC_PhosphoPolII,M14,HCT116 OsTIRF74G ARMC5mAC Clone 5F9,Vehicle,0.5,0.0,pSer5 Pol II 3E8,Goat anti-rat Alexa647,1654,342.6455981576972,77.90128030611748,1.529316608299217
210,250210_ARMC5mAC_PhosphoPolII,M17,HCT116 OsTIRF74G ARMC5mAC Clone 5A1,Vehicle,0.5,0.0,pSer5 Pol II 3E8,Goat anti-rat Alexa647,1427,325.7465851847415,61.0022673331618,1.1975641505494876
211,250210_ARMC5mAC_PhosphoPolII,M18,HCT116 OsTIRF74G ARMC5mAC Clone 5F9,Vehicle,0.5,0.0,pSer5 Pol II 3E8,Goat anti-rat Alexa647,1569,337.7787103359008,73.03439248432113,1.4337724484682792
214,250210_ARMC5mAC_PhosphoPolII,M21,HCT116 OsTIRF74G ARMC5mAC Clone 5A1,Vehicle,0.5,0.0,pSer5 Pol II 3E8,Goat anti-rat Alexa647,1207,325.522946786123,60.77862893454329,1.193173800148098
215,250210_ARMC5mAC_PhosphoPolII,M22,HCT116 OsTIRF74G ARMC5mAC Clone 5F9,Vehicle,0.5,0.0,pSer5 Pol II 3E8,Goat anti-rat Alexa647,1441,344.3093536250889,79.56503577350918,1.5619785730118936
216,250210_ARMC5mAC_PhosphoPolII,N03,HCT116 OsTIRF74G,Vehicle,24.0,0.0,pSer2 Pol II 3E10,Goat anti-rat Alexa647,2954,257.3445193662893,-7.3997984852903755,-0.1452689182662031
217,250210_ARMC5mAC_PhosphoPolII,N04,HCT116 OsTIRF74G,Vehicle,24.0,0.0,No primary,Goat anti-rat Alexa647,2833,255.1292031966478,-9.615114654931887,-0.1887588300822034
218,250210_ARMC5mAC_PhosphoPolII,N05,HCT116 OsTIRF74G,Vehicle,24.0,0.0,pSer2 Pol II 3E10,Goat anti-rat Alexa647,3249,254.34910582857538,-10.39521202300432,-0.20407328777013425
219,250210_ARMC5mAC_PhosphoPolII,N06,HCT116 OsTIRF74G,Vehicle,24.0,0.0,No primary,Goat anti-rat Alexa647,3090,253.6176075860534,-11.126710265526299,-0.21843367320712048
220,250210_ARMC5mAC_PhosphoPolII,N07,HCT116 OsTIRF74G,Vehicle,24.0,0.0,pSer2 Pol II 3E10,Goat anti-rat Alexa647,3094,253.62179140085638,-11.122526450723313,-0.21835153877442426
221,250210_ARMC5mAC_PhosphoPolII,N08,HCT116 OsTIRF74G,Vehicle,24.0,0.0,No primary,Goat anti-rat Alexa647,2726,253.15248043202163,-11.591837419558061,-0.22756480274487037
222,250210_ARMC5mAC_PhosphoPolII,N09,HCT116 OsTIRF74G,Vehicle,24.0,0.0,pSer2 Pol II 3E10,Goat anti-rat Alexa647,2815,251.85394999621593,-12.890367855363763,-0.25305686338952366
223,250210_ARMC5mAC_PhosphoPolII,N10,HCT116 OsTIRF74G,Vehicle,24.0,0.0,No primary,Goat anti-rat Alexa647,2199,252.42828252243163,-12.316035329148065,-0.24178187191856654
224,250210_ARMC5mAC_PhosphoPolII,N11,HCT116 OsTIRF74G,Vehicle,24.0,0.0,pSer2 Pol II 3E10,Goat anti-rat Alexa647,3059,250.90611716005535,-13.83820069152435,-0.2716642148032064
225,250210_ARMC5mAC_PhosphoPolII,N12,HCT116 OsTIRF74G,Vehicle,24.0,0.0,No primary,Goat anti-rat Alexa647,2174,247.930669195857,-16.813648655722687,-0.3300766307596265
226,250210_ARMC5mAC_PhosphoPolII,N13,HCT116 OsTIRF74G,Vehicle,24.0,0.0,pSer5 Pol II 3E8,Goat anti-rat Alexa647,2151,253.2737710283974,-11.470546823182303,-0.22518369010154712
227,250210_ARMC5mAC_PhosphoPolII,N14,HCT116 OsTIRF74G,Vehicle,24.0,0.0,No primary,Goat anti-rat Alexa647,1737,253.72415100384103,-11.020166847738665,-0.21634206935045325
228,250210_ARMC5mAC_PhosphoPolII,N15,HCT116 OsTIRF74G,Vehicle,24.0,0.0,pSer5 Pol II 3E8,Goat anti-rat Alexa647,2267,256.5822517252248,-8.162066126354887,-0.1602333522121941
229,250210_ARMC5mAC_PhosphoPolII,N16,HCT116 OsTIRF74G,Vehicle,24.0,0.0,No primary,Goat anti-rat Alexa647,2624,255.94715560898672,-8.797162242592975,-0.17270122224735404
230,250210_ARMC5mAC_PhosphoPolII,N17,HCT116 OsTIRF74G,Vehicle,24.0,0.0,pSer5 Pol II 3E8,Goat anti-rat Alexa647,2799,254.00102852610115,-10.743289325478543,-0.2109065567171148
231,250210_ARMC5mAC_PhosphoPolII,N18,HCT116 OsTIRF74G,Vehicle,24.0,0.0,No primary,Goat anti-rat Alexa647,2343,254.04549303627897,-10.698824815300725,-0.2100336530417501
232,250210_ARMC5mAC_PhosphoPolII,N19,HCT116 OsTIRF74G,Vehicle,24.0,0.0,pSer5 Pol II 3E8,Goat anti-rat Alexa647,2375,250.53565443458476,-14.208663416994938,-0.27893694249897283
233,250210_ARMC5mAC_PhosphoPolII,N20,HCT116 OsTIRF74G,Vehicle,24.0,0.0,No primary,Goat anti-rat Alexa647,2314,250.3139785583871,-14.430339293192588,-0.28328876570131534
234,250210_ARMC5mAC_PhosphoPolII,N21,HCT116 OsTIRF74G,Vehicle,24.0,0.0,pSer5 Pol II 3E8,Goat anti-rat Alexa647,2910,248.38937380876976,-16.354944042809933,-0.32107158514196354
235,250210_ARMC5mAC_PhosphoPolII,N22,HCT116 OsTIRF74G,Vehicle,24.0,0.0,No primary,Goat anti-rat Alexa647,2529,249.8134279119891,-14.9308899395906,-0.29311531044901795
0,250505_ARMC5mAC_PhosphoPolII,C03,HCT116 OsTIRF74G,Vehicle,48.0,0.0,pSer5 Pol II 3E8,Goat anti-rat Alexa647,5217,208.83258480705032,-0.9504019174052871,-0.04878276608351295
1,250505_ARMC5mAC_PhosphoPolII,C04,HCT116 OsTIRF74G,Vehicle,48.0,0.0,pSer5 Pol II 3E8,Goat anti-rat Alexa647,4565,209.30628540573588,-0.47670131871973354,-0.02446839436761173
2,250505_ARMC5mAC_PhosphoPolII,C05,HCT116 OsTIRF74G,Vehicle,48.0,0.0,pSer5 Pol II 3E8,Goat anti-rat Alexa647,4734,209.16184731209287,-0.6211394123627372,-0.03188219436811243
3,250505_ARMC5mAC_PhosphoPolII,C06,HCT116 OsTIRF74G,Vehicle,48.0,0.0,pSer5 Pol II 3E8,Goat anti-rat Alexa647,4396,210.03914747912253,0.25616075466692223,0.013148363808870299
4,250505_ARMC5mAC_PhosphoPolII,C07,HCT116 OsTIRF74G,Vehicle,48.0,0.0,pSer5 Pol II 3E8,Goat anti-rat Alexa647,5218,211.09671832372734,1.3137315992717333,0.06743195708059903
5,250505_ARMC5mAC_PhosphoPolII,C08,HCT116 OsTIRF74G,Vehicle,48.0,0.0,pSer5 Pol II 3E8,Goat anti-rat Alexa647,4856,209.97391345213708,0.19092672768147168,0.009799994849551633
6,250505_ARMC5mAC_PhosphoPolII,C09,HCT116 OsTIRF74G,Vehicle,48.0,0.0,pSer5 Pol II 3E8,Goat anti-rat Alexa647,4565,210.84532720500653,1.0623404805509153,0.05452841183785447
7,250505_ARMC5mAC_PhosphoPolII,C10,HCT116 OsTIRF74G,Vehicle,48.0,0.0,pSer5 Pol II 3E8,Goat anti-rat Alexa647,4850,210.46101563298942,0.678028908533804,0.034802250539609614
8,250505_ARMC5mAC_PhosphoPolII,C11,HCT116 OsTIRF74G,Vehicle,48.0,0.0,pSer5 Pol II 3E8,Goat anti-rat Alexa647,4284,210.52822480217276,0.745238077717147,0.03825200071255684
9,250505_ARMC5mAC_PhosphoPolII,C12,HCT116 OsTIRF74G,Vehicle,48.0,0.0,pSer5 Pol II 3E8,Goat anti-rat Alexa647,4881,210.71096828512285,0.9279815606672344,0.04763196135739524
10,250505_ARMC5mAC_PhosphoPolII,C13,HCT116 OsTIRF74G,Vehicle,48.0,0.0,pSer2 Pol II 3E10,Goat anti-rat Alexa647,4004,208.60122300773742,-1.1817637167181942,-0.06065823511387397
11,250505_ARMC5mAC_PhosphoPolII,C14,HCT116 OsTIRF74G,Vehicle,48.0,0.0,pSer2 Pol II 3E10,Goat anti-rat Alexa647,4085,206.03748571205364,-3.7455010124019736,-0.19225119016216116
12,250505_ARMC5mAC_PhosphoPolII,C15,HCT116 OsTIRF74G,Vehicle,48.0,0.0,pSer2 Pol II 3E10,Goat anti-rat Alexa647,4361,205.17041789285776,-4.612568831597855,-0.23675653661374763
13,250505_ARMC5mAC_PhosphoPolII,C16,HCT116 OsTIRF74G,Vehicle,48.0,0.0,pSer2 Pol II 3E10,Goat anti-rat Alexa647,3989,205.01346162527736,-4.769525099178253,-0.24481287651215577
14,250505_ARMC5mAC_PhosphoPolII,C17,HCT116 OsTIRF74G,Vehicle,48.0,0.0,pSer2 Pol II 3E10,Goat anti-rat Alexa647,4754,205.6021443567245,-4.180842367731117,-0.21459663698268222
15,250505_ARMC5mAC_PhosphoPolII,C18,HCT116 OsTIRF74G,Vehicle,48.0,0.0,pSer2 Pol II 3E10,Goat anti-rat Alexa647,3813,204.71522760868615,-5.067759115769462,-0.26012080045788516
16,250505_ARMC5mAC_PhosphoPolII,C19,HCT116 OsTIRF74G,Vehicle,48.0,0.0,pSer2 Pol II 3E10,Goat anti-rat Alexa647,4828,204.95398183008513,-4.829004894370485,-0.24786588901393986
17,250505_ARMC5mAC_PhosphoPolII,C20,HCT116 OsTIRF74G,Vehicle,48.0,0.0,pSer2 Pol II 3E10,Goat anti-rat Alexa647,3657,206.15915729857736,-3.623829425878256,-0.18600596228993527
18,250505_ARMC5mAC_PhosphoPolII,C21,HCT116 OsTIRF74G,Vehicle,48.0,0.0,pSer2 Pol II 3E10,Goat anti-rat Alexa647,4165,206.55521056410896,-3.22777616034665,-0.1656771167192242
19,250505_ARMC5mAC_PhosphoPolII,C22,HCT116 OsTIRF74G,Vehicle,48.0,0.0,pSer2 Pol II 3E10,Goat anti-rat Alexa647,4858,206.4109190214235,-3.3720677030321156,-0.17308339446945376
22,250505_ARMC5mAC_PhosphoPolII,D05,HCT116 OsTIRF74G ARMC5mAC Clone 5F9,Vehicle,0.5,0.0,pSer5 Pol II 3E8,Goat anti-rat Alexa647,3209,229.96301174292597,20.18002501847036,1.0358117150301136
23,250505_ARMC5mAC_PhosphoPolII,D06,HCT116 OsTIRF74G ARMC5mAC Clone 5A1,Vehicle,0.5,0.0,pSer5 Pol II 3E8,Goat anti-rat Alexa647,2332,229.0836193289225,19.300632604466898,0.990673764819463
26,250505_ARMC5mAC_PhosphoPolII,D09,HCT116 OsTIRF74G ARMC5mAC Clone 5F9,Vehicle,0.5,0.0,pSer5 Pol II 3E8,Goat anti-rat Alexa647,3727,229.82698668891487,20.04399996445926,1.0288297442766907
27,250505_ARMC5mAC_PhosphoPolII,D10,HCT116 OsTIRF74G ARMC5mAC Clone 5A1,Vehicle,0.5,0.0,pSer5 Pol II 3E8,Goat anti-rat Alexa647,2189,228.0109349681947,18.227948243739093,0.9356144164611491
30,250505_ARMC5mAC_PhosphoPolII,D13,HCT116 OsTIRF74G ARMC5mAC Clone 5F9,Vehicle,0.5,0.0,pSer2 Pol II 3E10,Goat anti-rat Alexa647,3341,228.36973004166606,18.58674331721045,0.9540308525189123
31,250505_ARMC5mAC_PhosphoPolII,D14,HCT116 OsTIRF74G ARMC5mAC Clone 5A1,Vehicle,0.5,0.0,pSer2 Pol II 3E10,Goat anti-rat Alexa647,2249,224.5513997200434,14.768412995587795,0.758041438463605
34,250505_ARMC5mAC_PhosphoPolII,D17,HCT116 OsTIRF74G ARMC5mAC Clone 5F9,Vehicle,0.5,0.0,pSer2 Pol II 3E10,Goat anti-rat Alexa647,2857,225.44512072642902,15.662134001973413,0.8039148547520105
35,250505_ARMC5mAC_PhosphoPolII,D18,HCT116 OsTIRF74G ARMC5mAC Clone 5A1,Vehicle,0.5,0.0,pSer2 Pol II 3E10,Goat anti-rat Alexa647,2198,223.55226611195852,13.769279387502905,0.706757344653642
38,250505_ARMC5mAC_PhosphoPolII,D21,HCT116 OsTIRF74G ARMC5mAC Clone 5F9,Vehicle,0.5,0.0,pSer2 Pol II 3E10,Goat anti-rat Alexa647,2978,225.5311017422488,15.748115017793197,0.80832813686513
39,250505_ARMC5mAC_PhosphoPolII,D22,HCT116 OsTIRF74G ARMC5mAC Clone 5A1,Vehicle,0.5,0.0,pSer2 Pol II 3E10,Goat anti-rat Alexa647,2461,223.37808443861002,13.595097714154406,0.6978168494048607
40,250505_ARMC5mAC_PhosphoPolII,E03,HCT116 OsTIRF74G ARMC5mAC Clone 5F9,10 µM 5PhIAA,2.0,2.0,pSer5 Pol II 3E8,Goat anti-rat Alexa647,4092,212.5648297585172,2.7818430340615805,0.14278800950041212
41,250505_ARMC5mAC_PhosphoPolII,E04,HCT116 OsTIRF74G ARMC5mAC Clone 5A1,10 µM 5PhIAA,2.0,2.0,pSer5 Pol II 3E8,Goat anti-rat Alexa647,2231,211.9851399144003,2.2021531899446813,0.11303336196797917
42,250505_ARMC5mAC_PhosphoPolII,E05,HCT116 OsTIRF74G ARMC5mAC Clone 5F9,Vehicle,2.0,0.0,pSer5 Pol II 3E8,Goat anti-rat Alexa647,3359,229.90595550321228,20.122968778756672,1.03288310015194
43,250505_ARMC5mAC_PhosphoPolII,E06,HCT116 OsTIRF74G ARMC5mAC Clone 5A1,Vehicle,2.0,0.0,pSer5 Pol II 3E8,Goat anti-rat Alexa647,2831,229.09444245244734,19.311455727991728,0.9912293002130007
44,250505_ARMC5mAC_PhosphoPolII,E07,HCT116 OsTIRF74G ARMC5mAC Clone 5F9,10 µM 5PhIAA,2.0,2.0,pSer5 Pol II 3E8,Goat anti-rat Alexa647,3515,213.4727177107067,3.689730986251078,0.189388594779759
45,250505_ARMC5mAC_PhosphoPolII,E08,HCT116 OsTIRF74G ARMC5mAC Clone 5A1,10 µM 5PhIAA,2.0,2.0,pSer5 Pol II 3E8,Goat anti-rat Alexa647,2534,210.5824598466217,0.7994731221660913,0.04103580768772053
46,250505_ARMC5mAC_PhosphoPolII,E09,HCT116 OsTIRF74G ARMC5mAC Clone 5F9,Vehicle,2.0,0.0,pSer5 Pol II 3E8,Goat anti-rat Alexa647,3773,228.30351622418522,18.520529499729605,0.9506321923199904
47,250505_ARMC5mAC_PhosphoPolII,E10,HCT116 OsTIRF74G ARMC5mAC Clone 5A1,Vehicle,2.0,0.0,pSer5 Pol II 3E8,Goat anti-rat Alexa647,2466,227.85018276082968,18.06719603637407,0.9273632364228074
48,250505_ARMC5mAC_PhosphoPolII,E11,HCT116 OsTIRF74G ARMC5mAC Clone 5F9,10 µM 5PhIAA,2.0,2.0,pSer5 Pol II 3E8,Goat anti-rat Alexa647,3466,212.27975565243676,2.496768927981151,0.12815556486966564
49,250505_ARMC5mAC_PhosphoPolII,E12,HCT116 OsTIRF74G ARMC5mAC Clone 5A1,10 µM 5PhIAA,2.0,2.0,pSer5 Pol II 3E8,Goat anti-rat Alexa647,2534,211.22126338910027,1.4382766646446612,0.07382467649717032
50,250505_ARMC5mAC_PhosphoPolII,E13,HCT116 OsTIRF74G ARMC5mAC Clone 5F9,Vehicle,2.0,0.0,pSer2 Pol II 3E10,Goat anti-rat Alexa647,3851,228.42529799192283,18.64231126746722,0.9568830756357565
51,250505_ARMC5mAC_PhosphoPolII,E14,HCT116 OsTIRF74G ARMC5mAC Clone 5A1,Vehicle,2.0,0.0,pSer2 Pol II 3E10,Goat anti-rat Alexa647,2475,225.699774204995,15.916787480539398,0.8169858522423699
52,250505_ARMC5mAC_PhosphoPolII,E15,HCT116 OsTIRF74G ARMC5mAC Clone 5F9,10 µM 5PhIAA,2.0,2.0,pSer2 Pol II 3E10,Goat anti-rat Alexa647,3620,209.11490704218681,-0.6680796822687967,-0.034291571037906934
53,250505_ARMC5mAC_PhosphoPolII,E16,HCT116 OsTIRF74G ARMC5mAC Clone 5A1,10 µM 5PhIAA,2.0,2.0,pSer2 Pol II 3E10,Goat anti-rat Alexa647,2399,208.68010575184096,-1.1028809726146562,-0.05660929709811919
54,250505_ARMC5mAC_PhosphoPolII,E17,HCT116 OsTIRF74G ARMC5mAC Clone 5F9,Vehicle,2.0,0.0,pSer2 Pol II 3E10,Goat anti-rat Alexa647,3565,225.0385485463275,15.25556182187188,0.7830460883967136
55,250505_ARMC5mAC_PhosphoPolII,E18,HCT116 OsTIRF74G ARMC5mAC Clone 5A1,Vehicle,2.0,0.0,pSer2 Pol II 3E10,Goat anti-rat Alexa647,2527,225.60167019369098,15.818683469235367,0.8119503141740497
56,250505_ARMC5mAC_PhosphoPolII,E19,HCT116 OsTIRF74G ARMC5mAC Clone 5F9,10 µM 5PhIAA,2.0,2.0,pSer2 Pol II 3E10,Goat anti-rat Alexa647,3613,208.51701127380272,-1.2659754506528884,-0.06498070252770115
57,250505_ARMC5mAC_PhosphoPolII,E20,HCT116 OsTIRF74G ARMC5mAC Clone 5A1,10 µM 5PhIAA,2.0,2.0,pSer2 Pol II 3E10,Goat anti-rat Alexa647,2050,207.83614340708638,-1.946843317369229,-0.09992867271539149
58,250505_ARMC5mAC_PhosphoPolII,E21,HCT116 OsTIRF74G ARMC5mAC Clone 5F9,Vehicle,2.0,0.0,pSer2 Pol II 3E10,Goat anti-rat Alexa647,3401,227.84768463815766,18.064697913702048,0.9272350113721993
59,250505_ARMC5mAC_PhosphoPolII,E22,HCT116 OsTIRF74G ARMC5mAC Clone 5A1,Vehicle,2.0,0.0,pSer2 Pol II 3E10,Goat anti-rat Alexa647,2547,225.17426562163027,15.391278897174658,0.7900122510451532
60,250505_ARMC5mAC_PhosphoPolII,F03,HCT116 OsTIRF74G ARMC5mAC Clone 5F9,10 µM 5PhIAA,8.0,8.0,pSer5 Pol II 3E8,Goat anti-rat Alexa647,3275,214.138860542768,4.355873818312375,0.22358075007693468
61,250505_ARMC5mAC_PhosphoPolII,F04,HCT116 OsTIRF74G ARMC5mAC Clone 5A1,10 µM 5PhIAA,8.0,8.0,pSer5 Pol II 3E8,Goat anti-rat Alexa647,2366,212.1979054455627,2.4149187211070853,0.12395431124980161
62,250505_ARMC5mAC_PhosphoPolII,F05,HCT116 OsTIRF74G ARMC5mAC Clone 5F9,Vehicle,8.0,0.0,pSer5 Pol II 3E8,Goat anti-rat Alexa647,3228,230.9225038118991,21.139517087443494,1.0850610655443573
63,250505_ARMC5mAC_PhosphoPolII,F06,HCT116 OsTIRF74G ARMC5mAC Clone 5A1,Vehicle,8.0,0.0,pSer5 Pol II 3E8,Goat anti-rat Alexa647,2670,230.0289993406029,20.246012616147283,1.039198763691247
64,250505_ARMC5mAC_PhosphoPolII,F07,HCT116 OsTIRF74G ARMC5mAC Clone 5F9,10 µM 5PhIAA,8.0,8.0,pSer5 Pol II 3E8,Goat anti-rat Alexa647,3412,214.8510861362971,5.0680994118415015,0.2601382673667554
65,250505_ARMC5mAC_PhosphoPolII,F08,HCT116 OsTIRF74G ARMC5mAC Clone 5A1,10 µM 5PhIAA,8.0,8.0,pSer5 Pol II 3E8,Goat anti-rat Alexa647,2230,215.53673817732286,5.753751452867249,0.29533180235388945
66,250505_ARMC5mAC_PhosphoPolII,F09,HCT116 OsTIRF74G ARMC5mAC Clone 5F9,Vehicle,8.0,0.0,pSer5 Pol II 3E8,Goat anti-rat Alexa647,3916,232.10309237931207,22.320105654856462,1.145658981931364
67,250505_ARMC5mAC_PhosphoPolII,F10,HCT116 OsTIRF74G ARMC5mAC Clone 5A1,Vehicle,8.0,0.0,pSer5 Pol II 3E8,Goat anti-rat Alexa647,2190,229.6080607234499,19.8250739989943,1.0175925887456478
68,250505_ARMC5mAC_PhosphoPolII,F11,HCT116 OsTIRF74G ARMC5mAC Clone 5F9,10 µM 5PhIAA,8.0,8.0,pSer5 Pol II 3E8,Goat anti-rat Alexa647,3858,212.66125372590082,2.8782670014452094,0.14773731332606294
69,250505_ARMC5mAC_PhosphoPolII,F12,HCT116 OsTIRF74G ARMC5mAC Clone 5A1,Vehicle,8.0,0.0,pSer5 Pol II 3E8,Goat anti-rat Alexa647,2478,225.95001795485902,16.16703123040341,0.8298305046887848
70,250505_ARMC5mAC_PhosphoPolII,F13,HCT116 OsTIRF74G ARMC5mAC Clone 5F9,Vehicle,8.0,0.0,pSer2 Pol II 3E10,Goat anti-rat Alexa647,3715,230.15733291784446,20.374346193388845,1.0457859419834872
71,250505_ARMC5mAC_PhosphoPolII,F14,HCT116 OsTIRF74G ARMC5mAC Clone 5A1,10 µM 5PhIAA,8.0,8.0,pSer2 Pol II 3E10,Goat anti-rat Alexa647,2536,210.34686941874023,0.5638826942846151,0.02894328922328666
72,250505_ARMC5mAC_PhosphoPolII,F15,HCT116 OsTIRF74G ARMC5mAC Clone 5F9,10 µM 5PhIAA,8.0,8.0,pSer2 Pol II 3E10,Goat anti-rat Alexa647,3346,211.0966804087964,1.313693684340791,0.06743001096162203
73,250505_ARMC5mAC_PhosphoPolII,F16,HCT116 OsTIRF74G ARMC5mAC Clone 5A1,Vehicle,8.0,0.0,pSer2 Pol II 3E10,Goat anti-rat Alexa647,2258,225.01332164020403,15.230334915748415,0.7817512275195476
74,250505_ARMC5mAC_PhosphoPolII,F17,HCT116 OsTIRF74G ARMC5mAC Clone 5F9,Vehicle,8.0,0.0,pSer2 Pol II 3E10,Goat anti-rat Alexa647,3722,225.7633111356843,15.980324411228679,0.8202471116850504
75,250505_ARMC5mAC_PhosphoPolII,F18,HCT116 OsTIRF74G ARMC5mAC Clone 5A1,10 µM 5PhIAA,8.0,8.0,pSer2 Pol II 3E10,Goat anti-rat Alexa647,2467,208.69057866884074,-1.092408055614868,-0.05607173730277752
76,250505_ARMC5mAC_PhosphoPolII,F19,HCT116 OsTIRF74G ARMC5mAC Clone 5F9,10 µM 5PhIAA,8.0,8.0,pSer2 Pol II 3E10,Goat anti-rat Alexa647,3513,210.4381826130947,0.6551958886390992,0.03363026440605408
77,250505_ARMC5mAC_PhosphoPolII,F20,HCT116 OsTIRF74G ARMC5mAC Clone 5A1,Vehicle,8.0,0.0,pSer2 Pol II 3E10,Goat anti-rat Alexa647,2574,227.4331081768722,17.650121452416585,0.9059553967541715
78,250505_ARMC5mAC_PhosphoPolII,F21,HCT116 OsTIRF74G ARMC5mAC Clone 5F9,Vehicle,8.0,0.0,pSer2 Pol II 3E10,Goat anti-rat Alexa647,2776,228.8165179882435,19.033531263787893,0.976963836436206
79,250505_ARMC5mAC_PhosphoPolII,F22,HCT116 OsTIRF74G ARMC5mAC Clone 5A1,10 µM 5PhIAA,8.0,8.0,pSer2 Pol II 3E10,Goat anti-rat Alexa647,2280,210.0633108654257,0.2803241409700945,0.014388635740382563
80,250505_ARMC5mAC_PhosphoPolII,G03,HCT116 OsTIRF74G ARMC5mAC Clone 5F9,10 µM 5PhIAA,24.0,24.0,pSer5 Pol II 3E8,Goat anti-rat Alexa647,3352,213.30941431951896,3.5264275950633532,0.18100646613811608
81,250505_ARMC5mAC_PhosphoPolII,G04,HCT116 OsTIRF74G ARMC5mAC Clone 5A1,10 µM 5PhIAA,24.0,24.0,pSer5 Pol II 3E8,Goat anti-rat Alexa647,2610,215.10504338627948,5.322056661823865,0.2731735284433793
82,250505_ARMC5mAC_PhosphoPolII,G05,HCT116 OsTIRF74G ARMC5mAC Clone 5F9,Vehicle,24.0,0.0,pSer5 Pol II 3E8,Goat anti-rat Alexa647,3162,230.89552373306552,21.112537008609905,1.0836762168287244
83,250505_ARMC5mAC_PhosphoPolII,G06,HCT116 OsTIRF74G ARMC5mAC Clone 5A1,Vehicle,24.0,0.0,pSer5 Pol II 3E8,Goat anti-rat Alexa647,2659,227.98615101161226,18.203164287156653,0.9343422915480535
84,250505_ARMC5mAC_PhosphoPolII,G07,HCT116 OsTIRF74G ARMC5mAC Clone 5F9,10 µM 5PhIAA,24.0,24.0,pSer5 Pol II 3E8,Goat anti-rat Alexa647,4335,214.64661677299642,4.863630048540813,0.24964314847182076
85,250505_ARMC5mAC_PhosphoPolII,G08,HCT116 OsTIRF74G ARMC5mAC Clone 5A1,10 µM 5PhIAA,24.0,24.0,pSer5 Pol II 3E8,Goat anti-rat Alexa647,2861,215.17536778975364,5.392381065298025,0.27678317912044076
86,250505_ARMC5mAC_PhosphoPolII,G09,HCT116 OsTIRF74G ARMC5mAC Clone 5F9,Vehicle,24.0,0.0,pSer5 Pol II 3E8,Goat anti-rat Alexa647,4439,229.72006119831818,19.937074473862566,1.0233414123398359
87,250505_ARMC5mAC_PhosphoPolII,G10,HCT116 OsTIRF74G ARMC5mAC Clone 5A1,Vehicle,24.0,0.0,pSer5 Pol II 3E8,Goat anti-rat Alexa647,3378,228.71313226097382,18.93014553651821,0.9716571954694664
88,250505_ARMC5mAC_PhosphoPolII,G11,HCT116 OsTIRF74G ARMC5mAC Clone 5F9,10 µM 5PhIAA,24.0,24.0,pSer5 Pol II 3E8,Goat anti-rat Alexa647,4184,212.58816338666873,2.805176662213114,0.14398569113714912
89,250505_ARMC5mAC_PhosphoPolII,G12,HCT116 OsTIRF74G ARMC5mAC Clone 5A1,10 µM 5PhIAA,24.0,24.0,pSer5 Pol II 3E8,Goat anti-rat Alexa647,3051,210.85316204076855,1.070175316312941,0.05493056271032441
90,250505_ARMC5mAC_PhosphoPolII,G13,HCT116 OsTIRF74G ARMC5mAC Clone 5F9,Vehicle,24.0,0.0,pSer2 Pol II 3E10,Goat anti-rat Alexa647,4712,225.8872655297158,16.10427880526018,0.8266095127895966
91,250505_ARMC5mAC_PhosphoPolII,G14,HCT116 OsTIRF74G ARMC5mAC Clone 5A1,Vehicle,24.0,0.0,pSer2 Pol II 3E10,Goat anti-rat Alexa647,2553,224.6830772008728,14.900090476417176,0.7648002545267115
92,250505_ARMC5mAC_PhosphoPolII,G15,HCT116 OsTIRF74G ARMC5mAC Clone 5F9,10 µM 5PhIAA,24.0,24.0,pSer2 Pol II 3E10,Goat anti-rat Alexa647,4067,208.56296938663738,-1.2200173378182342,-0.06262173857045927
93,250505_ARMC5mAC_PhosphoPolII,G16,HCT116 OsTIRF74G ARMC5mAC Clone 5A1,10 µM 5PhIAA,24.0,24.0,pSer2 Pol II 3E10,Goat anti-rat Alexa647,2656,209.20108503383574,-0.5819016906198726,-0.0298681784382436
94,250505_ARMC5mAC_PhosphoPolII,G17,HCT116 OsTIRF74G ARMC5mAC Clone 5F9,Vehicle,24.0,0.0,pSer2 Pol II 3E10,Goat anti-rat Alexa647,3482,224.9065300557707,15.12354333131509,0.7762697687938315
95,250505_ARMC5mAC_PhosphoPolII,G18,HCT116 OsTIRF74G ARMC5mAC Clone 5A1,Vehicle,24.0,0.0,pSer2 Pol II 3E10,Goat anti-rat Alexa647,2625,224.41319048167782,14.630203757222205,0.7509473566627433
96,250505_ARMC5mAC_PhosphoPolII,G19,HCT116 OsTIRF74G ARMC5mAC Clone 5F9,10 µM 5PhIAA,24.0,24.0,pSer2 Pol II 3E10,Goat anti-rat Alexa647,3204,208.94367328453183,-0.8393134399237852,-0.043080754005981804
97,250505_ARMC5mAC_PhosphoPolII,G20,HCT116 OsTIRF74G ARMC5mAC Clone 5A1,10 µM 5PhIAA,24.0,24.0,pSer2 Pol II 3E10,Goat anti-rat Alexa647,2440,210.30665256934319,0.5236658448875744,0.026879016076502716
98,250505_ARMC5mAC_PhosphoPolII,G21,HCT116 OsTIRF74G ARMC5mAC Clone 5F9,Vehicle,24.0,0.0,pSer2 Pol II 3E10,Goat anti-rat Alexa647,3058,229.0413057690732,19.258319044617593,0.9885018705350693
99,250505_ARMC5mAC_PhosphoPolII,G22,HCT116 OsTIRF74G ARMC5mAC Clone 5A1,Vehicle,24.0,0.0,pSer2 Pol II 3E10,Goat anti-rat Alexa647,1986,230.00994645018488,20.226959725729273,1.0382208061772153
100,250505_ARMC5mAC_PhosphoPolII,H03,HCT116 OsTIRF74G ARMC5mAC Clone 5F9,10 µM 5PhIAA,48.0,48.0,pSer5 Pol II 3E8,Goat anti-rat Alexa647,3712,214.079128739365,4.296142014909378,0.22051480235545906
101,250505_ARMC5mAC_PhosphoPolII,H04,HCT116 OsTIRF74G ARMC5mAC Clone 5A1,10 µM 5PhIAA,48.0,48.0,pSer5 Pol II 3E8,Goat anti-rat Alexa647,2530,215.20219404110307,5.419207316647459,0.27816013209213697
102,250505_ARMC5mAC_PhosphoPolII,H05,HCT116 OsTIRF74G ARMC5mAC Clone 5F9,Vehicle,48.0,0.0,pSer5 Pol II 3E8,Goat anti-rat Alexa647,3846,229.98068100472253,20.197694280266916,1.0367186528732557
103,250505_ARMC5mAC_PhosphoPolII,H06,HCT116 OsTIRF74G ARMC5mAC Clone 5A1,Vehicle,48.0,0.0,pSer5 Pol II 3E8,Goat anti-rat Alexa647,2543,227.39854301922006,17.615556294764446,0.9041812168314419
104,250505_ARMC5mAC_PhosphoPolII,H07,HCT116 OsTIRF74G ARMC5mAC Clone 5F9,10 µM 5PhIAA,48.0,48.0,pSer5 Pol II 3E8,Goat anti-rat Alexa647,3868,214.72886034064823,4.945873616192614,0.2538645927357221
105,250505_ARMC5mAC_PhosphoPolII,H08,HCT116 OsTIRF74G ARMC5mAC Clone 5A1,10 µM 5PhIAA,48.0,48.0,pSer5 Pol II 3E8,Goat anti-rat Alexa647,2609,214.1129732893906,4.329986564934984,0.22225199452317732
106,250505_ARMC5mAC_PhosphoPolII,H09,HCT116 OsTIRF74G ARMC5mAC Clone 5F9,Vehicle,48.0,0.0,pSer5 Pol II 3E8,Goat anti-rat Alexa647,4168,230.8070238726866,21.024037148231002,1.0791336460402792
107,250505_ARMC5mAC_PhosphoPolII,H10,HCT116 OsTIRF74G ARMC5mAC Clone 5A1,Vehicle,48.0,0.0,pSer5 Pol II 3E8,Goat anti-rat Alexa647,3067,229.70392852840754,19.920941803951933,1.022513345552364
108,250505_ARMC5mAC_PhosphoPolII,H11,HCT116 OsTIRF74G ARMC5mAC Clone 5F9,10 µM 5PhIAA,48.0,48.0,pSer5 Pol II 3E8,Goat anti-rat Alexa647,4303,213.7288417245408,3.945855000085203,0.20253507273442461
109,250505_ARMC5mAC_PhosphoPolII,H12,HCT116 OsTIRF74G ARMC5mAC Clone 5A1,10 µM 5PhIAA,48.0,48.0,pSer5 Pol II 3E8,Goat anti-rat Alexa647,2721,212.14767422642083,2.3646875019652214,0.1213760148800119
110,250505_ARMC5mAC_PhosphoPolII,H13,HCT116 OsTIRF74G ARMC5mAC Clone 5F9,Vehicle,48.0,0.0,pSer2 Pol II 3E10,Goat anti-rat Alexa647,4577,226.02665744864177,16.24367072418616,0.8337642998858419
111,250505_ARMC5mAC_PhosphoPolII,H14,HCT116 OsTIRF74G ARMC5mAC Clone 5A1,Vehicle,48.0,0.0,pSer2 Pol II 3E10,Goat anti-rat Alexa647,3340,226.2994449254191,16.516458200963484,0.8477660894723681
112,250505_ARMC5mAC_PhosphoPolII,H15,HCT116 OsTIRF74G ARMC5mAC Clone 5F9,10 µM 5PhIAA,48.0,48.0,pSer2 Pol II 3E10,Goat anti-rat Alexa647,4252,209.31834549901407,-0.4646412254415395,-0.023849367092349402
113,250505_ARMC5mAC_PhosphoPolII,H16,HCT116 OsTIRF74G ARMC5mAC Clone 5A1,10 µM 5PhIAA,48.0,48.0,pSer2 Pol II 3E10,Goat anti-rat Alexa647,3068,210.68323815291964,0.9002514284640313,0.04620861347902929
114,250505_ARMC5mAC_PhosphoPolII,H17,HCT116 OsTIRF74G ARMC5mAC Clone 5F9,Vehicle,48.0,0.0,pSer2 Pol II 3E10,Goat anti-rat Alexa647,3978,227.8493250477982,18.066338323342592,0.9273192112441802
115,250505_ARMC5mAC_PhosphoPolII,H18,HCT116 OsTIRF74G ARMC5mAC Clone 5A1,Vehicle,48.0,0.0,pSer2 Pol II 3E10,Goat anti-rat Alexa647,2115,227.33724360295554,17.554256878499928,0.9010348057921505
116,250505_ARMC5mAC_PhosphoPolII,H19,HCT116 OsTIRF74G ARMC5mAC Clone 5F9,10 µM 5PhIAA,48.0,48.0,pSer2 Pol II 3E10,Goat anti-rat Alexa647,4018,210.00754125813805,0.22455453368243639,0.011526061857629081
117,250505_ARMC5mAC_PhosphoPolII,H20,HCT116 OsTIRF74G ARMC5mAC Clone 5A1,10 µM 5PhIAA,48.0,48.0,pSer2 Pol II 3E10,Goat anti-rat Alexa647,2612,210.26380565034327,0.48081892588766095,0.024679745232564942
118,250505_ARMC5mAC_PhosphoPolII,H21,HCT116 OsTIRF74G ARMC5mAC Clone 5F9,Vehicle,48.0,0.0,pSer2 Pol II 3E10,Goat anti-rat Alexa647,3080,223.94599562909812,14.16300890464251,0.726966915555218
119,250505_ARMC5mAC_PhosphoPolII,H22,HCT116 OsTIRF74G ARMC5mAC Clone 5A1,Vehicle,48.0,0.0,pSer2 Pol II 3E10,Goat anti-rat Alexa647,2058,229.01544046538902,19.23245374093341,0.9871742416275546
120,250505_ARMC5mAC_PhosphoPolII,I03,HCT116 OsTIRF74G ARMC5mAC Clone 5F9,Vehicle,0.5,0.0,pSer5 Pol II 3E8,Goat anti-rat Alexa647,3917,232.70845721108282,22.925470486627205,1.17673148972268
121,250505_ARMC5mAC_PhosphoPolII,I04,HCT116 OsTIRF74G ARMC5mAC Clone 5A1,Vehicle,0.5,0.0,pSer5 Pol II 3E8,Goat anti-rat Alexa647,1919,231.86809798319766,22.085111258742046,1.1335970569219078
124,250505_ARMC5mAC_PhosphoPolII,I07,HCT116 OsTIRF74G ARMC5mAC Clone 5F9,Vehicle,0.5,0.0,pSer5 Pol II 3E8,Goat anti-rat Alexa647,4292,232.36495349296666,22.58196676851105,1.1590999369839963
125,250505_ARMC5mAC_PhosphoPolII,I08,HCT116 OsTIRF74G ARMC5mAC Clone 5A1,Vehicle,0.5,0.0,pSer5 Pol II 3E8,Goat anti-rat Alexa647,2419,230.69775005273556,20.914763328279946,1.0735247777287782
128,250505_ARMC5mAC_PhosphoPolII,I11,HCT116 OsTIRF74G ARMC5mAC Clone 5F9,Vehicle,0.5,0.0,pSer5 Pol II 3E8,Goat anti-rat Alexa647,4413,230.1914913919953,20.408504667539688,1.0475392474259042
129,250505_ARMC5mAC_PhosphoPolII,I12,HCT116 OsTIRF74G ARMC5mAC Clone 5A1,Vehicle,0.5,0.0,pSer5 Pol II 3E8,Goat anti-rat Alexa647,3338,229.8725946498563,20.089607925400685,1.0311707354399091
132,250505_ARMC5mAC_PhosphoPolII,I15,HCT116 OsTIRF74G ARMC5mAC Clone 5F9,Vehicle,0.5,0.0,pSer2 Pol II 3E10,Goat anti-rat Alexa647,3948,229.6870294481425,19.9040427236869,1.0216459400216111
133,250505_ARMC5mAC_PhosphoPolII,I16,HCT116 OsTIRF74G ARMC5mAC Clone 5A1,Vehicle,0.5,0.0,pSer2 Pol II 3E10,Goat anti-rat Alexa647,2528,228.11508454252683,18.33209781807122,0.9409602646010734
136,250505_ARMC5mAC_PhosphoPolII,I19,HCT116 OsTIRF74G ARMC5mAC Clone 5F9,Vehicle,0.5,0.0,pSer2 Pol II 3E10,Goat anti-rat Alexa647,3580,229.99944632331832,20.216459598862713,1.037681849738473
137,250505_ARMC5mAC_PhosphoPolII,I20,HCT116 OsTIRF74G ARMC5mAC Clone 5A1,Vehicle,0.5,0.0,pSer2 Pol II 3E10,Goat anti-rat Alexa647,1850,230.2131024415671,20.430115717111477,1.048648511576968
140,250505_ARMC5mAC_PhosphoPolII,J03,HCT116 OsTIRF74G ARMC5mAC Clone 5F9,Vehicle,2.0,0.0,pSer5 Pol II 3E8,Goat anti-rat Alexa647,3720,234.99674392762623,25.213757203170616,1.294185961963127
141,250505_ARMC5mAC_PhosphoPolII,J04,HCT116 OsTIRF74G ARMC5mAC Clone 5A1,Vehicle,2.0,0.0,pSer5 Pol II 3E8,Goat anti-rat Alexa647,2158,233.4017471429241,23.618760418468497,1.2123170666809027
142,250505_ARMC5mAC_PhosphoPolII,J05,HCT116 OsTIRF74G ARMC5mAC Clone 5F9,10 µM 5PhIAA,2.0,2.0,pSer5 Pol II 3E8,Goat anti-rat Alexa647,4008,216.93283285328613,7.149846128830518,0.36699133792583977
143,250505_ARMC5mAC_PhosphoPolII,J06,HCT116 OsTIRF74G ARMC5mAC Clone 5A1,10 µM 5PhIAA,2.0,2.0,pSer5 Pol II 3E8,Goat anti-rat Alexa647,2825,215.99339805121974,6.210411326764131,0.3187714981289752
144,250505_ARMC5mAC_PhosphoPolII,J07,HCT116 OsTIRF74G ARMC5mAC Clone 5F9,Vehicle,2.0,0.0,pSer5 Pol II 3E8,Goat anti-rat Alexa647,4188,234.81620361836258,25.033216893906967,1.2849190870608767
145,250505_ARMC5mAC_PhosphoPolII,J08,HCT116 OsTIRF74G ARMC5mAC Clone 5A1,Vehicle,2.0,0.0,pSer5 Pol II 3E8,Goat anti-rat Alexa647,2795,233.82412922992305,24.041142505467434,1.2339973328615406
146,250505_ARMC5mAC_PhosphoPolII,J09,HCT116 OsTIRF74G ARMC5mAC Clone 5F9,10 µM 5PhIAA,2.0,2.0,pSer5 Pol II 3E8,Goat anti-rat Alexa647,3995,216.4212828368922,6.638296112436592,0.3407342099331987
147,250505_ARMC5mAC_PhosphoPolII,J10,HCT116 OsTIRF74G ARMC5mAC Clone 5A1,10 µM 5PhIAA,2.0,2.0,pSer5 Pol II 3E8,Goat anti-rat Alexa647,3142,216.21694114576047,6.433954421304861,0.3302456442674186
148,250505_ARMC5mAC_PhosphoPolII,J11,HCT116 OsTIRF74G ARMC5mAC Clone 5F9,Vehicle,2.0,0.0,pSer5 Pol II 3E8,Goat anti-rat Alexa647,3821,231.22216954843867,21.43918282398306,1.100442477619749
149,250505_ARMC5mAC_PhosphoPolII,J12,HCT116 OsTIRF74G ARMC5mAC Clone 5A1,Vehicle,2.0,0.0,pSer5 Pol II 3E8,Goat anti-rat Alexa647,3235,229.96458631622042,20.181599591764808,1.0358925356169597
150,250505_ARMC5mAC_PhosphoPolII,J13,HCT116 OsTIRF74G ARMC5mAC Clone 5F9,10 µM 5PhIAA,2.0,2.0,pSer2 Pol II 3E10,Goat anti-rat Alexa647,3997,212.78966695426936,3.006680229813753,0.15432857999630897
151,250505_ARMC5mAC_PhosphoPolII,J14,HCT116 OsTIRF74G ARMC5mAC Clone 5A1,10 µM 5PhIAA,2.0,2.0,pSer2 Pol II 3E10,Goat anti-rat Alexa647,2824,212.39047689297993,2.607490168524322,0.1338387272023344
152,250505_ARMC5mAC_PhosphoPolII,J15,HCT116 OsTIRF74G ARMC5mAC Clone 5F9,Vehicle,2.0,0.0,pSer2 Pol II 3E10,Goat anti-rat Alexa647,4125,228.3506057174526,18.567618992996984,0.9530492284107058
153,250505_ARMC5mAC_PhosphoPolII,J16,HCT116 OsTIRF74G ARMC5mAC Clone 5A1,Vehicle,2.0,0.0,pSer2 Pol II 3E10,Goat anti-rat Alexa647,2625,227.71794866310432,17.934961938648712,0.9205758500134744
154,250505_ARMC5mAC_PhosphoPolII,J17,HCT116 OsTIRF74G ARMC5mAC Clone 5F9,10 µM 5PhIAA,2.0,2.0,pSer2 Pol II 3E10,Goat anti-rat Alexa647,3173,212.14540906121098,2.3624223367553725,0.12125974720151832
155,250505_ARMC5mAC_PhosphoPolII,J18,HCT116 OsTIRF74G ARMC5mAC Clone 5A1,10 µM 5PhIAA,2.0,2.0,pSer2 Pol II 3E10,Goat anti-rat Alexa647,2653,212.20332585316174,2.420339128706132,0.12423253299066626
156,250505_ARMC5mAC_PhosphoPolII,J19,HCT116 OsTIRF74G ARMC5mAC Clone 5F9,Vehicle,2.0,0.0,pSer2 Pol II 3E10,Goat anti-rat Alexa647,3559,229.6538194441491,19.87083271969348,1.0199413181908108
157,250505_ARMC5mAC_PhosphoPolII,J20,HCT116 OsTIRF74G ARMC5mAC Clone 5A1,Vehicle,2.0,0.0,pSer2 Pol II 3E10,Goat anti-rat Alexa647,2355,230.41210457476373,20.62911785030812,1.0588630053990717
158,250505_ARMC5mAC_PhosphoPolII,J21,HCT116 OsTIRF74G ARMC5mAC Clone 5F9,10 µM 5PhIAA,2.0,2.0,pSer2 Pol II 3E10,Goat anti-rat Alexa647,2691,213.309493337147,3.526506612691378,0.18101052199952988
159,250505_ARMC5mAC_PhosphoPolII,J22,HCT116 OsTIRF74G ARMC5mAC Clone 5A1,10 µM 5PhIAA,2.0,2.0,pSer2 Pol II 3E10,Goat anti-rat Alexa647,2305,210.59079271346076,0.8078059890051463,0.04146352178043246
160,250505_ARMC5mAC_PhosphoPolII,K03,HCT116 OsTIRF74G ARMC5mAC Clone 5F9,Vehicle,8.0,0.0,pSer5 Pol II 3E8,Goat anti-rat Alexa647,3378,234.85360935225546,25.07062262779985,1.286839069684292
161,250505_ARMC5mAC_PhosphoPolII,K04,HCT116 OsTIRF74G ARMC5mAC Clone 5A1,Vehicle,8.0,0.0,pSer5 Pol II 3E8,Goat anti-rat Alexa647,2085,234.5322177521537,24.7492310276981,1.2703425002205293
162,250505_ARMC5mAC_PhosphoPolII,K05,HCT116 OsTIRF74G ARMC5mAC Clone 5F9,10 µM 5PhIAA,8.0,8.0,pSer5 Pol II 3E8,Goat anti-rat Alexa647,3451,215.91817019220463,6.135183467749016,0.31491016011808726
163,250505_ARMC5mAC_PhosphoPolII,K06,HCT116 OsTIRF74G ARMC5mAC Clone 5A1,10 µM 5PhIAA,8.0,8.0,pSer5 Pol II 3E8,Goat anti-rat Alexa647,2202,215.95485291532736,6.171866190871754,0.3167930316365794
164,250505_ARMC5mAC_PhosphoPolII,K07,HCT116 OsTIRF74G ARMC5mAC Clone 5F9,Vehicle,8.0,0.0,pSer5 Pol II 3E8,Goat anti-rat Alexa647,3742,234.77832019416604,24.99533346971043,1.282974585279917
165,250505_ARMC5mAC_PhosphoPolII,K08,HCT116 OsTIRF74G ARMC5mAC Clone 5A1,Vehicle,8.0,0.0,pSer5 Pol II 3E8,Goat anti-rat Alexa647,2431,233.4426706183134,23.65968389385779,1.2144176099254813
166,250505_ARMC5mAC_PhosphoPolII,K09,HCT116 OsTIRF74G ARMC5mAC Clone 5F9,10 µM 5PhIAA,8.0,8.0,pSer5 Pol II 3E8,Goat anti-rat Alexa647,3530,214.3853483607262,4.602361636270587,0.23623261593040318
167,250505_ARMC5mAC_PhosphoPolII,K10,HCT116 OsTIRF74G ARMC5mAC Clone 5A1,10 µM 5PhIAA,8.0,8.0,pSer5 Pol II 3E8,Goat anti-rat Alexa647,2471,214.8191224492763,5.036135724820696,0.2584976171970255
168,250505_ARMC5mAC_PhosphoPolII,K11,HCT116 OsTIRF74G ARMC5mAC Clone 5F9,Vehicle,8.0,0.0,pSer5 Pol II 3E8,Goat anti-rat Alexa647,4108,232.21819243938228,22.435205714926667,1.1515669027843989
169,250505_ARMC5mAC_PhosphoPolII,K12,HCT116 OsTIRF74G ARMC5mAC Clone 5A1,Vehicle,8.0,0.0,pSer5 Pol II 3E8,Goat anti-rat Alexa647,2211,229.1098841842679,19.3268974598123,0.9920219021401768
170,250505_ARMC5mAC_PhosphoPolII,K13,HCT116 OsTIRF74G ARMC5mAC Clone 5F9,10 µM 5PhIAA,8.0,8.0,pSer2 Pol II 3E10,Goat anti-rat Alexa647,3885,211.49688411121664,1.7138973867610332,0.08797189249972204
171,250505_ARMC5mAC_PhosphoPolII,K14,HCT116 OsTIRF74G ARMC5mAC Clone 5A1,10 µM 5PhIAA,8.0,8.0,pSer2 Pol II 3E10,Goat anti-rat Alexa647,2324,210.95971005989023,1.176723335434616,0.06039951957824058
172,250505_ARMC5mAC_PhosphoPolII,K15,HCT116 OsTIRF74G ARMC5mAC Clone 5F9,Vehicle,8.0,0.0,pSer2 Pol II 3E10,Goat anti-rat Alexa647,3885,231.74862035290016,21.96563362844455,1.127464441673269
173,250505_ARMC5mAC_PhosphoPolII,K16,HCT116 OsTIRF74G ARMC5mAC Clone 5A1,Vehicle,8.0,0.0,pSer2 Pol II 3E10,Goat anti-rat Alexa647,2197,228.46159288447814,18.678606160022525,0.9587460403679674
174,250505_ARMC5mAC_PhosphoPolII,K17,HCT116 OsTIRF74G ARMC5mAC Clone 5F9,10 µM 5PhIAA,8.0,8.0,pSer2 Pol II 3E10,Goat anti-rat Alexa647,3749,211.2614822015483,1.4784954770926788,0.07588905040454288
175,250505_ARMC5mAC_PhosphoPolII,K18,HCT116 OsTIRF74G ARMC5mAC Clone 5A1,10 µM 5PhIAA,8.0,8.0,pSer2 Pol II 3E10,Goat anti-rat Alexa647,1569,212.34520636174003,2.5622196372844144,0.1315150558213022
176,250505_ARMC5mAC_PhosphoPolII,K19,HCT116 OsTIRF74G ARMC5mAC Clone 5F9,Vehicle,8.0,0.0,pSer2 Pol II 3E10,Goat anti-rat Alexa647,3456,232.0225755144311,22.2395887899755,1.1415261668419445
177,250505_ARMC5mAC_PhosphoPolII,K20,HCT116 OsTIRF74G ARMC5mAC Clone 5A1,Vehicle,8.0,0.0,pSer2 Pol II 3E10,Goat anti-rat Alexa647,2052,231.26538720454312,21.482400480087506,1.1026607778670559
178,250505_ARMC5mAC_PhosphoPolII,K21,HCT116 OsTIRF74G ARMC5mAC Clone 5F9,10 µM 5PhIAA,8.0,8.0,pSer2 Pol II 3E10,Goat anti-rat Alexa647,2499,214.7392497754628,4.956263051007198,0.254397867510339
179,250505_ARMC5mAC_PhosphoPolII,K22,HCT116 OsTIRF74G ARMC5mAC Clone 5A1,10 µM 5PhIAA,8.0,8.0,pSer2 Pol II 3E10,Goat anti-rat Alexa647,2164,211.73032228895113,1.9473355644955177,0.09995393905374504
180,250505_ARMC5mAC_PhosphoPolII,L03,HCT116 OsTIRF74G ARMC5mAC Clone 5F9,Vehicle,24.0,0.0,pSer5 Pol II 3E8,Goat anti-rat Alexa647,3101,235.84961230757037,26.066625583114757,1.3379624715817389
181,250505_ARMC5mAC_PhosphoPolII,L04,HCT116 OsTIRF74G ARMC5mAC Clone 5A1,Vehicle,24.0,0.0,pSer5 Pol II 3E8,Goat anti-rat Alexa647,2267,233.0608354454635,23.2778487210079,1.1948185586415279
182,250505_ARMC5mAC_PhosphoPolII,L05,HCT116 OsTIRF74G ARMC5mAC Clone 5F9,10 µM 5PhIAA,24.0,24.0,pSer5 Pol II 3E8,Goat anti-rat Alexa647,3582,216.89591896242828,7.112932237972672,0.36509660089935425
183,250505_ARMC5mAC_PhosphoPolII,L06,HCT116 OsTIRF74G ARMC5mAC Clone 5A1,10 µM 5PhIAA,24.0,24.0,pSer5 Pol II 3E8,Goat anti-rat Alexa647,2027,218.14816064520838,8.365173920752767,0.4293723688374737
184,250505_ARMC5mAC_PhosphoPolII,L07,HCT116 OsTIRF74G ARMC5mAC Clone 5F9,Vehicle,24.0,0.0,pSer5 Pol II 3E8,Goat anti-rat Alexa647,3898,235.50361309830703,25.720626373851417,1.3202028288648395
185,250505_ARMC5mAC_PhosphoPolII,L08,HCT116 OsTIRF74G ARMC5mAC Clone 5A1,Vehicle,24.0,0.0,pSer5 Pol II 3E8,Goat anti-rat Alexa647,2274,232.22458027881117,22.441593554355563,1.1518947814123057
186,250505_ARMC5mAC_PhosphoPolII,L09,HCT116 OsTIRF74G ARMC5mAC Clone 5F9,10 µM 5PhIAA,24.0,24.0,pSer5 Pol II 3E8,Goat anti-rat Alexa647,3393,214.85988877337257,5.076902048916963,0.26059009409132966
187,250505_ARMC5mAC_PhosphoPolII,L10,HCT116 OsTIRF74G ARMC5mAC Clone 5A1,10 µM 5PhIAA,24.0,24.0,pSer5 Pol II 3E8,Goat anti-rat Alexa647,2885,214.32465554206075,4.541668817605142,0.2331173406750789
188,250505_ARMC5mAC_PhosphoPolII,L11,HCT116 OsTIRF74G ARMC5mAC Clone 5F9,Vehicle,24.0,0.0,pSer5 Pol II 3E8,Goat anti-rat Alexa647,3603,231.38383249549727,21.600845771041662,1.108740404619162
189,250505_ARMC5mAC_PhosphoPolII,L12,HCT116 OsTIRF74G ARMC5mAC Clone 5A1,Vehicle,24.0,0.0,pSer5 Pol II 3E8,Goat anti-rat Alexa647,2823,230.66478518780266,20.881798463347053,1.0718327385340485
190,250505_ARMC5mAC_PhosphoPolII,L13,HCT116 OsTIRF74G ARMC5mAC Clone 5F9,10 µM 5PhIAA,24.0,24.0,pSer2 Pol II 3E10,Goat anti-rat Alexa647,3986,213.32538800770934,3.5424012832537244,0.18182637262211107
191,250505_ARMC5mAC_PhosphoPolII,L14,HCT116 OsTIRF74G ARMC5mAC Clone 5A1,10 µM 5PhIAA,24.0,24.0,pSer2 Pol II 3E10,Goat anti-rat Alexa647,1939,212.5792083422783,2.796221617822681,0.1435260415638837
192,250505_ARMC5mAC_PhosphoPolII,L15,HCT116 OsTIRF74G ARMC5mAC Clone 5F9,Vehicle,24.0,0.0,pSer2 Pol II 3E10,Goat anti-rat Alexa647,3826,231.82188056803093,22.038893843575323,1.131224783348199
193,250505_ARMC5mAC_PhosphoPolII,L16,HCT116 OsTIRF74G ARMC5mAC Clone 5A1,Vehicle,24.0,0.0,pSer2 Pol II 3E10,Goat anti-rat Alexa647,1607,233.29772889504355,23.514742170587937,1.2069779593392134
194,250505_ARMC5mAC_PhosphoPolII,L17,HCT116 OsTIRF74G ARMC5mAC Clone 5F9,10 µM 5PhIAA,24.0,24.0,pSer2 Pol II 3E10,Goat anti-rat Alexa647,3652,211.19171062681522,1.4087239023596112,0.07230777563315569
195,250505_ARMC5mAC_PhosphoPolII,L18,HCT116 OsTIRF74G ARMC5mAC Clone 5A1,10 µM 5PhIAA,24.0,24.0,pSer2 Pol II 3E10,Goat anti-rat Alexa647,2155,212.82956825877466,3.0465815343190457,0.15637665667677578
196,250505_ARMC5mAC_PhosphoPolII,L19,HCT116 OsTIRF74G ARMC5mAC Clone 5F9,Vehicle,24.0,0.0,pSer2 Pol II 3E10,Goat anti-rat Alexa647,3689,233.57492479578755,23.79193807133194,1.2212060269994944
197,250505_ARMC5mAC_PhosphoPolII,L20,HCT116 OsTIRF74G ARMC5mAC Clone 5A1,Vehicle,24.0,0.0,pSer2 Pol II 3E10,Goat anti-rat Alexa647,1708,232.59095113505538,22.807964410599766,1.1707000715244844
198,250505_ARMC5mAC_PhosphoPolII,L21,HCT116 OsTIRF74G ARMC5mAC Clone 5F9,10 µM 5PhIAA,24.0,24.0,pSer2 Pol II 3E10,Goat anti-rat Alexa647,3047,212.97351000876188,3.1905232843062663,0.16376498006994472
199,250505_ARMC5mAC_PhosphoPolII,L22,HCT116 OsTIRF74G ARMC5mAC Clone 5A1,10 µM 5PhIAA,24.0,24.0,pSer2 Pol II 3E10,Goat anti-rat Alexa647,2379,210.71273954915475,0.9297528246991362,0.04772287779743811
200,250505_ARMC5mAC_PhosphoPolII,M03,HCT116 OsTIRF74G ARMC5mAC Clone 5F9,Vehicle,48.0,0.0,pSer5 Pol II 3E8,Goat anti-rat Alexa647,3741,232.7318140562883,22.94882733183269,1.1779303630574671
201,250505_ARMC5mAC_PhosphoPolII,M04,HCT116 OsTIRF74G ARMC5mAC Clone 5A1,Vehicle,48.0,0.0,pSer5 Pol II 3E8,Goat anti-rat Alexa647,2327,233.95523154243244,24.172244817976832,1.2407266263604575
202,250505_ARMC5mAC_PhosphoPolII,M05,HCT116 OsTIRF74G ARMC5mAC Clone 5F9,10 µM 5PhIAA,48.0,48.0,pSer5 Pol II 3E8,Goat anti-rat Alexa647,2736,216.1135376519704,6.330550927514793,0.3249380913706921
203,250505_ARMC5mAC_PhosphoPolII,M06,HCT116 OsTIRF74G ARMC5mAC Clone 5A1,10 µM 5PhIAA,48.0,48.0,pSer5 Pol II 3E8,Goat anti-rat Alexa647,2273,217.45044155900507,7.66745483454946,0.3935594497440626
204,250505_ARMC5mAC_PhosphoPolII,M07,HCT116 OsTIRF74G ARMC5mAC Clone 5F9,Vehicle,48.0,0.0,pSer5 Pol II 3E8,Goat anti-rat Alexa647,3593,236.61263982978946,26.829653105333847,1.3771275789431787
205,250505_ARMC5mAC_PhosphoPolII,M08,HCT116 OsTIRF74G ARMC5mAC Clone 5A1,Vehicle,48.0,0.0,pSer5 Pol II 3E8,Goat anti-rat Alexa647,2214,233.70253885663084,23.919552132175227,1.2277562735479035
206,250505_ARMC5mAC_PhosphoPolII,M09,HCT116 OsTIRF74G ARMC5mAC Clone 5F9,10 µM 5PhIAA,48.0,48.0,pSer5 Pol II 3E8,Goat anti-rat Alexa647,3032,217.43358074965747,7.650594025201855,0.39269400860456183
207,250505_ARMC5mAC_PhosphoPolII,M10,HCT116 OsTIRF74G ARMC5mAC Clone 5A1,10 µM 5PhIAA,48.0,48.0,pSer5 Pol II 3E8,Goat anti-rat Alexa647,2301,215.14422151270193,5.361234788246321,0.2751844854310028
208,250505_ARMC5mAC_PhosphoPolII,M11,HCT116 OsTIRF74G ARMC5mAC Clone 5F9,Vehicle,48.0,0.0,pSer5 Pol II 3E8,Goat anti-rat Alexa647,3587,232.08085188016477,22.29786515570916,1.1445174090371875
209,250505_ARMC5mAC_PhosphoPolII,M12,HCT116 OsTIRF74G ARMC5mAC Clone 5A1,Vehicle,48.0,0.0,pSer5 Pol II 3E8,Goat anti-rat Alexa647,2212,229.4522131337982,19.6692264093426,1.009593155693772
210,250505_ARMC5mAC_PhosphoPolII,M13,HCT116 OsTIRF74G ARMC5mAC Clone 5F9,10 µM 5PhIAA,48.0,48.0,pSer2 Pol II 3E10,Goat anti-rat Alexa647,3237,214.14999832898053,4.367011604524919,0.22415243665452286
211,250505_ARMC5mAC_PhosphoPolII,M14,HCT116 OsTIRF74G ARMC5mAC Clone 5A1,10 µM 5PhIAA,48.0,48.0,pSer2 Pol II 3E10,Goat anti-rat Alexa647,2285,214.55742988738828,4.77444316293267,0.24506531366460862
212,250505_ARMC5mAC_PhosphoPolII,M15,HCT116 OsTIRF74G ARMC5mAC Clone 5F9,Vehicle,48.0,0.0,pSer2 Pol II 3E10,Goat anti-rat Alexa647,3152,232.41342805643282,22.63044133197721,1.1615880667396958
213,250505_ARMC5mAC_PhosphoPolII,M16,HCT116 OsTIRF74G ARMC5mAC Clone 5A1,Vehicle,48.0,0.0,pSer2 Pol II 3E10,Goat anti-rat Alexa647,2632,230.7585305685884,20.9755438441328,1.0766445543548397
214,250505_ARMC5mAC_PhosphoPolII,M17,HCT116 OsTIRF74G ARMC5mAC Clone 5F9,10 µM 5PhIAA,48.0,48.0,pSer2 Pol II 3E10,Goat anti-rat Alexa647,3324,212.37060207698187,2.5876153525262566,0.1328185814281829
215,250505_ARMC5mAC_PhosphoPolII,M18,HCT116 OsTIRF74G ARMC5mAC Clone 5A1,10 µM 5PhIAA,48.0,48.0,pSer2 Pol II 3E10,Goat anti-rat Alexa647,1874,214.45854601618876,4.675559291733151,0.2399897465073706
216,250505_ARMC5mAC_PhosphoPolII,M19,HCT116 OsTIRF74G ARMC5mAC Clone 5F9,Vehicle,48.0,0.0,pSer2 Pol II 3E10,Goat anti-rat Alexa647,3038,233.1585220260911,23.375535301635495,1.1998326705924638
217,250505_ARMC5mAC_PhosphoPolII,M20,HCT116 OsTIRF74G ARMC5mAC Clone 5A1,Vehicle,48.0,0.0,pSer2 Pol II 3E10,Goat anti-rat Alexa647,1913,235.06926686579675,25.286280141341138,1.2979084602700754
218,250505_ARMC5mAC_PhosphoPolII,M21,HCT116 OsTIRF74G ARMC5mAC Clone 5F9,10 µM 5PhIAA,48.0,48.0,pSer2 Pol II 3E10,Goat anti-rat Alexa647,3170,214.4756723605548,4.692685636099185,0.240868817178182
219,250505_ARMC5mAC_PhosphoPolII,M22,HCT116 OsTIRF74G ARMC5mAC Clone 5A1,10 µM 5PhIAA,48.0,48.0,pSer2 Pol II 3E10,Goat anti-rat Alexa647,2128,213.4268771393294,3.6438904148737947,0.1870356640567889
220,250505_ARMC5mAC_PhosphoPolII,N03,HCT116 OsTIRF74G,Vehicle,48.0,0.0,pSer5 Pol II 3E8,Goat anti-rat Alexa647,3916,211.69040531552574,1.907418591070126,0.09790505811010286
221,250505_ARMC5mAC_PhosphoPolII,N04,HCT116 OsTIRF74G,Vehicle,48.0,0.0,No primary,Goat anti-rat Alexa647,4432,212.32162986491892,2.538643140463307,0.13030490808440293
222,250505_ARMC5mAC_PhosphoPolII,N05,HCT116 OsTIRF74G,Vehicle,48.0,0.0,pSer5 Pol II 3E8,Goat anti-rat Alexa647,3798,213.55947221795802,3.776485493502406,0.19384157909768437
223,250505_ARMC5mAC_PhosphoPolII,N06,HCT116 OsTIRF74G,Vehicle,48.0,0.0,No primary,Goat anti-rat Alexa647,4142,214.21161022395196,4.428623499496354,0.2273148867772658
224,250505_ARMC5mAC_PhosphoPolII,N07,HCT116 OsTIRF74G,Vehicle,48.0,0.0,pSer5 Pol II 3E8,Goat anti-rat Alexa647,3890,215.5537141248295,5.770727400373886,0.29620315336980824
225,250505_ARMC5mAC_PhosphoPolII,N08,HCT116 OsTIRF74G,Vehicle,48.0,0.0,No primary,Goat anti-rat Alexa647,4031,212.50940465036464,2.7264179259090326,0.1399431182637227
226,250505_ARMC5mAC_PhosphoPolII,N09,HCT116 OsTIRF74G,Vehicle,48.0,0.0,pSer5 Pol II 3E8,Goat anti-rat Alexa647,4300,215.19867275638921,5.415686031933603,0.27797938960270846
227,250505_ARMC5mAC_PhosphoPolII,N10,HCT116 OsTIRF74G,Vehicle,48.0,0.0,No primary,Goat anti-rat Alexa647,3682,211.52220134033465,1.7392146158790354,0.08927138952653572
228,250505_ARMC5mAC_PhosphoPolII,N11,HCT116 OsTIRF74G,Vehicle,48.0,0.0,pSer5 Pol II 3E8,Goat anti-rat Alexa647,3814,210.70942596658028,0.9264392421246725,0.047552796360660524
229,250505_ARMC5mAC_PhosphoPolII,N12,HCT116 OsTIRF74G,Vehicle,48.0,0.0,No primary,Goat anti-rat Alexa647,3454,210.17292564332845,0.3899389188728435,0.020015004934086256
230,250505_ARMC5mAC_PhosphoPolII,N13,HCT116 OsTIRF74G,Vehicle,48.0,0.0,pSer2 Pol II 3E10,Goat anti-rat Alexa647,3804,211.3028192674209,1.5198325429652755,0.07801082265490517
231,250505_ARMC5mAC_PhosphoPolII,N14,HCT116 OsTIRF74G,Vehicle,48.0,0.0,No primary,Goat anti-rat Alexa647,3353,210.5120848514584,0.7290981270027999,0.037423560211882145
232,250505_ARMC5mAC_PhosphoPolII,N15,HCT116 OsTIRF74G,Vehicle,48.0,0.0,pSer2 Pol II 3E10,Goat anti-rat Alexa647,3382,211.11111444268047,1.328127718224863,0.06817088920030505
233,250505_ARMC5mAC_PhosphoPolII,N16,HCT116 OsTIRF74G,Vehicle,48.0,0.0,No primary,Goat anti-rat Alexa647,3734,209.65517404740996,-0.1278126770456538,-0.006560441232955607
234,250505_ARMC5mAC_PhosphoPolII,N17,HCT116 OsTIRF74G,Vehicle,48.0,0.0,pSer2 Pol II 3E10,Goat anti-rat Alexa647,3590,209.95547811390205,0.17249138944643505,0.00885373540255314
235,250505_ARMC5mAC_PhosphoPolII,N18,HCT116 OsTIRF74G,Vehicle,48.0,0.0,No primary,Goat anti-rat Alexa647,3490,210.0301679116616,0.2471811872059959,0.012687455501600236
236,250505_ARMC5mAC_PhosphoPolII,N19,HCT116 OsTIRF74G,Vehicle,48.0,0.0,pSer2 Pol II 3E10,Goat anti-rat Alexa647,3717,210.60399986398264,0.8210131395270253,0.042141425857370275
237,250505_ARMC5mAC_PhosphoPolII,N20,HCT116 OsTIRF74G,Vehicle,48.0,0.0,No primary,Goat anti-rat Alexa647,3751,210.76838707787,0.9854003534143772,0.0505791855623177
238,250505_ARMC5mAC_PhosphoPolII,N21,HCT116 OsTIRF74G,Vehicle,48.0,0.0,pSer2 Pol II 3E10,Goat anti-rat Alexa647,3397,210.02995370899026,0.2469669845346516,0.012676460785975945
239,250505_ARMC5mAC_PhosphoPolII,N22,HCT116 OsTIRF74G,Vehicle,48.0,0.0,No primary,Goat anti-rat Alexa647,3467,209.72556596597767,-0.05742075847794581,-0.0029473251030626983
0,260119_ARMC5mAC_TotalPhospho,C03,HCT116 OsTIRF74G,Vehicle,24.0,0.0,Total Pol II F12,Goat anti-mouse Alexa647,4601,703.6108172824753,12.336072259781645,0.1661787377344936
1,260119_ARMC5mAC_TotalPhospho,C04,HCT116 OsTIRF74G,Vehicle,24.0,0.0,Total Pol II F12,Goat anti-mouse Alexa647,4266,706.3306426322439,15.055897609550243,0.20281739661754586
2,260119_ARMC5mAC_TotalPhospho,C05,HCT116 OsTIRF74G,Vehicle,24.0,0.0,Total Pol II F12,Goat anti-mouse Alexa647,3636,702.0759109155026,10.801165892808967,0.14550207524154288
3,260119_ARMC5mAC_TotalPhospho,C06,HCT116 OsTIRF74G,Vehicle,24.0,0.0,Total Pol II F12,Goat anti-mouse Alexa647,4067,702.409362224782,11.134617202088293,0.1499939845385247
4,260119_ARMC5mAC_TotalPhospho,C07,HCT116 OsTIRF74G,Vehicle,24.0,0.0,Total Pol II F12,Goat anti-mouse Alexa647,3698,700.056024700693,8.78127967799935,0.1182922685481515
5,260119_ARMC5mAC_TotalPhospho,C08,HCT116 OsTIRF74G,Vehicle,24.0,0.0,Total Pol II F12,Goat anti-mouse Alexa647,4081,691.8313607743131,0.5566157516194608,0.007498148605113282
6,260119_ARMC5mAC_TotalPhospho,C09,HCT116 OsTIRF74G,Vehicle,24.0,0.0,Total Pol II F12,Goat anti-mouse Alexa647,3824,693.0214908698292,1.7467458471355712,0.02353034368696993
7,260119_ARMC5mAC_TotalPhospho,C10,HCT116 OsTIRF74G,Vehicle,24.0,0.0,Total Pol II F12,Goat anti-mouse Alexa647,3167,694.8749643030382,3.600219280344504,0.048498410432108355
8,260119_ARMC5mAC_TotalPhospho,C11,HCT116 OsTIRF74G,Vehicle,24.0,0.0,Total Pol II F12,Goat anti-mouse Alexa647,2870,697.7202847513965,6.445539728702897,0.08682760878642397
9,260119_ARMC5mAC_TotalPhospho,C12,HCT116 OsTIRF74G,Vehicle,24.0,0.0,Total Pol II F12,Goat anti-mouse Alexa647,3037,699.7554670455448,8.480722022851182,0.11424346835493296
10,260119_ARMC5mAC_TotalPhospho,C13,HCT116 OsTIRF74G,Vehicle,24.0,0.0,pSer2 Pol II 3E10,Goat anti-rat Alexa647,3067,701.1267006816234,9.851955658929796,0.1327153020134898
11,260119_ARMC5mAC_TotalPhospho,C14,HCT116 OsTIRF74G,Vehicle,24.0,0.0,pSer2 Pol II 3E10,Goat anti-rat Alexa647,2699,698.7199811833757,7.445236160682043,0.1002944795768608
12,260119_ARMC5mAC_TotalPhospho,C15,HCT116 OsTIRF74G,Vehicle,24.0,0.0,pSer2 Pol II 3E10,Goat anti-rat Alexa647,3194,691.4161807369866,0.14143571429292479,0.0019052748700574443
13,260119_ARMC5mAC_TotalPhospho,C16,HCT116 OsTIRF74G,Vehicle,24.0,0.0,pSer2 Pol II 3E10,Goat anti-rat Alexa647,3204,687.4813462179975,-3.793398804696153,-0.05110072410512142
14,260119_ARMC5mAC_TotalPhospho,C17,HCT116 OsTIRF74G,Vehicle,24.0,0.0,pSer2 Pol II 3E10,Goat anti-rat Alexa647,3652,685.1473817390992,-6.127363283594491,-0.08254146657588059
15,260119_ARMC5mAC_TotalPhospho,C18,HCT116 OsTIRF74G,Vehicle,24.0,0.0,pSer2 Pol II 3E10,Goat anti-rat Alexa647,3394,683.648454813118,-7.6262902095757,-0.10273345145326256
16,260119_ARMC5mAC_TotalPhospho,C19,HCT116 OsTIRF74G,Vehicle,24.0,0.0,pSer2 Pol II 3E10,Goat anti-rat Alexa647,4357,685.179482925219,-6.095262097474688,-0.082109032777113
17,260119_ARMC5mAC_TotalPhospho,C20,HCT116 OsTIRF74G,Vehicle,24.0,0.0,pSer2 Pol II 3E10,Goat anti-rat Alexa647,4250,683.6787987587429,-7.5959462639507365,-0.10232468937116286
18,260119_ARMC5mAC_TotalPhospho,C21,HCT116 OsTIRF74G,Vehicle,24.0,0.0,pSer2 Pol II 3E10,Goat anti-rat Alexa647,4528,681.831255396189,-9.443489626504629,-0.1272128723708612
19,260119_ARMC5mAC_TotalPhospho,C22,HCT116 OsTIRF74G,Vehicle,24.0,0.0,pSer2 Pol II 3E10,Goat anti-rat Alexa647,4501,679.003118880362,-12.271626142331684,-0.16531058665494464
20,260119_ARMC5mAC_TotalPhospho,D03,HCT116 OsTIRF74G ARMC5mAC Clone 5A1,Vehicle,48.0,0.0,Total Pol II F12,Goat anti-mouse Alexa647,3306,796.0516686067735,104.7769235840799,1.411445761522646
21,260119_ARMC5mAC_TotalPhospho,D04,HCT116 OsTIRF74G ARMC5mAC Clone 5F9,Vehicle,48.0,0.0,Total Pol II F12,Goat anti-mouse Alexa647,1482,745.1712560466949,53.896511024001256,0.7260377518589763
22,260119_ARMC5mAC_TotalPhospho,D05,HCT116 OsTIRF74G ARMC5mAC Clone 5A1,10 µM 5PhIAA,48.0,48.0,Total Pol II F12,Goat anti-mouse Alexa647,1788,703.2211533260004,11.946408303306725,0.1609295901075992
23,260119_ARMC5mAC_TotalPhospho,D06,HCT116 OsTIRF74G ARMC5mAC Clone 5F9,10 µM 5PhIAA,48.0,48.0,Total Pol II F12,Goat anti-mouse Alexa647,2561,706.5844985538342,15.309753531140586,0.20623707961939108
24,260119_ARMC5mAC_TotalPhospho,D07,HCT116 OsTIRF74G ARMC5mAC Clone 5A1,Vehicle,48.0,0.0,Total Pol II F12,Goat anti-mouse Alexa647,1724,720.9874689158808,29.712723893187103,0.4002589193094399
25,260119_ARMC5mAC_TotalPhospho,D08,HCT116 OsTIRF74G ARMC5mAC Clone 5F9,Vehicle,48.0,0.0,Total Pol II F12,Goat anti-mouse Alexa647,2265,726.069503424264,34.794758401570334,0.4687188036179655
26,260119_ARMC5mAC_TotalPhospho,D09,HCT116 OsTIRF74G ARMC5mAC Clone 5A1,10 µM 5PhIAA,48.0,48.0,Total Pol II F12,Goat anti-mouse Alexa647,2263,696.2681323209317,4.993387298238076,0.06726572127385906
27,260119_ARMC5mAC_TotalPhospho,D10,HCT116 OsTIRF74G ARMC5mAC Clone 5F9,10 µM 5PhIAA,48.0,48.0,Total Pol II F12,Goat anti-mouse Alexa647,1928,704.2393210813461,12.964576058652483,0.1746452873588988
28,260119_ARMC5mAC_TotalPhospho,D11,HCT116 OsTIRF74G ARMC5mAC Clone 5A1,Vehicle,48.0,0.0,Total Pol II F12,Goat anti-mouse Alexa647,2212,765.8262979310018,74.55155290830817,1.0042809978374962
29,260119_ARMC5mAC_TotalPhospho,D12,HCT116 OsTIRF74G ARMC5mAC Clone 5F9,Vehicle,48.0,0.0,Total Pol II F12,Goat anti-mouse Alexa647,2279,752.2672129158557,60.99246789316203,0.8216271040209276
30,260119_ARMC5mAC_TotalPhospho,D13,HCT116 OsTIRF74G ARMC5mAC Clone 5A1,10 µM 5PhIAA,48.0,48.0,pSer2 Pol II 3E10,Goat anti-rat Alexa647,1809,695.2476520253381,3.9729070026444333,0.05351887188505075
31,260119_ARMC5mAC_TotalPhospho,D14,HCT116 OsTIRF74G ARMC5mAC Clone 5F9,10 µM 5PhIAA,48.0,48.0,pSer2 Pol II 3E10,Goat anti-rat Alexa647,2383,700.0318827660636,8.75713774336998,0.11796705350898082
32,260119_ARMC5mAC_TotalPhospho,D15,HCT116 OsTIRF74G ARMC5mAC Clone 5A1,Vehicle,48.0,0.0,pSer2 Pol II 3E10,Goat anti-rat Alexa647,1644,713.8395937119001,22.56484868920643,0.3039701773284311
33,260119_ARMC5mAC_TotalPhospho,D16,HCT116 OsTIRF74G ARMC5mAC Clone 5F9,Vehicle,48.0,0.0,pSer2 Pol II 3E10,Goat anti-rat Alexa647,1998,781.1113488983453,89.83660387565169,1.2101853102045435
34,260119_ARMC5mAC_TotalPhospho,D17,HCT116 OsTIRF74G ARMC5mAC Clone 5A1,10 µM 5PhIAA,48.0,48.0,pSer2 Pol II 3E10,Goat anti-rat Alexa647,2149,688.6187720898586,-2.655972932835084,-0.03577850551949731
35,260119_ARMC5mAC_TotalPhospho,D18,HCT116 OsTIRF74G ARMC5mAC Clone 5F9,10 µM 5PhIAA,48.0,48.0,pSer2 Pol II 3E10,Goat anti-rat Alexa647,2311,695.0947770922003,3.820032069506624,0.051459499753865136
36,260119_ARMC5mAC_TotalPhospho,D19,HCT116 OsTIRF74G ARMC5mAC Clone 5A1,Vehicle,48.0,0.0,pSer2 Pol II 3E10,Goat anti-rat Alexa647,2280,745.2641419027018,53.989396880008144,0.7272890135231072
37,260119_ARMC5mAC_TotalPhospho,D20,HCT116 OsTIRF74G ARMC5mAC Clone 5F9,Vehicle,48.0,0.0,pSer2 Pol II 3E10,Goat anti-rat Alexa647,2281,774.4757192176879,83.20097419499427,1.1207970072517275
38,260119_ARMC5mAC_TotalPhospho,D21,HCT116 OsTIRF74G ARMC5mAC Clone 5A1,10 µM 5PhIAA,48.0,48.0,pSer2 Pol II 3E10,Goat anti-rat Alexa647,2239,683.8239691431997,-7.450775879493904,-0.10036910490817962
39,260119_ARMC5mAC_TotalPhospho,D22,HCT116 OsTIRF74G ARMC5mAC Clone 5F9,10 µM 5PhIAA,48.0,48.0,pSer2 Pol II 3E10,Goat anti-rat Alexa647,3722,683.5455512449496,-7.729193777744058,-0.10411966131864606
40,260119_ARMC5mAC_TotalPhospho,E03,HCT116 OsTIRF74G ARMC5mAC Clone 5A1,Vehicle,24.0,0.0,Total Pol II F12,Goat anti-mouse Alexa647,2935,786.8336221039925,95.55887708129887,1.2872698244860117
41,260119_ARMC5mAC_TotalPhospho,E04,HCT116 OsTIRF74G ARMC5mAC Clone 5F9,Vehicle,24.0,0.0,Total Pol II F12,Goat anti-mouse Alexa647,1521,763.8951859075923,72.6204408848987,0.9782670647381962
42,260119_ARMC5mAC_TotalPhospho,E05,HCT116 OsTIRF74G ARMC5mAC Clone 5A1,10 µM 5PhIAA,24.0,24.0,Total Pol II F12,Goat anti-mouse Alexa647,2444,702.0880618531586,10.813316830464942,0.14566576003840837
43,260119_ARMC5mAC_TotalPhospho,E06,HCT116 OsTIRF74G ARMC5mAC Clone 5F9,10 µM 5PhIAA,24.0,24.0,Total Pol II F12,Goat anti-mouse Alexa647,2220,708.516804475498,17.24205945280437,0.23226709567448986
44,260119_ARMC5mAC_TotalPhospho,E07,HCT116 OsTIRF74G ARMC5mAC Clone 5A1,Vehicle,24.0,0.0,Total Pol II F12,Goat anti-mouse Alexa647,2495,758.9785051692614,67.70376014656779,0.9120346544755644
45,260119_ARMC5mAC_TotalPhospho,E08,HCT116 OsTIRF74G ARMC5mAC Clone 5F9,Vehicle,24.0,0.0,Total Pol II F12,Goat anti-mouse Alexa647,2502,793.4723208298482,102.19757580715452,1.3766994704243707
46,260119_ARMC5mAC_TotalPhospho,E09,HCT116 OsTIRF74G ARMC5mAC Clone 5A1,10 µM 5PhIAA,24.0,24.0,Total Pol II F12,Goat anti-mouse Alexa647,2536,702.5466853335139,11.271940310820241,0.15184385866298575
47,260119_ARMC5mAC_TotalPhospho,E10,HCT116 OsTIRF74G ARMC5mAC Clone 5F9,10 µM 5PhIAA,24.0,24.0,Total Pol II F12,Goat anti-mouse Alexa647,2313,699.4482341996082,8.173489176914586,0.11010474693265561
48,260119_ARMC5mAC_TotalPhospho,E11,HCT116 OsTIRF74G ARMC5mAC Clone 5A1,Vehicle,24.0,0.0,Total Pol II F12,Goat anti-mouse Alexa647,2566,740.8493655716661,49.57462054897246,0.667817737526819
49,260119_ARMC5mAC_TotalPhospho,E12,HCT116 OsTIRF74G ARMC5mAC Clone 5F9,Vehicle,24.0,0.0,Total Pol II F12,Goat anti-mouse Alexa647,2241,768.87860104419,77.60385602149631,1.0453984514200556
50,260119_ARMC5mAC_TotalPhospho,E13,HCT116 OsTIRF74G ARMC5mAC Clone 5A1,10 µM 5PhIAA,24.0,24.0,pSer2 Pol II 3E10,Goat anti-rat Alexa647,1992,699.5080408282081,8.233295805514445,0.11091039964282026
51,260119_ARMC5mAC_TotalPhospho,E14,HCT116 OsTIRF74G ARMC5mAC Clone 5F9,10 µM 5PhIAA,24.0,24.0,pSer2 Pol II 3E10,Goat anti-rat Alexa647,3057,699.3256910815459,8.050946058852219,0.10845397347342056
52,260119_ARMC5mAC_TotalPhospho,E15,HCT116 OsTIRF74G ARMC5mAC Clone 5A1,Vehicle,24.0,0.0,pSer2 Pol II 3E10,Goat anti-rat Alexa647,3011,774.0241318396426,82.74938681694891,1.1147136916809304
53,260119_ARMC5mAC_TotalPhospho,E16,HCT116 OsTIRF74G ARMC5mAC Clone 5F9,Vehicle,24.0,0.0,pSer2 Pol II 3E10,Goat anti-rat Alexa647,2906,757.7397421365079,66.4649971138142,0.8953473270345377
54,260119_ARMC5mAC_TotalPhospho,E17,HCT116 OsTIRF74G ARMC5mAC Clone 5A1,10 µM 5PhIAA,24.0,24.0,pSer2 Pol II 3E10,Goat anti-rat Alexa647,2494,687.488502346012,-3.7862426766816952,-0.0510043241898594
55,260119_ARMC5mAC_TotalPhospho,E18,HCT116 OsTIRF74G ARMC5mAC Clone 5F9,10 µM 5PhIAA,24.0,24.0,pSer2 Pol II 3E10,Goat anti-rat Alexa647,2376,692.075832610301,0.8010875876072987,0.010791418963827293
56,260119_ARMC5mAC_TotalPhospho,E19,HCT116 OsTIRF74G ARMC5mAC Clone 5A1,Vehicle,24.0,0.0,pSer2 Pol II 3E10,Goat anti-rat Alexa647,2777,741.1350585844057,49.86031356171202,0.6716662967146091
57,260119_ARMC5mAC_TotalPhospho,E20,HCT116 OsTIRF74G ARMC5mAC Clone 5F9,Vehicle,24.0,0.0,pSer2 Pol II 3E10,Goat anti-rat Alexa647,1674,740.401794121719,49.127049099025385,0.6617885203633717
58,260119_ARMC5mAC_TotalPhospho,E21,HCT116 OsTIRF74G ARMC5mAC Clone 5A1,10 µM 5PhIAA,24.0,24.0,pSer2 Pol II 3E10,Goat anti-rat Alexa647,2329,683.3626351008214,-7.912109921872229,-0.10658371740573469
59,260119_ARMC5mAC_TotalPhospho,E22,HCT116 OsTIRF74G ARMC5mAC Clone 5F9,10 µM 5PhIAA,24.0,24.0,pSer2 Pol II 3E10,Goat anti-rat Alexa647,3385,682.9823746578354,-8.292370364858243,-0.11170619067721452
60,260119_ARMC5mAC_TotalPhospho,F03,HCT116 OsTIRF74G ARMC5mAC Clone 5A1,Vehicle,8.0,0.0,Total Pol II F12,Goat anti-mouse Alexa647,3011,788.5601671622402,97.28542213954654,1.3105280441510125
61,260119_ARMC5mAC_TotalPhospho,F04,HCT116 OsTIRF74G ARMC5mAC Clone 5F9,Vehicle,8.0,0.0,Total Pol II F12,Goat anti-mouse Alexa647,2044,802.930326157131,111.6555811344374,1.5041078832218655
62,260119_ARMC5mAC_TotalPhospho,F05,HCT116 OsTIRF74G ARMC5mAC Clone 5A1,10 µM 5PhIAA,8.0,8.0,Total Pol II F12,Goat anti-mouse Alexa647,2525,701.69840107271,10.423656050016348,0.140416655195638
63,260119_ARMC5mAC_TotalPhospho,F06,HCT116 OsTIRF74G ARMC5mAC Clone 5F9,10 µM 5PhIAA,8.0,8.0,Total Pol II F12,Goat anti-mouse Alexa647,1920,710.8565090486047,19.58176402591107,0.2637851627255478
64,260119_ARMC5mAC_TotalPhospho,F07,HCT116 OsTIRF74G ARMC5mAC Clone 5A1,Vehicle,8.0,0.0,Total Pol II F12,Goat anti-mouse Alexa647,2531,798.8466280654818,107.57188304278816,1.449096548992615
65,260119_ARMC5mAC_TotalPhospho,F08,HCT116 OsTIRF74G ARMC5mAC Clone 5F9,Vehicle,8.0,0.0,Total Pol II F12,Goat anti-mouse Alexa647,3169,803.788475969297,112.51373094660335,1.5156679851384016
66,260119_ARMC5mAC_TotalPhospho,F09,HCT116 OsTIRF74G ARMC5mAC Clone 5A1,10 µM 5PhIAA,8.0,8.0,Total Pol II F12,Goat anti-mouse Alexa647,2880,703.6872996576907,12.412554634997036,0.16720902876267332
67,260119_ARMC5mAC_TotalPhospho,F10,HCT116 OsTIRF74G ARMC5mAC Clone 5F9,10 µM 5PhIAA,8.0,8.0,Total Pol II F12,Goat anti-mouse Alexa647,2482,701.7429955711227,10.468250548429069,0.14101738590635937
68,260119_ARMC5mAC_TotalPhospho,F11,HCT116 OsTIRF74G ARMC5mAC Clone 5A1,Vehicle,8.0,0.0,Total Pol II F12,Goat anti-mouse Alexa647,2589,748.2859255112846,57.01118048859098,0.7679953400755399
69,260119_ARMC5mAC_TotalPhospho,F12,HCT116 OsTIRF74G ARMC5mAC Clone 5F9,Vehicle,8.0,0.0,Total Pol II F12,Goat anti-mouse Alexa647,2571,761.0159056416669,69.74116061897325,0.9394803950349664
70,260119_ARMC5mAC_TotalPhospho,F13,HCT116 OsTIRF74G ARMC5mAC Clone 5A1,10 µM 5PhIAA,8.0,8.0,pSer2 Pol II 3E10,Goat anti-rat Alexa647,2751,691.0551264128643,-0.21961860982935377,-0.002958473539704465
71,260119_ARMC5mAC_TotalPhospho,F14,HCT116 OsTIRF74G ARMC5mAC Clone 5F9,10 µM 5PhIAA,8.0,8.0,pSer2 Pol II 3E10,Goat anti-rat Alexa647,2748,695.7734665690717,4.4987215463780785,0.06060209864637344
72,260119_ARMC5mAC_TotalPhospho,F15,HCT116 OsTIRF74G ARMC5mAC Clone 5A1,Vehicle,8.0,0.0,pSer2 Pol II 3E10,Goat anti-rat Alexa647,3044,784.2996104331473,93.02486541045369,1.2531342542657882
73,260119_ARMC5mAC_TotalPhospho,F16,HCT116 OsTIRF74G ARMC5mAC Clone 5F9,Vehicle,8.0,0.0,pSer2 Pol II 3E10,Goat anti-rat Alexa647,3313,795.4905525932368,104.21580757054312,1.4038869900686106
74,260119_ARMC5mAC_TotalPhospho,F17,HCT116 OsTIRF74G ARMC5mAC Clone 5A1,10 µM 5PhIAA,8.0,8.0,pSer2 Pol II 3E10,Goat anti-rat Alexa647,3108,690.0181385050261,-1.256606517667592,-0.01692769631511824
75,260119_ARMC5mAC_TotalPhospho,F18,HCT116 OsTIRF74G ARMC5mAC Clone 5F9,10 µM 5PhIAA,8.0,8.0,pSer2 Pol II 3E10,Goat anti-rat Alexa647,2483,690.4855048850317,-0.7892401376619773,-0.010631822437815946
76,260119_ARMC5mAC_TotalPhospho,F19,HCT116 OsTIRF74G ARMC5mAC Clone 5A1,Vehicle,8.0,0.0,pSer2 Pol II 3E10,Goat anti-rat Alexa647,2528,777.7281971506093,86.45345212791563,1.1646110078525744
77,260119_ARMC5mAC_TotalPhospho,F20,HCT116 OsTIRF74G ARMC5mAC Clone 5F9,Vehicle,8.0,0.0,pSer2 Pol II 3E10,Goat anti-rat Alexa647,2786,726.6390714543135,35.364326431619816,0.4763914318495725
78,260119_ARMC5mAC_TotalPhospho,F21,HCT116 OsTIRF74G ARMC5mAC Clone 5A1,10 µM 5PhIAA,8.0,8.0,pSer2 Pol II 3E10,Goat anti-rat Alexa647,2572,683.5015731542845,-7.773171868409122,-0.10471208842516681
79,260119_ARMC5mAC_TotalPhospho,F22,HCT116 OsTIRF74G ARMC5mAC Clone 5F9,10 µM 5PhIAA,8.0,8.0,pSer2 Pol II 3E10,Goat anti-rat Alexa647,3141,682.4983455038923,-8.776399518801327,-0.11822652811810272
80,260119_ARMC5mAC_TotalPhospho,G03,HCT116 OsTIRF74G ARMC5mAC Clone 5A1,Vehicle,2.0,0.0,Total Pol II F12,Goat anti-mouse Alexa647,2872,786.6122814028843,95.33753638019061,1.2842881527233263
81,260119_ARMC5mAC_TotalPhospho,G04,HCT116 OsTIRF74G ARMC5mAC Clone 5F9,Vehicle,2.0,0.0,Total Pol II F12,Goat anti-mouse Alexa647,1822,727.4742683499477,36.19952332725404,0.48764233594234085
82,260119_ARMC5mAC_TotalPhospho,G05,HCT116 OsTIRF74G ARMC5mAC Clone 5A1,10 µM 5PhIAA,2.0,2.0,Total Pol II F12,Goat anti-mouse Alexa647,2110,708.2234551855895,16.94871016289585,0.22831539908211185
83,260119_ARMC5mAC_TotalPhospho,G06,HCT116 OsTIRF74G ARMC5mAC Clone 5F9,10 µM 5PhIAA,2.0,2.0,Total Pol II F12,Goat anti-mouse Alexa647,2123,712.2416975389365,20.966952516242827,0.2824449816695521
84,260119_ARMC5mAC_TotalPhospho,G07,HCT116 OsTIRF74G ARMC5mAC Clone 5A1,Vehicle,2.0,0.0,Total Pol II F12,Goat anti-mouse Alexa647,2538,792.2343353639623,100.95959034126861,1.360022617555627
85,260119_ARMC5mAC_TotalPhospho,G08,HCT116 OsTIRF74G ARMC5mAC Clone 5F9,Vehicle,2.0,0.0,Total Pol II F12,Goat anti-mouse Alexa647,2718,801.1921171478461,109.9173721251525,1.4806925389373304
86,260119_ARMC5mAC_TotalPhospho,G09,HCT116 OsTIRF74G ARMC5mAC Clone 5A1,10 µM 5PhIAA,2.0,2.0,Total Pol II F12,Goat anti-mouse Alexa647,3147,706.9023169050469,15.627571882353209,0.21051839796133684
87,260119_ARMC5mAC_TotalPhospho,G10,HCT116 OsTIRF74G ARMC5mAC Clone 5F9,10 µM 5PhIAA,2.0,2.0,Total Pol II F12,Goat anti-mouse Alexa647,2945,710.7948257170041,19.520080694310423,0.26295422902405896
88,260119_ARMC5mAC_TotalPhospho,G11,HCT116 OsTIRF74G ARMC5mAC Clone 5A1,Vehicle,2.0,0.0,Total Pol II F12,Goat anti-mouse Alexa647,3511,784.9983139340526,93.72356891135894,1.2625464612783597
89,260119_ARMC5mAC_TotalPhospho,G12,HCT116 OsTIRF74G ARMC5mAC Clone 5F9,Vehicle,2.0,0.0,Total Pol II F12,Goat anti-mouse Alexa647,3174,794.6486239192221,103.37387889652848,1.3925454024575872
90,260119_ARMC5mAC_TotalPhospho,G13,HCT116 OsTIRF74G ARMC5mAC Clone 5A1,10 µM 5PhIAA,2.0,2.0,pSer2 Pol II 3E10,Goat anti-rat Alexa647,3246,693.461936712648,2.187191689954375,0.0294635720807966
91,260119_ARMC5mAC_TotalPhospho,G14,HCT116 OsTIRF74G ARMC5mAC Clone 5F9,10 µM 5PhIAA,2.0,2.0,pSer2 Pol II 3E10,Goat anti-rat Alexa647,3210,697.762998169655,6.48825314696137,0.0874029995413614
92,260119_ARMC5mAC_TotalPhospho,G15,HCT116 OsTIRF74G ARMC5mAC Clone 5A1,Vehicle,2.0,0.0,pSer2 Pol II 3E10,Goat anti-rat Alexa647,3051,783.7928463850441,92.51810136235042,1.2463076559718096
93,260119_ARMC5mAC_TotalPhospho,G16,HCT116 OsTIRF74G ARMC5mAC Clone 5F9,Vehicle,2.0,0.0,pSer2 Pol II 3E10,Goat anti-rat Alexa647,2794,795.7147881912033,104.44004316850965,1.4069076588714924
94,260119_ARMC5mAC_TotalPhospho,G17,HCT116 OsTIRF74G ARMC5mAC Clone 5A1,10 µM 5PhIAA,2.0,2.0,pSer2 Pol II 3E10,Goat anti-rat Alexa647,3300,692.6704814498125,1.3957364271188908,0.018801909780056265
95,260119_ARMC5mAC_TotalPhospho,G18,HCT116 OsTIRF74G ARMC5mAC Clone 5F9,10 µM 5PhIAA,2.0,2.0,pSer2 Pol II 3E10,Goat anti-rat Alexa647,2525,692.289086351995,1.0143413293013737,0.013664151618565034
96,260119_ARMC5mAC_TotalPhospho,G19,HCT116 OsTIRF74G ARMC5mAC Clone 5A1,Vehicle,2.0,0.0,pSer2 Pol II 3E10,Goat anti-rat Alexa647,2990,772.1787060448953,80.90396102220166,1.0898540343527556
97,260119_ARMC5mAC_TotalPhospho,G20,HCT116 OsTIRF74G ARMC5mAC Clone 5F9,Vehicle,2.0,0.0,pSer2 Pol II 3E10,Goat anti-rat Alexa647,2542,788.4143357483492,97.13959072565558,1.3085635549868688
98,260119_ARMC5mAC_TotalPhospho,G21,HCT116 OsTIRF74G ARMC5mAC Clone 5A1,10 µM 5PhIAA,2.0,2.0,pSer2 Pol II 3E10,Goat anti-rat Alexa647,2322,684.0992661059685,-7.175478916725183,-0.09666059049519289
99,260119_ARMC5mAC_TotalPhospho,G22,HCT116 OsTIRF74G ARMC5mAC Clone 5F9,10 µM 5PhIAA,2.0,2.0,pSer2 Pol II 3E10,Goat anti-rat Alexa647,2530,682.8457530906293,-8.428991932064378,-0.11354661436374257
100,260119_ARMC5mAC_TotalPhospho,H03,HCT116 OsTIRF74G ARMC5mAC Clone 5A1,Vehicle,0.5,0.0,Total Pol II F12,Goat anti-mouse Alexa647,3565,782.0589297258866,90.78418470319298,1.222950133764762
101,260119_ARMC5mAC_TotalPhospho,H04,HCT116 OsTIRF74G ARMC5mAC Clone 5F9,Vehicle,0.5,0.0,Total Pol II F12,Goat anti-mouse Alexa647,1550,800.4919634243033,109.21721840160967,1.4712607960334094
104,260119_ARMC5mAC_TotalPhospho,H07,HCT116 OsTIRF74G ARMC5mAC Clone 5A1,Vehicle,0.5,0.0,Total Pol II F12,Goat anti-mouse Alexa647,3621,782.3732874884056,91.09854246571194,1.2271848346543437
105,260119_ARMC5mAC_TotalPhospho,H08,HCT116 OsTIRF74G ARMC5mAC Clone 5F9,Vehicle,0.5,0.0,Total Pol II F12,Goat anti-mouse Alexa647,2784,807.0671154148752,115.79237039218151,1.559834406433533
108,260119_ARMC5mAC_TotalPhospho,H11,HCT116 OsTIRF74G ARMC5mAC Clone 5A1,Vehicle,0.5,0.0,Total Pol II F12,Goat anti-mouse Alexa647,3445,779.9534466257198,88.67870160302618,1.1945872548403464
109,260119_ARMC5mAC_TotalPhospho,H12,HCT116 OsTIRF74G ARMC5mAC Clone 5F9,Vehicle,0.5,0.0,Total Pol II F12,Goat anti-mouse Alexa647,3555,796.363090006559,105.08834498386534,1.4156409067868785
112,260119_ARMC5mAC_TotalPhospho,H15,HCT116 OsTIRF74G ARMC5mAC Clone 5A1,Vehicle,0.5,0.0,pSer2 Pol II 3E10,Goat anti-rat Alexa647,3088,731.7927127405984,40.51796771790475,0.5458159282091911
113,260119_ARMC5mAC_TotalPhospho,H16,HCT116 OsTIRF74G ARMC5mAC Clone 5F9,Vehicle,0.5,0.0,pSer2 Pol II 3E10,Goat anti-rat Alexa647,3424,794.503679995576,103.22893497288237,1.3905928686391593
116,260119_ARMC5mAC_TotalPhospho,H19,HCT116 OsTIRF74G ARMC5mAC Clone 5A1,Vehicle,0.5,0.0,pSer2 Pol II 3E10,Goat anti-rat Alexa647,2786,753.2072972194974,61.93255219680373,0.8342909422064826
117,260119_ARMC5mAC_TotalPhospho,H20,HCT116 OsTIRF74G ARMC5mAC Clone 5F9,Vehicle,0.5,0.0,pSer2 Pol II 3E10,Goat anti-rat Alexa647,1852,790.1928525749113,98.91810755221763,1.3325218842714015
120,260119_ARMC5mAC_TotalPhospho,I03,HCT116 OsTIRF74G ARMC5mAC Clone 5A1,10 µM 5PhIAA,48.0,48.0,Total Pol II F12,Goat anti-mouse Alexa647,2855,689.2110355231353,-2.0637094995583993,-0.027800148415583988
121,260119_ARMC5mAC_TotalPhospho,I04,HCT116 OsTIRF74G ARMC5mAC Clone 5F9,10 µM 5PhIAA,48.0,48.0,Total Pol II F12,Goat anti-mouse Alexa647,2304,694.4338993822128,3.159154359519107,0.042556842463129366
122,260119_ARMC5mAC_TotalPhospho,I05,HCT116 OsTIRF74G ARMC5mAC Clone 5A1,Vehicle,48.0,0.0,Total Pol II F12,Goat anti-mouse Alexa647,2574,721.2789102041653,30.00416518147165,0.4041849132879883
123,260119_ARMC5mAC_TotalPhospho,I06,HCT116 OsTIRF74G ARMC5mAC Clone 5F9,Vehicle,48.0,0.0,Total Pol II F12,Goat anti-mouse Alexa647,2343,723.0492652371322,31.774520214438553,0.42803329537630425
124,260119_ARMC5mAC_TotalPhospho,I07,HCT116 OsTIRF74G ARMC5mAC Clone 5A1,10 µM 5PhIAA,48.0,48.0,Total Pol II F12,Goat anti-mouse Alexa647,3568,699.9907384837579,8.715993461064272,0.11741280052192224
125,260119_ARMC5mAC_TotalPhospho,I08,HCT116 OsTIRF74G ARMC5mAC Clone 5F9,10 µM 5PhIAA,48.0,48.0,Total Pol II F12,Goat anti-mouse Alexa647,2598,703.4352898083271,12.16054478563342,0.1638142141262157
126,260119_ARMC5mAC_TotalPhospho,I09,HCT116 OsTIRF74G ARMC5mAC Clone 5A1,Vehicle,48.0,0.0,Total Pol II F12,Goat anti-mouse Alexa647,3158,735.6621362609249,44.3873912382312,0.5979407782284623
127,260119_ARMC5mAC_TotalPhospho,I10,HCT116 OsTIRF74G ARMC5mAC Clone 5F9,Vehicle,48.0,0.0,Total Pol II F12,Goat anti-mouse Alexa647,3204,726.8223674846872,35.54762246199357,0.4788606053691343
128,260119_ARMC5mAC_TotalPhospho,I11,HCT116 OsTIRF74G ARMC5mAC Clone 5A1,10 µM 5PhIAA,48.0,48.0,Total Pol II F12,Goat anti-mouse Alexa647,3272,700.0586566498998,8.78391162720618,0.11832772343101548
129,260119_ARMC5mAC_TotalPhospho,I12,HCT116 OsTIRF74G ARMC5mAC Clone 5F9,10 µM 5PhIAA,48.0,48.0,Total Pol II F12,Goat anti-mouse Alexa647,3405,694.2686191352351,2.993874112541448,0.040330358843643915
130,260119_ARMC5mAC_TotalPhospho,I13,HCT116 OsTIRF74G ARMC5mAC Clone 5A1,Vehicle,48.0,0.0,pSer2 Pol II 3E10,Goat anti-rat Alexa647,4130,712.9394512110888,21.664706188395144,0.2918443935768501
131,260119_ARMC5mAC_TotalPhospho,I14,HCT116 OsTIRF74G ARMC5mAC Clone 5F9,Vehicle,48.0,0.0,pSer2 Pol II 3E10,Goat anti-rat Alexa647,3397,746.0491425553535,54.774397532659805,0.7378637260273218
132,260119_ARMC5mAC_TotalPhospho,I15,HCT116 OsTIRF74G ARMC5mAC Clone 5A1,10 µM 5PhIAA,48.0,48.0,pSer2 Pol II 3E10,Goat anti-rat Alexa647,3707,700.2645613656277,8.989816342934091,0.12110145764987208
133,260119_ARMC5mAC_TotalPhospho,I16,HCT116 OsTIRF74G ARMC5mAC Clone 5F9,10 µM 5PhIAA,48.0,48.0,pSer2 Pol II 3E10,Goat anti-rat Alexa647,3147,697.1555763690701,5.880831346376453,0.07922044467560371
134,260119_ARMC5mAC_TotalPhospho,I17,HCT116 OsTIRF74G ARMC5mAC Clone 5A1,Vehicle,48.0,0.0,pSer2 Pol II 3E10,Goat anti-rat Alexa647,3454,719.4387543890593,28.16400936636569,0.37939624764551666
135,260119_ARMC5mAC_TotalPhospho,I18,HCT116 OsTIRF74G ARMC5mAC Clone 5F9,Vehicle,48.0,0.0,pSer2 Pol II 3E10,Goat anti-rat Alexa647,2493,725.6842585594857,34.40951353679202,0.4635291853991849
136,260119_ARMC5mAC_TotalPhospho,I19,HCT116 OsTIRF74G ARMC5mAC Clone 5A1,10 µM 5PhIAA,48.0,48.0,pSer2 Pol II 3E10,Goat anti-rat Alexa647,2956,688.2688183173929,-3.0059267053007943,-0.040492718840326646
137,260119_ARMC5mAC_TotalPhospho,I20,HCT116 OsTIRF74G ARMC5mAC Clone 5F9,10 µM 5PhIAA,48.0,48.0,pSer2 Pol II 3E10,Goat anti-rat Alexa647,1734,690.3134909323329,-0.9612540903607396,-0.012949015538686059
138,260119_ARMC5mAC_TotalPhospho,I21,HCT116 OsTIRF74G ARMC5mAC Clone 5A1,Vehicle,48.0,0.0,pSer2 Pol II 3E10,Goat anti-rat Alexa647,2565,746.8015934675635,55.52684844486987,0.7479999622753777
139,260119_ARMC5mAC_TotalPhospho,I22,HCT116 OsTIRF74G ARMC5mAC Clone 5F9,Vehicle,48.0,0.0,pSer2 Pol II 3E10,Goat anti-rat Alexa647,2497,790.9309573018141,99.6562122791205,1.342464863628978
140,260119_ARMC5mAC_TotalPhospho,J03,HCT116 OsTIRF74G ARMC5mAC Clone 5A1,10 µM 5PhIAA,24.0,24.0,Total Pol II F12,Goat anti-mouse Alexa647,3161,689.7169962220453,-1.557748800648369,-0.020984372006568427
141,260119_ARMC5mAC_TotalPhospho,J04,HCT116 OsTIRF74G ARMC5mAC Clone 5F9,10 µM 5PhIAA,24.0,24.0,Total Pol II F12,Goat anti-mouse Alexa647,2136,696.8960257719835,5.621280749289895,0.07572404892712081
142,260119_ARMC5mAC_TotalPhospho,J05,HCT116 OsTIRF74G ARMC5mAC Clone 5A1,Vehicle,24.0,0.0,Total Pol II F12,Goat anti-mouse Alexa647,2352,714.0688662056281,22.79412118293442,0.30705869795336066
143,260119_ARMC5mAC_TotalPhospho,J06,HCT116 OsTIRF74G ARMC5mAC Clone 5F9,Vehicle,24.0,0.0,Total Pol II F12,Goat anti-mouse Alexa647,2284,742.0796148154707,50.804869792777026,0.6843903760562464
144,260119_ARMC5mAC_TotalPhospho,J07,HCT116 OsTIRF74G ARMC5mAC Clone 5A1,10 µM 5PhIAA,24.0,24.0,Total Pol II F12,Goat anti-mouse Alexa647,3078,699.9600309870742,8.685285964380569,0.11699914105800027
145,260119_ARMC5mAC_TotalPhospho,J08,HCT116 OsTIRF74G ARMC5mAC Clone 5F9,10 µM 5PhIAA,24.0,24.0,Total Pol II F12,Goat anti-mouse Alexa647,2731,699.9142485136233,8.639503490929656,0.11638240718288835
146,260119_ARMC5mAC_TotalPhospho,J09,HCT116 OsTIRF74G ARMC5mAC Clone 5A1,Vehicle,24.0,0.0,Total Pol II F12,Goat anti-mouse Alexa647,3020,696.4597160345028,5.184971011809125,0.06984653784345066
147,260119_ARMC5mAC_TotalPhospho,J10,HCT116 OsTIRF74G ARMC5mAC Clone 5F9,Vehicle,24.0,0.0,Total Pol II F12,Goat anti-mouse Alexa647,2935,748.6000268826394,57.32528185994579,0.7722265871299683
148,260119_ARMC5mAC_TotalPhospho,J11,HCT116 OsTIRF74G ARMC5mAC Clone 5A1,10 µM 5PhIAA,24.0,24.0,Total Pol II F12,Goat anti-mouse Alexa647,2739,696.2238000354934,4.949055012799704,0.06666852282366416
149,260119_ARMC5mAC_TotalPhospho,J12,HCT116 OsTIRF74G ARMC5mAC Clone 5F9,10 µM 5PhIAA,24.0,24.0,Total Pol II F12,Goat anti-mouse Alexa647,3221,708.4897348511993,17.214989828505622,0.23190244184447148
150,260119_ARMC5mAC_TotalPhospho,J13,HCT116 OsTIRF74G ARMC5mAC Clone 5A1,Vehicle,24.0,0.0,pSer2 Pol II 3E10,Goat anti-rat Alexa647,3020,731.2227269537976,39.94798193110398,0.5381376723930379
151,260119_ARMC5mAC_TotalPhospho,J14,HCT116 OsTIRF74G ARMC5mAC Clone 5F9,Vehicle,24.0,0.0,pSer2 Pol II 3E10,Goat anti-rat Alexa647,2593,706.7235192216712,15.448774198977503,0.2081098214948958
152,260119_ARMC5mAC_TotalPhospho,J15,HCT116 OsTIRF74G ARMC5mAC Clone 5A1,10 µM 5PhIAA,24.0,24.0,pSer2 Pol II 3E10,Goat anti-rat Alexa647,3551,699.2312905022828,7.956545479589181,0.10718230703267824
153,260119_ARMC5mAC_TotalPhospho,J16,HCT116 OsTIRF74G ARMC5mAC Clone 5F9,10 µM 5PhIAA,24.0,24.0,pSer2 Pol II 3E10,Goat anti-rat Alexa647,2913,701.2618142887935,9.987069266099866,0.13453541203047456
154,260119_ARMC5mAC_TotalPhospho,J17,HCT116 OsTIRF74G ARMC5mAC Clone 5A1,Vehicle,24.0,0.0,pSer2 Pol II 3E10,Goat anti-rat Alexa647,2550,725.5361688339151,34.26142381122145,0.46153427460841423
155,260119_ARMC5mAC_TotalPhospho,J18,HCT116 OsTIRF74G ARMC5mAC Clone 5F9,Vehicle,24.0,0.0,pSer2 Pol II 3E10,Goat anti-rat Alexa647,1974,769.6522914038476,78.37754638115393,1.05582080341814
156,260119_ARMC5mAC_TotalPhospho,J19,HCT116 OsTIRF74G ARMC5mAC Clone 5A1,10 µM 5PhIAA,24.0,24.0,pSer2 Pol II 3E10,Goat anti-rat Alexa647,2716,690.3751998499287,-0.8995451727649879,-0.012117737169276976
157,260119_ARMC5mAC_TotalPhospho,J20,HCT116 OsTIRF74G ARMC5mAC Clone 5F9,10 µM 5PhIAA,24.0,24.0,pSer2 Pol II 3E10,Goat anti-rat Alexa647,1838,690.8508995606271,-0.42384546206653795,-0.00570960532635184
158,260119_ARMC5mAC_TotalPhospho,J21,HCT116 OsTIRF74G ARMC5mAC Clone 5A1,Vehicle,24.0,0.0,pSer2 Pol II 3E10,Goat anti-rat Alexa647,2443,754.8680455241447,63.59330050145104,0.8566628164261847
159,260119_ARMC5mAC_TotalPhospho,J22,HCT116 OsTIRF74G ARMC5mAC Clone 5F9,Vehicle,24.0,0.0,pSer2 Pol II 3E10,Goat anti-rat Alexa647,2214,792.9232953634549,101.64855034076129,1.369303570249015
160,260119_ARMC5mAC_TotalPhospho,K03,HCT116 OsTIRF74G ARMC5mAC Clone 5A1,10 µM 5PhIAA,8.0,8.0,Total Pol II F12,Goat anti-mouse Alexa647,2819,690.8600439757951,-0.41470104689858545,-0.005586421274091968
161,260119_ARMC5mAC_TotalPhospho,K04,HCT116 OsTIRF74G ARMC5mAC Clone 5F9,10 µM 5PhIAA,8.0,8.0,Total Pol II F12,Goat anti-mouse Alexa647,1919,699.4825519591615,8.207806936467819,0.11056704010379928
162,260119_ARMC5mAC_TotalPhospho,K05,HCT116 OsTIRF74G ARMC5mAC Clone 5A1,Vehicle,8.0,0.0,Total Pol II F12,Goat anti-mouse Alexa647,2176,792.782133646996,101.5073886243024,1.367401986392859
163,260119_ARMC5mAC_TotalPhospho,K06,HCT116 OsTIRF74G ARMC5mAC Clone 5F9,Vehicle,8.0,0.0,Total Pol II F12,Goat anti-mouse Alexa647,1937,794.1482272932801,102.87348227058646,1.3858045794537575
164,260119_ARMC5mAC_TotalPhospho,K07,HCT116 OsTIRF74G ARMC5mAC Clone 5A1,10 µM 5PhIAA,8.0,8.0,Total Pol II F12,Goat anti-mouse Alexa647,2364,696.3971097560491,5.122364733355425,0.06900317116169014
165,260119_ARMC5mAC_TotalPhospho,K08,HCT116 OsTIRF74G ARMC5mAC Clone 5F9,10 µM 5PhIAA,8.0,8.0,Total Pol II F12,Goat anti-mouse Alexa647,2289,702.0371901511526,10.762445128458921,0.14498046936827125
166,260119_ARMC5mAC_TotalPhospho,K09,HCT116 OsTIRF74G ARMC5mAC Clone 5A1,Vehicle,8.0,0.0,Total Pol II F12,Goat anti-mouse Alexa647,3046,777.9530448322961,86.67829980960244,1.1676399220108564
167,260119_ARMC5mAC_TotalPhospho,K10,HCT116 OsTIRF74G ARMC5mAC Clone 5F9,Vehicle,8.0,0.0,Total Pol II F12,Goat anti-mouse Alexa647,2223,807.5992138657542,116.32446884306057,1.5670022834575548
168,260119_ARMC5mAC_TotalPhospho,K11,HCT116 OsTIRF74G ARMC5mAC Clone 5A1,10 µM 5PhIAA,8.0,8.0,Total Pol II F12,Goat anti-mouse Alexa647,2750,697.9783947262714,6.703649703577753,0.0903045979705117
169,260119_ARMC5mAC_TotalPhospho,K12,HCT116 OsTIRF74G ARMC5mAC Clone 5F9,10 µM 5PhIAA,8.0,8.0,Total Pol II F12,Goat anti-mouse Alexa647,2217,703.6956508472074,12.420905824513738,0.16732152730380068
170,260119_ARMC5mAC_TotalPhospho,K13,HCT116 OsTIRF74G ARMC5mAC Clone 5A1,Vehicle,8.0,0.0,pSer2 Pol II 3E10,Goat anti-rat Alexa647,2395,773.4329594115181,82.15821438882449,1.1067500314639391
171,260119_ARMC5mAC_TotalPhospho,K14,HCT116 OsTIRF74G ARMC5mAC Clone 5F9,Vehicle,8.0,0.0,pSer2 Pol II 3E10,Goat anti-rat Alexa647,2267,793.3377689441605,102.06302392146688,1.3748869273350872
172,260119_ARMC5mAC_TotalPhospho,K15,HCT116 OsTIRF74G ARMC5mAC Clone 5A1,10 µM 5PhIAA,8.0,8.0,pSer2 Pol II 3E10,Goat anti-rat Alexa647,2380,699.8070348895756,8.53228986688191,0.1149381367265389
173,260119_ARMC5mAC_TotalPhospho,K16,HCT116 OsTIRF74G ARMC5mAC Clone 5F9,10 µM 5PhIAA,8.0,8.0,pSer2 Pol II 3E10,Goat anti-rat Alexa647,2328,702.3922542103944,11.117509187700762,0.14976352315858188
174,260119_ARMC5mAC_TotalPhospho,K17,HCT116 OsTIRF74G ARMC5mAC Clone 5A1,Vehicle,8.0,0.0,pSer2 Pol II 3E10,Goat anti-rat Alexa647,2338,767.71996412318,76.44521910048638,1.0297904996367528
175,260119_ARMC5mAC_TotalPhospho,K18,HCT116 OsTIRF74G ARMC5mAC Clone 5F9,Vehicle,8.0,0.0,pSer2 Pol II 3E10,Goat anti-rat Alexa647,2150,765.2383960667839,73.96365104409028,0.9963613952565356
176,260119_ARMC5mAC_TotalPhospho,K19,HCT116 OsTIRF74G ARMC5mAC Clone 5A1,10 µM 5PhIAA,8.0,8.0,pSer2 Pol II 3E10,Goat anti-rat Alexa647,2455,693.8348052801559,2.5600602574622826,0.03448646969232775
177,260119_ARMC5mAC_TotalPhospho,K20,HCT116 OsTIRF74G ARMC5mAC Clone 5F9,10 µM 5PhIAA,8.0,8.0,pSer2 Pol II 3E10,Goat anti-rat Alexa647,2101,695.4409016543086,4.166156631614967,0.05612212993459066
178,260119_ARMC5mAC_TotalPhospho,K21,HCT116 OsTIRF74G ARMC5mAC Clone 5A1,Vehicle,8.0,0.0,pSer2 Pol II 3E10,Goat anti-rat Alexa647,1985,794.0380342518993,102.76328922920561,1.384320173385264
179,260119_ARMC5mAC_TotalPhospho,K22,HCT116 OsTIRF74G ARMC5mAC Clone 5F9,Vehicle,8.0,0.0,pSer2 Pol II 3E10,Goat anti-rat Alexa647,2559,805.3660697124369,114.09132468974326,1.5369196875743165
180,260119_ARMC5mAC_TotalPhospho,L03,HCT116 OsTIRF74G ARMC5mAC Clone 5A1,10 µM 5PhIAA,2.0,2.0,Total Pol II F12,Goat anti-mouse Alexa647,2929,693.0837001594598,1.8089551367661443,0.024368362548116838
181,260119_ARMC5mAC_TotalPhospho,L04,HCT116 OsTIRF74G ARMC5mAC Clone 5F9,10 µM 5PhIAA,2.0,2.0,Total Pol II F12,Goat anti-mouse Alexa647,1774,701.8324286515193,10.557683628825657,0.14222213536786063
182,260119_ARMC5mAC_TotalPhospho,L05,HCT116 OsTIRF74G ARMC5mAC Clone 5A1,Vehicle,2.0,0.0,Total Pol II F12,Goat anti-mouse Alexa647,2255,790.2993931506418,99.02464812794813,1.333957088120695
183,260119_ARMC5mAC_TotalPhospho,L06,HCT116 OsTIRF74G ARMC5mAC Clone 5F9,Vehicle,2.0,0.0,Total Pol II F12,Goat anti-mouse Alexa647,2431,802.0796586530677,110.80491363037402,1.4926485751795577
184,260119_ARMC5mAC_TotalPhospho,L07,HCT116 OsTIRF74G ARMC5mAC Clone 5A1,10 µM 5PhIAA,2.0,2.0,Total Pol II F12,Goat anti-mouse Alexa647,2227,694.7141782752891,3.4394332525954496,0.046332468260726
185,260119_ARMC5mAC_TotalPhospho,L08,HCT116 OsTIRF74G ARMC5mAC Clone 5F9,10 µM 5PhIAA,2.0,2.0,Total Pol II F12,Goat anti-mouse Alexa647,2223,699.2645103764647,7.989765353771077,0.1076298106337429
186,260119_ARMC5mAC_TotalPhospho,L09,HCT116 OsTIRF74G ARMC5mAC Clone 5A1,Vehicle,2.0,0.0,Total Pol II F12,Goat anti-mouse Alexa647,2491,786.9128053726935,95.63806034999982,1.2883364991426862
187,260119_ARMC5mAC_TotalPhospho,L10,HCT116 OsTIRF74G ARMC5mAC Clone 5F9,Vehicle,2.0,0.0,Total Pol II F12,Goat anti-mouse Alexa647,2130,803.9328331169205,112.65808809422685,1.517612614520416
188,260119_ARMC5mAC_TotalPhospho,L11,HCT116 OsTIRF74G ARMC5mAC Clone 5A1,10 µM 5PhIAA,2.0,2.0,Total Pol II F12,Goat anti-mouse Alexa647,2441,695.4913277197238,4.216582697030162,0.05680141745197445
189,260119_ARMC5mAC_TotalPhospho,L12,HCT116 OsTIRF74G ARMC5mAC Clone 5F9,10 µM 5PhIAA,2.0,2.0,Total Pol II F12,Goat anti-mouse Alexa647,1780,704.3274381463925,13.052693123698873,0.17583230883006978
190,260119_ARMC5mAC_TotalPhospho,L13,HCT116 OsTIRF74G ARMC5mAC Clone 5A1,Vehicle,2.0,0.0,pSer2 Pol II 3E10,Goat anti-rat Alexa647,1931,799.2584000795691,107.98365505687548,1.4546435133824485
191,260119_ARMC5mAC_TotalPhospho,L14,HCT116 OsTIRF74G ARMC5mAC Clone 5F9,Vehicle,2.0,0.0,pSer2 Pol II 3E10,Goat anti-rat Alexa647,2237,807.0061183172376,115.73137329454391,1.5590127169624093
192,260119_ARMC5mAC_TotalPhospho,L15,HCT116 OsTIRF74G ARMC5mAC Clone 5A1,10 µM 5PhIAA,2.0,2.0,pSer2 Pol II 3E10,Goat anti-rat Alexa647,1967,699.5011465327992,8.226401510105575,0.1108175268641523
193,260119_ARMC5mAC_TotalPhospho,L16,HCT116 OsTIRF74G ARMC5mAC Clone 5F9,10 µM 5PhIAA,2.0,2.0,pSer2 Pol II 3E10,Goat anti-rat Alexa647,2289,697.5478378874571,6.273092864763498,0.08450458395548573
194,260119_ARMC5mAC_TotalPhospho,L17,HCT116 OsTIRF74G ARMC5mAC Clone 5A1,Vehicle,2.0,0.0,pSer2 Pol II 3E10,Goat anti-rat Alexa647,2014,800.325638273754,109.0508932510603,1.469020236559556
195,260119_ARMC5mAC_TotalPhospho,L18,HCT116 OsTIRF74G ARMC5mAC Clone 5F9,Vehicle,2.0,0.0,pSer2 Pol II 3E10,Goat anti-rat Alexa647,2075,808.7545069979651,117.47976197527146,1.5825651911952185
196,260119_ARMC5mAC_TotalPhospho,L19,HCT116 OsTIRF74G ARMC5mAC Clone 5A1,10 µM 5PhIAA,2.0,2.0,pSer2 Pol II 3E10,Goat anti-rat Alexa647,2477,697.0265764748165,5.751831452122815,0.07748269224164284
197,260119_ARMC5mAC_TotalPhospho,L20,HCT116 OsTIRF74G ARMC5mAC Clone 5F9,10 µM 5PhIAA,2.0,2.0,pSer2 Pol II 3E10,Goat anti-rat Alexa647,1888,698.2664583726481,6.991713349954466,0.09418509186954184
198,260119_ARMC5mAC_TotalPhospho,L21,HCT116 OsTIRF74G ARMC5mAC Clone 5A1,Vehicle,2.0,0.0,pSer2 Pol II 3E10,Goat anti-rat Alexa647,2306,791.2193846895858,99.94463966689216,1.346350257473842
199,260119_ARMC5mAC_TotalPhospho,L22,HCT116 OsTIRF74G ARMC5mAC Clone 5F9,Vehicle,2.0,0.0,pSer2 Pol II 3E10,Goat anti-rat Alexa647,2400,806.8343380110157,115.55959298832204,1.5566986713039168
202,260119_ARMC5mAC_TotalPhospho,M05,HCT116 OsTIRF74G ARMC5mAC Clone 5A1,Vehicle,0.5,0.0,Total Pol II F12,Goat anti-mouse Alexa647,2390,790.6175564053406,99.34281138264691,1.338243052643756
203,260119_ARMC5mAC_TotalPhospho,M06,HCT116 OsTIRF74G ARMC5mAC Clone 5F9,Vehicle,0.5,0.0,Total Pol II F12,Goat anti-mouse Alexa647,2084,802.1852693209029,110.91052429820922,1.4940712522766568
206,260119_ARMC5mAC_TotalPhospho,M09,HCT116 OsTIRF74G ARMC5mAC Clone 5A1,Vehicle,0.5,0.0,Total Pol II F12,Goat anti-mouse Alexa647,2059,790.1982641701824,98.92351914748872,1.3325947836556091
207,260119_ARMC5mAC_TotalPhospho,M10,HCT116 OsTIRF74G ARMC5mAC Clone 5F9,Vehicle,0.5,0.0,Total Pol II F12,Goat anti-mouse Alexa647,2096,806.5223364994727,115.24759147677901,1.5524957113773192
210,260119_ARMC5mAC_TotalPhospho,M13,HCT116 OsTIRF74G ARMC5mAC Clone 5A1,Vehicle,0.5,0.0,pSer2 Pol II 3E10,Goat anti-rat Alexa647,1940,790.175165544375,98.90042052168133,1.3322836229879964
211,260119_ARMC5mAC_TotalPhospho,M14,HCT116 OsTIRF74G ARMC5mAC Clone 5F9,Vehicle,0.5,0.0,pSer2 Pol II 3E10,Goat anti-rat Alexa647,1577,811.833324336476,120.55857931378239,1.6240398168503276
214,260119_ARMC5mAC_TotalPhospho,M17,HCT116 OsTIRF74G ARMC5mAC Clone 5A1,Vehicle,0.5,0.0,pSer2 Pol II 3E10,Goat anti-rat Alexa647,2238,791.8543924940079,100.57964747131427,1.3549044222977993
215,260119_ARMC5mAC_TotalPhospho,M18,HCT116 OsTIRF74G ARMC5mAC Clone 5F9,Vehicle,0.5,0.0,pSer2 Pol II 3E10,Goat anti-rat Alexa647,2033,805.9166145290277,114.64186950633405,1.544336054855627
218,260119_ARMC5mAC_TotalPhospho,M21,HCT116 OsTIRF74G ARMC5mAC Clone 5A1,Vehicle,0.5,0.0,pSer2 Pol II 3E10,Goat anti-rat Alexa647,2538,789.649123480187,98.37437845749332,1.3251973313077012
219,260119_ARMC5mAC_TotalPhospho,M22,HCT116 OsTIRF74G ARMC5mAC Clone 5F9,Vehicle,0.5,0.0,pSer2 Pol II 3E10,Goat anti-rat Alexa647,2981,804.6127184263806,113.33797340368699,1.5267713224260644
220,260119_ARMC5mAC_TotalPhospho,N03,HCT116 OsTIRF74G,Vehicle,24.0,0.0,Total Pol II F12,Goat anti-mouse Alexa647,3215,686.2218400118142,-5.052905010879499,-0.06806748200866292
221,260119_ARMC5mAC_TotalPhospho,N04,HCT116 OsTIRF74G,Vehicle,24.0,0.0,Total Pol II F12,Goat anti-mouse Alexa647,4215,688.7101746847031,-2.564570337990517,-0.03454722480736598
222,260119_ARMC5mAC_TotalPhospho,N05,HCT116 OsTIRF74G,Vehicle,24.0,0.0,Total Pol II F12,Goat anti-mouse Alexa647,4019,690.8711689388916,-0.40357608380202237,-0.0054365573396241915
223,260119_ARMC5mAC_TotalPhospho,N06,HCT116 OsTIRF74G,Vehicle,24.0,0.0,Total Pol II F12,Goat anti-mouse Alexa647,3937,692.4999510128242,1.2252059901305756,0.016504701060193316
224,260119_ARMC5mAC_TotalPhospho,N07,HCT116 OsTIRF74G,Vehicle,24.0,0.0,Total Pol II F12,Goat anti-mouse Alexa647,3286,690.2284365425242,-1.0463084801695004,-0.01409477983379952
225,260119_ARMC5mAC_TotalPhospho,N08,HCT116 OsTIRF74G,Vehicle,24.0,0.0,Total Pol II F12,Goat anti-mouse Alexa647,3508,689.2000166046341,-2.0747284180595216,-0.027948583827533183
226,260119_ARMC5mAC_TotalPhospho,N09,HCT116 OsTIRF74G,Vehicle,24.0,0.0,Total Pol II F12,Goat anti-mouse Alexa647,3934,690.0446136618424,-1.23013136085126,-0.016571050532861877
227,260119_ARMC5mAC_TotalPhospho,N10,HCT116 OsTIRF74G,Vehicle,24.0,0.0,Total Pol II F12,Goat anti-mouse Alexa647,3723,689.5458018301514,-1.7289431925422605,-0.02329052483650124
228,260119_ARMC5mAC_TotalPhospho,N11,HCT116 OsTIRF74G,Vehicle,24.0,0.0,Total Pol II F12,Goat anti-mouse Alexa647,3272,689.8092130778839,-1.4655319448097543,-0.019742122417040164
229,260119_ARMC5mAC_TotalPhospho,N12,HCT116 OsTIRF74G,Vehicle,24.0,0.0,Total Pol II F12,Goat anti-mouse Alexa647,3832,691.6444798784433,0.369734855749698,0.004980683505336199
230,260119_ARMC5mAC_TotalPhospho,N13,HCT116 OsTIRF74G,Vehicle,24.0,0.0,pSer2 Pol II 3E10,Goat anti-rat Alexa647,3985,682.4550469200183,-8.819698102675375,-0.1188098016157247
231,260119_ARMC5mAC_TotalPhospho,N14,HCT116 OsTIRF74G,Vehicle,24.0,0.0,pSer2 Pol II 3E10,Goat anti-rat Alexa647,3434,689.1313502686284,-2.143394754065298,-0.028873585303042903
232,260119_ARMC5mAC_TotalPhospho,N15,HCT116 OsTIRF74G,Vehicle,24.0,0.0,pSer2 Pol II 3E10,Goat anti-rat Alexa647,3856,692.2799694579375,1.0052244352438038,0.01354133830208622
233,260119_ARMC5mAC_TotalPhospho,N16,HCT116 OsTIRF74G,Vehicle,24.0,0.0,pSer2 Pol II 3E10,Goat anti-rat Alexa647,3496,688.3680431048806,-2.906701917813052,-0.03915606568286709
234,260119_ARMC5mAC_TotalPhospho,N17,HCT116 OsTIRF74G,Vehicle,24.0,0.0,pSer2 Pol II 3E10,Goat anti-rat Alexa647,3370,686.280040644143,-4.994704378550637,-0.06728346361025489
235,260119_ARMC5mAC_TotalPhospho,N18,HCT116 OsTIRF74G,Vehicle,24.0,0.0,pSer2 Pol II 3E10,Goat anti-rat Alexa647,2856,688.4428595569744,-2.8318854657192105,-0.03814821623865932
236,260119_ARMC5mAC_TotalPhospho,N19,HCT116 OsTIRF74G,Vehicle,24.0,0.0,pSer2 Pol II 3E10,Goat anti-rat Alexa647,3484,690.5036308689189,-0.7711141537747608,-0.010387648031315937
237,260119_ARMC5mAC_TotalPhospho,N20,HCT116 OsTIRF74G,Vehicle,24.0,0.0,pSer2 Pol II 3E10,Goat anti-rat Alexa647,3445,685.5761730197635,-5.698572002930177,-0.07676523632432289
238,260119_ARMC5mAC_TotalPhospho,N21,HCT116 OsTIRF74G,Vehicle,24.0,0.0,pSer2 Pol II 3E10,Goat anti-rat Alexa647,4523,690.2644912918175,-1.0102537308761157,-0.013609087743097196
239,260119_ARMC5mAC_TotalPhospho,N22,HCT116 OsTIRF74G,Vehicle,24.0,0.0,pSer2 Pol II 3E10,Goat anti-rat Alexa647,3769,689.9934726984175,-1.2812723242761876,-0.01725996841284119
0,260127_ARMC5mAC_PhosphoEU,C03,HCT116 OsTIRF74G,No addition,No addition,0.0,pSer5 Pol II 3E8,Goat anti-rat Alexa568,1416,177.7565858389146,-0.873427750924094,-0.03197905848920643
1,260127_ARMC5mAC_PhosphoEU,C04,HCT116 OsTIRF74G,No addition,No addition,0.0,pSer5 Pol II 3E8,Goat anti-rat Alexa568,1311,178.36882602807972,-0.26118756175895896,-0.009562934433106705
2,260127_ARMC5mAC_PhosphoEU,C05,HCT116 OsTIRF74G,No addition,No addition,0.0,pSer5 Pol II 3E8,Goat anti-rat Alexa568,1053,178.11554676977505,-0.5144668200636318,-0.018836319904152795
3,260127_ARMC5mAC_PhosphoEU,C06,HCT116 OsTIRF74G,No addition,No addition,0.0,pSer5 Pol II 3E8,Goat anti-rat Alexa568,2119,177.9237812212366,-0.7062323686020875,-0.025857486436173117
4,260127_ARMC5mAC_PhosphoEU,C07,HCT116 OsTIRF74G,No addition,No addition,0.0,pSer5 Pol II 3E8,Goat anti-rat Alexa568,1367,178.03141684956876,-0.5985967402699259,-0.02191659258397421
5,260127_ARMC5mAC_PhosphoEU,C08,HCT116 OsTIRF74G,No addition,No addition,0.0,pSer5 Pol II 3E8,Goat anti-rat Alexa568,1829,176.66394453463843,-1.9660690552002507,-0.07198424511191388
6,260127_ARMC5mAC_PhosphoEU,C09,HCT116 OsTIRF74G,No addition,No addition,0.0,pSer5 Pol II 3E8,Goat anti-rat Alexa568,1742,179.03239985450142,0.40238626466273786,0.014732682673854374
7,260127_ARMC5mAC_PhosphoEU,C10,HCT116 OsTIRF74G,No addition,No addition,0.0,pSer5 Pol II 3E8,Goat anti-rat Alexa568,1656,178.3681189365465,-0.2618946532921882,-0.009588823376381563
8,260127_ARMC5mAC_PhosphoEU,C11,HCT116 OsTIRF74G,No addition,No addition,0.0,pSer5 Pol II 3E8,Goat anti-rat Alexa568,1336,178.09888951541427,-0.5311240744244117,-0.01944619669236955
9,260127_ARMC5mAC_PhosphoEU,C12,HCT116 OsTIRF74G,No addition,No addition,0.0,pSer5 Pol II 3E8,Goat anti-rat Alexa568,1747,178.84099136919832,0.2109777793596379,0.007724589399554231
10,260127_ARMC5mAC_PhosphoEU,C13,HCT116 OsTIRF74G,No addition,No addition,0.0,pSer5 Pol II 3E8,Goat anti-rat Alexa568,1735,179.20991893514199,0.5799053453033025,0.021232239227614625
11,260127_ARMC5mAC_PhosphoEU,C14,HCT116 OsTIRF74G,No addition,No addition,0.0,pSer5 Pol II 3E8,Goat anti-rat Alexa568,1324,179.5051738186006,0.8751602287619278,0.03204249019268588
12,260127_ARMC5mAC_PhosphoEU,C15,HCT116 OsTIRF74G,No addition,No addition,0.0,pSer5 Pol II 3E8,Goat anti-rat Alexa568,1514,179.32105476137917,0.6910411715404905,0.025301286820532454
13,260127_ARMC5mAC_PhosphoEU,C16,HCT116 OsTIRF74G,No addition,No addition,0.0,pSer5 Pol II 3E8,Goat anti-rat Alexa568,1913,179.53926918325857,0.9092555934198856,0.0332908334694527
14,260127_ARMC5mAC_PhosphoEU,C17,HCT116 OsTIRF74G,No addition,No addition,0.0,pSer5 Pol II 3E8,Goat anti-rat Alexa568,1505,178.81917560544017,0.18916201560148238,0.006925842640625805
15,260127_ARMC5mAC_PhosphoEU,C18,HCT116 OsTIRF74G,No addition,No addition,0.0,pSer5 Pol II 3E8,Goat anti-rat Alexa568,1820,180.24829381566929,1.6182802258306026,0.05925055385406515
16,260127_ARMC5mAC_PhosphoEU,C19,HCT116 OsTIRF74G,No addition,No addition,0.0,pSer5 Pol II 3E8,Goat anti-rat Alexa568,1112,180.26172002731755,1.6317064374788686,0.05974213155712542
17,260127_ARMC5mAC_PhosphoEU,C20,HCT116 OsTIRF74G,No addition,No addition,0.0,pSer5 Pol II 3E8,Goat anti-rat Alexa568,1508,180.16818859264916,1.5381750028104761,0.05631763855621566
18,260127_ARMC5mAC_PhosphoEU,C21,HCT116 OsTIRF74G,No addition,No addition,0.0,pSer5 Pol II 3E8,Goat anti-rat Alexa568,1295,180.03975513314006,1.4097415433013794,0.05161526780000016
19,260127_ARMC5mAC_PhosphoEU,C22,HCT116 OsTIRF74G,No addition,No addition,0.0,pSer5 Pol II 3E8,Goat anti-rat Alexa568,1338,179.95817327369605,1.3281596838573648,0.04862828799307497
20,260127_ARMC5mAC_PhosphoEU,D03,HCT116 OsTIRF74G,No addition,No addition,0.0,pSer5 Pol II 3E8,Goat anti-rat Alexa568,1073,178.3822381386292,-0.24777545120949185,-0.009071873017584558
21,260127_ARMC5mAC_PhosphoEU,D04,HCT116 OsTIRF74G,10 µM 5PhIAA,2,2.0,pSer5 Pol II 3E8,Goat anti-rat Alexa568,1280,178.22784023905382,-0.4021733507848637,-0.014724887197529632
22,260127_ARMC5mAC_PhosphoEU,D05,HCT116 OsTIRF74G ARMC5mAC Clone 5A1,10 µM 5PhIAA,2,2.0,pSer5 Pol II 3E8,Goat anti-rat Alexa568,776,178.71851688993132,0.08850330009263985,0.0032403964805971506
23,260127_ARMC5mAC_PhosphoEU,D06,HCT116 OsTIRF74G ARMC5mAC Clone 5F9,10 µM 5PhIAA,2,2.0,pSer5 Pol II 3E8,Goat anti-rat Alexa568,1115,178.79076759487552,0.16075400503683568,0.005885732075730573
24,260127_ARMC5mAC_PhosphoEU,D07,HCT116 OsTIRF74G,Vehicle,2,0.0,pSer5 Pol II 3E8,Goat anti-rat Alexa568,1168,177.36547003374517,-1.264543556093514,-0.04629909262635504
25,260127_ARMC5mAC_PhosphoEU,D08,HCT116 OsTIRF74G ARMC5mAC Clone 5A1,Vehicle,2,0.0,pSer5 Pol II 3E8,Goat anti-rat Alexa568,1027,203.46355295573946,24.833539365900776,0.9092374349634877
26,260127_ARMC5mAC_PhosphoEU,D09,HCT116 OsTIRF74G ARMC5mAC Clone 5F9,Vehicle,2,0.0,pSer5 Pol II 3E8,Goat anti-rat Alexa568,1308,205.63149718104702,27.00148359120834,0.9886129930552675
27,260127_ARMC5mAC_PhosphoEU,D10,HCT116 OsTIRF74G,10 µM 5PhIAA,2,2.0,pSer5 Pol II 3E8,Goat anti-rat Alexa568,1446,177.44932879105897,-1.1806847987797084,-0.043228748110585906
28,260127_ARMC5mAC_PhosphoEU,D11,HCT116 OsTIRF74G ARMC5mAC Clone 5A1,10 µM 5PhIAA,2,2.0,pSer5 Pol II 3E8,Goat anti-rat Alexa568,842,179.32075305892937,0.690739469090687,0.025290240502988275
29,260127_ARMC5mAC_PhosphoEU,D12,HCT116 OsTIRF74G ARMC5mAC Clone 5F9,10 µM 5PhIAA,2,2.0,pSer5 Pol II 3E8,Goat anti-rat Alexa568,1627,180.33092224410896,1.700908654270279,0.06227585198908314
30,260127_ARMC5mAC_PhosphoEU,D13,HCT116 OsTIRF74G,Vehicle,2,0.0,pSer5 Pol II 3E8,Goat anti-rat Alexa568,1306,179.91753759968057,1.2875240098418885,0.047140482510922184
31,260127_ARMC5mAC_PhosphoEU,D14,HCT116 OsTIRF74G ARMC5mAC Clone 5A1,Vehicle,2,0.0,pSer5 Pol II 3E8,Goat anti-rat Alexa568,832,206.00280404696454,27.37279045712586,1.0022077568695125
32,260127_ARMC5mAC_PhosphoEU,D15,HCT116 OsTIRF74G ARMC5mAC Clone 5F9,Vehicle,2,0.0,pSer5 Pol II 3E8,Goat anti-rat Alexa568,1438,206.71471127728267,28.08469768744399,1.0282730186305977
33,260127_ARMC5mAC_PhosphoEU,D16,HCT116 OsTIRF74G,10 µM 5PhIAA,2,2.0,pSer5 Pol II 3E8,Goat anti-rat Alexa568,1256,179.65141059537947,1.0213970055407913,0.03739669886413754
34,260127_ARMC5mAC_PhosphoEU,D17,HCT116 OsTIRF74G ARMC5mAC Clone 5A1,10 µM 5PhIAA,2,2.0,pSer5 Pol II 3E8,Goat anti-rat Alexa568,917,181.09548630541468,2.4654727155759986,0.0902690532691804
35,260127_ARMC5mAC_PhosphoEU,D18,HCT116 OsTIRF74G ARMC5mAC Clone 5F9,10 µM 5PhIAA,2,2.0,pSer5 Pol II 3E8,Goat anti-rat Alexa568,1267,182.00103666096533,3.3710230711266433,0.12342422581142817
36,260127_ARMC5mAC_PhosphoEU,D19,HCT116 OsTIRF74G,Vehicle,2,0.0,pSer5 Pol II 3E8,Goat anti-rat Alexa568,1506,181.06594501422418,2.435931424385501,0.08918744957863119
37,260127_ARMC5mAC_PhosphoEU,D20,HCT116 OsTIRF74G ARMC5mAC Clone 5A1,Vehicle,2,0.0,pSer5 Pol II 3E8,Goat anti-rat Alexa568,1000,208.31842813679376,29.688414546955073,1.0869903598144233
38,260127_ARMC5mAC_PhosphoEU,D21,HCT116 OsTIRF74G ARMC5mAC Clone 5F9,Vehicle,2,0.0,pSer5 Pol II 3E8,Goat anti-rat Alexa568,1255,208.02418907446264,29.394175484623958,1.0762173013970089
39,260127_ARMC5mAC_PhosphoEU,D22,HCT116 OsTIRF74G,No addition,No addition,0.0,pSer5 Pol II 3E8,Goat anti-rat Alexa568,1418,180.55088112214685,1.920867532308165,0.07032926890714152
40,260127_ARMC5mAC_PhosphoEU,E03,HCT116 OsTIRF74G,No addition,No addition,0.0,pSer5 Pol II 3E8,Goat anti-rat Alexa568,1490,177.12302170968564,-1.5069918801530378,-0.055175922023527904
41,260127_ARMC5mAC_PhosphoEU,E04,HCT116 OsTIRF74G,10 µM 5PhIAA,8,8.0,pSer5 Pol II 3E8,Goat anti-rat Alexa568,1626,178.07885718248272,-0.5511564073559612,-0.020179646191558806
42,260127_ARMC5mAC_PhosphoEU,E05,HCT116 OsTIRF74G ARMC5mAC Clone 5A1,10 µM 5PhIAA,8,8.0,pSer5 Pol II 3E8,Goat anti-rat Alexa568,707,177.79297905686988,-0.8370345329688007,-0.03064658325657107
43,260127_ARMC5mAC_PhosphoEU,E06,HCT116 OsTIRF74G ARMC5mAC Clone 5F9,10 µM 5PhIAA,8,8.0,pSer5 Pol II 3E8,Goat anti-rat Alexa568,987,178.84714531430117,0.21713172446249018,0.007949905540672103
44,260127_ARMC5mAC_PhosphoEU,E07,HCT116 OsTIRF74G,Vehicle,8,0.0,pSer5 Pol II 3E8,Goat anti-rat Alexa568,1359,176.71452671716327,-1.915486872675416,-0.07013226528672284
45,260127_ARMC5mAC_PhosphoEU,E08,HCT116 OsTIRF74G ARMC5mAC Clone 5A1,Vehicle,8,0.0,pSer5 Pol II 3E8,Goat anti-rat Alexa568,692,206.8634102416623,28.233396651823625,1.0337173760764766
46,260127_ARMC5mAC_PhosphoEU,E09,HCT116 OsTIRF74G ARMC5mAC Clone 5F9,Vehicle,8,0.0,pSer5 Pol II 3E8,Goat anti-rat Alexa568,1156,206.35074961539428,27.720736025555595,1.0149471868591164
47,260127_ARMC5mAC_PhosphoEU,E10,HCT116 OsTIRF74G,10 µM 5PhIAA,8,8.0,pSer5 Pol II 3E8,Goat anti-rat Alexa568,1364,177.1952899042124,-1.4347236856262953,-0.05252994607733783
48,260127_ARMC5mAC_PhosphoEU,E11,HCT116 OsTIRF74G ARMC5mAC Clone 5A1,10 µM 5PhIAA,8,8.0,pSer5 Pol II 3E8,Goat anti-rat Alexa568,773,178.64376630545877,0.013752715620086065,0.0005035320857790976
49,260127_ARMC5mAC_PhosphoEU,E12,HCT116 OsTIRF74G ARMC5mAC Clone 5F9,10 µM 5PhIAA,8,8.0,pSer5 Pol II 3E8,Goat anti-rat Alexa568,1340,179.84116199406253,1.2111484042238487,0.04434412075504283
50,260127_ARMC5mAC_PhosphoEU,E13,HCT116 OsTIRF74G,Vehicle,8,0.0,pSer5 Pol II 3E8,Goat anti-rat Alexa568,1025,180.3337737055121,1.7037601156734183,0.06238025335587533
51,260127_ARMC5mAC_PhosphoEU,E14,HCT116 OsTIRF74G ARMC5mAC Clone 5A1,Vehicle,8,0.0,pSer5 Pol II 3E8,Goat anti-rat Alexa568,746,206.5636540511292,27.93364046129051,1.0227423174761305
52,260127_ARMC5mAC_PhosphoEU,E15,HCT116 OsTIRF74G ARMC5mAC Clone 5F9,Vehicle,8,0.0,pSer5 Pol II 3E8,Goat anti-rat Alexa568,1566,206.23091410181493,27.60090051197625,1.010559615140925
53,260127_ARMC5mAC_PhosphoEU,E16,HCT116 OsTIRF74G,10 µM 5PhIAA,8,8.0,pSer5 Pol II 3E8,Goat anti-rat Alexa568,1113,179.1520522913058,0.5220387014671246,0.01911355135005023
54,260127_ARMC5mAC_PhosphoEU,E17,HCT116 OsTIRF74G ARMC5mAC Clone 5A1,10 µM 5PhIAA,8,8.0,pSer5 Pol II 3E8,Goat anti-rat Alexa568,742,178.69018623902818,0.0601726491894965,0.002203118306975614
55,260127_ARMC5mAC_PhosphoEU,E18,HCT116 OsTIRF74G ARMC5mAC Clone 5F9,10 µM 5PhIAA,8,8.0,pSer5 Pol II 3E8,Goat anti-rat Alexa568,1595,181.25805537500577,2.6280417851670848,0.09622124081931129
56,260127_ARMC5mAC_PhosphoEU,E19,HCT116 OsTIRF74G,Vehicle,8,0.0,pSer5 Pol II 3E8,Goat anti-rat Alexa568,1629,179.81472431824426,1.1847107284055767,0.04337615061622287
57,260127_ARMC5mAC_PhosphoEU,E20,HCT116 OsTIRF74G ARMC5mAC Clone 5A1,Vehicle,8,0.0,pSer5 Pol II 3E8,Goat anti-rat Alexa568,899,209.29623570924718,30.666222119408502,1.122791106375995
58,260127_ARMC5mAC_PhosphoEU,E21,HCT116 OsTIRF74G ARMC5mAC Clone 5F9,Vehicle,8,0.0,pSer5 Pol II 3E8,Goat anti-rat Alexa568,1220,209.57406197292354,30.944048383084862,1.132963238331436
59,260127_ARMC5mAC_PhosphoEU,E22,HCT116 OsTIRF74G,No addition,No addition,0.0,pSer5 Pol II 3E8,Goat anti-rat Alexa568,1482,181.1081030677271,2.4780894778884033,0.09073099437364603
60,260127_ARMC5mAC_PhosphoEU,F03,HCT116 OsTIRF74G,No addition,No addition,0.0,pSer5 Pol II 3E8,Goat anti-rat Alexa568,1582,178.22100269762527,-0.40901089221341635,-0.014975232045211326
61,260127_ARMC5mAC_PhosphoEU,F04,HCT116 OsTIRF74G,10 µM 5PhIAA,24,24.0,pSer5 Pol II 3E8,Goat anti-rat Alexa568,1496,177.4163103432607,-1.2137032465779782,-0.0444376619242889
62,260127_ARMC5mAC_PhosphoEU,F05,HCT116 OsTIRF74G ARMC5mAC Clone 5A1,10 µM 5PhIAA,24,24.0,pSer5 Pol II 3E8,Goat anti-rat Alexa568,887,178.51763483536143,-0.11237875447724832,-0.004114555277834781
63,260127_ARMC5mAC_PhosphoEU,F06,HCT116 OsTIRF74G ARMC5mAC Clone 5F9,10 µM 5PhIAA,24,24.0,pSer5 Pol II 3E8,Goat anti-rat Alexa568,1470,179.3318973009489,0.701883711110213,0.025698267803452725
64,260127_ARMC5mAC_PhosphoEU,F07,HCT116 OsTIRF74G,Vehicle,24,0.0,pSer5 Pol II 3E8,Goat anti-rat Alexa568,1028,177.13374578845773,-1.4962678013809523,-0.05478327827946031
65,260127_ARMC5mAC_PhosphoEU,F08,HCT116 OsTIRF74G ARMC5mAC Clone 5A1,Vehicle,24,0.0,pSer5 Pol II 3E8,Goat anti-rat Alexa568,759,203.7036034327857,25.07358984294703,0.9180264713064505
66,260127_ARMC5mAC_PhosphoEU,F09,HCT116 OsTIRF74G ARMC5mAC Clone 5F9,Vehicle,24,0.0,pSer5 Pol II 3E8,Goat anti-rat Alexa568,1321,203.86785669298476,25.237843103146076,0.9240403226059893
67,260127_ARMC5mAC_PhosphoEU,F10,HCT116 OsTIRF74G,10 µM 5PhIAA,24,24.0,pSer5 Pol II 3E8,Goat anti-rat Alexa568,1318,178.28487575190843,-0.34513783793025254,-0.012636629754816426
68,260127_ARMC5mAC_PhosphoEU,F11,HCT116 OsTIRF74G ARMC5mAC Clone 5A1,10 µM 5PhIAA,24,24.0,pSer5 Pol II 3E8,Goat anti-rat Alexa568,938,178.76833801496696,0.1383244251282747,0.005064511491629236
69,260127_ARMC5mAC_PhosphoEU,F12,HCT116 OsTIRF74G ARMC5mAC Clone 5F9,10 µM 5PhIAA,24,24.0,pSer5 Pol II 3E8,Goat anti-rat Alexa568,1553,180.26213890964644,1.6321253198077557,0.05975746821488721
70,260127_ARMC5mAC_PhosphoEU,F13,HCT116 OsTIRF74G,Vehicle,24,0.0,pSer5 Pol II 3E8,Goat anti-rat Alexa568,1433,178.86585991148124,0.2358463216425548,0.00863510840626692
71,260127_ARMC5mAC_PhosphoEU,F14,HCT116 OsTIRF74G ARMC5mAC Clone 5A1,Vehicle,24,0.0,pSer5 Pol II 3E8,Goat anti-rat Alexa568,700,206.56098030264738,27.930966712808697,1.0226444227630365
72,260127_ARMC5mAC_PhosphoEU,F15,HCT116 OsTIRF74G ARMC5mAC Clone 5F9,Vehicle,24,0.0,pSer5 Pol II 3E8,Goat anti-rat Alexa568,1728,203.3128316563183,24.682818066479626,0.9037190331899483
73,260127_ARMC5mAC_PhosphoEU,F16,HCT116 OsTIRF74G,10 µM 5PhIAA,24,24.0,pSer5 Pol II 3E8,Goat anti-rat Alexa568,1482,178.86507663942024,0.2350630495815551,0.00860643024367686
74,260127_ARMC5mAC_PhosphoEU,F17,HCT116 OsTIRF74G ARMC5mAC Clone 5A1,10 µM 5PhIAA,24,24.0,pSer5 Pol II 3E8,Goat anti-rat Alexa568,743,178.68558243478105,0.05556884494237124,0.0020345579135877126
75,260127_ARMC5mAC_PhosphoEU,F18,HCT116 OsTIRF74G ARMC5mAC Clone 5F9,10 µM 5PhIAA,24,24.0,pSer5 Pol II 3E8,Goat anti-rat Alexa568,1303,180.760732352471,2.1307187626323127,0.07801261164667289
76,260127_ARMC5mAC_PhosphoEU,F19,HCT116 OsTIRF74G,Vehicle,24,0.0,pSer5 Pol II 3E8,Goat anti-rat Alexa568,1573,179.8736906291549,1.2436770393162249,0.04553510091693094
77,260127_ARMC5mAC_PhosphoEU,F20,HCT116 OsTIRF74G ARMC5mAC Clone 5A1,Vehicle,24,0.0,pSer5 Pol II 3E8,Goat anti-rat Alexa568,868,209.70640444316751,31.07639085332883,1.137808730808702
78,260127_ARMC5mAC_PhosphoEU,F21,HCT116 OsTIRF74G ARMC5mAC Clone 5F9,Vehicle,24,0.0,pSer5 Pol II 3E8,Goat anti-rat Alexa568,1171,210.46266677934514,31.83265318950646,1.1654979786671777
79,260127_ARMC5mAC_PhosphoEU,F22,HCT116 OsTIRF74G,No addition,No addition,0.0,pSer5 Pol II 3E8,Goat anti-rat Alexa568,1608,180.93132439931836,2.3013108094796735,0.08425854674336905
80,260127_ARMC5mAC_PhosphoEU,G03,HCT116 OsTIRF74G,No addition,No addition,0.0,pSer5 Pol II 3E8,Goat anti-rat Alexa568,1317,178.65674891807228,0.02673532823359892,0.0009788681713007467
81,260127_ARMC5mAC_PhosphoEU,G04,HCT116 OsTIRF74G,10 µM 5PhIAA,48,48.0,pSer5 Pol II 3E8,Goat anti-rat Alexa568,1343,178.3304150224848,-0.29959856735388257,-0.010969287498085114
82,260127_ARMC5mAC_PhosphoEU,G05,HCT116 OsTIRF74G ARMC5mAC Clone 5A1,10 µM 5PhIAA,48,48.0,pSer5 Pol II 3E8,Goat anti-rat Alexa568,1085,179.40585191007585,0.7758383202371704,0.028405988926711267
83,260127_ARMC5mAC_PhosphoEU,G06,HCT116 OsTIRF74G ARMC5mAC Clone 5F9,10 µM 5PhIAA,48,48.0,pSer5 Pol II 3E8,Goat anti-rat Alexa568,1467,179.0813009593973,0.4512873695586279,0.016523112726022925
84,260127_ARMC5mAC_PhosphoEU,G07,HCT116 OsTIRF74G,Vehicle,48,0.0,pSer5 Pol II 3E8,Goat anti-rat Alexa568,1402,177.75496761313244,-0.8750459767062466,-0.03203830704969864
85,260127_ARMC5mAC_PhosphoEU,G08,HCT116 OsTIRF74G ARMC5mAC Clone 5A1,Vehicle,48,0.0,pSer5 Pol II 3E8,Goat anti-rat Alexa568,1050,203.84222196889408,25.212208379055397,0.9231017511669858
86,260127_ARMC5mAC_PhosphoEU,G09,HCT116 OsTIRF74G ARMC5mAC Clone 5F9,Vehicle,48,0.0,pSer5 Pol II 3E8,Goat anti-rat Alexa568,1181,196.43390213645802,17.803888546619334,0.6518588315579318
87,260127_ARMC5mAC_PhosphoEU,G10,HCT116 OsTIRF74G,10 µM 5PhIAA,48,48.0,pSer5 Pol II 3E8,Goat anti-rat Alexa568,1337,175.81864487108874,-2.8113687187499465,-0.10293344194354909
88,260127_ARMC5mAC_PhosphoEU,G11,HCT116 OsTIRF74G ARMC5mAC Clone 5A1,10 µM 5PhIAA,48,48.0,pSer5 Pol II 3E8,Goat anti-rat Alexa568,829,177.46755725283728,-1.1624563370014016,-0.042561344258624484
89,260127_ARMC5mAC_PhosphoEU,G12,HCT116 OsTIRF74G ARMC5mAC Clone 5F9,10 µM 5PhIAA,48,48.0,pSer5 Pol II 3E8,Goat anti-rat Alexa568,1895,178.94544256182377,0.3154289719850851,0.011548890602146582
90,260127_ARMC5mAC_PhosphoEU,G13,HCT116 OsTIRF74G,Vehicle,48,0.0,pSer5 Pol II 3E8,Goat anti-rat Alexa568,1507,177.6219399355792,-1.0080736542594764,-0.036908887216927304
91,260127_ARMC5mAC_PhosphoEU,G14,HCT116 OsTIRF74G ARMC5mAC Clone 5A1,Vehicle,48,0.0,pSer5 Pol II 3E8,Goat anti-rat Alexa568,1002,206.4885368832333,27.858523293394626,1.0199920312582444
92,260127_ARMC5mAC_PhosphoEU,G15,HCT116 OsTIRF74G ARMC5mAC Clone 5F9,Vehicle,48,0.0,pSer5 Pol II 3E8,Goat anti-rat Alexa568,1568,193.99316953693645,15.363155947097766,0.5624955951894594
93,260127_ARMC5mAC_PhosphoEU,G16,HCT116 OsTIRF74G,10 µM 5PhIAA,48,48.0,pSer5 Pol II 3E8,Goat anti-rat Alexa568,1403,179.12232994569035,0.49231635585167055,0.018025318662381006
94,260127_ARMC5mAC_PhosphoEU,G17,HCT116 OsTIRF74G ARMC5mAC Clone 5A1,10 µM 5PhIAA,48,48.0,pSer5 Pol II 3E8,Goat anti-rat Alexa568,894,180.0986077962631,1.4685942064244273,0.05377005708195999
95,260127_ARMC5mAC_PhosphoEU,G18,HCT116 OsTIRF74G ARMC5mAC Clone 5F9,10 µM 5PhIAA,48,48.0,pSer5 Pol II 3E8,Goat anti-rat Alexa568,1534,181.9515767379399,3.3215631481012053,0.12161333559225584
96,260127_ARMC5mAC_PhosphoEU,G19,HCT116 OsTIRF74G,Vehicle,48,0.0,pSer5 Pol II 3E8,Goat anti-rat Alexa568,1284,181.07681978727697,2.446806197438292,0.0895856107352284
97,260127_ARMC5mAC_PhosphoEU,G20,HCT116 OsTIRF74G ARMC5mAC Clone 5A1,Vehicle,48,0.0,pSer5 Pol II 3E8,Goat anti-rat Alexa568,697,209.06987974026836,30.43986615042968,1.1145034709491424
98,260127_ARMC5mAC_PhosphoEU,G21,HCT116 OsTIRF74G ARMC5mAC Clone 5F9,Vehicle,48,0.0,pSer5 Pol II 3E8,Goat anti-rat Alexa568,1195,210.6951154771055,32.06510188726682,1.174008688904577
99,260127_ARMC5mAC_PhosphoEU,G22,HCT116 OsTIRF74G,No addition,No addition,0.0,pSer5 Pol II 3E8,Goat anti-rat Alexa568,1628,183.22984906808517,4.59983547824649,0.1684150837249446
100,260127_ARMC5mAC_PhosphoEU,H03,HCT116 OsTIRF74G,No addition,No addition,0.0,pSer5 Pol II 3E8,Goat anti-rat Alexa568,1408,177.85428490021434,-0.7757286896243443,-0.02840197498992478
101,260127_ARMC5mAC_PhosphoEU,H04,HCT116 OsTIRF74G,10 µM 5PhIAA,48,48.0,pSer5 Pol II 3E8,Goat anti-rat Alexa568,1446,180.52934930133094,1.899335711492256,0.0695409182318595
102,260127_ARMC5mAC_PhosphoEU,H05,HCT116 OsTIRF74G ARMC5mAC Clone 5A1,10 µM 5PhIAA,48,48.0,pSer5 Pol II 3E8,Goat anti-rat Alexa568,937,179.54794266135468,0.9179290715159993,0.0336083979881516
103,260127_ARMC5mAC_PhosphoEU,H06,HCT116 OsTIRF74G ARMC5mAC Clone 5F9,10 µM 5PhIAA,48,48.0,pSer5 Pol II 3E8,Goat anti-rat Alexa568,1722,179.8261646334372,1.196151043598519,0.04379501812793518
104,260127_ARMC5mAC_PhosphoEU,H07,HCT116 OsTIRF74G,Vehicle,48,0.0,pSer5 Pol II 3E8,Goat anti-rat Alexa568,1584,176.5959499515363,-2.0340636383023707,-0.07447375010837336
105,260127_ARMC5mAC_PhosphoEU,H08,HCT116 OsTIRF74G ARMC5mAC Clone 5A1,Vehicle,48,0.0,pSer5 Pol II 3E8,Goat anti-rat Alexa568,959,208.8679522375071,30.237938647668415,1.1071102418989436
106,260127_ARMC5mAC_PhosphoEU,H09,HCT116 OsTIRF74G ARMC5mAC Clone 5F9,Vehicle,48,0.0,pSer5 Pol II 3E8,Goat anti-rat Alexa568,1148,197.63257571033301,19.002562120494332,0.6957462078038303
107,260127_ARMC5mAC_PhosphoEU,H10,HCT116 OsTIRF74G,10 µM 5PhIAA,48,48.0,pSer5 Pol II 3E8,Goat anti-rat Alexa568,1454,175.64716171222534,-2.982851877613342,-0.10921200357775916
108,260127_ARMC5mAC_PhosphoEU,H11,HCT116 OsTIRF74G ARMC5mAC Clone 5A1,10 µM 5PhIAA,48,48.0,pSer5 Pol II 3E8,Goat anti-rat Alexa568,946,177.14853881510774,-1.4814747747309411,-0.05424165699026657
109,260127_ARMC5mAC_PhosphoEU,H12,HCT116 OsTIRF74G ARMC5mAC Clone 5F9,10 µM 5PhIAA,48,48.0,pSer5 Pol II 3E8,Goat anti-rat Alexa568,1379,178.78098044447128,0.15096685463259973,0.005527392356287743
110,260127_ARMC5mAC_PhosphoEU,H13,HCT116 OsTIRF74G,Vehicle,48,0.0,pSer5 Pol II 3E8,Goat anti-rat Alexa568,1463,178.69938163201425,0.06936804217556869,0.002539791843878607
111,260127_ARMC5mAC_PhosphoEU,H14,HCT116 OsTIRF74G ARMC5mAC Clone 5A1,Vehicle,48,0.0,pSer5 Pol II 3E8,Goat anti-rat Alexa568,1114,206.17350137048751,27.54348778064883,1.0084575464910543
112,260127_ARMC5mAC_PhosphoEU,H15,HCT116 OsTIRF74G ARMC5mAC Clone 5F9,Vehicle,48,0.0,pSer5 Pol II 3E8,Goat anti-rat Alexa568,1351,201.3159605465963,22.68594695675762,0.8306070237013051
113,260127_ARMC5mAC_PhosphoEU,H16,HCT116 OsTIRF74G,10 µM 5PhIAA,48,48.0,pSer5 Pol II 3E8,Goat anti-rat Alexa568,1736,179.3496464714755,0.7196328816368123,0.02634812322859177
114,260127_ARMC5mAC_PhosphoEU,H17,HCT116 OsTIRF74G ARMC5mAC Clone 5A1,10 µM 5PhIAA,48,48.0,pSer5 Pol II 3E8,Goat anti-rat Alexa568,1010,179.972040649395,1.3420270595563295,0.0491360181609106
115,260127_ARMC5mAC_PhosphoEU,H18,HCT116 OsTIRF74G ARMC5mAC Clone 5F9,10 µM 5PhIAA,48,48.0,pSer5 Pol II 3E8,Goat anti-rat Alexa568,1493,180.93210028455252,2.302086694713836,0.08428695444996864
116,260127_ARMC5mAC_PhosphoEU,H19,HCT116 OsTIRF74G,Vehicle,48,0.0,pSer5 Pol II 3E8,Goat anti-rat Alexa568,1489,179.63306259447148,1.0030490046327998,0.0367249182920457
117,260127_ARMC5mAC_PhosphoEU,H20,HCT116 OsTIRF74G ARMC5mAC Clone 5A1,Vehicle,48,0.0,pSer5 Pol II 3E8,Goat anti-rat Alexa568,770,209.56063209415723,30.930618504318545,1.1324715263631404
118,260127_ARMC5mAC_PhosphoEU,H21,HCT116 OsTIRF74G ARMC5mAC Clone 5F9,Vehicle,48,0.0,pSer5 Pol II 3E8,Goat anti-rat Alexa568,1295,210.08160256404187,31.45158897420319,1.1515459662466498
119,260127_ARMC5mAC_PhosphoEU,H22,HCT116 OsTIRF74G,No addition,No addition,0.0,pSer5 Pol II 3E8,Goat anti-rat Alexa568,1506,181.82284760089306,3.192834011054373,0.1169001391103141
120,260127_ARMC5mAC_PhosphoEU,I03,HCT116 OsTIRF74G,No addition,No addition,0.0,pSer5 Pol II 3E8,Goat anti-rat Alexa568,1675,177.56922272052012,-1.0607908693185664,-0.0388390375951115
121,260127_ARMC5mAC_PhosphoEU,I04,HCT116 OsTIRF74G,Vehicle,2,0.0,pSer5 Pol II 3E8,Goat anti-rat Alexa568,1249,179.32750368855838,0.6974900987196975,0.02553740322425136
122,260127_ARMC5mAC_PhosphoEU,I05,HCT116 OsTIRF74G ARMC5mAC Clone 5A1,Vehicle,2,0.0,pSer5 Pol II 3E8,Goat anti-rat Alexa568,742,207.4327133159444,28.802699726105715,1.0545614313418263
123,260127_ARMC5mAC_PhosphoEU,I06,HCT116 OsTIRF74G ARMC5mAC Clone 5F9,Vehicle,2,0.0,pSer5 Pol II 3E8,Goat anti-rat Alexa568,1097,205.27057959800817,26.640566008169486,0.9753986150078889
124,260127_ARMC5mAC_PhosphoEU,I07,HCT116 OsTIRF74G,10 µM 5PhIAA,2,2.0,pSer5 Pol II 3E8,Goat anti-rat Alexa568,1520,177.29500030073197,-1.335013289106712,-0.04887922098999305
125,260127_ARMC5mAC_PhosphoEU,I08,HCT116 OsTIRF74G ARMC5mAC Clone 5A1,10 µM 5PhIAA,2,2.0,pSer5 Pol II 3E8,Goat anti-rat Alexa568,964,178.26076911073014,-0.36924447910854497,-0.01351925305983885
126,260127_ARMC5mAC_PhosphoEU,I09,HCT116 OsTIRF74G ARMC5mAC Clone 5F9,10 µM 5PhIAA,2,2.0,pSer5 Pol II 3E8,Goat anti-rat Alexa568,1294,178.839146408164,0.20913281832531538,0.007657039316831895
127,260127_ARMC5mAC_PhosphoEU,I10,HCT116 OsTIRF74G,Vehicle,2,0.0,pSer5 Pol II 3E8,Goat anti-rat Alexa568,1257,177.36522376926527,-1.2647898205734123,-0.04630810917775055
128,260127_ARMC5mAC_PhosphoEU,I11,HCT116 OsTIRF74G ARMC5mAC Clone 5A1,Vehicle,2,0.0,pSer5 Pol II 3E8,Goat anti-rat Alexa568,832,204.76806044344627,26.13804685360759,0.9569997383765029
129,260127_ARMC5mAC_PhosphoEU,I12,HCT116 OsTIRF74G ARMC5mAC Clone 5F9,Vehicle,2,0.0,pSer5 Pol II 3E8,Goat anti-rat Alexa568,1096,205.0414404181724,26.41142682833373,0.9670090770908905
130,260127_ARMC5mAC_PhosphoEU,I13,HCT116 OsTIRF74G,10 µM 5PhIAA,2,2.0,pSer5 Pol II 3E8,Goat anti-rat Alexa568,1538,177.43123395676022,-1.198779633078459,-0.04389125942165888
131,260127_ARMC5mAC_PhosphoEU,I14,HCT116 OsTIRF74G ARMC5mAC Clone 5A1,10 µM 5PhIAA,2,2.0,pSer5 Pol II 3E8,Goat anti-rat Alexa568,1082,180.0509921113479,1.4209785215092268,0.052026690476885
132,260127_ARMC5mAC_PhosphoEU,I15,HCT116 OsTIRF74G ARMC5mAC Clone 5F9,10 µM 5PhIAA,2,2.0,pSer5 Pol II 3E8,Goat anti-rat Alexa568,1536,181.80427191785236,3.1742583280136785,0.11622002234758606
133,260127_ARMC5mAC_PhosphoEU,I16,HCT116 OsTIRF74G,Vehicle,2,0.0,pSer5 Pol II 3E8,Goat anti-rat Alexa568,1521,181.58913024965037,2.9591166598116843,0.10834297930239098
134,260127_ARMC5mAC_PhosphoEU,I17,HCT116 OsTIRF74G ARMC5mAC Clone 5A1,Vehicle,2,0.0,pSer5 Pol II 3E8,Goat anti-rat Alexa568,754,205.2205890263102,26.59057543647151,0.9735682959980487
135,260127_ARMC5mAC_PhosphoEU,I18,HCT116 OsTIRF74G ARMC5mAC Clone 5F9,Vehicle,2,0.0,pSer5 Pol II 3E8,Goat anti-rat Alexa568,1244,207.1339458876187,28.50393229778001,1.0436225745732053
136,260127_ARMC5mAC_PhosphoEU,I19,HCT116 OsTIRF74G,10 µM 5PhIAA,2,2.0,pSer5 Pol II 3E8,Goat anti-rat Alexa568,1277,178.7812610215703,0.15124743173160482,0.005537665205358914
137,260127_ARMC5mAC_PhosphoEU,I20,HCT116 OsTIRF74G ARMC5mAC Clone 5A1,10 µM 5PhIAA,2,2.0,pSer5 Pol II 3E8,Goat anti-rat Alexa568,752,181.0680497176689,2.4380361278302303,0.08926450968404943
138,260127_ARMC5mAC_PhosphoEU,I21,HCT116 OsTIRF74G ARMC5mAC Clone 5F9,10 µM 5PhIAA,2,2.0,pSer5 Pol II 3E8,Goat anti-rat Alexa568,1154,183.20956454358293,4.579550953744246,0.16767240066409989
139,260127_ARMC5mAC_PhosphoEU,I22,HCT116 OsTIRF74G,No addition,No addition,0.0,pSer5 Pol II 3E8,Goat anti-rat Alexa568,1609,183.63747607872622,5.0074624888875405,0.18333964732082167
140,260127_ARMC5mAC_PhosphoEU,J03,HCT116 OsTIRF74G,No addition,No addition,0.0,pSer5 Pol II 3E8,Goat anti-rat Alexa568,1650,177.03538205316428,-1.5946315366743988,-0.05838469767658605
141,260127_ARMC5mAC_PhosphoEU,J04,HCT116 OsTIRF74G,Vehicle,8,0.0,pSer5 Pol II 3E8,Goat anti-rat Alexa568,932,179.05426161987208,0.4242480300333966,0.015533113702895906
142,260127_ARMC5mAC_PhosphoEU,J05,HCT116 OsTIRF74G ARMC5mAC Clone 5A1,Vehicle,8,0.0,pSer5 Pol II 3E8,Goat anti-rat Alexa568,1015,209.72675630625767,31.096742716418987,1.1385538793564047
143,260127_ARMC5mAC_PhosphoEU,J06,HCT116 OsTIRF74G ARMC5mAC Clone 5F9,Vehicle,8,0.0,pSer5 Pol II 3E8,Goat anti-rat Alexa568,1272,202.48023389916762,23.850220309328932,0.8732348948674208
144,260127_ARMC5mAC_PhosphoEU,J07,HCT116 OsTIRF74G,10 µM 5PhIAA,8,8.0,pSer5 Pol II 3E8,Goat anti-rat Alexa568,1069,178.79095754408192,0.16094395424323693,0.005892686740011685
145,260127_ARMC5mAC_PhosphoEU,J08,HCT116 OsTIRF74G ARMC5mAC Clone 5A1,10 µM 5PhIAA,8,8.0,pSer5 Pol II 3E8,Goat anti-rat Alexa568,795,180.5171514972568,1.887137907418122,0.0690943165644475
146,260127_ARMC5mAC_PhosphoEU,J09,HCT116 OsTIRF74G ARMC5mAC Clone 5F9,10 µM 5PhIAA,8,8.0,pSer5 Pol II 3E8,Goat anti-rat Alexa568,1122,180.54847765112854,1.9184640612898534,0.07024126993963634
147,260127_ARMC5mAC_PhosphoEU,J10,HCT116 OsTIRF74G,Vehicle,8,0.0,pSer5 Pol II 3E8,Goat anti-rat Alexa568,1446,178.18034568662216,-0.44966790321652184,-0.01646381874455655
148,260127_ARMC5mAC_PhosphoEU,J11,HCT116 OsTIRF74G ARMC5mAC Clone 5A1,Vehicle,8,0.0,pSer5 Pol II 3E8,Goat anti-rat Alexa568,746,209.809154100636,31.17914051079731,1.141570733220984
149,260127_ARMC5mAC_PhosphoEU,J12,HCT116 OsTIRF74G ARMC5mAC Clone 5F9,Vehicle,8,0.0,pSer5 Pol II 3E8,Goat anti-rat Alexa568,1251,204.56773504476124,25.937721454922553,0.9496651676181951
150,260127_ARMC5mAC_PhosphoEU,J13,HCT116 OsTIRF74G,10 µM 5PhIAA,8,8.0,pSer5 Pol II 3E8,Goat anti-rat Alexa568,1030,178.2538392951798,-0.3761742946588811,-0.013772976366167445
151,260127_ARMC5mAC_PhosphoEU,J14,HCT116 OsTIRF74G ARMC5mAC Clone 5A1,10 µM 5PhIAA,8,8.0,pSer5 Pol II 3E8,Goat anti-rat Alexa568,894,180.84285872960768,2.2128451397690014,0.08101952803464216
152,260127_ARMC5mAC_PhosphoEU,J15,HCT116 OsTIRF74G ARMC5mAC Clone 5F9,10 µM 5PhIAA,8,8.0,pSer5 Pol II 3E8,Goat anti-rat Alexa568,1324,181.84115620915915,3.2111426193204693,0.1175704773884121
153,260127_ARMC5mAC_PhosphoEU,J16,HCT116 OsTIRF74G,Vehicle,8,0.0,pSer5 Pol II 3E8,Goat anti-rat Alexa568,1402,179.1853012711094,0.5552876812707268,0.020330905697586003
154,260127_ARMC5mAC_PhosphoEU,J17,HCT116 OsTIRF74G ARMC5mAC Clone 5A1,Vehicle,8,0.0,pSer5 Pol II 3E8,Goat anti-rat Alexa568,846,208.8223580333491,30.19234444351042,1.105440888343375
155,260127_ARMC5mAC_PhosphoEU,J18,HCT116 OsTIRF74G ARMC5mAC Clone 5F9,Vehicle,8,0.0,pSer5 Pol II 3E8,Goat anti-rat Alexa568,1308,209.03086436202827,30.400850772189585,1.1130749898167323
156,260127_ARMC5mAC_PhosphoEU,J19,HCT116 OsTIRF74G,10 µM 5PhIAA,8,8.0,pSer5 Pol II 3E8,Goat anti-rat Alexa568,1582,179.64628012858176,1.016266538743082,0.03720885562509769
157,260127_ARMC5mAC_PhosphoEU,J20,HCT116 OsTIRF74G ARMC5mAC Clone 5A1,10 µM 5PhIAA,8,8.0,pSer5 Pol II 3E8,Goat anti-rat Alexa568,774,181.91417136406966,3.2841577742309767,0.12024380200743318
158,260127_ARMC5mAC_PhosphoEU,J21,HCT116 OsTIRF74G ARMC5mAC Clone 5F9,10 µM 5PhIAA,8,8.0,pSer5 Pol II 3E8,Goat anti-rat Alexa568,1324,181.40767213400568,2.7776585441669965,0.10169920174047681
159,260127_ARMC5mAC_PhosphoEU,J22,HCT116 OsTIRF74G,No addition,No addition,0.0,pSer5 Pol II 3E8,Goat anti-rat Alexa568,1602,180.38262267362285,1.752609083784165,0.06416877450911118
160,260127_ARMC5mAC_PhosphoEU,K03,HCT116 OsTIRF74G,No addition,No addition,0.0,pSer5 Pol II 3E8,Goat anti-rat Alexa568,1800,176.90919101877893,-1.720822571059756,-0.0630049658844066
161,260127_ARMC5mAC_PhosphoEU,K04,HCT116 OsTIRF74G,Vehicle,24,0.0,pSer5 Pol II 3E8,Goat anti-rat Alexa568,1181,177.6883686377849,-0.9416449520537924,-0.034476714262781885
162,260127_ARMC5mAC_PhosphoEU,K05,HCT116 OsTIRF74G ARMC5mAC Clone 5A1,Vehicle,24,0.0,pSer5 Pol II 3E8,Goat anti-rat Alexa568,696,209.2671484747589,30.637134884920215,1.1217261271925354
163,260127_ARMC5mAC_PhosphoEU,K06,HCT116 OsTIRF74G ARMC5mAC Clone 5F9,Vehicle,24,0.0,pSer5 Pol II 3E8,Goat anti-rat Alexa568,1062,202.01278831095,23.382774721111304,0.8561201766891657
164,260127_ARMC5mAC_PhosphoEU,K07,HCT116 OsTIRF74G,10 µM 5PhIAA,24,24.0,pSer5 Pol II 3E8,Goat anti-rat Alexa568,1535,177.85846229840104,-0.7715512914376461,-0.028249026722819932
165,260127_ARMC5mAC_PhosphoEU,K08,HCT116 OsTIRF74G ARMC5mAC Clone 5A1,10 µM 5PhIAA,24,24.0,pSer5 Pol II 3E8,Goat anti-rat Alexa568,904,179.88253445844398,1.252520868605302,0.04585890255227483
166,260127_ARMC5mAC_PhosphoEU,K09,HCT116 OsTIRF74G ARMC5mAC Clone 5F9,10 µM 5PhIAA,24,24.0,pSer5 Pol II 3E8,Goat anti-rat Alexa568,1206,181.14722069990023,2.5172071100615483,0.09216321935836945
167,260127_ARMC5mAC_PhosphoEU,K10,HCT116 OsTIRF74G,Vehicle,24,0.0,pSer5 Pol II 3E8,Goat anti-rat Alexa568,1628,177.70715955402707,-0.9228540358116106,-0.03378871710567446
168,260127_ARMC5mAC_PhosphoEU,K11,HCT116 OsTIRF74G ARMC5mAC Clone 5A1,Vehicle,24,0.0,pSer5 Pol II 3E8,Goat anti-rat Alexa568,526,210.6208075739713,31.99079398413261,1.1712880325274182
169,260127_ARMC5mAC_PhosphoEU,K12,HCT116 OsTIRF74G ARMC5mAC Clone 5F9,Vehicle,24,0.0,pSer5 Pol II 3E8,Goat anti-rat Alexa568,1153,200.41924079017969,21.789227200341003,0.7977751683949742
170,260127_ARMC5mAC_PhosphoEU,K13,HCT116 OsTIRF74G,10 µM 5PhIAA,24,24.0,pSer5 Pol II 3E8,Goat anti-rat Alexa568,1643,179.26097201006917,0.6309584202304848,0.023101459970169304
171,260127_ARMC5mAC_PhosphoEU,K14,HCT116 OsTIRF74G ARMC5mAC Clone 5A1,10 µM 5PhIAA,24,24.0,pSer5 Pol II 3E8,Goat anti-rat Alexa568,692,178.6870760965867,0.057062506748025044,0.0020892457778049415
172,260127_ARMC5mAC_PhosphoEU,K15,HCT116 OsTIRF74G ARMC5mAC Clone 5F9,10 µM 5PhIAA,24,24.0,pSer5 Pol II 3E8,Goat anti-rat Alexa568,1197,180.42282772052423,1.7928141306855423,0.06564081331834311
173,260127_ARMC5mAC_PhosphoEU,K16,HCT116 OsTIRF74G,Vehicle,24,0.0,pSer5 Pol II 3E8,Goat anti-rat Alexa568,1764,179.94709144220013,1.3170778523614501,0.04822254574684975
174,260127_ARMC5mAC_PhosphoEU,K17,HCT116 OsTIRF74G ARMC5mAC Clone 5A1,Vehicle,24,0.0,pSer5 Pol II 3E8,Goat anti-rat Alexa568,818,209.7452913408046,31.11527775096593,1.139232507844278
175,260127_ARMC5mAC_PhosphoEU,K18,HCT116 OsTIRF74G ARMC5mAC Clone 5F9,Vehicle,24,0.0,pSer5 Pol II 3E8,Goat anti-rat Alexa568,1479,208.53909031026618,29.909076720427493,1.095069526688116
176,260127_ARMC5mAC_PhosphoEU,K19,HCT116 OsTIRF74G,10 µM 5PhIAA,24,24.0,pSer5 Pol II 3E8,Goat anti-rat Alexa568,1240,179.311662376047,0.6816487862083136,0.024957400746872593
177,260127_ARMC5mAC_PhosphoEU,K20,HCT116 OsTIRF74G ARMC5mAC Clone 5A1,10 µM 5PhIAA,24,24.0,pSer5 Pol II 3E8,Goat anti-rat Alexa568,909,179.88900012358812,1.258986533749436,0.04609563178786085
178,260127_ARMC5mAC_PhosphoEU,K21,HCT116 OsTIRF74G ARMC5mAC Clone 5F9,10 µM 5PhIAA,24,24.0,pSer5 Pol II 3E8,Goat anti-rat Alexa568,1166,180.84506796178943,2.2150543719507425,0.08110041528041764
179,260127_ARMC5mAC_PhosphoEU,K22,HCT116 OsTIRF74G,No addition,No addition,0.0,pSer5 Pol II 3E8,Goat anti-rat Alexa568,1632,178.9532946077653,0.3232810179266039,0.011836379791902801
180,260127_ARMC5mAC_PhosphoEU,L03,HCT116 OsTIRF74G,No addition,No addition,0.0,pSer5 Pol II 3E8,Goat anti-rat Alexa568,1503,176.30105437860558,-2.328959211233098,-0.08527084553496386
181,260127_ARMC5mAC_PhosphoEU,L04,HCT116 OsTIRF74G,10 µM 5PhIAA,48,48.0,pSer5 Pol II 3E8,Goat anti-rat Alexa568,1323,176.8331856476344,-1.7968279422042883,-0.06578777214027982
182,260127_ARMC5mAC_PhosphoEU,L05,HCT116 OsTIRF74G ARMC5mAC Clone 5A1,10 µM 5PhIAA,48,48.0,pSer5 Pol II 3E8,Goat anti-rat Alexa568,755,177.19611463450372,-1.4338989553349677,-0.05249974999277757
183,260127_ARMC5mAC_PhosphoEU,L06,HCT116 OsTIRF74G ARMC5mAC Clone 5F9,10 µM 5PhIAA,48,48.0,pSer5 Pol II 3E8,Goat anti-rat Alexa568,1217,180.10306346132782,1.4730498714891382,0.05393319361335821
184,260127_ARMC5mAC_PhosphoEU,L07,HCT116 OsTIRF74G,Vehicle,48,0.0,pSer5 Pol II 3E8,Goat anti-rat Alexa568,1139,179.76901286780875,1.138999277970072,0.04170250428937229
185,260127_ARMC5mAC_PhosphoEU,L08,HCT116 OsTIRF74G ARMC5mAC Clone 5A1,Vehicle,48,0.0,pSer5 Pol II 3E8,Goat anti-rat Alexa568,809,180.64183977286064,2.0118261830219524,0.07365956383788766
186,260127_ARMC5mAC_PhosphoEU,L09,HCT116 OsTIRF74G ARMC5mAC Clone 5F9,Vehicle,48,0.0,pSer5 Pol II 3E8,Goat anti-rat Alexa568,1301,183.98469747929516,5.354683889456481,0.19605256314671615
187,260127_ARMC5mAC_PhosphoEU,L10,HCT116 OsTIRF74G,Vehicle,48,0.0,pSer5 Pol II 3E8,Goat anti-rat Alexa568,1343,180.85063510982837,2.2206215199896917,0.08130424685385605
188,260127_ARMC5mAC_PhosphoEU,L11,HCT116 OsTIRF74G ARMC5mAC Clone 5A1,Vehicle,48,0.0,pSer5 Pol II 3E8,Goat anti-rat Alexa568,749,208.90316676468723,30.273153174848545,1.1083995613912216
189,260127_ARMC5mAC_PhosphoEU,L12,HCT116 OsTIRF74G ARMC5mAC Clone 5F9,Vehicle,48,0.0,pSer5 Pol II 3E8,Goat anti-rat Alexa568,1487,197.3070840729933,18.67707048315461,0.6838288899750553
190,260127_ARMC5mAC_PhosphoEU,L13,HCT116 OsTIRF74G,10 µM 5PhIAA,48,48.0,pSer5 Pol II 3E8,Goat anti-rat Alexa568,1126,177.18350134668967,-1.4465122431490158,-0.05296156388444735
191,260127_ARMC5mAC_PhosphoEU,L14,HCT116 OsTIRF74G ARMC5mAC Clone 5A1,10 µM 5PhIAA,48,48.0,pSer5 Pol II 3E8,Goat anti-rat Alexa568,902,180.9464062766752,2.316392686836508,0.08481074380558853
192,260127_ARMC5mAC_PhosphoEU,L15,HCT116 OsTIRF74G ARMC5mAC Clone 5F9,10 µM 5PhIAA,48,48.0,pSer5 Pol II 3E8,Goat anti-rat Alexa568,1319,179.72013478161165,1.0901211917729654,0.03991291702736465
193,260127_ARMC5mAC_PhosphoEU,L16,HCT116 OsTIRF74G,Vehicle,48,0.0,pSer5 Pol II 3E8,Goat anti-rat Alexa568,1454,179.15347667649166,0.5234630866529812,0.019165702769697104
194,260127_ARMC5mAC_PhosphoEU,L17,HCT116 OsTIRF74G ARMC5mAC Clone 5A1,Vehicle,48,0.0,pSer5 Pol II 3E8,Goat anti-rat Alexa568,832,206.89322267634083,28.263209086502144,1.0348089072206168
195,260127_ARMC5mAC_PhosphoEU,L18,HCT116 OsTIRF74G ARMC5mAC Clone 5F9,Vehicle,48,0.0,pSer5 Pol II 3E8,Goat anti-rat Alexa568,1211,196.80546749728416,18.175453907445473,0.6654630597197352
196,260127_ARMC5mAC_PhosphoEU,L19,HCT116 OsTIRF74G,10 µM 5PhIAA,48,48.0,pSer5 Pol II 3E8,Goat anti-rat Alexa568,1176,179.0642003602858,0.43418677044712695,0.01589700363044109
197,260127_ARMC5mAC_PhosphoEU,L20,HCT116 OsTIRF74G ARMC5mAC Clone 5A1,10 µM 5PhIAA,48,48.0,pSer5 Pol II 3E8,Goat anti-rat Alexa568,862,179.39193814655013,0.761924556711449,0.027896560348190297
198,260127_ARMC5mAC_PhosphoEU,L21,HCT116 OsTIRF74G ARMC5mAC Clone 5F9,10 µM 5PhIAA,48,48.0,pSer5 Pol II 3E8,Goat anti-rat Alexa568,1334,180.25117347103745,1.6211598811987642,0.05935598749451196
199,260127_ARMC5mAC_PhosphoEU,L22,HCT116 OsTIRF74G,No addition,No addition,0.0,pSer5 Pol II 3E8,Goat anti-rat Alexa568,1530,178.22052819719343,-0.4094853926452515,-0.01499260506438407
200,260127_ARMC5mAC_PhosphoEU,M03,HCT116 OsTIRF74G,No addition,No addition,0.0,pSer5 Pol II 3E8,Goat anti-rat Alexa568,1173,176.7566080923305,-1.8734054975081733,-0.06859152793740493
201,260127_ARMC5mAC_PhosphoEU,M04,HCT116 OsTIRF74G,Vehicle,48,0.0,pSer5 Pol II 3E8,Goat anti-rat Alexa568,1328,176.99845939814017,-1.6315541916985126,-0.05973655733909813
202,260127_ARMC5mAC_PhosphoEU,M05,HCT116 OsTIRF74G ARMC5mAC Clone 5A1,Vehicle,48,0.0,pSer5 Pol II 3E8,Goat anti-rat Alexa568,814,186.48832720506135,7.85831361522267,0.28771866987493117
203,260127_ARMC5mAC_PhosphoEU,M06,HCT116 OsTIRF74G ARMC5mAC Clone 5F9,Vehicle,48,0.0,pSer5 Pol II 3E8,Goat anti-rat Alexa568,951,194.02421956877936,15.394205978940676,0.5636324388303279
204,260127_ARMC5mAC_PhosphoEU,M07,HCT116 OsTIRF74G,10 µM 5PhIAA,48,48.0,pSer5 Pol II 3E8,Goat anti-rat Alexa568,1528,178.251918157355,-0.3780954324836898,-0.013843315531370732
205,260127_ARMC5mAC_PhosphoEU,M08,HCT116 OsTIRF74G ARMC5mAC Clone 5A1,10 µM 5PhIAA,48,48.0,pSer5 Pol II 3E8,Goat anti-rat Alexa568,571,178.69549834894303,0.06548475910435059,0.0023976120970898873
206,260127_ARMC5mAC_PhosphoEU,M09,HCT116 OsTIRF74G ARMC5mAC Clone 5F9,10 µM 5PhIAA,48,48.0,pSer5 Pol II 3E8,Goat anti-rat Alexa568,1394,181.68727948758786,3.0572658977491756,0.11193654524685895
207,260127_ARMC5mAC_PhosphoEU,M10,HCT116 OsTIRF74G,Vehicle,48,0.0,pSer5 Pol II 3E8,Goat anti-rat Alexa568,1411,179.83109877847707,1.2010851886383875,0.04397567338265687
208,260127_ARMC5mAC_PhosphoEU,M11,HCT116 OsTIRF74G ARMC5mAC Clone 5A1,Vehicle,48,0.0,pSer5 Pol II 3E8,Goat anti-rat Alexa568,653,208.79019029439027,30.16017670455159,1.1042631217741978
209,260127_ARMC5mAC_PhosphoEU,M12,HCT116 OsTIRF74G ARMC5mAC Clone 5F9,Vehicle,48,0.0,pSer5 Pol II 3E8,Goat anti-rat Alexa568,1239,202.79398933421018,24.1639757443715,0.8847225117858403
210,260127_ARMC5mAC_PhosphoEU,M13,HCT116 OsTIRF74G,10 µM 5PhIAA,48,48.0,pSer5 Pol II 3E8,Goat anti-rat Alexa568,1304,179.73110279416312,1.1010892043244382,0.040314491988227535
211,260127_ARMC5mAC_PhosphoEU,M14,HCT116 OsTIRF74G ARMC5mAC Clone 5A1,10 µM 5PhIAA,48,48.0,pSer5 Pol II 3E8,Goat anti-rat Alexa568,906,178.6728124147346,0.042798824895925236,0.0015670055401468949
212,260127_ARMC5mAC_PhosphoEU,M15,HCT116 OsTIRF74G ARMC5mAC Clone 5F9,10 µM 5PhIAA,48,48.0,pSer5 Pol II 3E8,Goat anti-rat Alexa568,1225,179.7602976320436,1.13028404220492,0.04138341088526858
213,260127_ARMC5mAC_PhosphoEU,M16,HCT116 OsTIRF74G,Vehicle,48,0.0,pSer5 Pol II 3E8,Goat anti-rat Alexa568,1140,178.66459813599133,0.034584546152643725,0.0012662538178663495
214,260127_ARMC5mAC_PhosphoEU,M17,HCT116 OsTIRF74G ARMC5mAC Clone 5A1,Vehicle,48,0.0,pSer5 Pol II 3E8,Goat anti-rat Alexa568,649,206.66371826880558,28.0337046789669,1.0264059971180521
215,260127_ARMC5mAC_PhosphoEU,M18,HCT116 OsTIRF74G ARMC5mAC Clone 5F9,Vehicle,48,0.0,pSer5 Pol II 3E8,Goat anti-rat Alexa568,1056,205.42561722614428,26.7956036363056,0.9810750517514514
216,260127_ARMC5mAC_PhosphoEU,M19,HCT116 OsTIRF74G,10 µM 5PhIAA,48,48.0,pSer5 Pol II 3E8,Goat anti-rat Alexa568,1223,179.0095650273206,0.379551437481922,0.01389662465619506
217,260127_ARMC5mAC_PhosphoEU,M20,HCT116 OsTIRF74G ARMC5mAC Clone 5A1,10 µM 5PhIAA,48,48.0,pSer5 Pol II 3E8,Goat anti-rat Alexa568,912,179.72399964031752,1.0939860504788328,0.04005442219762823
218,260127_ARMC5mAC_PhosphoEU,M21,HCT116 OsTIRF74G ARMC5mAC Clone 5F9,10 µM 5PhIAA,48,48.0,pSer5 Pol II 3E8,Goat anti-rat Alexa568,1528,179.75506765381212,1.1250540639734368,0.04119192420582094
219,260127_ARMC5mAC_PhosphoEU,M22,HCT116 OsTIRF74G,No addition,No addition,0.0,pSer5 Pol II 3E8,Goat anti-rat Alexa568,1556,178.26116110596504,-0.36885248387363845,-0.013504900826890785
220,260127_ARMC5mAC_PhosphoEU,N03,HCT116 OsTIRF74G,No addition,No addition,0.0,pSer5 Pol II 3E8,Goat anti-rat Alexa568,1853,175.73964775186923,-2.890365837969455,-0.10582578592200258
221,260127_ARMC5mAC_PhosphoEU,N04,HCT116 OsTIRF74G,No addition,No addition,0.0,No primary,Goat anti-rat Alexa568,1324,176.67837284986268,-1.9516407399759998,-0.07145597710580937
222,260127_ARMC5mAC_PhosphoEU,N05,HCT116 OsTIRF74G,No addition,No addition,0.0,pSer5 Pol II 3E8,Goat anti-rat Alexa568,1605,176.08369881936287,-2.546314770475817,-0.09322894640206256
223,260127_ARMC5mAC_PhosphoEU,N06,HCT116 OsTIRF74G,No addition,No addition,0.0,No primary,Goat anti-rat Alexa568,1678,177.46687496286768,-1.163138626971005,-0.04258632513520123
224,260127_ARMC5mAC_PhosphoEU,N07,HCT116 OsTIRF74G,No addition,No addition,0.0,pSer5 Pol II 3E8,Goat anti-rat Alexa568,1260,176.9239722210715,-1.7060413687671883,-0.06246377752377264
225,260127_ARMC5mAC_PhosphoEU,N08,HCT116 OsTIRF74G,No addition,No addition,0.0,No primary,Goat anti-rat Alexa568,1376,178.2191087162366,-0.41090487360207817,-0.015044576924099596
226,260127_ARMC5mAC_PhosphoEU,N09,HCT116 OsTIRF74G,No addition,No addition,0.0,pSer5 Pol II 3E8,Goat anti-rat Alexa568,1931,178.0715241034197,-0.5584894864189778,-0.020448134299492264
227,260127_ARMC5mAC_PhosphoEU,N10,HCT116 OsTIRF74G,No addition,No addition,0.0,No primary,Goat anti-rat Alexa568,1380,178.23110553004472,-0.3989080597939676,-0.014605334170422734
228,260127_ARMC5mAC_PhosphoEU,N11,HCT116 OsTIRF74G,No addition,No addition,0.0,pSer5 Pol II 3E8,Goat anti-rat Alexa568,1649,178.4173270511788,-0.21268653865988085,-0.007787152689475613
229,260127_ARMC5mAC_PhosphoEU,N12,HCT116 OsTIRF74G,No addition,No addition,0.0,No primary,Goat anti-rat Alexa568,1618,178.5147545335109,-0.11525905632777267,-0.004220012588124081
230,260127_ARMC5mAC_PhosphoEU,N13,HCT116 OsTIRF74G,No addition,No addition,0.0,pSer5 Pol II 3E8,Goat anti-rat Alexa568,1581,178.0639685195784,-0.5660450702602873,-0.020724769038113405
231,260127_ARMC5mAC_PhosphoEU,N14,HCT116 OsTIRF74G,No addition,No addition,0.0,No primary,Goat anti-rat Alexa568,1483,179.7825556336056,1.152542043766914,0.04219834942260126
232,260127_ARMC5mAC_PhosphoEU,N15,HCT116 OsTIRF74G,No addition,No addition,0.0,pSer5 Pol II 3E8,Goat anti-rat Alexa568,1724,178.8589470317858,0.22893344194710608,0.008382005177206803
233,260127_ARMC5mAC_PhosphoEU,N16,HCT116 OsTIRF74G,No addition,No addition,0.0,No primary,Goat anti-rat Alexa568,1420,177.9337176159944,-0.6962959738442862,-0.025493682390795143
234,260127_ARMC5mAC_PhosphoEU,N17,HCT116 OsTIRF74G,No addition,No addition,0.0,pSer5 Pol II 3E8,Goat anti-rat Alexa568,1331,179.19561708162715,0.5656034917884654,0.02070860140001967
235,260127_ARMC5mAC_PhosphoEU,N18,HCT116 OsTIRF74G,No addition,No addition,0.0,No primary,Goat anti-rat Alexa568,2058,177.4452122046514,-1.184801385187285,-0.04337946985873792
236,260127_ARMC5mAC_PhosphoEU,N19,HCT116 OsTIRF74G,No addition,No addition,0.0,pSer5 Pol II 3E8,Goat anti-rat Alexa568,1814,178.66441170689322,0.034398117054536215,0.001259428036310677
237,260127_ARMC5mAC_PhosphoEU,N20,HCT116 OsTIRF74G,No addition,No addition,0.0,No primary,Goat anti-rat Alexa568,1568,176.9293647432308,-1.7006488466078906,-0.06226633957729788
238,260127_ARMC5mAC_PhosphoEU,N21,HCT116 OsTIRF74G,No addition,No addition,0.0,pSer5 Pol II 3E8,Goat anti-rat Alexa568,1624,178.66337793612607,0.03336434628738516,0.0012215782933958468
239,260127_ARMC5mAC_PhosphoEU,N22,HCT116 OsTIRF74G,No addition,No addition,0.0,No primary,Goat anti-rat Alexa568,1455,177.9392117097377,-0.6908018801009916,-0.025292525575046944
