,EXPERIMENT,WELL,CELL,EU,DRUG,DRUG TIME HOURS,TIME_HOURS,TIME_IN_AUXIN_HRS,PRIMARY,SECONDARY,TotalNumberCells,EU_Intensity_BGS,EU_Intensity_FC
20,250128_ARMC5mAC_TotalPolII,D03,HCT116 OsTIRF74G,"EU 1 mM, 30 mins",No addition,No addition,No addition,0.0,Total Pol II F12,Goat anti-mouse Alexa647,4609,21.81048623857697,0.6155475112337915
21,250128_ARMC5mAC_TotalPolII,D04,HCT116 OsTIRF74G ARMC5mAC Clone 5A1,"EU 1 mM, 30 mins",Vehicle,72,72,0.0,Total Pol II F12,Goat anti-mouse Alexa647,2201,45.96507315476106,1.2972515181274729
22,250128_ARMC5mAC_TotalPolII,D05,HCT116 OsTIRF74G ARMC5mAC Clone 5F9,"EU 1 mM, 30 mins",Vehicle,72,72,0.0,Total Pol II F12,Goat anti-mouse Alexa647,2540,35.804576666532824,1.0104964106156364
23,250128_ARMC5mAC_TotalPolII,D06,HCT116 OsTIRF74G,"EU 1 mM, 30 mins",Vehicle,72,72,0.0,Total Pol II F12,Goat anti-mouse Alexa647,4446,38.035718191828096,1.0734649110921062
27,250128_ARMC5mAC_TotalPolII,D10,HCT116 OsTIRF74G ARMC5mAC Clone 5A1,"EU 1 mM, 30 mins",Vehicle,72,72,0.0,Total Pol II F12,Goat anti-mouse Alexa647,2051,43.74645180634019,1.2346363689532596
28,250128_ARMC5mAC_TotalPolII,D11,HCT116 OsTIRF74G ARMC5mAC Clone 5F9,"EU 1 mM, 30 mins",Vehicle,72,72,0.0,Total Pol II F12,Goat anti-mouse Alexa647,2010,,
29,250128_ARMC5mAC_TotalPolII,D12,HCT116 OsTIRF74G,"EU 1 mM, 30 mins",Vehicle,72,72,0.0,Total Pol II F12,Goat anti-mouse Alexa647,3987,,
33,250128_ARMC5mAC_TotalPolII,D16,HCT116 OsTIRF74G ARMC5mAC Clone 5A1,"EU 1 mM, 30 mins",Vehicle,72,72,0.0,Total Pol II F12,Goat anti-mouse Alexa647,2101,45.85573821253729,1.2941658073899611
34,250128_ARMC5mAC_TotalPolII,D17,HCT116 OsTIRF74G ARMC5mAC Clone 5F9,"EU 1 mM, 30 mins",Vehicle,72,72,0.0,Total Pol II F12,Goat anti-mouse Alexa647,2303,33.89134099993234,0.9565000237356119
35,250128_ARMC5mAC_TotalPolII,D18,HCT116 OsTIRF74G,"EU 1 mM, 30 mins",Vehicle,72,72,0.0,Total Pol II F12,Goat anti-mouse Alexa647,3435,31.031064950869165,0.8757757434887846
39,250128_ARMC5mAC_TotalPolII,D22,HCT116 OsTIRF74G,"EU 1 mM, 30 mins",No addition,No addition,No addition,0.0,Total Pol II F12,Goat anti-mouse Alexa647,4395,24.815449400875906,0.7003552305881041
40,250128_ARMC5mAC_TotalPolII,E03,HCT116 OsTIRF74G,"EU 1 mM, 30 mins",No addition,No addition,No addition,0.0,Total Pol II F12,Goat anti-mouse Alexa647,4501,26.951097768614034,0.760628670769669
41,250128_ARMC5mAC_TotalPolII,E04,HCT116 OsTIRF74G ARMC5mAC Clone 5A1,"EU 1 mM, 30 mins",Vehicle,48,48,0.0,Total Pol II F12,Goat anti-mouse Alexa647,2300,47.28326636669175,1.3344542903194125
42,250128_ARMC5mAC_TotalPolII,E05,HCT116 OsTIRF74G ARMC5mAC Clone 5F9,"EU 1 mM, 30 mins",Vehicle,48,48,0.0,Total Pol II F12,Goat anti-mouse Alexa647,2599,40.42358560111455,1.1408566154706536
43,250128_ARMC5mAC_TotalPolII,E06,HCT116 OsTIRF74G,"EU 1 mM, 30 mins",Vehicle,48,48,0.0,Total Pol II F12,Goat anti-mouse Alexa647,4028,38.5087864236576,1.086816102329254
44,250128_ARMC5mAC_TotalPolII,E07,HCT116 OsTIRF74G ARMC5mAC Clone 5A1,"EU 1 mM, 30 mins",10 µM 5PhIAA,48,48,48.0,Total Pol II F12,Goat anti-mouse Alexa647,1937,44.87920048458733,1.266605423752007
45,250128_ARMC5mAC_TotalPolII,E08,HCT116 OsTIRF74G ARMC5mAC Clone 5F9,"EU 1 mM, 30 mins",10 µM 5PhIAA,48,48,48.0,Total Pol II F12,Goat anti-mouse Alexa647,1995,39.0637961098341,1.1024798902567479
46,250128_ARMC5mAC_TotalPolII,E09,HCT116 OsTIRF74G,"EU 1 mM, 30 mins",10 µM 5PhIAA,48,48,48.0,Total Pol II F12,Goat anti-mouse Alexa647,3473,31.859873661076477,0.8991668377210004
47,250128_ARMC5mAC_TotalPolII,E10,HCT116 OsTIRF74G ARMC5mAC Clone 5A1,"EU 1 mM, 30 mins",Vehicle,48,48,0.0,Total Pol II F12,Goat anti-mouse Alexa647,1814,49.643634545203184,1.401069896316693
48,250128_ARMC5mAC_TotalPolII,E11,HCT116 OsTIRF74G ARMC5mAC Clone 5F9,"EU 1 mM, 30 mins",Vehicle,48,48,0.0,Total Pol II F12,Goat anti-mouse Alexa647,2640,35.561051591543674,1.0036235123137427
49,250128_ARMC5mAC_TotalPolII,E12,HCT116 OsTIRF74G,"EU 1 mM, 30 mins",Vehicle,48,48,0.0,Total Pol II F12,Goat anti-mouse Alexa647,3764,36.31730700669473,1.024966967638913
50,250128_ARMC5mAC_TotalPolII,E13,HCT116 OsTIRF74G ARMC5mAC Clone 5A1,"EU 1 mM, 30 mins",10 µM 5PhIAA,48,48,48.0,Total Pol II F12,Goat anti-mouse Alexa647,1782,37.400523995509786,1.0555381119177567
51,250128_ARMC5mAC_TotalPolII,E14,HCT116 OsTIRF74G ARMC5mAC Clone 5F9,"EU 1 mM, 30 mins",10 µM 5PhIAA,48,48,48.0,Total Pol II F12,Goat anti-mouse Alexa647,2562,33.88019867778118,0.9561855590054593
52,250128_ARMC5mAC_TotalPolII,E15,HCT116 OsTIRF74G,"EU 1 mM, 30 mins",10 µM 5PhIAA,48,48,48.0,Total Pol II F12,Goat anti-mouse Alexa647,3880,29.50488004777796,0.8327029156524772
53,250128_ARMC5mAC_TotalPolII,E16,HCT116 OsTIRF74G ARMC5mAC Clone 5A1,"EU 1 mM, 30 mins",Vehicle,48,48,0.0,Total Pol II F12,Goat anti-mouse Alexa647,2242,46.19959872410297,1.3038704274424686
54,250128_ARMC5mAC_TotalPolII,E17,HCT116 OsTIRF74G ARMC5mAC Clone 5F9,"EU 1 mM, 30 mins",Vehicle,48,48,0.0,Total Pol II F12,Goat anti-mouse Alexa647,2523,40.4669543754905,1.1420805928199143
55,250128_ARMC5mAC_TotalPolII,E18,HCT116 OsTIRF74G,"EU 1 mM, 30 mins",Vehicle,48,48,0.0,Total Pol II F12,Goat anti-mouse Alexa647,4333,31.308485080523553,0.8836052466235141
56,250128_ARMC5mAC_TotalPolII,E19,HCT116 OsTIRF74G ARMC5mAC Clone 5A1,"EU 1 mM, 30 mins",10 µM 5PhIAA,48,48,48.0,Total Pol II F12,Goat anti-mouse Alexa647,2306,43.709530766376076,1.233594363102795
57,250128_ARMC5mAC_TotalPolII,E20,HCT116 OsTIRF74G ARMC5mAC Clone 5F9,"EU 1 mM, 30 mins",10 µM 5PhIAA,48,48,48.0,Total Pol II F12,Goat anti-mouse Alexa647,2447,36.2061493355294,1.0218298148449814
58,250128_ARMC5mAC_TotalPolII,E21,HCT116 OsTIRF74G,"EU 1 mM, 30 mins",10 µM 5PhIAA,48,48,48.0,Total Pol II F12,Goat anti-mouse Alexa647,4143,29.401132439766286,0.8297748937271755
59,250128_ARMC5mAC_TotalPolII,E22,HCT116 OsTIRF74G,"EU 1 mM, 30 mins",No addition,No addition,No addition,0.0,Total Pol II F12,Goat anti-mouse Alexa647,4837,26.08570956827066,0.736205210093663
60,250128_ARMC5mAC_TotalPolII,F03,HCT116 OsTIRF74G,"EU 1 mM, 30 mins",No addition,No addition,No addition,0.0,Total Pol II F12,Goat anti-mouse Alexa647,3909,24.17759522005565,0.6823533598714614
61,250128_ARMC5mAC_TotalPolII,F04,HCT116 OsTIRF74G ARMC5mAC Clone 5A1,"EU 1 mM, 30 mins",Vehicle,24,24,0.0,Total Pol II F12,Goat anti-mouse Alexa647,1404,49.61785317596909,1.4003422803665186
62,250128_ARMC5mAC_TotalPolII,F05,HCT116 OsTIRF74G ARMC5mAC Clone 5F9,"EU 1 mM, 30 mins",Vehicle,24,24,0.0,Total Pol II F12,Goat anti-mouse Alexa647,2253,65.64412005291163,1.852644378658215
63,250128_ARMC5mAC_TotalPolII,F06,HCT116 OsTIRF74G,"EU 1 mM, 30 mins",Vehicle,24,24,0.0,Total Pol II F12,Goat anti-mouse Alexa647,3864,33.78831191611715,0.9535922803944771
64,250128_ARMC5mAC_TotalPolII,F07,HCT116 OsTIRF74G ARMC5mAC Clone 5A1,"EU 1 mM, 30 mins",10 µM 5PhIAA,24,24,24.0,Total Pol II F12,Goat anti-mouse Alexa647,1757,40.141870681596316,1.1329059024196002
65,250128_ARMC5mAC_TotalPolII,F08,HCT116 OsTIRF74G ARMC5mAC Clone 5F9,"EU 1 mM, 30 mins",10 µM 5PhIAA,24,24,24.0,Total Pol II F12,Goat anti-mouse Alexa647,2514,32.41911924816199,0.9149501735684192
66,250128_ARMC5mAC_TotalPolII,F09,HCT116 OsTIRF74G,"EU 1 mM, 30 mins",10 µM 5PhIAA,24,24,24.0,Total Pol II F12,Goat anti-mouse Alexa647,4453,31.4553501056038,0.887750151954214
67,250128_ARMC5mAC_TotalPolII,F10,HCT116 OsTIRF74G ARMC5mAC Clone 5A1,"EU 1 mM, 30 mins",Vehicle,24,24,0.0,Total Pol II F12,Goat anti-mouse Alexa647,1793,47.142890302292074,1.3304925199978879
68,250128_ARMC5mAC_TotalPolII,F11,HCT116 OsTIRF74G ARMC5mAC Clone 5F9,"EU 1 mM, 30 mins",Vehicle,24,24,0.0,Total Pol II F12,Goat anti-mouse Alexa647,2683,33.26240928243993,0.9387499676752522
69,250128_ARMC5mAC_TotalPolII,F12,HCT116 OsTIRF74G,"EU 1 mM, 30 mins",Vehicle,24,24,0.0,Total Pol II F12,Goat anti-mouse Alexa647,4173,35.55209460343772,1.0033707232802265
70,250128_ARMC5mAC_TotalPolII,F13,HCT116 OsTIRF74G ARMC5mAC Clone 5A1,"EU 1 mM, 30 mins",10 µM 5PhIAA,24,24,24.0,Total Pol II F12,Goat anti-mouse Alexa647,2113,39.95737173271877,1.1276988718396972
71,250128_ARMC5mAC_TotalPolII,F14,HCT116 OsTIRF74G ARMC5mAC Clone 5F9,"EU 1 mM, 30 mins",10 µM 5PhIAA,24,24,24.0,Total Pol II F12,Goat anti-mouse Alexa647,2524,33.657054313137564,0.9498878562949495
72,250128_ARMC5mAC_TotalPolII,F15,HCT116 OsTIRF74G,"EU 1 mM, 30 mins",10 µM 5PhIAA,24,24,24.0,Total Pol II F12,Goat anti-mouse Alexa647,4118,41.590066817076206,1.1737776884596716
73,250128_ARMC5mAC_TotalPolII,F16,HCT116 OsTIRF74G ARMC5mAC Clone 5A1,"EU 1 mM, 30 mins",Vehicle,24,24,0.0,Total Pol II F12,Goat anti-mouse Alexa647,1584,45.78079360266901,1.2920506794840452
74,250128_ARMC5mAC_TotalPolII,F17,HCT116 OsTIRF74G ARMC5mAC Clone 5F9,"EU 1 mM, 30 mins",Vehicle,24,24,0.0,Total Pol II F12,Goat anti-mouse Alexa647,2668,35.53816272031082,1.0029775300294315
75,250128_ARMC5mAC_TotalPolII,F18,HCT116 OsTIRF74G,"EU 1 mM, 30 mins",Vehicle,24,24,0.0,Total Pol II F12,Goat anti-mouse Alexa647,3888,32.01188565013945,0.9034570034936418
76,250128_ARMC5mAC_TotalPolII,F19,HCT116 OsTIRF74G ARMC5mAC Clone 5A1,"EU 1 mM, 30 mins",10 µM 5PhIAA,24,24,24.0,Total Pol II F12,Goat anti-mouse Alexa647,2109,39.57316246428752,1.1168555070293562
77,250128_ARMC5mAC_TotalPolII,F20,HCT116 OsTIRF74G ARMC5mAC Clone 5F9,"EU 1 mM, 30 mins",10 µM 5PhIAA,24,24,24.0,Total Pol II F12,Goat anti-mouse Alexa647,2410,36.61480273141149,1.0333630552340716
78,250128_ARMC5mAC_TotalPolII,F21,HCT116 OsTIRF74G,"EU 1 mM, 30 mins",10 µM 5PhIAA,24,24,24.0,Total Pol II F12,Goat anti-mouse Alexa647,4020,30.908457188122185,0.8723154399269429
79,250128_ARMC5mAC_TotalPolII,F22,HCT116 OsTIRF74G,"EU 1 mM, 30 mins",No addition,No addition,No addition,0.0,Total Pol II F12,Goat anti-mouse Alexa647,4850,25.219474530648455,0.711757849511268
80,250128_ARMC5mAC_TotalPolII,G03,HCT116 OsTIRF74G,"EU 1 mM, 30 mins",No addition,No addition,No addition,0.0,Total Pol II F12,Goat anti-mouse Alexa647,3075,25.373927555022448,0.7161169075219869
81,250128_ARMC5mAC_TotalPolII,G04,HCT116 OsTIRF74G ARMC5mAC Clone 5A1,"EU 1 mM, 30 mins",Vehicle,8,8,0.0,Total Pol II F12,Goat anti-mouse Alexa647,1891,41.3618131055874,1.1673357869587184
82,250128_ARMC5mAC_TotalPolII,G05,HCT116 OsTIRF74G ARMC5mAC Clone 5F9,"EU 1 mM, 30 mins",Vehicle,8,8,0.0,Total Pol II F12,Goat anti-mouse Alexa647,2088,36.059272300504034,1.0176845705630195
83,250128_ARMC5mAC_TotalPolII,G06,HCT116 OsTIRF74G,"EU 1 mM, 30 mins",Vehicle,8,8,0.0,Total Pol II F12,Goat anti-mouse Alexa647,4554,32.907523709844696,0.9287341923003136
84,250128_ARMC5mAC_TotalPolII,G07,HCT116 OsTIRF74G ARMC5mAC Clone 5A1,"EU 1 mM, 30 mins",10 µM 5PhIAA,8,8,8.0,Total Pol II F12,Goat anti-mouse Alexa647,2241,38.790760013543405,1.0947741157173676
85,250128_ARMC5mAC_TotalPolII,G08,HCT116 OsTIRF74G ARMC5mAC Clone 5F9,"EU 1 mM, 30 mins",10 µM 5PhIAA,8,8,8.0,Total Pol II F12,Goat anti-mouse Alexa647,2561,35.188332292728006,0.9931044237310684
86,250128_ARMC5mAC_TotalPolII,G09,HCT116 OsTIRF74G,"EU 1 mM, 30 mins",10 µM 5PhIAA,8,8,8.0,Total Pol II F12,Goat anti-mouse Alexa647,4228,26.61858582230832,0.7512443361535077
87,250128_ARMC5mAC_TotalPolII,G10,HCT116 OsTIRF74G ARMC5mAC Clone 5A1,"EU 1 mM, 30 mins",Vehicle,8,8,0.0,Total Pol II F12,Goat anti-mouse Alexa647,1877,39.72344297870552,1.1210968061744122
88,250128_ARMC5mAC_TotalPolII,G11,HCT116 OsTIRF74G ARMC5mAC Clone 5F9,"EU 1 mM, 30 mins",Vehicle,8,8,0.0,Total Pol II F12,Goat anti-mouse Alexa647,2422,32.86402865017391,0.9275066508581625
89,250128_ARMC5mAC_TotalPolII,G12,HCT116 OsTIRF74G,"EU 1 mM, 30 mins",Vehicle,8,8,0.0,Total Pol II F12,Goat anti-mouse Alexa647,4479,29.817964303002952,0.84153895130992
90,250128_ARMC5mAC_TotalPolII,G13,HCT116 OsTIRF74G ARMC5mAC Clone 5A1,"EU 1 mM, 30 mins",10 µM 5PhIAA,8,8,8.0,Total Pol II F12,Goat anti-mouse Alexa647,1944,37.186907573475224,1.0495093120320635
91,250128_ARMC5mAC_TotalPolII,G14,HCT116 OsTIRF74G ARMC5mAC Clone 5F9,"EU 1 mM, 30 mins",10 µM 5PhIAA,8,8,8.0,Total Pol II F12,Goat anti-mouse Alexa647,2378,30.46704633270525,0.8598577005390474
92,250128_ARMC5mAC_TotalPolII,G15,HCT116 OsTIRF74G,"EU 1 mM, 30 mins",10 µM 5PhIAA,8,8,8.0,Total Pol II F12,Goat anti-mouse Alexa647,3855,27.4038507959944,0.7734065151587877
93,250128_ARMC5mAC_TotalPolII,G16,HCT116 OsTIRF74G ARMC5mAC Clone 5A1,"EU 1 mM, 30 mins",Vehicle,8,8,0.0,Total Pol II F12,Goat anti-mouse Alexa647,2634,38.19209345532673,1.0778782195902386
94,250128_ARMC5mAC_TotalPolII,G17,HCT116 OsTIRF74G ARMC5mAC Clone 5F9,"EU 1 mM, 30 mins",Vehicle,8,8,0.0,Total Pol II F12,Goat anti-mouse Alexa647,2669,33.01771303572096,0.9318440159221133
95,250128_ARMC5mAC_TotalPolII,G18,HCT116 OsTIRF74G,"EU 1 mM, 30 mins",Vehicle,8,8,0.0,Total Pol II F12,Goat anti-mouse Alexa647,4285,30.56793643639594,0.8627050764093331
96,250128_ARMC5mAC_TotalPolII,G19,HCT116 OsTIRF74G ARMC5mAC Clone 5A1,"EU 1 mM, 30 mins",10 µM 5PhIAA,8,8,8.0,Total Pol II F12,Goat anti-mouse Alexa647,1998,37.46546710082376,1.0573709718737672
97,250128_ARMC5mAC_TotalPolII,G20,HCT116 OsTIRF74G ARMC5mAC Clone 5F9,"EU 1 mM, 30 mins",10 µM 5PhIAA,8,8,8.0,Total Pol II F12,Goat anti-mouse Alexa647,2083,29.883002191017965,0.8433744862753318
98,250128_ARMC5mAC_TotalPolII,G21,HCT116 OsTIRF74G,"EU 1 mM, 30 mins",10 µM 5PhIAA,8,8,8.0,Total Pol II F12,Goat anti-mouse Alexa647,3296,28.882483636856676,0.8151373026004485
99,250128_ARMC5mAC_TotalPolII,G22,HCT116 OsTIRF74G,"EU 1 mM, 30 mins",No addition,No addition,No addition,0.0,Total Pol II F12,Goat anti-mouse Alexa647,4345,23.47535822882986,0.6625344421491786
100,250128_ARMC5mAC_TotalPolII,H03,HCT116 OsTIRF74G,"EU 1 mM, 30 mins",No addition,No addition,No addition,0.0,Total Pol II F12,Goat anti-mouse Alexa647,3548,22.67232335930234,0.6398707513921462
101,250128_ARMC5mAC_TotalPolII,H04,HCT116 OsTIRF74G ARMC5mAC Clone 5A1,"EU 1 mM, 30 mins",Vehicle,2,2,0.0,Total Pol II F12,Goat anti-mouse Alexa647,1540,35.74344156532635,1.008771022241208
102,250128_ARMC5mAC_TotalPolII,H05,HCT116 OsTIRF74G ARMC5mAC Clone 5F9,"EU 1 mM, 30 mins",Vehicle,2,2,0.0,Total Pol II F12,Goat anti-mouse Alexa647,2267,28.284027445808164,0.7982473435709794
103,250128_ARMC5mAC_TotalPolII,H06,HCT116 OsTIRF74G,"EU 1 mM, 30 mins",Vehicle,2,2,0.0,Total Pol II F12,Goat anti-mouse Alexa647,4300,31.155898062267056,0.879298852061423
104,250128_ARMC5mAC_TotalPolII,H07,HCT116 OsTIRF74G ARMC5mAC Clone 5A1,"EU 1 mM, 30 mins",10 µM 5PhIAA,2,2,2.0,Total Pol II F12,Goat anti-mouse Alexa647,2111,33.64990091967394,0.9496859692991602
105,250128_ARMC5mAC_TotalPolII,H08,HCT116 OsTIRF74G ARMC5mAC Clone 5F9,"EU 1 mM, 30 mins",10 µM 5PhIAA,2,2,2.0,Total Pol II F12,Goat anti-mouse Alexa647,1997,31.150451097230018,0.8791451248250995
106,250128_ARMC5mAC_TotalPolII,H09,HCT116 OsTIRF74G,"EU 1 mM, 30 mins",10 µM 5PhIAA,2,2,2.0,Total Pol II F12,Goat anti-mouse Alexa647,4354,23.24856167782471,0.6561336654310187
107,250128_ARMC5mAC_TotalPolII,H10,HCT116 OsTIRF74G ARMC5mAC Clone 5A1,"EU 1 mM, 30 mins",Vehicle,2,2,0.0,Total Pol II F12,Goat anti-mouse Alexa647,1850,34.30804634045671,0.9682605105249401
108,250128_ARMC5mAC_TotalPolII,H11,HCT116 OsTIRF74G ARMC5mAC Clone 5F9,"EU 1 mM, 30 mins",Vehicle,2,2,0.0,Total Pol II F12,Goat anti-mouse Alexa647,2069,28.64636320250625,0.8084733821299928
109,250128_ARMC5mAC_TotalPolII,H12,HCT116 OsTIRF74G,"EU 1 mM, 30 mins",Vehicle,2,2,0.0,Total Pol II F12,Goat anti-mouse Alexa647,4726,24.45285800398429,0.6901219772112651
110,250128_ARMC5mAC_TotalPolII,H13,HCT116 OsTIRF74G ARMC5mAC Clone 5A1,"EU 1 mM, 30 mins",10 µM 5PhIAA,2,2,2.0,Total Pol II F12,Goat anti-mouse Alexa647,2440,32.01162880877499,0.903449754775711
111,250128_ARMC5mAC_TotalPolII,H14,HCT116 OsTIRF74G ARMC5mAC Clone 5F9,"EU 1 mM, 30 mins",10 µM 5PhIAA,2,2,2.0,Total Pol II F12,Goat anti-mouse Alexa647,2552,23.718178069215185,0.6693874369330823
112,250128_ARMC5mAC_TotalPolII,H15,HCT116 OsTIRF74G,"EU 1 mM, 30 mins",10 µM 5PhIAA,2,2,2.0,Total Pol II F12,Goat anti-mouse Alexa647,3852,21.21880891556168,0.5988488691378921
113,250128_ARMC5mAC_TotalPolII,H16,HCT116 OsTIRF74G ARMC5mAC Clone 5A1,"EU 1 mM, 30 mins",Vehicle,2,2,0.0,Total Pol II F12,Goat anti-mouse Alexa647,1890,32.87859677986461,0.9279178006086244
114,250128_ARMC5mAC_TotalPolII,H17,HCT116 OsTIRF74G ARMC5mAC Clone 5F9,"EU 1 mM, 30 mins",Vehicle,2,2,0.0,Total Pol II F12,Goat anti-mouse Alexa647,2103,28.85600896442955,0.814390119867107
115,250128_ARMC5mAC_TotalPolII,H18,HCT116 OsTIRF74G,"EU 1 mM, 30 mins",Vehicle,2,2,0.0,Total Pol II F12,Goat anti-mouse Alexa647,4046,25.10336953768467,0.7084810706866737
116,250128_ARMC5mAC_TotalPolII,H19,HCT116 OsTIRF74G ARMC5mAC Clone 5A1,"EU 1 mM, 30 mins",10 µM 5PhIAA,2,2,2.0,Total Pol II F12,Goat anti-mouse Alexa647,1689,33.84944610903986,0.9553176431348226
117,250128_ARMC5mAC_TotalPolII,H20,HCT116 OsTIRF74G ARMC5mAC Clone 5F9,"EU 1 mM, 30 mins",10 µM 5PhIAA,2,2,2.0,Total Pol II F12,Goat anti-mouse Alexa647,2001,31.649376446784146,0.8932260698278888
118,250128_ARMC5mAC_TotalPolII,H21,HCT116 OsTIRF74G,"EU 1 mM, 30 mins",10 µM 5PhIAA,2,2,2.0,Total Pol II F12,Goat anti-mouse Alexa647,3486,26.089960693430896,0.7363251876807606
119,250128_ARMC5mAC_TotalPolII,H22,HCT116 OsTIRF74G,"EU 1 mM, 30 mins",No addition,No addition,No addition,0.0,Total Pol II F12,Goat anti-mouse Alexa647,4338,24.245493670902107,0.6842696272108499
120,250128_ARMC5mAC_TotalPolII,I03,HCT116 OsTIRF74G,"EU 1 mM, 30 mins",No addition,No addition,No addition,0.0,Total Pol II F12,Goat anti-mouse Alexa647,4005,22.284073694219387,0.6289133562903139
121,250128_ARMC5mAC_TotalPolII,I04,HCT116 OsTIRF74G ARMC5mAC Clone 5A1,"EU 1 mM, 30 mins",Vehicle,72,72,0.0,Total Pol II F12,Goat anti-mouse Alexa647,1735,33.407060332023434,0.9428323889745533
122,250128_ARMC5mAC_TotalPolII,I05,HCT116 OsTIRF74G ARMC5mAC Clone 5F9,"EU 1 mM, 30 mins",Vehicle,72,72,0.0,Total Pol II F12,Goat anti-mouse Alexa647,1890,46.419100019010614,1.3100653134397378
123,250128_ARMC5mAC_TotalPolII,I06,HCT116 OsTIRF74G,"EU 1 mM, 30 mins",Vehicle,72,72,0.0,Total Pol II F12,Goat anti-mouse Alexa647,4738,23.49978219397883,0.6632237486963805
130,250128_ARMC5mAC_TotalPolII,I13,HCT116 OsTIRF74G ARMC5mAC Clone 5A1,"EU 1 mM, 30 mins",Vehicle,72,72,0.0,Total Pol II F12,Goat anti-mouse Alexa647,2368,26.112980115403786,0.7369748544396973
131,250128_ARMC5mAC_TotalPolII,I14,HCT116 OsTIRF74G ARMC5mAC Clone 5F9,"EU 1 mM, 30 mins",Vehicle,72,72,0.0,Total Pol II F12,Goat anti-mouse Alexa647,2470,22.17388783711013,0.6258036305659601
132,250128_ARMC5mAC_TotalPolII,I15,HCT116 OsTIRF74G,"EU 1 mM, 30 mins",Vehicle,72,72,0.0,Total Pol II F12,Goat anti-mouse Alexa647,4293,22.080048297002122,0.6231552395701354
136,250128_ARMC5mAC_TotalPolII,I19,HCT116 OsTIRF74G ARMC5mAC Clone 5A1,"EU 1 mM, 30 mins",Vehicle,72,72,0.0,Total Pol II F12,Goat anti-mouse Alexa647,1791,27.962532702849586,0.789173942513424
137,250128_ARMC5mAC_TotalPolII,I20,HCT116 OsTIRF74G ARMC5mAC Clone 5F9,"EU 1 mM, 30 mins",Vehicle,72,72,0.0,Total Pol II F12,Goat anti-mouse Alexa647,2109,24.466480130496137,0.6905064283408896
138,250128_ARMC5mAC_TotalPolII,I21,HCT116 OsTIRF74G,"EU 1 mM, 30 mins",Vehicle,72,72,0.0,Total Pol II F12,Goat anti-mouse Alexa647,3263,20.847221642200765,0.5883617291988064
139,250128_ARMC5mAC_TotalPolII,I22,HCT116 OsTIRF74G,"EU 1 mM, 30 mins",No addition,No addition,No addition,0.0,Total Pol II F12,Goat anti-mouse Alexa647,4377,21.486486143721777,0.606403402760186
140,250128_ARMC5mAC_TotalPolII,J03,HCT116 OsTIRF74G,"EU 1 mM, 30 mins",No addition,No addition,No addition,0.0,Total Pol II F12,Goat anti-mouse Alexa647,3937,20.53005975603037,0.579410612403203
141,250128_ARMC5mAC_TotalPolII,J04,HCT116 OsTIRF74G ARMC5mAC Clone 5A1,"EU 1 mM, 30 mins",10 µM 5PhIAA,48,48,48.0,Total Pol II F12,Goat anti-mouse Alexa647,2256,38.309909749937134,1.0812032957089888
142,250128_ARMC5mAC_TotalPolII,J05,HCT116 OsTIRF74G ARMC5mAC Clone 5F9,"EU 1 mM, 30 mins",10 µM 5PhIAA,48,48,48.0,Total Pol II F12,Goat anti-mouse Alexa647,1962,27.97604984462319,0.7895554307061549
143,250128_ARMC5mAC_TotalPolII,J06,HCT116 OsTIRF74G,"EU 1 mM, 30 mins",10 µM 5PhIAA,48,48,48.0,Total Pol II F12,Goat anti-mouse Alexa647,4534,25.83089179357185,0.7290136030236403
144,250128_ARMC5mAC_TotalPolII,J07,HCT116 OsTIRF74G ARMC5mAC Clone 5A1,"EU 1 mM, 30 mins",Vehicle,48,48,0.0,Total Pol II F12,Goat anti-mouse Alexa647,1829,27.494133695124503,0.7759545286812103
145,250128_ARMC5mAC_TotalPolII,J08,HCT116 OsTIRF74G ARMC5mAC Clone 5F9,"EU 1 mM, 30 mins",Vehicle,48,48,0.0,Total Pol II F12,Goat anti-mouse Alexa647,2675,25.443420896075395,0.7180781867279865
146,250128_ARMC5mAC_TotalPolII,J09,HCT116 OsTIRF74G,"EU 1 mM, 30 mins",Vehicle,48,48,0.0,Total Pol II F12,Goat anti-mouse Alexa647,4705,21.33112243326994,0.6020186428672348
147,250128_ARMC5mAC_TotalPolII,J10,HCT116 OsTIRF74G ARMC5mAC Clone 5A1,"EU 1 mM, 30 mins",10 µM 5PhIAA,48,48,48.0,Total Pol II F12,Goat anti-mouse Alexa647,2007,27.745603270944855,0.783051641045145
148,250128_ARMC5mAC_TotalPolII,J11,HCT116 OsTIRF74G ARMC5mAC Clone 5F9,"EU 1 mM, 30 mins",10 µM 5PhIAA,48,48,48.0,Total Pol II F12,Goat anti-mouse Alexa647,2306,23.399576752489992,0.660395695738467
149,250128_ARMC5mAC_TotalPolII,J12,HCT116 OsTIRF74G,"EU 1 mM, 30 mins",10 µM 5PhIAA,48,48,48.0,Total Pol II F12,Goat anti-mouse Alexa647,4484,24.143489288324105,0.6813908035503405
150,250128_ARMC5mAC_TotalPolII,J13,HCT116 OsTIRF74G ARMC5mAC Clone 5A1,"EU 1 mM, 30 mins",Vehicle,48,48,0.0,Total Pol II F12,Goat anti-mouse Alexa647,2520,27.636998405512514,0.779986534935474
151,250128_ARMC5mAC_TotalPolII,J14,HCT116 OsTIRF74G ARMC5mAC Clone 5F9,"EU 1 mM, 30 mins",Vehicle,48,48,0.0,Total Pol II F12,Goat anti-mouse Alexa647,2020,23.688591332809324,0.6685524238223729
152,250128_ARMC5mAC_TotalPolII,J15,HCT116 OsTIRF74G,"EU 1 mM, 30 mins",Vehicle,48,48,0.0,Total Pol II F12,Goat anti-mouse Alexa647,3990,20.322428276525613,0.5735507228498521
153,250128_ARMC5mAC_TotalPolII,J16,HCT116 OsTIRF74G ARMC5mAC Clone 5A1,"EU 1 mM, 30 mins",10 µM 5PhIAA,48,48,48.0,Total Pol II F12,Goat anti-mouse Alexa647,1903,28.78505786028711,0.8123876988712412
154,250128_ARMC5mAC_TotalPolII,J17,HCT116 OsTIRF74G ARMC5mAC Clone 5F9,"EU 1 mM, 30 mins",10 µM 5PhIAA,48,48,48.0,Total Pol II F12,Goat anti-mouse Alexa647,2421,24.08539317773642,0.6797511832368163
155,250128_ARMC5mAC_TotalPolII,J18,HCT116 OsTIRF74G,"EU 1 mM, 30 mins",10 µM 5PhIAA,48,48,48.0,Total Pol II F12,Goat anti-mouse Alexa647,3287,20.944104609828912,0.5910960134762
156,250128_ARMC5mAC_TotalPolII,J19,HCT116 OsTIRF74G ARMC5mAC Clone 5A1,"EU 1 mM, 30 mins",Vehicle,48,48,0.0,Total Pol II F12,Goat anti-mouse Alexa647,1728,28.90465478649068,0.8157630289519439
157,250128_ARMC5mAC_TotalPolII,J20,HCT116 OsTIRF74G ARMC5mAC Clone 5F9,"EU 1 mM, 30 mins",Vehicle,48,48,0.0,Total Pol II F12,Goat anti-mouse Alexa647,2357,24.711691806686645,0.6974269268274186
158,250128_ARMC5mAC_TotalPolII,J21,HCT116 OsTIRF74G,"EU 1 mM, 30 mins",Vehicle,48,48,0.0,Total Pol II F12,Goat anti-mouse Alexa647,3461,21.133864351093393,0.5964515170257321
159,250128_ARMC5mAC_TotalPolII,J22,HCT116 OsTIRF74G,"EU 1 mM, 30 mins",No addition,No addition,No addition,0.0,Total Pol II F12,Goat anti-mouse Alexa647,4796,23.39333578245285,0.6602195596573167
160,250128_ARMC5mAC_TotalPolII,K03,HCT116 OsTIRF74G,"EU 1 mM, 30 mins",No addition,No addition,No addition,0.0,Total Pol II F12,Goat anti-mouse Alexa647,3992,23.538624768772507,0.6643199851572564
161,250128_ARMC5mAC_TotalPolII,K04,HCT116 OsTIRF74G ARMC5mAC Clone 5A1,"EU 1 mM, 30 mins",10 µM 5PhIAA,24,24,24.0,Total Pol II F12,Goat anti-mouse Alexa647,1362,31.459908847804684,0.887878811278239
162,250128_ARMC5mAC_TotalPolII,K05,HCT116 OsTIRF74G ARMC5mAC Clone 5F9,"EU 1 mM, 30 mins",10 µM 5PhIAA,24,24,24.0,Total Pol II F12,Goat anti-mouse Alexa647,2203,28.91362114258041,0.8160160823738389
163,250128_ARMC5mAC_TotalPolII,K06,HCT116 OsTIRF74G,"EU 1 mM, 30 mins",10 µM 5PhIAA,24,24,24.0,Total Pol II F12,Goat anti-mouse Alexa647,4637,26.922814503081895,0.7598304449292438
164,250128_ARMC5mAC_TotalPolII,K07,HCT116 OsTIRF74G ARMC5mAC Clone 5A1,"EU 1 mM, 30 mins",Vehicle,24,24,0.0,Total Pol II F12,Goat anti-mouse Alexa647,1583,30.781707348279127,0.8687382363923111
165,250128_ARMC5mAC_TotalPolII,K08,HCT116 OsTIRF74G ARMC5mAC Clone 5F9,"EU 1 mM, 30 mins",Vehicle,24,24,0.0,Total Pol II F12,Goat anti-mouse Alexa647,2553,26.254725776129135,0.7409752782602976
166,250128_ARMC5mAC_TotalPolII,K09,HCT116 OsTIRF74G,"EU 1 mM, 30 mins",Vehicle,24,24,0.0,Total Pol II F12,Goat anti-mouse Alexa647,4576,19.45808160198618,0.5491566566866272
167,250128_ARMC5mAC_TotalPolII,K10,HCT116 OsTIRF74G ARMC5mAC Clone 5A1,"EU 1 mM, 30 mins",10 µM 5PhIAA,24,24,24.0,Total Pol II F12,Goat anti-mouse Alexa647,2167,30.264363864566747,0.8541374847002684
168,250128_ARMC5mAC_TotalPolII,K11,HCT116 OsTIRF74G ARMC5mAC Clone 5F9,"EU 1 mM, 30 mins",10 µM 5PhIAA,24,24,24.0,Total Pol II F12,Goat anti-mouse Alexa647,2802,22.03789962250255,0.6219656965491217
169,250128_ARMC5mAC_TotalPolII,K12,HCT116 OsTIRF74G,"EU 1 mM, 30 mins",10 µM 5PhIAA,24,24,24.0,Total Pol II F12,Goat anti-mouse Alexa647,4300,19.522439535118707,0.5509730015922171
170,250128_ARMC5mAC_TotalPolII,K13,HCT116 OsTIRF74G ARMC5mAC Clone 5A1,"EU 1 mM, 30 mins",Vehicle,24,24,0.0,Total Pol II F12,Goat anti-mouse Alexa647,1696,27.47673594588875,0.7754635198551807
171,250128_ARMC5mAC_TotalPolII,K14,HCT116 OsTIRF74G ARMC5mAC Clone 5F9,"EU 1 mM, 30 mins",Vehicle,24,24,0.0,Total Pol II F12,Goat anti-mouse Alexa647,2113,24.038212258936426,0.6784196174556879
172,250128_ARMC5mAC_TotalPolII,K15,HCT116 OsTIRF74G,"EU 1 mM, 30 mins",Vehicle,24,24,0.0,Total Pol II F12,Goat anti-mouse Alexa647,4211,18.97500368524757,0.5355229666291121
173,250128_ARMC5mAC_TotalPolII,K16,HCT116 OsTIRF74G ARMC5mAC Clone 5A1,"EU 1 mM, 30 mins",10 µM 5PhIAA,24,24,24.0,Total Pol II F12,Goat anti-mouse Alexa647,2002,27.687803658007,0.7814203886509987
174,250128_ARMC5mAC_TotalPolII,K17,HCT116 OsTIRF74G ARMC5mAC Clone 5F9,"EU 1 mM, 30 mins",10 µM 5PhIAA,24,24,24.0,Total Pol II F12,Goat anti-mouse Alexa647,2564,25.10413973007249,0.7085028074788895
175,250128_ARMC5mAC_TotalPolII,K18,HCT116 OsTIRF74G,"EU 1 mM, 30 mins",10 µM 5PhIAA,24,24,24.0,Total Pol II F12,Goat anti-mouse Alexa647,4379,25.68874662520298,0.7250019040790928
176,250128_ARMC5mAC_TotalPolII,K19,HCT116 OsTIRF74G ARMC5mAC Clone 5A1,"EU 1 mM, 30 mins",Vehicle,24,24,0.0,Total Pol II F12,Goat anti-mouse Alexa647,2451,30.126167885176983,0.8502372419342257
177,250128_ARMC5mAC_TotalPolII,K20,HCT116 OsTIRF74G ARMC5mAC Clone 5F9,"EU 1 mM, 30 mins",Vehicle,24,24,0.0,Total Pol II F12,Goat anti-mouse Alexa647,2122,28.437844511835948,0.8025884532162664
178,250128_ARMC5mAC_TotalPolII,K21,HCT116 OsTIRF74G,"EU 1 mM, 30 mins",Vehicle,24,24,0.0,Total Pol II F12,Goat anti-mouse Alexa647,2981,24.568409127121015,0.6933831244176615
179,250128_ARMC5mAC_TotalPolII,K22,HCT116 OsTIRF74G,"EU 1 mM, 30 mins",No addition,No addition,No addition,0.0,Total Pol II F12,Goat anti-mouse Alexa647,4501,18.28134527753798,0.5159461583983621
180,250128_ARMC5mAC_TotalPolII,L03,HCT116 OsTIRF74G,"EU 1 mM, 30 mins",No addition,No addition,No addition,0.0,Total Pol II F12,Goat anti-mouse Alexa647,4647,23.714138137812824,0.6692734197721132
181,250128_ARMC5mAC_TotalPolII,L04,HCT116 OsTIRF74G ARMC5mAC Clone 5A1,"EU 1 mM, 30 mins",10 µM 5PhIAA,8,8,8.0,Total Pol II F12,Goat anti-mouse Alexa647,1483,34.45186481260376,0.9723194343669487
182,250128_ARMC5mAC_TotalPolII,L05,HCT116 OsTIRF74G ARMC5mAC Clone 5F9,"EU 1 mM, 30 mins",10 µM 5PhIAA,8,8,8.0,Total Pol II F12,Goat anti-mouse Alexa647,2169,35.30780381210553,0.9964762145115088
183,250128_ARMC5mAC_TotalPolII,L06,HCT116 OsTIRF74G,"EU 1 mM, 30 mins",10 µM 5PhIAA,8,8,8.0,Total Pol II F12,Goat anti-mouse Alexa647,3994,25.872657454409307,0.7301923364229012
184,250128_ARMC5mAC_TotalPolII,L07,HCT116 OsTIRF74G ARMC5mAC Clone 5A1,"EU 1 mM, 30 mins",Vehicle,8,8,0.0,Total Pol II F12,Goat anti-mouse Alexa647,2339,29.12752866970314,0.8220530979870755
185,250128_ARMC5mAC_TotalPolII,L08,HCT116 OsTIRF74G ARMC5mAC Clone 5F9,"EU 1 mM, 30 mins",Vehicle,8,8,0.0,Total Pol II F12,Goat anti-mouse Alexa647,2005,24.42744124089225,0.6894046513757113
186,250128_ARMC5mAC_TotalPolII,L09,HCT116 OsTIRF74G,"EU 1 mM, 30 mins",Vehicle,8,8,0.0,Total Pol II F12,Goat anti-mouse Alexa647,4025,21.496512984247232,0.6066863857557722
187,250128_ARMC5mAC_TotalPolII,L10,HCT116 OsTIRF74G ARMC5mAC Clone 5A1,"EU 1 mM, 30 mins",10 µM 5PhIAA,8,8,8.0,Total Pol II F12,Goat anti-mouse Alexa647,1531,32.17196028727747,0.9079747177446741
188,250128_ARMC5mAC_TotalPolII,L11,HCT116 OsTIRF74G ARMC5mAC Clone 5F9,"EU 1 mM, 30 mins",10 µM 5PhIAA,8,8,8.0,Total Pol II F12,Goat anti-mouse Alexa647,1881,25.202604570613715,0.7112817362416962
189,250128_ARMC5mAC_TotalPolII,L12,HCT116 OsTIRF74G,"EU 1 mM, 30 mins",10 µM 5PhIAA,8,8,8.0,Total Pol II F12,Goat anti-mouse Alexa647,3611,22.239647937652506,0.6276595482096369
190,250128_ARMC5mAC_TotalPolII,L13,HCT116 OsTIRF74G ARMC5mAC Clone 5A1,"EU 1 mM, 30 mins",Vehicle,8,8,0.0,Total Pol II F12,Goat anti-mouse Alexa647,1979,29.058009080204556,0.8200910779830392
191,250128_ARMC5mAC_TotalPolII,L14,HCT116 OsTIRF74G ARMC5mAC Clone 5F9,"EU 1 mM, 30 mins",Vehicle,8,8,0.0,Total Pol II F12,Goat anti-mouse Alexa647,1716,22.69246378755122,0.6404391656103424
192,250128_ARMC5mAC_TotalPolII,L15,HCT116 OsTIRF74G,"EU 1 mM, 30 mins",Vehicle,8,8,0.0,Total Pol II F12,Goat anti-mouse Alexa647,4713,22.014167623477363,0.6212959190495848
193,250128_ARMC5mAC_TotalPolII,L16,HCT116 OsTIRF74G ARMC5mAC Clone 5A1,"EU 1 mM, 30 mins",10 µM 5PhIAA,8,8,8.0,Total Pol II F12,Goat anti-mouse Alexa647,1821,31.291494348272465,0.8831257248541783
194,250128_ARMC5mAC_TotalPolII,L17,HCT116 OsTIRF74G ARMC5mAC Clone 5F9,"EU 1 mM, 30 mins",10 µM 5PhIAA,8,8,8.0,Total Pol II F12,Goat anti-mouse Alexa647,2075,26.022565768578545,0.73442313112829
195,250128_ARMC5mAC_TotalPolII,L18,HCT116 OsTIRF74G,"EU 1 mM, 30 mins",10 µM 5PhIAA,8,8,8.0,Total Pol II F12,Goat anti-mouse Alexa647,3460,20.262259259169838,0.5718525998240012
196,250128_ARMC5mAC_TotalPolII,L19,HCT116 OsTIRF74G ARMC5mAC Clone 5A1,"EU 1 mM, 30 mins",Vehicle,8,8,0.0,Total Pol II F12,Goat anti-mouse Alexa647,1642,26.684443356945707,0.7531030036356814
197,250128_ARMC5mAC_TotalPolII,L20,HCT116 OsTIRF74G ARMC5mAC Clone 5F9,"EU 1 mM, 30 mins",Vehicle,8,8,0.0,Total Pol II F12,Goat anti-mouse Alexa647,2025,27.49761027775901,0.7760526467041126
198,250128_ARMC5mAC_TotalPolII,L21,HCT116 OsTIRF74G,"EU 1 mM, 30 mins",Vehicle,8,8,0.0,Total Pol II F12,Goat anti-mouse Alexa647,3416,22.705717437019132,0.6408132173786294
199,250128_ARMC5mAC_TotalPolII,L22,HCT116 OsTIRF74G,"EU 1 mM, 30 mins",No addition,No addition,No addition,0.0,Total Pol II F12,Goat anti-mouse Alexa647,4716,21.59939440090423,0.6095899615533356
200,250128_ARMC5mAC_TotalPolII,M03,HCT116 OsTIRF74G,"EU 1 mM, 30 mins",No addition,No addition,No addition,0.0,Total Pol II F12,Goat anti-mouse Alexa647,4229,20.54543744742358,0.5798446100482839
201,250128_ARMC5mAC_TotalPolII,M04,HCT116 OsTIRF74G ARMC5mAC Clone 5A1,"EU 1 mM, 30 mins",10 µM 5PhIAA,2,2,2.0,Total Pol II F12,Goat anti-mouse Alexa647,1122,32.903267462311845,0.9286140701468053
202,250128_ARMC5mAC_TotalPolII,M05,HCT116 OsTIRF74G ARMC5mAC Clone 5F9,"EU 1 mM, 30 mins",10 µM 5PhIAA,2,2,2.0,Total Pol II F12,Goat anti-mouse Alexa647,2509,24.47096645729252,0.6906330439176304
203,250128_ARMC5mAC_TotalPolII,M06,HCT116 OsTIRF74G,"EU 1 mM, 30 mins",10 µM 5PhIAA,2,2,2.0,Total Pol II F12,Goat anti-mouse Alexa647,3635,22.096823167882036,0.6236286691813989
204,250128_ARMC5mAC_TotalPolII,M07,HCT116 OsTIRF74G ARMC5mAC Clone 5A1,"EU 1 mM, 30 mins",Vehicle,2,2,0.0,Total Pol II F12,Goat anti-mouse Alexa647,1577,26.21083632072674,0.7397366059653827
205,250128_ARMC5mAC_TotalPolII,M08,HCT116 OsTIRF74G ARMC5mAC Clone 5F9,"EU 1 mM, 30 mins",Vehicle,2,2,0.0,Total Pol II F12,Goat anti-mouse Alexa647,2073,24.006863964962974,0.6775348887006428
206,250128_ARMC5mAC_TotalPolII,M09,HCT116 OsTIRF74G,"EU 1 mM, 30 mins",Vehicle,2,2,0.0,Total Pol II F12,Goat anti-mouse Alexa647,4094,18.787709567127735,0.5302370492489907
207,250128_ARMC5mAC_TotalPolII,M10,HCT116 OsTIRF74G ARMC5mAC Clone 5A1,"EU 1 mM, 30 mins",10 µM 5PhIAA,2,2,2.0,Total Pol II F12,Goat anti-mouse Alexa647,1467,24.743422245896454,0.6983224406950281
208,250128_ARMC5mAC_TotalPolII,M11,HCT116 OsTIRF74G ARMC5mAC Clone 5F9,"EU 1 mM, 30 mins",10 µM 5PhIAA,2,2,2.0,Total Pol II F12,Goat anti-mouse Alexa647,1663,21.314362062576862,0.6015456224882012
209,250128_ARMC5mAC_TotalPolII,M12,HCT116 OsTIRF74G,"EU 1 mM, 30 mins",10 µM 5PhIAA,2,2,2.0,Total Pol II F12,Goat anti-mouse Alexa647,2932,16.531158599657033,0.46655142955189305
210,250128_ARMC5mAC_TotalPolII,M13,HCT116 OsTIRF74G ARMC5mAC Clone 5A1,"EU 1 mM, 30 mins",Vehicle,2,2,0.0,Total Pol II F12,Goat anti-mouse Alexa647,1370,23.48059668331439,0.6626822846862678
211,250128_ARMC5mAC_TotalPolII,M14,HCT116 OsTIRF74G ARMC5mAC Clone 5F9,"EU 1 mM, 30 mins",Vehicle,2,2,0.0,Total Pol II F12,Goat anti-mouse Alexa647,2103,18.953780941050326,0.534924006696295
212,250128_ARMC5mAC_TotalPolII,M15,HCT116 OsTIRF74G,"EU 1 mM, 30 mins",Vehicle,2,2,0.0,Total Pol II F12,Goat anti-mouse Alexa647,4031,16.72783331495799,0.47210209129330766
213,250128_ARMC5mAC_TotalPolII,M16,HCT116 OsTIRF74G ARMC5mAC Clone 5A1,"EU 1 mM, 30 mins",10 µM 5PhIAA,2,2,2.0,Total Pol II F12,Goat anti-mouse Alexa647,1528,25.883758775888822,0.7305056440095994
214,250128_ARMC5mAC_TotalPolII,M17,HCT116 OsTIRF74G ARMC5mAC Clone 5F9,"EU 1 mM, 30 mins",10 µM 5PhIAA,2,2,2.0,Total Pol II F12,Goat anti-mouse Alexa647,2599,24.011029783426494,0.6776524587153331
215,250128_ARMC5mAC_TotalPolII,M18,HCT116 OsTIRF74G,"EU 1 mM, 30 mins",10 µM 5PhIAA,2,2,2.0,Total Pol II F12,Goat anti-mouse Alexa647,4007,19.08698493522644,0.5386833629162624
216,250128_ARMC5mAC_TotalPolII,M19,HCT116 OsTIRF74G ARMC5mAC Clone 5A1,"EU 1 mM, 30 mins",Vehicle,2,2,0.0,Total Pol II F12,Goat anti-mouse Alexa647,1753,25.072707809521262,0.7076157185686759
217,250128_ARMC5mAC_TotalPolII,M20,HCT116 OsTIRF74G ARMC5mAC Clone 5F9,"EU 1 mM, 30 mins",Vehicle,2,2,0.0,Total Pol II F12,Goat anti-mouse Alexa647,2277,20.7752396674297,0.5863302144063643
218,250128_ARMC5mAC_TotalPolII,M21,HCT116 OsTIRF74G,"EU 1 mM, 30 mins",Vehicle,2,2,0.0,Total Pol II F12,Goat anti-mouse Alexa647,2683,19.560269925428145,0.5520406716271377
219,250128_ARMC5mAC_TotalPolII,M22,HCT116 OsTIRF74G,"EU 1 mM, 30 mins",No addition,No addition,No addition,0.0,Total Pol II F12,Goat anti-mouse Alexa647,3742,18.639316685841123,0.5260490239220164
20,250203_ARMC5mAC_TotalPolII,D03,HCT116 OsTIRF74G,"EU 1 mM, 30 mins",No addition,No addition,No addition,0.0,Total Pol II F12,Goat anti-mouse Alexa647,4609,25.86428647153855,1.1575133279179766
21,250203_ARMC5mAC_TotalPolII,D04,HCT116 OsTIRF74G,"EU 1 mM, 30 mins",10 µM 5PhIAA,2,2,2.0,Total Pol II F12,Goat anti-mouse Alexa647,2201,40.890598016768024,1.829991028093103
22,250203_ARMC5mAC_TotalPolII,D05,HCT116 OsTIRF74G ARMC5mAC Clone 5A1,"EU 1 mM, 30 mins",10 µM 5PhIAA,2,2,2.0,Total Pol II F12,Goat anti-mouse Alexa647,2540,30.75664441904175,1.3764627095454962
23,250203_ARMC5mAC_TotalPolII,D06,HCT116 OsTIRF74G ARMC5mAC Clone 5F9,"EU 1 mM, 30 mins",10 µM 5PhIAA,2,2,2.0,Total Pol II F12,Goat anti-mouse Alexa647,4446,32.61799649979403,1.459764440826176
24,250203_ARMC5mAC_TotalPolII,D07,HCT116 OsTIRF74G,"EU 1 mM, 30 mins",Vehicle,2,2,0.0,Total Pol II F12,Goat anti-mouse Alexa647,2443,33.126630696691194,1.482527522366863
25,250203_ARMC5mAC_TotalPolII,D08,HCT116 OsTIRF74G ARMC5mAC Clone 5A1,"EU 1 mM, 30 mins",Vehicle,2,2,0.0,Total Pol II F12,Goat anti-mouse Alexa647,2489,27.889168286871666,1.24813356177929
26,250203_ARMC5mAC_TotalPolII,D09,HCT116 OsTIRF74G ARMC5mAC Clone 5F9,"EU 1 mM, 30 mins",Vehicle,2,2,0.0,Total Pol II F12,Goat anti-mouse Alexa647,4000,27.594140466899944,1.2349300800555763
27,250203_ARMC5mAC_TotalPolII,D10,HCT116 OsTIRF74G,"EU 1 mM, 30 mins",10 µM 5PhIAA,2,2,2.0,Total Pol II F12,Goat anti-mouse Alexa647,2051,37.13767540797343,1.6620351889438303
28,250203_ARMC5mAC_TotalPolII,D11,HCT116 OsTIRF74G ARMC5mAC Clone 5A1,"EU 1 mM, 30 mins",10 µM 5PhIAA,2,2,2.0,Total Pol II F12,Goat anti-mouse Alexa647,2010,33.04088153271911,1.478689960473759
29,250203_ARMC5mAC_TotalPolII,D12,HCT116 OsTIRF74G ARMC5mAC Clone 5F9,"EU 1 mM, 30 mins",10 µM 5PhIAA,2,2,2.0,Total Pol II F12,Goat anti-mouse Alexa647,3987,34.010978938453235,1.5221050640665665
30,250203_ARMC5mAC_TotalPolII,D13,HCT116 OsTIRF74G,"EU 1 mM, 30 mins",Vehicle,2,2,0.0,Total Pol II F12,Goat anti-mouse Alexa647,2029,,
31,250203_ARMC5mAC_TotalPolII,D14,HCT116 OsTIRF74G ARMC5mAC Clone 5A1,"EU 1 mM, 30 mins",Vehicle,2,2,0.0,Total Pol II F12,Goat anti-mouse Alexa647,2027,26.52861458941271,1.1872442331720685
32,250203_ARMC5mAC_TotalPolII,D15,HCT116 OsTIRF74G ARMC5mAC Clone 5F9,"EU 1 mM, 30 mins",Vehicle,2,2,0.0,Total Pol II F12,Goat anti-mouse Alexa647,3642,30.583925386738798,1.3687329551563403
33,250203_ARMC5mAC_TotalPolII,D16,HCT116 OsTIRF74G,"EU 1 mM, 30 mins",10 µM 5PhIAA,2,2,2.0,Total Pol II F12,Goat anti-mouse Alexa647,2101,37.26890750185038,1.667908264076999
34,250203_ARMC5mAC_TotalPolII,D17,HCT116 OsTIRF74G ARMC5mAC Clone 5A1,"EU 1 mM, 30 mins",10 µM 5PhIAA,2,2,2.0,Total Pol II F12,Goat anti-mouse Alexa647,2303,31.763093504992923,1.4215046724135347
35,250203_ARMC5mAC_TotalPolII,D18,HCT116 OsTIRF74G ARMC5mAC Clone 5F9,"EU 1 mM, 30 mins",10 µM 5PhIAA,2,2,2.0,Total Pol II F12,Goat anti-mouse Alexa647,3435,33.139253523083,1.4830924360674822
36,250203_ARMC5mAC_TotalPolII,D19,HCT116 OsTIRF74G,"EU 1 mM, 30 mins",Vehicle,2,2,0.0,Total Pol II F12,Goat anti-mouse Alexa647,1898,37.06082506671024,1.658595879130854
37,250203_ARMC5mAC_TotalPolII,D20,HCT116 OsTIRF74G ARMC5mAC Clone 5A1,"EU 1 mM, 30 mins",Vehicle,2,2,0.0,Total Pol II F12,Goat anti-mouse Alexa647,2836,28.48253623219449,1.2746887619711171
38,250203_ARMC5mAC_TotalPolII,D21,HCT116 OsTIRF74G ARMC5mAC Clone 5F9,"EU 1 mM, 30 mins",Vehicle,2,2,0.0,Total Pol II F12,Goat anti-mouse Alexa647,4143,34.35035198950982,1.5372931432028867
39,250203_ARMC5mAC_TotalPolII,D22,HCT116 OsTIRF74G,"EU 1 mM, 30 mins",No addition,No addition,No addition,0.0,Total Pol II F12,Goat anti-mouse Alexa647,4395,37.694409809639865,1.686950915528767
40,250203_ARMC5mAC_TotalPolII,E03,HCT116 OsTIRF74G,"EU 1 mM, 30 mins",No addition,No addition,No addition,0.0,Total Pol II F12,Goat anti-mouse Alexa647,4501,31.983744342204375,1.4313795353899237
41,250203_ARMC5mAC_TotalPolII,E04,HCT116 OsTIRF74G,"EU 1 mM, 30 mins",10 µM 5PhIAA,8,8,8.0,Total Pol II F12,Goat anti-mouse Alexa647,2300,40.63968542129456,1.818761850217942
42,250203_ARMC5mAC_TotalPolII,E05,HCT116 OsTIRF74G ARMC5mAC Clone 5A1,"EU 1 mM, 30 mins",10 µM 5PhIAA,8,8,8.0,Total Pol II F12,Goat anti-mouse Alexa647,2599,32.49269461653179,1.4541567624527993
43,250203_ARMC5mAC_TotalPolII,E06,HCT116 OsTIRF74G ARMC5mAC Clone 5F9,"EU 1 mM, 30 mins",10 µM 5PhIAA,8,8,8.0,Total Pol II F12,Goat anti-mouse Alexa647,4028,35.17510920725152,1.5742037872634953
44,250203_ARMC5mAC_TotalPolII,E07,HCT116 OsTIRF74G,"EU 1 mM, 30 mins",Vehicle,8,8,0.0,Total Pol II F12,Goat anti-mouse Alexa647,1937,34.39499540679378,1.5392910854452468
45,250203_ARMC5mAC_TotalPolII,E08,HCT116 OsTIRF74G ARMC5mAC Clone 5A1,"EU 1 mM, 30 mins",Vehicle,8,8,0.0,Total Pol II F12,Goat anti-mouse Alexa647,1995,26.57603868267168,1.1893666199648412
46,250203_ARMC5mAC_TotalPolII,E09,HCT116 OsTIRF74G ARMC5mAC Clone 5F9,"EU 1 mM, 30 mins",Vehicle,8,8,0.0,Total Pol II F12,Goat anti-mouse Alexa647,3473,31.10044116716827,1.3918487639216421
47,250203_ARMC5mAC_TotalPolII,E10,HCT116 OsTIRF74G,"EU 1 mM, 30 mins",10 µM 5PhIAA,8,8,8.0,Total Pol II F12,Goat anti-mouse Alexa647,1814,38.636082541604594,1.7290939198983466
48,250203_ARMC5mAC_TotalPolII,E11,HCT116 OsTIRF74G ARMC5mAC Clone 5A1,"EU 1 mM, 30 mins",10 µM 5PhIAA,8,8,8.0,Total Pol II F12,Goat anti-mouse Alexa647,2640,32.499373056685215,1.4544556449870536
49,250203_ARMC5mAC_TotalPolII,E12,HCT116 OsTIRF74G ARMC5mAC Clone 5F9,"EU 1 mM, 30 mins",10 µM 5PhIAA,8,8,8.0,Total Pol II F12,Goat anti-mouse Alexa647,3764,39.64301267750159,1.774157411360429
50,250203_ARMC5mAC_TotalPolII,E13,HCT116 OsTIRF74G,"EU 1 mM, 30 mins",Vehicle,8,8,0.0,Total Pol II F12,Goat anti-mouse Alexa647,1782,33.089079936935036,1.4808470002716942
51,250203_ARMC5mAC_TotalPolII,E14,HCT116 OsTIRF74G ARMC5mAC Clone 5A1,"EU 1 mM, 30 mins",Vehicle,8,8,0.0,Total Pol II F12,Goat anti-mouse Alexa647,2562,26.937416149577643,1.2055394703086229
52,250203_ARMC5mAC_TotalPolII,E15,HCT116 OsTIRF74G ARMC5mAC Clone 5F9,"EU 1 mM, 30 mins",Vehicle,8,8,0.0,Total Pol II F12,Goat anti-mouse Alexa647,3880,29.618390567778192,1.3255220425821381
53,250203_ARMC5mAC_TotalPolII,E16,HCT116 OsTIRF74G,"EU 1 mM, 30 mins",10 µM 5PhIAA,8,8,8.0,Total Pol II F12,Goat anti-mouse Alexa647,2242,,
54,250203_ARMC5mAC_TotalPolII,E17,HCT116 OsTIRF74G ARMC5mAC Clone 5A1,"EU 1 mM, 30 mins",10 µM 5PhIAA,8,8,8.0,Total Pol II F12,Goat anti-mouse Alexa647,2523,,
55,250203_ARMC5mAC_TotalPolII,E18,HCT116 OsTIRF74G ARMC5mAC Clone 5F9,"EU 1 mM, 30 mins",10 µM 5PhIAA,8,8,8.0,Total Pol II F12,Goat anti-mouse Alexa647,4333,,
56,250203_ARMC5mAC_TotalPolII,E19,HCT116 OsTIRF74G,"EU 1 mM, 30 mins",Vehicle,8,8,0.0,Total Pol II F12,Goat anti-mouse Alexa647,2306,,
57,250203_ARMC5mAC_TotalPolII,E20,HCT116 OsTIRF74G ARMC5mAC Clone 5A1,"EU 1 mM, 30 mins",Vehicle,8,8,0.0,Total Pol II F12,Goat anti-mouse Alexa647,2447,,
58,250203_ARMC5mAC_TotalPolII,E21,HCT116 OsTIRF74G ARMC5mAC Clone 5F9,"EU 1 mM, 30 mins",Vehicle,8,8,0.0,Total Pol II F12,Goat anti-mouse Alexa647,4143,29.50571182651973,1.320479292034072
59,250203_ARMC5mAC_TotalPolII,E22,HCT116 OsTIRF74G,"EU 1 mM, 30 mins",No addition,No addition,No addition,0.0,Total Pol II F12,Goat anti-mouse Alexa647,4837,33.807523160878986,1.5129997375212834
60,250203_ARMC5mAC_TotalPolII,F03,HCT116 OsTIRF74G,"EU 1 mM, 30 mins",No addition,No addition,No addition,0.0,Total Pol II F12,Goat anti-mouse Alexa647,3909,24.065756337674372,1.0770230888811967
61,250203_ARMC5mAC_TotalPolII,F04,HCT116 OsTIRF74G,"EU 1 mM, 30 mins",10 µM 5PhIAA,24,24,24.0,Total Pol II F12,Goat anti-mouse Alexa647,1404,39.52792467869483,1.7690068384788293
62,250203_ARMC5mAC_TotalPolII,F05,HCT116 OsTIRF74G ARMC5mAC Clone 5A1,"EU 1 mM, 30 mins",10 µM 5PhIAA,24,24,24.0,Total Pol II F12,Goat anti-mouse Alexa647,2253,31.206908970488342,1.3966135542232323
63,250203_ARMC5mAC_TotalPolII,F06,HCT116 OsTIRF74G ARMC5mAC Clone 5F9,"EU 1 mM, 30 mins",10 µM 5PhIAA,24,24,24.0,Total Pol II F12,Goat anti-mouse Alexa647,3864,34.32877502426919,1.5363275018398617
64,250203_ARMC5mAC_TotalPolII,F07,HCT116 OsTIRF74G,"EU 1 mM, 30 mins",Vehicle,24,24,0.0,Total Pol II F12,Goat anti-mouse Alexa647,1757,35.77809528538165,1.6011894310682322
65,250203_ARMC5mAC_TotalPolII,F08,HCT116 OsTIRF74G ARMC5mAC Clone 5A1,"EU 1 mM, 30 mins",Vehicle,24,24,0.0,Total Pol II F12,Goat anti-mouse Alexa647,2514,27.74565181466491,1.2417107196282842
66,250203_ARMC5mAC_TotalPolII,F09,HCT116 OsTIRF74G ARMC5mAC Clone 5F9,"EU 1 mM, 30 mins",Vehicle,24,24,0.0,Total Pol II F12,Goat anti-mouse Alexa647,4453,31.629644239849625,1.4155323714504207
67,250203_ARMC5mAC_TotalPolII,F10,HCT116 OsTIRF74G,"EU 1 mM, 30 mins",10 µM 5PhIAA,24,24,24.0,Total Pol II F12,Goat anti-mouse Alexa647,1793,48.82628823980113,2.18513970808848
68,250203_ARMC5mAC_TotalPolII,F11,HCT116 OsTIRF74G ARMC5mAC Clone 5A1,"EU 1 mM, 30 mins",10 µM 5PhIAA,24,24,24.0,Total Pol II F12,Goat anti-mouse Alexa647,2683,42.12787830147198,1.8853634591667752
69,250203_ARMC5mAC_TotalPolII,F12,HCT116 OsTIRF74G ARMC5mAC Clone 5F9,"EU 1 mM, 30 mins",10 µM 5PhIAA,24,24,24.0,Total Pol II F12,Goat anti-mouse Alexa647,4173,49.03021068310156,2.194265919485867
70,250203_ARMC5mAC_TotalPolII,F13,HCT116 OsTIRF74G,"EU 1 mM, 30 mins",Vehicle,24,24,0.0,Total Pol II F12,Goat anti-mouse Alexa647,2113,33.626377779849776,1.5048928758430065
71,250203_ARMC5mAC_TotalPolII,F14,HCT116 OsTIRF74G ARMC5mAC Clone 5A1,"EU 1 mM, 30 mins",Vehicle,24,24,0.0,Total Pol II F12,Goat anti-mouse Alexa647,2524,29.765541003383788,1.332107516749765
72,250203_ARMC5mAC_TotalPolII,F15,HCT116 OsTIRF74G ARMC5mAC Clone 5F9,"EU 1 mM, 30 mins",Vehicle,24,24,0.0,Total Pol II F12,Goat anti-mouse Alexa647,4118,28.468807450124757,1.2740743530548193
73,250203_ARMC5mAC_TotalPolII,F16,HCT116 OsTIRF74G,"EU 1 mM, 30 mins",10 µM 5PhIAA,24,24,24.0,Total Pol II F12,Goat anti-mouse Alexa647,1584,40.32090249125207,1.8044952478648104
74,250203_ARMC5mAC_TotalPolII,F17,HCT116 OsTIRF74G ARMC5mAC Clone 5A1,"EU 1 mM, 30 mins",10 µM 5PhIAA,24,24,24.0,Total Pol II F12,Goat anti-mouse Alexa647,2668,33.26458673512968,1.488701516508748
75,250203_ARMC5mAC_TotalPolII,F18,HCT116 OsTIRF74G ARMC5mAC Clone 5F9,"EU 1 mM, 30 mins",10 µM 5PhIAA,24,24,24.0,Total Pol II F12,Goat anti-mouse Alexa647,3888,33.44210848986589,1.4966462087904648
76,250203_ARMC5mAC_TotalPolII,F19,HCT116 OsTIRF74G,"EU 1 mM, 30 mins",Vehicle,24,24,0.0,Total Pol II F12,Goat anti-mouse Alexa647,2109,37.754522360367105,1.689641153232347
77,250203_ARMC5mAC_TotalPolII,F20,HCT116 OsTIRF74G ARMC5mAC Clone 5A1,"EU 1 mM, 30 mins",Vehicle,24,24,0.0,Total Pol II F12,Goat anti-mouse Alexa647,2410,30.292516771655073,1.3556914449565245
78,250203_ARMC5mAC_TotalPolII,F21,HCT116 OsTIRF74G ARMC5mAC Clone 5F9,"EU 1 mM, 30 mins",Vehicle,24,24,0.0,Total Pol II F12,Goat anti-mouse Alexa647,4020,28.060710477376745,1.2558106485618066
79,250203_ARMC5mAC_TotalPolII,F22,HCT116 OsTIRF74G,"EU 1 mM, 30 mins",No addition,No addition,No addition,0.0,Total Pol II F12,Goat anti-mouse Alexa647,4850,35.37515498644248,1.5831565049756995
80,250203_ARMC5mAC_TotalPolII,G03,HCT116 OsTIRF74G,"EU 1 mM, 30 mins",No addition,No addition,No addition,0.0,Total Pol II F12,Goat anti-mouse Alexa647,3075,24.988115066695883,1.1183017270194935
81,250203_ARMC5mAC_TotalPolII,G04,HCT116 OsTIRF74G,"EU 1 mM, 30 mins",10 µM 5PhIAA,48,48,48.0,Total Pol II F12,Goat anti-mouse Alexa647,1891,32.34991662418787,1.44776696974565
82,250203_ARMC5mAC_TotalPolII,G05,HCT116 OsTIRF74G ARMC5mAC Clone 5A1,"EU 1 mM, 30 mins",10 µM 5PhIAA,48,48,48.0,Total Pol II F12,Goat anti-mouse Alexa647,2088,24.893771284322753,1.1140795272065096
83,250203_ARMC5mAC_TotalPolII,G06,HCT116 OsTIRF74G ARMC5mAC Clone 5F9,"EU 1 mM, 30 mins",10 µM 5PhIAA,48,48,48.0,Total Pol II F12,Goat anti-mouse Alexa647,4554,25.768785679100347,1.1532393480347274
84,250203_ARMC5mAC_TotalPolII,G07,HCT116 OsTIRF74G,"EU 1 mM, 30 mins",Vehicle,48,48,0.0,Total Pol II F12,Goat anti-mouse Alexa647,2241,29.114897348771763,1.3029890369970976
85,250203_ARMC5mAC_TotalPolII,G08,HCT116 OsTIRF74G ARMC5mAC Clone 5A1,"EU 1 mM, 30 mins",Vehicle,48,48,0.0,Total Pol II F12,Goat anti-mouse Alexa647,2561,27.652708849189963,1.2375512110568083
86,250203_ARMC5mAC_TotalPolII,G09,HCT116 OsTIRF74G ARMC5mAC Clone 5F9,"EU 1 mM, 30 mins",Vehicle,48,48,0.0,Total Pol II F12,Goat anti-mouse Alexa647,4228,22.882071991623405,1.02404925532466
87,250203_ARMC5mAC_TotalPolII,G10,HCT116 OsTIRF74G,"EU 1 mM, 30 mins",10 µM 5PhIAA,48,48,48.0,Total Pol II F12,Goat anti-mouse Alexa647,1877,35.36928256387941,1.5828936944245018
88,250203_ARMC5mAC_TotalPolII,G11,HCT116 OsTIRF74G ARMC5mAC Clone 5A1,"EU 1 mM, 30 mins",10 µM 5PhIAA,48,48,48.0,Total Pol II F12,Goat anti-mouse Alexa647,2422,23.10799932606608,1.0341602592004542
89,250203_ARMC5mAC_TotalPolII,G12,HCT116 OsTIRF74G ARMC5mAC Clone 5F9,"EU 1 mM, 30 mins",10 µM 5PhIAA,48,48,48.0,Total Pol II F12,Goat anti-mouse Alexa647,4479,28.13982739438751,1.259351395220506
90,250203_ARMC5mAC_TotalPolII,G13,HCT116 OsTIRF74G,"EU 1 mM, 30 mins",Vehicle,48,48,0.0,Total Pol II F12,Goat anti-mouse Alexa647,1944,29.943503932873256,1.340071953077288
91,250203_ARMC5mAC_TotalPolII,G14,HCT116 OsTIRF74G ARMC5mAC Clone 5A1,"EU 1 mM, 30 mins",Vehicle,48,48,0.0,Total Pol II F12,Goat anti-mouse Alexa647,2378,22.653339260963918,1.0138127005849507
92,250203_ARMC5mAC_TotalPolII,G15,HCT116 OsTIRF74G ARMC5mAC Clone 5F9,"EU 1 mM, 30 mins",Vehicle,48,48,0.0,Total Pol II F12,Goat anti-mouse Alexa647,3855,24.15143834660941,1.0808576453617798
93,250203_ARMC5mAC_TotalPolII,G16,HCT116 OsTIRF74G,"EU 1 mM, 30 mins",10 µM 5PhIAA,48,48,48.0,Total Pol II F12,Goat anti-mouse Alexa647,2634,31.33974747319519,1.4025585215244971
94,250203_ARMC5mAC_TotalPolII,G17,HCT116 OsTIRF74G ARMC5mAC Clone 5A1,"EU 1 mM, 30 mins",10 µM 5PhIAA,48,48,48.0,Total Pol II F12,Goat anti-mouse Alexa647,2669,28.6032322819145,1.280090313888341
95,250203_ARMC5mAC_TotalPolII,G18,HCT116 OsTIRF74G ARMC5mAC Clone 5F9,"EU 1 mM, 30 mins",10 µM 5PhIAA,48,48,48.0,Total Pol II F12,Goat anti-mouse Alexa647,4285,27.805692467551097,1.2443977396630002
96,250203_ARMC5mAC_TotalPolII,G19,HCT116 OsTIRF74G,"EU 1 mM, 30 mins",Vehicle,48,48,0.0,Total Pol II F12,Goat anti-mouse Alexa647,1998,30.99853513336498,1.3872881280636853
97,250203_ARMC5mAC_TotalPolII,G20,HCT116 OsTIRF74G ARMC5mAC Clone 5A1,"EU 1 mM, 30 mins",Vehicle,48,48,0.0,Total Pol II F12,Goat anti-mouse Alexa647,2083,23.27964475753805,1.0418419663615495
98,250203_ARMC5mAC_TotalPolII,G21,HCT116 OsTIRF74G ARMC5mAC Clone 5F9,"EU 1 mM, 30 mins",Vehicle,48,48,0.0,Total Pol II F12,Goat anti-mouse Alexa647,3296,27.187424099172063,1.2167281622549262
99,250203_ARMC5mAC_TotalPolII,G22,HCT116 OsTIRF74G,"EU 1 mM, 30 mins",No addition,No addition,No addition,0.0,Total Pol II F12,Goat anti-mouse Alexa647,4345,34.68027453154889,1.552058280451542
100,250203_ARMC5mAC_TotalPolII,H03,HCT116 OsTIRF74G,"EU 1 mM, 30 mins",No addition,No addition,No addition,0.0,Total Pol II F12,Goat anti-mouse Alexa647,3548,22.556412945579495,1.0094749237819094
104,250203_ARMC5mAC_TotalPolII,H07,HCT116 OsTIRF74G,"EU 1 mM, 30 mins",Vehicle,72,72,0.0,Total Pol II F12,Goat anti-mouse Alexa647,2111,31.493958508089236,1.4094599811258786
105,250203_ARMC5mAC_TotalPolII,H08,HCT116 OsTIRF74G ARMC5mAC Clone 5A1,"EU 1 mM, 30 mins",Vehicle,72,72,0.0,Total Pol II F12,Goat anti-mouse Alexa647,1997,26.467669908145808,1.1845167548436104
106,250203_ARMC5mAC_TotalPolII,H09,HCT116 OsTIRF74G ARMC5mAC Clone 5F9,"EU 1 mM, 30 mins",Vehicle,72,72,0.0,Total Pol II F12,Goat anti-mouse Alexa647,4354,22.038150334052517,0.9862809384823658
110,250203_ARMC5mAC_TotalPolII,H13,HCT116 OsTIRF74G,"EU 1 mM, 30 mins",Vehicle,72,72,0.0,Total Pol II F12,Goat anti-mouse Alexa647,2440,28.433013420284766,1.272472450499136
111,250203_ARMC5mAC_TotalPolII,H14,HCT116 OsTIRF74G ARMC5mAC Clone 5A1,"EU 1 mM, 30 mins",Vehicle,72,72,0.0,Total Pol II F12,Goat anti-mouse Alexa647,2552,28.769324755516692,1.2875235076117773
112,250203_ARMC5mAC_TotalPolII,H15,HCT116 OsTIRF74G ARMC5mAC Clone 5F9,"EU 1 mM, 30 mins",Vehicle,72,72,0.0,Total Pol II F12,Goat anti-mouse Alexa647,3852,23.673489535467354,1.059467837467088
116,250203_ARMC5mAC_TotalPolII,H19,HCT116 OsTIRF74G,"EU 1 mM, 30 mins",Vehicle,72,72,0.0,Total Pol II F12,Goat anti-mouse Alexa647,1689,29.585036959841432,1.324029357069107
117,250203_ARMC5mAC_TotalPolII,H20,HCT116 OsTIRF74G ARMC5mAC Clone 5A1,"EU 1 mM, 30 mins",Vehicle,72,72,0.0,Total Pol II F12,Goat anti-mouse Alexa647,2001,23.17464795412127,1.0371430082256872
118,250203_ARMC5mAC_TotalPolII,H21,HCT116 OsTIRF74G ARMC5mAC Clone 5F9,"EU 1 mM, 30 mins",Vehicle,72,72,0.0,Total Pol II F12,Goat anti-mouse Alexa647,3486,85.91141215661446,3.8448230420338465
119,250203_ARMC5mAC_TotalPolII,H22,HCT116 OsTIRF74G,"EU 1 mM, 30 mins",No addition,No addition,No addition,0.0,Total Pol II F12,Goat anti-mouse Alexa647,4338,32.86014872456292,1.4706015628114826
120,250203_ARMC5mAC_TotalPolII,I03,HCT116 OsTIRF74G,"EU 1 mM, 30 mins",No addition,No addition,No addition,0.0,Total Pol II F12,Goat anti-mouse Alexa647,4005,73.3029374757021,3.2805516284793916
121,250203_ARMC5mAC_TotalPolII,I04,HCT116 OsTIRF74G,"EU 1 mM, 30 mins",Vehicle,2,2,0.0,Total Pol II F12,Goat anti-mouse Alexa647,1735,25.505662113222172,1.1414636883919052
122,250203_ARMC5mAC_TotalPolII,I05,HCT116 OsTIRF74G ARMC5mAC Clone 5A1,"EU 1 mM, 30 mins",Vehicle,2,2,0.0,Total Pol II F12,Goat anti-mouse Alexa647,1890,18.164561888704952,0.8129248995561481
123,250203_ARMC5mAC_TotalPolII,I06,HCT116 OsTIRF74G ARMC5mAC Clone 5F9,"EU 1 mM, 30 mins",Vehicle,2,2,0.0,Total Pol II F12,Goat anti-mouse Alexa647,4738,20.68526884751165,0.9257349669749838
124,250203_ARMC5mAC_TotalPolII,I07,HCT116 OsTIRF74G,"EU 1 mM, 30 mins",10 µM 5PhIAA,2,2,2.0,Total Pol II F12,Goat anti-mouse Alexa647,1700,29.65062262594634,1.3269645349917747
125,250203_ARMC5mAC_TotalPolII,I08,HCT116 OsTIRF74G ARMC5mAC Clone 5A1,"EU 1 mM, 30 mins",10 µM 5PhIAA,2,2,2.0,Total Pol II F12,Goat anti-mouse Alexa647,2593,24.925808963150075,1.1155133204905034
126,250203_ARMC5mAC_TotalPolII,I09,HCT116 OsTIRF74G ARMC5mAC Clone 5F9,"EU 1 mM, 30 mins",10 µM 5PhIAA,2,2,2.0,Total Pol II F12,Goat anti-mouse Alexa647,4801,29.10175813626367,1.3024010132906172
127,250203_ARMC5mAC_TotalPolII,I10,HCT116 OsTIRF74G,"EU 1 mM, 30 mins",Vehicle,2,2,0.0,Total Pol II F12,Goat anti-mouse Alexa647,1858,23.9065858841156,1.0698996787067938
128,250203_ARMC5mAC_TotalPolII,I11,HCT116 OsTIRF74G ARMC5mAC Clone 5A1,"EU 1 mM, 30 mins",Vehicle,2,2,0.0,Total Pol II F12,Goat anti-mouse Alexa647,2463,21.246901332720796,0.9508698991810841
129,250203_ARMC5mAC_TotalPolII,I12,HCT116 OsTIRF74G ARMC5mAC Clone 5F9,"EU 1 mM, 30 mins",Vehicle,2,2,0.0,Total Pol II F12,Goat anti-mouse Alexa647,4711,21.172037919300436,0.9475195110347552
130,250203_ARMC5mAC_TotalPolII,I13,HCT116 OsTIRF74G,"EU 1 mM, 30 mins",10 µM 5PhIAA,2,2,2.0,Total Pol II F12,Goat anti-mouse Alexa647,2368,26.275264017275504,1.175905947686901
131,250203_ARMC5mAC_TotalPolII,I14,HCT116 OsTIRF74G ARMC5mAC Clone 5A1,"EU 1 mM, 30 mins",10 µM 5PhIAA,2,2,2.0,Total Pol II F12,Goat anti-mouse Alexa647,2470,22.027097819535726,0.9857863014903779
132,250203_ARMC5mAC_TotalPolII,I15,HCT116 OsTIRF74G ARMC5mAC Clone 5F9,"EU 1 mM, 30 mins",10 µM 5PhIAA,2,2,2.0,Total Pol II F12,Goat anti-mouse Alexa647,4293,24.037356924919976,1.0757521201728804
133,250203_ARMC5mAC_TotalPolII,I16,HCT116 OsTIRF74G,"EU 1 mM, 30 mins",Vehicle,2,2,0.0,Total Pol II F12,Goat anti-mouse Alexa647,1782,24.063689070055574,1.0769305717408626
134,250203_ARMC5mAC_TotalPolII,I17,HCT116 OsTIRF74G ARMC5mAC Clone 5A1,"EU 1 mM, 30 mins",Vehicle,2,2,0.0,Total Pol II F12,Goat anti-mouse Alexa647,2647,21.0626274801034,0.9426230279354325
135,250203_ARMC5mAC_TotalPolII,I18,HCT116 OsTIRF74G ARMC5mAC Clone 5F9,"EU 1 mM, 30 mins",Vehicle,2,2,0.0,Total Pol II F12,Goat anti-mouse Alexa647,4281,20.03797709015413,0.8967664958355512
136,250203_ARMC5mAC_TotalPolII,I19,HCT116 OsTIRF74G,"EU 1 mM, 30 mins",10 µM 5PhIAA,2,2,2.0,Total Pol II F12,Goat anti-mouse Alexa647,1791,29.57909336929214,1.3237633615124902
137,250203_ARMC5mAC_TotalPolII,I20,HCT116 OsTIRF74G ARMC5mAC Clone 5A1,"EU 1 mM, 30 mins",10 µM 5PhIAA,2,2,2.0,Total Pol II F12,Goat anti-mouse Alexa647,2109,24.438961178060083,1.0937252537472304
138,250203_ARMC5mAC_TotalPolII,I21,HCT116 OsTIRF74G ARMC5mAC Clone 5F9,"EU 1 mM, 30 mins",10 µM 5PhIAA,2,2,2.0,Total Pol II F12,Goat anti-mouse Alexa647,3263,26.386079628031922,1.1808653169133854
139,250203_ARMC5mAC_TotalPolII,I22,HCT116 OsTIRF74G,"EU 1 mM, 30 mins",No addition,No addition,No addition,0.0,Total Pol II F12,Goat anti-mouse Alexa647,4377,30.38885894033541,1.3600030792407614
140,250203_ARMC5mAC_TotalPolII,J03,HCT116 OsTIRF74G,"EU 1 mM, 30 mins",No addition,No addition,No addition,0.0,Total Pol II F12,Goat anti-mouse Alexa647,3937,19.21322938871174,0.8598562776611661
141,250203_ARMC5mAC_TotalPolII,J04,HCT116 OsTIRF74G,"EU 1 mM, 30 mins",Vehicle,8,8,0.0,Total Pol II F12,Goat anti-mouse Alexa647,2256,27.518156473347943,1.2315295422003505
142,250203_ARMC5mAC_TotalPolII,J05,HCT116 OsTIRF74G ARMC5mAC Clone 5A1,"EU 1 mM, 30 mins",Vehicle,8,8,0.0,Total Pol II F12,Goat anti-mouse Alexa647,1962,20.38332806492207,0.9122221070523246
143,250203_ARMC5mAC_TotalPolII,J06,HCT116 OsTIRF74G ARMC5mAC Clone 5F9,"EU 1 mM, 30 mins",Vehicle,8,8,0.0,Total Pol II F12,Goat anti-mouse Alexa647,4534,22.543324812258476,1.0088891860398952
144,250203_ARMC5mAC_TotalPolII,J07,HCT116 OsTIRF74G,"EU 1 mM, 30 mins",10 µM 5PhIAA,8,8,8.0,Total Pol II F12,Goat anti-mouse Alexa647,1829,30.694741418644952,1.373692343230684
145,250203_ARMC5mAC_TotalPolII,J08,HCT116 OsTIRF74G ARMC5mAC Clone 5A1,"EU 1 mM, 30 mins",10 µM 5PhIAA,8,8,8.0,Total Pol II F12,Goat anti-mouse Alexa647,2675,24.032897178378022,1.0755525315986072
146,250203_ARMC5mAC_TotalPolII,J09,HCT116 OsTIRF74G ARMC5mAC Clone 5F9,"EU 1 mM, 30 mins",10 µM 5PhIAA,8,8,8.0,Total Pol II F12,Goat anti-mouse Alexa647,4705,27.330071591539337,1.2231121146516373
147,250203_ARMC5mAC_TotalPolII,J10,HCT116 OsTIRF74G,"EU 1 mM, 30 mins",Vehicle,8,8,0.0,Total Pol II F12,Goat anti-mouse Alexa647,2007,28.87137482519435,1.2920905895568693
148,250203_ARMC5mAC_TotalPolII,J11,HCT116 OsTIRF74G ARMC5mAC Clone 5A1,"EU 1 mM, 30 mins",Vehicle,8,8,0.0,Total Pol II F12,Goat anti-mouse Alexa647,2306,22.288607389906105,0.9974897294358932
149,250203_ARMC5mAC_TotalPolII,J12,HCT116 OsTIRF74G ARMC5mAC Clone 5F9,"EU 1 mM, 30 mins",Vehicle,8,8,0.0,Total Pol II F12,Goat anti-mouse Alexa647,4484,22.277209123961143,0.9969796189110595
150,250203_ARMC5mAC_TotalPolII,J13,HCT116 OsTIRF74G,"EU 1 mM, 30 mins",10 µM 5PhIAA,8,8,8.0,Total Pol II F12,Goat anti-mouse Alexa647,2520,30.651262409749933,1.3717465121583277
151,250203_ARMC5mAC_TotalPolII,J14,HCT116 OsTIRF74G ARMC5mAC Clone 5A1,"EU 1 mM, 30 mins",10 µM 5PhIAA,8,8,8.0,Total Pol II F12,Goat anti-mouse Alexa647,2020,27.17792097709659,1.2163028657569426
152,250203_ARMC5mAC_TotalPolII,J15,HCT116 OsTIRF74G ARMC5mAC Clone 5F9,"EU 1 mM, 30 mins",10 µM 5PhIAA,8,8,8.0,Total Pol II F12,Goat anti-mouse Alexa647,3990,28.236878915368436,1.2636947753927659
153,250203_ARMC5mAC_TotalPolII,J16,HCT116 OsTIRF74G,"EU 1 mM, 30 mins",Vehicle,8,8,0.0,Total Pol II F12,Goat anti-mouse Alexa647,1903,27.263183822506477,1.2201186632677983
154,250203_ARMC5mAC_TotalPolII,J17,HCT116 OsTIRF74G ARMC5mAC Clone 5A1,"EU 1 mM, 30 mins",Vehicle,8,8,0.0,Total Pol II F12,Goat anti-mouse Alexa647,2421,23.231403761733077,1.039683020447548
155,250203_ARMC5mAC_TotalPolII,J18,HCT116 OsTIRF74G ARMC5mAC Clone 5F9,"EU 1 mM, 30 mins",Vehicle,8,8,0.0,Total Pol II F12,Goat anti-mouse Alexa647,3287,24.384453016464477,1.0912858312022995
156,250203_ARMC5mAC_TotalPolII,J19,HCT116 OsTIRF74G,"EU 1 mM, 30 mins",10 µM 5PhIAA,8,8,8.0,Total Pol II F12,Goat anti-mouse Alexa647,1728,31.76747357574115,1.421700695229547
157,250203_ARMC5mAC_TotalPolII,J20,HCT116 OsTIRF74G ARMC5mAC Clone 5A1,"EU 1 mM, 30 mins",10 µM 5PhIAA,8,8,8.0,Total Pol II F12,Goat anti-mouse Alexa647,2357,26.88238663244198,1.2030767153594957
158,250203_ARMC5mAC_TotalPolII,J21,HCT116 OsTIRF74G ARMC5mAC Clone 5F9,"EU 1 mM, 30 mins",10 µM 5PhIAA,8,8,8.0,Total Pol II F12,Goat anti-mouse Alexa647,3461,100.1469611187944,4.481911471752743
159,250203_ARMC5mAC_TotalPolII,J22,HCT116 OsTIRF74G,"EU 1 mM, 30 mins",No addition,No addition,No addition,0.0,Total Pol II F12,Goat anti-mouse Alexa647,4796,36.72921313015357,1.6437551358270157
160,250203_ARMC5mAC_TotalPolII,K03,HCT116 OsTIRF74G,"EU 1 mM, 30 mins",No addition,No addition,No addition,0.0,Total Pol II F12,Goat anti-mouse Alexa647,3992,19.13226671109939,0.8562329270420279
161,250203_ARMC5mAC_TotalPolII,K04,HCT116 OsTIRF74G,"EU 1 mM, 30 mins",Vehicle,24,24,0.0,Total Pol II F12,Goat anti-mouse Alexa647,1362,24.770905308720472,1.1085808638483001
162,250203_ARMC5mAC_TotalPolII,K05,HCT116 OsTIRF74G ARMC5mAC Clone 5A1,"EU 1 mM, 30 mins",Vehicle,24,24,0.0,Total Pol II F12,Goat anti-mouse Alexa647,2203,17.071673528572745,0.7640144900549422
163,250203_ARMC5mAC_TotalPolII,K06,HCT116 OsTIRF74G ARMC5mAC Clone 5F9,"EU 1 mM, 30 mins",Vehicle,24,24,0.0,Total Pol II F12,Goat anti-mouse Alexa647,4637,20.354174265025478,0.9109173769961953
164,250203_ARMC5mAC_TotalPolII,K07,HCT116 OsTIRF74G,"EU 1 mM, 30 mins",10 µM 5PhIAA,24,24,24.0,Total Pol II F12,Goat anti-mouse Alexa647,1583,28.391079764626255,1.2705957791528584
165,250203_ARMC5mAC_TotalPolII,K08,HCT116 OsTIRF74G ARMC5mAC Clone 5A1,"EU 1 mM, 30 mins",10 µM 5PhIAA,24,24,24.0,Total Pol II F12,Goat anti-mouse Alexa647,2553,24.146804793472484,1.0806502783610503
166,250203_ARMC5mAC_TotalPolII,K09,HCT116 OsTIRF74G ARMC5mAC Clone 5F9,"EU 1 mM, 30 mins",10 µM 5PhIAA,24,24,24.0,Total Pol II F12,Goat anti-mouse Alexa647,4576,25.064212471734436,1.1217073404180702
167,250203_ARMC5mAC_TotalPolII,K10,HCT116 OsTIRF74G,"EU 1 mM, 30 mins",Vehicle,24,24,0.0,Total Pol II F12,Goat anti-mouse Alexa647,2167,25.772519201251583,1.1534064356385123
168,250203_ARMC5mAC_TotalPolII,K11,HCT116 OsTIRF74G ARMC5mAC Clone 5A1,"EU 1 mM, 30 mins",Vehicle,24,24,0.0,Total Pol II F12,Goat anti-mouse Alexa647,2802,18.46123631924175,0.8262020726100696
169,250203_ARMC5mAC_TotalPolII,K12,HCT116 OsTIRF74G ARMC5mAC Clone 5F9,"EU 1 mM, 30 mins",Vehicle,24,24,0.0,Total Pol II F12,Goat anti-mouse Alexa647,4300,21.323623922092253,0.9543034916696133
170,250203_ARMC5mAC_TotalPolII,K13,HCT116 OsTIRF74G,"EU 1 mM, 30 mins",10 µM 5PhIAA,24,24,24.0,Total Pol II F12,Goat anti-mouse Alexa647,1696,27.478256517682098,1.229743885730864
171,250203_ARMC5mAC_TotalPolII,K14,HCT116 OsTIRF74G ARMC5mAC Clone 5A1,"EU 1 mM, 30 mins",10 µM 5PhIAA,24,24,24.0,Total Pol II F12,Goat anti-mouse Alexa647,2113,21.960333333584032,0.9827983674367662
172,250203_ARMC5mAC_TotalPolII,K15,HCT116 OsTIRF74G ARMC5mAC Clone 5F9,"EU 1 mM, 30 mins",10 µM 5PhIAA,24,24,24.0,Total Pol II F12,Goat anti-mouse Alexa647,4211,23.95147905786237,1.0719087983862254
173,250203_ARMC5mAC_TotalPolII,K16,HCT116 OsTIRF74G,"EU 1 mM, 30 mins",Vehicle,24,24,0.0,Total Pol II F12,Goat anti-mouse Alexa647,2002,24.38954960086639,1.0915139204008384
174,250203_ARMC5mAC_TotalPolII,K17,HCT116 OsTIRF74G ARMC5mAC Clone 5A1,"EU 1 mM, 30 mins",Vehicle,24,24,0.0,Total Pol II F12,Goat anti-mouse Alexa647,2564,18.017861600365848,0.8063595709843051
175,250203_ARMC5mAC_TotalPolII,K18,HCT116 OsTIRF74G ARMC5mAC Clone 5F9,"EU 1 mM, 30 mins",Vehicle,24,24,0.0,Total Pol II F12,Goat anti-mouse Alexa647,4379,20.830170947547202,0.9322198206058396
176,250203_ARMC5mAC_TotalPolII,K19,HCT116 OsTIRF74G,"EU 1 mM, 30 mins",10 µM 5PhIAA,24,24,24.0,Total Pol II F12,Goat anti-mouse Alexa647,2451,29.78707896529437,1.333071412583316
177,250203_ARMC5mAC_TotalPolII,K20,HCT116 OsTIRF74G ARMC5mAC Clone 5A1,"EU 1 mM, 30 mins",10 µM 5PhIAA,24,24,24.0,Total Pol II F12,Goat anti-mouse Alexa647,2122,19.08400726592697,0.8540731554571256
178,250203_ARMC5mAC_TotalPolII,K21,HCT116 OsTIRF74G ARMC5mAC Clone 5F9,"EU 1 mM, 30 mins",10 µM 5PhIAA,24,24,24.0,Total Pol II F12,Goat anti-mouse Alexa647,2981,27.57831113547911,1.2342216645301063
179,250203_ARMC5mAC_TotalPolII,K22,HCT116 OsTIRF74G,"EU 1 mM, 30 mins",No addition,No addition,No addition,0.0,Total Pol II F12,Goat anti-mouse Alexa647,4501,27.31375832343491,1.2223820413409525
180,250203_ARMC5mAC_TotalPolII,L03,HCT116 OsTIRF74G,"EU 1 mM, 30 mins",No addition,No addition,No addition,0.0,Total Pol II F12,Goat anti-mouse Alexa647,4647,18.155955884895917,0.8125397521011802
181,250203_ARMC5mAC_TotalPolII,L04,HCT116 OsTIRF74G,"EU 1 mM, 30 mins",Vehicle,48,48,0.0,Total Pol II F12,Goat anti-mouse Alexa647,1483,22.504345344440708,1.0071447244803673
182,250203_ARMC5mAC_TotalPolII,L05,HCT116 OsTIRF74G ARMC5mAC Clone 5A1,"EU 1 mM, 30 mins",Vehicle,48,48,0.0,Total Pol II F12,Goat anti-mouse Alexa647,2169,15.832872129081949,0.7085739840068841
183,250203_ARMC5mAC_TotalPolII,L06,HCT116 OsTIRF74G ARMC5mAC Clone 5F9,"EU 1 mM, 30 mins",Vehicle,48,48,0.0,Total Pol II F12,Goat anti-mouse Alexa647,3994,17.501723540555645,0.7832606664800782
184,250203_ARMC5mAC_TotalPolII,L07,HCT116 OsTIRF74G,"EU 1 mM, 30 mins",10 µM 5PhIAA,48,48,48.0,Total Pol II F12,Goat anti-mouse Alexa647,2339,24.74433543675471,1.1073917732095429
185,250203_ARMC5mAC_TotalPolII,L08,HCT116 OsTIRF74G ARMC5mAC Clone 5A1,"EU 1 mM, 30 mins",10 µM 5PhIAA,48,48,48.0,Total Pol II F12,Goat anti-mouse Alexa647,2005,19.750597177742208,0.8839052835551061
186,250203_ARMC5mAC_TotalPolII,L09,HCT116 OsTIRF74G ARMC5mAC Clone 5F9,"EU 1 mM, 30 mins",10 µM 5PhIAA,48,48,48.0,Total Pol II F12,Goat anti-mouse Alexa647,4025,22.261207807646997,0.9962635064863754
187,250203_ARMC5mAC_TotalPolII,L10,HCT116 OsTIRF74G,"EU 1 mM, 30 mins",Vehicle,48,48,0.0,Total Pol II F12,Goat anti-mouse Alexa647,1531,23.447879195799032,1.0493710201676991
188,250203_ARMC5mAC_TotalPolII,L11,HCT116 OsTIRF74G ARMC5mAC Clone 5A1,"EU 1 mM, 30 mins",Vehicle,48,48,0.0,Total Pol II F12,Goat anti-mouse Alexa647,1881,15.736525781158207,0.7042621626875265
189,250203_ARMC5mAC_TotalPolII,L12,HCT116 OsTIRF74G ARMC5mAC Clone 5F9,"EU 1 mM, 30 mins",Vehicle,48,48,0.0,Total Pol II F12,Goat anti-mouse Alexa647,3611,18.404848047819,0.823678508861968
190,250203_ARMC5mAC_TotalPolII,L13,HCT116 OsTIRF74G,"EU 1 mM, 30 mins",10 µM 5PhIAA,48,48,48.0,Total Pol II F12,Goat anti-mouse Alexa647,1979,22.597689179929432,1.0113221733257503
191,250203_ARMC5mAC_TotalPolII,L14,HCT116 OsTIRF74G ARMC5mAC Clone 5A1,"EU 1 mM, 30 mins",10 µM 5PhIAA,48,48,48.0,Total Pol II F12,Goat anti-mouse Alexa647,1716,21.495737625082512,0.9620061555473803
192,250203_ARMC5mAC_TotalPolII,L15,HCT116 OsTIRF74G ARMC5mAC Clone 5F9,"EU 1 mM, 30 mins",10 µM 5PhIAA,48,48,48.0,Total Pol II F12,Goat anti-mouse Alexa647,4713,23.457849687587156,1.049817233023536
193,250203_ARMC5mAC_TotalPolII,L16,HCT116 OsTIRF74G,"EU 1 mM, 30 mins",Vehicle,48,48,0.0,Total Pol II F12,Goat anti-mouse Alexa647,1821,30.616728211765405,1.3702009912919377
194,250203_ARMC5mAC_TotalPolII,L17,HCT116 OsTIRF74G ARMC5mAC Clone 5A1,"EU 1 mM, 30 mins",Vehicle,48,48,0.0,Total Pol II F12,Goat anti-mouse Alexa647,2075,17.865235968709783,0.7995290634805238
195,250203_ARMC5mAC_TotalPolII,L18,HCT116 OsTIRF74G ARMC5mAC Clone 5F9,"EU 1 mM, 30 mins",Vehicle,48,48,0.0,Total Pol II F12,Goat anti-mouse Alexa647,3460,18.661537187673588,0.8351662064190007
196,250203_ARMC5mAC_TotalPolII,L19,HCT116 OsTIRF74G,"EU 1 mM, 30 mins",10 µM 5PhIAA,48,48,48.0,Total Pol II F12,Goat anti-mouse Alexa647,1642,27.160940516041762,1.2155429333301662
197,250203_ARMC5mAC_TotalPolII,L20,HCT116 OsTIRF74G ARMC5mAC Clone 5A1,"EU 1 mM, 30 mins",10 µM 5PhIAA,48,48,48.0,Total Pol II F12,Goat anti-mouse Alexa647,2025,18.006853341317168,0.8058669145725366
198,250203_ARMC5mAC_TotalPolII,L21,HCT116 OsTIRF74G ARMC5mAC Clone 5F9,"EU 1 mM, 30 mins",10 µM 5PhIAA,48,48,48.0,Total Pol II F12,Goat anti-mouse Alexa647,3416,23.901444529742008,1.0696695859022802
199,250203_ARMC5mAC_TotalPolII,L22,HCT116 OsTIRF74G,"EU 1 mM, 30 mins",No addition,No addition,No addition,0.0,Total Pol II F12,Goat anti-mouse Alexa647,4716,32.56793511911832,1.457524026600565
200,250203_ARMC5mAC_TotalPolII,M03,HCT116 OsTIRF74G,"EU 1 mM, 30 mins",No addition,No addition,No addition,0.0,Total Pol II F12,Goat anti-mouse Alexa647,4229,18.492740992306608,0.8276120121034479
201,250203_ARMC5mAC_TotalPolII,M04,HCT116 OsTIRF74G,"EU 1 mM, 30 mins",Vehicle,72,72,0.0,Total Pol II F12,Goat anti-mouse Alexa647,1122,16.6098338335714,0.7433456189877315
202,250203_ARMC5mAC_TotalPolII,M05,HCT116 OsTIRF74G ARMC5mAC Clone 5A1,"EU 1 mM, 30 mins",Vehicle,72,72,0.0,Total Pol II F12,Goat anti-mouse Alexa647,2509,14.269941950059206,0.6386276309607706
203,250203_ARMC5mAC_TotalPolII,M06,HCT116 OsTIRF74G ARMC5mAC Clone 5F9,"EU 1 mM, 30 mins",Vehicle,72,72,0.0,Total Pol II F12,Goat anti-mouse Alexa647,3635,17.557665070355085,0.7857642370463194
207,250203_ARMC5mAC_TotalPolII,M10,HCT116 OsTIRF74G,"EU 1 mM, 30 mins",Vehicle,72,72,0.0,Total Pol II F12,Goat anti-mouse Alexa647,1467,21.839646529232454,0.9773972292807028
208,250203_ARMC5mAC_TotalPolII,M11,HCT116 OsTIRF74G ARMC5mAC Clone 5A1,"EU 1 mM, 30 mins",Vehicle,72,72,0.0,Total Pol II F12,Goat anti-mouse Alexa647,1663,13.580823253606326,0.6077872643981966
209,250203_ARMC5mAC_TotalPolII,M12,HCT116 OsTIRF74G ARMC5mAC Clone 5F9,"EU 1 mM, 30 mins",Vehicle,72,72,0.0,Total Pol II F12,Goat anti-mouse Alexa647,2932,16.335803463031027,0.7310818433562705
213,250203_ARMC5mAC_TotalPolII,M16,HCT116 OsTIRF74G,"EU 1 mM, 30 mins",Vehicle,72,72,0.0,Total Pol II F12,Goat anti-mouse Alexa647,1528,23.192469119926642,1.0379405650019569
214,250203_ARMC5mAC_TotalPolII,M17,HCT116 OsTIRF74G ARMC5mAC Clone 5A1,"EU 1 mM, 30 mins",Vehicle,72,72,0.0,Total Pol II F12,Goat anti-mouse Alexa647,2599,14.567840780227442,0.6519595999934502
215,250203_ARMC5mAC_TotalPolII,M18,HCT116 OsTIRF74G ARMC5mAC Clone 5F9,"EU 1 mM, 30 mins",Vehicle,72,72,0.0,Total Pol II F12,Goat anti-mouse Alexa647,4007,17.37274027192953,0.7774882337985332
219,250203_ARMC5mAC_TotalPolII,M22,HCT116 OsTIRF74G,"EU 1 mM, 30 mins",No addition,No addition,No addition,0.0,Total Pol II F12,Goat anti-mouse Alexa647,3742,24.04032960980001,1.0758851577640054
20,260127_ARMC5mAC_PhosphoEU,D03,HCT116 OsTIRF74G,"EU 1 mM, 30 mins",No addition,No addition,No addition,0.0,pSer5 Pol II 3E8,Goat anti-rat Alexa568,1073,558.2874478455411,1.1254687080804282
21,260127_ARMC5mAC_PhosphoEU,D04,HCT116 OsTIRF74G,"EU 1 mM, 30 mins",10 µM 5PhIAA,2,2,2.0,pSer5 Pol II 3E8,Goat anti-rat Alexa568,1280,627.8408626989977,1.26568356023193
22,260127_ARMC5mAC_PhosphoEU,D05,HCT116 OsTIRF74G ARMC5mAC Clone 5A1,"EU 1 mM, 30 mins",10 µM 5PhIAA,2,2,2.0,pSer5 Pol II 3E8,Goat anti-rat Alexa568,776,500.9122741748017,1.0098043440753062
23,260127_ARMC5mAC_PhosphoEU,D06,HCT116 OsTIRF74G ARMC5mAC Clone 5F9,"EU 1 mM, 30 mins",10 µM 5PhIAA,2,2,2.0,pSer5 Pol II 3E8,Goat anti-rat Alexa568,1115,640.3161832776912,1.290832939801137
24,260127_ARMC5mAC_PhosphoEU,D07,HCT116 OsTIRF74G,"EU 1 mM, 30 mins",Vehicle,2,2,0.0,pSer5 Pol II 3E8,Goat anti-rat Alexa568,1168,714.0490405738407,1.4394732575521725
25,260127_ARMC5mAC_PhosphoEU,D08,HCT116 OsTIRF74G ARMC5mAC Clone 5A1,"EU 1 mM, 30 mins",Vehicle,2,2,0.0,pSer5 Pol II 3E8,Goat anti-rat Alexa568,1027,612.0995203520285,1.2339501076833126
26,260127_ARMC5mAC_PhosphoEU,D09,HCT116 OsTIRF74G ARMC5mAC Clone 5F9,"EU 1 mM, 30 mins",Vehicle,2,2,0.0,pSer5 Pol II 3E8,Goat anti-rat Alexa568,1308,674.7620339284414,1.3602733816026458
27,260127_ARMC5mAC_PhosphoEU,D10,HCT116 OsTIRF74G,"EU 1 mM, 30 mins",10 µM 5PhIAA,2,2,2.0,pSer5 Pol II 3E8,Goat anti-rat Alexa568,1446,628.236293464332,1.2664807211824645
28,260127_ARMC5mAC_PhosphoEU,D11,HCT116 OsTIRF74G ARMC5mAC Clone 5A1,"EU 1 mM, 30 mins",10 µM 5PhIAA,2,2,2.0,pSer5 Pol II 3E8,Goat anti-rat Alexa568,842,476.2587968384163,0.9601046465547048
29,260127_ARMC5mAC_PhosphoEU,D12,HCT116 OsTIRF74G ARMC5mAC Clone 5F9,"EU 1 mM, 30 mins",10 µM 5PhIAA,2,2,2.0,pSer5 Pol II 3E8,Goat anti-rat Alexa568,1627,590.0605557817099,1.1895210862569716
30,260127_ARMC5mAC_PhosphoEU,D13,HCT116 OsTIRF74G,"EU 1 mM, 30 mins",Vehicle,2,2,0.0,pSer5 Pol II 3E8,Goat anti-rat Alexa568,1306,725.1490798315714,1.4618501655253866
31,260127_ARMC5mAC_PhosphoEU,D14,HCT116 OsTIRF74G ARMC5mAC Clone 5A1,"EU 1 mM, 30 mins",Vehicle,2,2,0.0,pSer5 Pol II 3E8,Goat anti-rat Alexa568,832,520.9627607908639,1.050224732094502
32,260127_ARMC5mAC_PhosphoEU,D15,HCT116 OsTIRF74G ARMC5mAC Clone 5F9,"EU 1 mM, 30 mins",Vehicle,2,2,0.0,pSer5 Pol II 3E8,Goat anti-rat Alexa568,1438,653.9981942485714,1.3184149233667053
33,260127_ARMC5mAC_PhosphoEU,D16,HCT116 OsTIRF74G,"EU 1 mM, 30 mins",10 µM 5PhIAA,2,2,2.0,pSer5 Pol II 3E8,Goat anti-rat Alexa568,1256,599.3926980085321,1.2083340366397468
34,260127_ARMC5mAC_PhosphoEU,D17,HCT116 OsTIRF74G ARMC5mAC Clone 5A1,"EU 1 mM, 30 mins",10 µM 5PhIAA,2,2,2.0,pSer5 Pol II 3E8,Goat anti-rat Alexa568,917,484.2601103367664,0.976234738679624
35,260127_ARMC5mAC_PhosphoEU,D18,HCT116 OsTIRF74G ARMC5mAC Clone 5F9,"EU 1 mM, 30 mins",10 µM 5PhIAA,2,2,2.0,pSer5 Pol II 3E8,Goat anti-rat Alexa568,1267,612.5489251369127,1.2348560765074383
36,260127_ARMC5mAC_PhosphoEU,D19,HCT116 OsTIRF74G,"EU 1 mM, 30 mins",Vehicle,2,2,0.0,pSer5 Pol II 3E8,Goat anti-rat Alexa568,1506,701.8484312148324,1.414877676716409
37,260127_ARMC5mAC_PhosphoEU,D20,HCT116 OsTIRF74G ARMC5mAC Clone 5A1,"EU 1 mM, 30 mins",Vehicle,2,2,0.0,pSer5 Pol II 3E8,Goat anti-rat Alexa568,1000,568.5806726145596,1.1462191340974819
38,260127_ARMC5mAC_PhosphoEU,D21,HCT116 OsTIRF74G ARMC5mAC Clone 5F9,"EU 1 mM, 30 mins",Vehicle,2,2,0.0,pSer5 Pol II 3E8,Goat anti-rat Alexa568,1255,712.0876610461441,1.4355192526903209
39,260127_ARMC5mAC_PhosphoEU,D22,HCT116 OsTIRF74G,"EU 1 mM, 30 mins",No addition,No addition,No addition,0.0,pSer5 Pol II 3E8,Goat anti-rat Alexa568,1418,511.46900245418226,1.0310859748624588
40,260127_ARMC5mAC_PhosphoEU,E03,HCT116 OsTIRF74G,"EU 1 mM, 30 mins",No addition,No addition,No addition,0.0,pSer5 Pol II 3E8,Goat anti-rat Alexa568,1490,692.9848890442387,1.3970093914912065
41,260127_ARMC5mAC_PhosphoEU,E04,HCT116 OsTIRF74G,"EU 1 mM, 30 mins",10 µM 5PhIAA,8,8,8.0,pSer5 Pol II 3E8,Goat anti-rat Alexa568,1626,728.6041978900455,1.4688154434884548
42,260127_ARMC5mAC_PhosphoEU,E05,HCT116 OsTIRF74G ARMC5mAC Clone 5A1,"EU 1 mM, 30 mins",10 µM 5PhIAA,8,8,8.0,pSer5 Pol II 3E8,Goat anti-rat Alexa568,707,518.9276010721973,1.0461219914935012
43,260127_ARMC5mAC_PhosphoEU,E06,HCT116 OsTIRF74G ARMC5mAC Clone 5F9,"EU 1 mM, 30 mins",10 µM 5PhIAA,8,8,8.0,pSer5 Pol II 3E8,Goat anti-rat Alexa568,987,764.2926290583395,1.5407608412855942
44,260127_ARMC5mAC_PhosphoEU,E07,HCT116 OsTIRF74G,"EU 1 mM, 30 mins",Vehicle,8,8,0.0,pSer5 Pol II 3E8,Goat anti-rat Alexa568,1359,846.3820541162376,1.7062474190754258
45,260127_ARMC5mAC_PhosphoEU,E08,HCT116 OsTIRF74G ARMC5mAC Clone 5A1,"EU 1 mM, 30 mins",Vehicle,8,8,0.0,pSer5 Pol II 3E8,Goat anti-rat Alexa568,692,598.673827198518,1.2068848430299934
46,260127_ARMC5mAC_PhosphoEU,E09,HCT116 OsTIRF74G ARMC5mAC Clone 5F9,"EU 1 mM, 30 mins",Vehicle,8,8,0.0,pSer5 Pol II 3E8,Goat anti-rat Alexa568,1156,748.7568108103693,1.509441711041862
47,260127_ARMC5mAC_PhosphoEU,E10,HCT116 OsTIRF74G,"EU 1 mM, 30 mins",10 µM 5PhIAA,8,8,8.0,pSer5 Pol II 3E8,Goat anti-rat Alexa568,1364,675.2941558484994,1.361346102424545
48,260127_ARMC5mAC_PhosphoEU,E11,HCT116 OsTIRF74G ARMC5mAC Clone 5A1,"EU 1 mM, 30 mins",10 µM 5PhIAA,8,8,8.0,pSer5 Pol II 3E8,Goat anti-rat Alexa568,773,497.754917808791,1.0034393329973805
49,260127_ARMC5mAC_PhosphoEU,E12,HCT116 OsTIRF74G ARMC5mAC Clone 5F9,"EU 1 mM, 30 mins",10 µM 5PhIAA,8,8,8.0,pSer5 Pol II 3E8,Goat anti-rat Alexa568,1340,652.2950083289504,1.314981418880846
50,260127_ARMC5mAC_PhosphoEU,E13,HCT116 OsTIRF74G,"EU 1 mM, 30 mins",Vehicle,8,8,0.0,pSer5 Pol II 3E8,Goat anti-rat Alexa568,1025,723.1594714221834,1.4578392531992341
51,260127_ARMC5mAC_PhosphoEU,E14,HCT116 OsTIRF74G ARMC5mAC Clone 5A1,"EU 1 mM, 30 mins",Vehicle,8,8,0.0,pSer5 Pol II 3E8,Goat anti-rat Alexa568,746,569.558941148939,1.1481912554980123
52,260127_ARMC5mAC_PhosphoEU,E15,HCT116 OsTIRF74G ARMC5mAC Clone 5F9,"EU 1 mM, 30 mins",Vehicle,8,8,0.0,pSer5 Pol II 3E8,Goat anti-rat Alexa568,1566,747.5149865598042,1.5069382796279194
53,260127_ARMC5mAC_PhosphoEU,E16,HCT116 OsTIRF74G,"EU 1 mM, 30 mins",10 µM 5PhIAA,8,8,8.0,pSer5 Pol II 3E8,Goat anti-rat Alexa568,1113,652.2027398312242,1.3147954119997434
54,260127_ARMC5mAC_PhosphoEU,E17,HCT116 OsTIRF74G ARMC5mAC Clone 5A1,"EU 1 mM, 30 mins",10 µM 5PhIAA,8,8,8.0,pSer5 Pol II 3E8,Goat anti-rat Alexa568,742,483.4088219359635,0.9745186004064945
55,260127_ARMC5mAC_PhosphoEU,E18,HCT116 OsTIRF74G ARMC5mAC Clone 5F9,"EU 1 mM, 30 mins",10 µM 5PhIAA,8,8,8.0,pSer5 Pol II 3E8,Goat anti-rat Alexa568,1595,671.0046878059761,1.3526988328597338
56,260127_ARMC5mAC_PhosphoEU,E19,HCT116 OsTIRF74G,"EU 1 mM, 30 mins",Vehicle,8,8,0.0,pSer5 Pol II 3E8,Goat anti-rat Alexa568,1629,826.9983225307109,1.6671711628752752
57,260127_ARMC5mAC_PhosphoEU,E20,HCT116 OsTIRF74G ARMC5mAC Clone 5A1,"EU 1 mM, 30 mins",Vehicle,8,8,0.0,pSer5 Pol II 3E8,Goat anti-rat Alexa568,899,560.8087664200791,1.130551511159192
58,260127_ARMC5mAC_PhosphoEU,E21,HCT116 OsTIRF74G ARMC5mAC Clone 5F9,"EU 1 mM, 30 mins",Vehicle,8,8,0.0,pSer5 Pol II 3E8,Goat anti-rat Alexa568,1220,698.2641031731688,1.4076519204040379
59,260127_ARMC5mAC_PhosphoEU,E22,HCT116 OsTIRF74G,"EU 1 mM, 30 mins",No addition,No addition,No addition,0.0,pSer5 Pol II 3E8,Goat anti-rat Alexa568,1482,550.3598731204731,1.1094872681994767
60,260127_ARMC5mAC_PhosphoEU,F03,HCT116 OsTIRF74G,"EU 1 mM, 30 mins",No addition,No addition,No addition,0.0,pSer5 Pol II 3E8,Goat anti-rat Alexa568,1582,673.1911340260874,1.3571065565370835
61,260127_ARMC5mAC_PhosphoEU,F04,HCT116 OsTIRF74G,"EU 1 mM, 30 mins",10 µM 5PhIAA,24,24,24.0,pSer5 Pol II 3E8,Goat anti-rat Alexa568,1496,621.7402060849668,1.2533850603384928
62,260127_ARMC5mAC_PhosphoEU,F05,HCT116 OsTIRF74G ARMC5mAC Clone 5A1,"EU 1 mM, 30 mins",10 µM 5PhIAA,24,24,24.0,pSer5 Pol II 3E8,Goat anti-rat Alexa568,887,470.72438650637275,0.9489476598260416
63,260127_ARMC5mAC_PhosphoEU,F06,HCT116 OsTIRF74G ARMC5mAC Clone 5F9,"EU 1 mM, 30 mins",10 µM 5PhIAA,24,24,24.0,pSer5 Pol II 3E8,Goat anti-rat Alexa568,1470,618.9372951630236,1.2477345866508653
64,260127_ARMC5mAC_PhosphoEU,F07,HCT116 OsTIRF74G,"EU 1 mM, 30 mins",Vehicle,24,24,0.0,pSer5 Pol II 3E8,Goat anti-rat Alexa568,1028,708.270126838733,1.4278233689496986
65,260127_ARMC5mAC_PhosphoEU,F08,HCT116 OsTIRF74G ARMC5mAC Clone 5A1,"EU 1 mM, 30 mins",Vehicle,24,24,0.0,pSer5 Pol II 3E8,Goat anti-rat Alexa568,759,532.3201116677177,1.073120362415256
66,260127_ARMC5mAC_PhosphoEU,F09,HCT116 OsTIRF74G ARMC5mAC Clone 5F9,"EU 1 mM, 30 mins",Vehicle,24,24,0.0,pSer5 Pol II 3E8,Goat anti-rat Alexa568,1321,732.5289438717225,1.4767274587175057
67,260127_ARMC5mAC_PhosphoEU,F10,HCT116 OsTIRF74G,"EU 1 mM, 30 mins",10 µM 5PhIAA,24,24,24.0,pSer5 Pol II 3E8,Goat anti-rat Alexa568,1318,624.9011880591812,1.2597573803906694
68,260127_ARMC5mAC_PhosphoEU,F11,HCT116 OsTIRF74G ARMC5mAC Clone 5A1,"EU 1 mM, 30 mins",10 µM 5PhIAA,24,24,24.0,pSer5 Pol II 3E8,Goat anti-rat Alexa568,938,465.3934435773549,0.9382008492460692
69,260127_ARMC5mAC_PhosphoEU,F12,HCT116 OsTIRF74G ARMC5mAC Clone 5F9,"EU 1 mM, 30 mins",10 µM 5PhIAA,24,24,24.0,pSer5 Pol II 3E8,Goat anti-rat Alexa568,1553,581.6811735703293,1.1726288338727413
70,260127_ARMC5mAC_PhosphoEU,F13,HCT116 OsTIRF74G,"EU 1 mM, 30 mins",Vehicle,24,24,0.0,pSer5 Pol II 3E8,Goat anti-rat Alexa568,1433,657.5225129912272,1.3255197051013967
71,260127_ARMC5mAC_PhosphoEU,F14,HCT116 OsTIRF74G ARMC5mAC Clone 5A1,"EU 1 mM, 30 mins",Vehicle,24,24,0.0,pSer5 Pol II 3E8,Goat anti-rat Alexa568,700,514.9141460503397,1.038031145002468
72,260127_ARMC5mAC_PhosphoEU,F15,HCT116 OsTIRF74G ARMC5mAC Clone 5F9,"EU 1 mM, 30 mins",Vehicle,24,24,0.0,pSer5 Pol II 3E8,Goat anti-rat Alexa568,1728,720.8974956598316,1.4532792672121093
73,260127_ARMC5mAC_PhosphoEU,F16,HCT116 OsTIRF74G,"EU 1 mM, 30 mins",10 µM 5PhIAA,24,24,24.0,pSer5 Pol II 3E8,Goat anti-rat Alexa568,1482,632.1992944314677,1.2744698558044518
74,260127_ARMC5mAC_PhosphoEU,F17,HCT116 OsTIRF74G ARMC5mAC Clone 5A1,"EU 1 mM, 30 mins",10 µM 5PhIAA,24,24,24.0,pSer5 Pol II 3E8,Goat anti-rat Alexa568,743,439.3109587011685,0.8856203718049028
75,260127_ARMC5mAC_PhosphoEU,F18,HCT116 OsTIRF74G ARMC5mAC Clone 5F9,"EU 1 mM, 30 mins",10 µM 5PhIAA,24,24,24.0,pSer5 Pol II 3E8,Goat anti-rat Alexa568,1303,596.1818228836988,1.2018611354622275
76,260127_ARMC5mAC_PhosphoEU,F19,HCT116 OsTIRF74G,"EU 1 mM, 30 mins",Vehicle,24,24,0.0,pSer5 Pol II 3E8,Goat anti-rat Alexa568,1573,707.1203793412002,1.425505557872877
77,260127_ARMC5mAC_PhosphoEU,F20,HCT116 OsTIRF74G ARMC5mAC Clone 5A1,"EU 1 mM, 30 mins",Vehicle,24,24,0.0,pSer5 Pol II 3E8,Goat anti-rat Alexa568,868,579.06642145201,1.1673576752609691
78,260127_ARMC5mAC_PhosphoEU,F21,HCT116 OsTIRF74G ARMC5mAC Clone 5F9,"EU 1 mM, 30 mins",Vehicle,24,24,0.0,pSer5 Pol II 3E8,Goat anti-rat Alexa568,1171,682.7548460416983,1.376386335525847
79,260127_ARMC5mAC_PhosphoEU,F22,HCT116 OsTIRF74G,"EU 1 mM, 30 mins",No addition,No addition,No addition,0.0,pSer5 Pol II 3E8,Goat anti-rat Alexa568,1608,606.8783379592306,1.2234245667187946
80,260127_ARMC5mAC_PhosphoEU,G03,HCT116 OsTIRF74G,"EU 1 mM, 30 mins",No addition,No addition,No addition,0.0,pSer5 Pol II 3E8,Goat anti-rat Alexa568,1317,620.9954759457951,1.2518837361177233
81,260127_ARMC5mAC_PhosphoEU,G04,HCT116 OsTIRF74G,"EU 1 mM, 30 mins",10 µM 5PhIAA,48,48,48.0,pSer5 Pol II 3E8,Goat anti-rat Alexa568,1343,591.1703571317782,1.191758368675746
82,260127_ARMC5mAC_PhosphoEU,G05,HCT116 OsTIRF74G ARMC5mAC Clone 5A1,"EU 1 mM, 30 mins",10 µM 5PhIAA,48,48,48.0,pSer5 Pol II 3E8,Goat anti-rat Alexa568,1085,458.3058024305494,0.9239126571048771
83,260127_ARMC5mAC_PhosphoEU,G06,HCT116 OsTIRF74G ARMC5mAC Clone 5F9,"EU 1 mM, 30 mins",10 µM 5PhIAA,48,48,48.0,pSer5 Pol II 3E8,Goat anti-rat Alexa568,1467,577.7800010726604,1.1647643411496933
84,260127_ARMC5mAC_PhosphoEU,G07,HCT116 OsTIRF74G,"EU 1 mM, 30 mins",Vehicle,48,48,0.0,pSer5 Pol II 3E8,Goat anti-rat Alexa568,1402,693.3876738467628,1.3978213776697974
85,260127_ARMC5mAC_PhosphoEU,G08,HCT116 OsTIRF74G ARMC5mAC Clone 5A1,"EU 1 mM, 30 mins",Vehicle,48,48,0.0,pSer5 Pol II 3E8,Goat anti-rat Alexa568,1050,538.4207120546512,1.0854187489587712
86,260127_ARMC5mAC_PhosphoEU,G09,HCT116 OsTIRF74G ARMC5mAC Clone 5F9,"EU 1 mM, 30 mins",Vehicle,48,48,0.0,pSer5 Pol II 3E8,Goat anti-rat Alexa568,1181,670.4085991247066,1.3514971594912948
87,260127_ARMC5mAC_PhosphoEU,G10,HCT116 OsTIRF74G,"EU 1 mM, 30 mins",10 µM 5PhIAA,48,48,48.0,pSer5 Pol II 3E8,Goat anti-rat Alexa568,1337,619.1350383344945,1.2481332231464304
88,260127_ARMC5mAC_PhosphoEU,G11,HCT116 OsTIRF74G ARMC5mAC Clone 5A1,"EU 1 mM, 30 mins",10 µM 5PhIAA,48,48,48.0,pSer5 Pol II 3E8,Goat anti-rat Alexa568,829,442.11352163804384,0.8912701439788097
89,260127_ARMC5mAC_PhosphoEU,G12,HCT116 OsTIRF74G ARMC5mAC Clone 5F9,"EU 1 mM, 30 mins",10 µM 5PhIAA,48,48,48.0,pSer5 Pol II 3E8,Goat anti-rat Alexa568,1895,557.2326706769106,1.1233423505886513
90,260127_ARMC5mAC_PhosphoEU,G13,HCT116 OsTIRF74G,"EU 1 mM, 30 mins",Vehicle,48,48,0.0,pSer5 Pol II 3E8,Goat anti-rat Alexa568,1507,660.6503251292891,1.3318251570683495
91,260127_ARMC5mAC_PhosphoEU,G14,HCT116 OsTIRF74G ARMC5mAC Clone 5A1,"EU 1 mM, 30 mins",Vehicle,48,48,0.0,pSer5 Pol II 3E8,Goat anti-rat Alexa568,1002,481.8070467667376,0.9712895329479642
92,260127_ARMC5mAC_PhosphoEU,G15,HCT116 OsTIRF74G ARMC5mAC Clone 5F9,"EU 1 mM, 30 mins",Vehicle,48,48,0.0,pSer5 Pol II 3E8,Goat anti-rat Alexa568,1568,657.4312957553165,1.325335817491078
93,260127_ARMC5mAC_PhosphoEU,G16,HCT116 OsTIRF74G,"EU 1 mM, 30 mins",10 µM 5PhIAA,48,48,48.0,pSer5 Pol II 3E8,Goat anti-rat Alexa568,1403,503.99215894091776,1.0160131777901493
94,260127_ARMC5mAC_PhosphoEU,G17,HCT116 OsTIRF74G ARMC5mAC Clone 5A1,"EU 1 mM, 30 mins",10 µM 5PhIAA,48,48,48.0,pSer5 Pol II 3E8,Goat anti-rat Alexa568,894,416.84673783519884,0.8403340632310243
95,260127_ARMC5mAC_PhosphoEU,G18,HCT116 OsTIRF74G ARMC5mAC Clone 5F9,"EU 1 mM, 30 mins",10 µM 5PhIAA,48,48,48.0,pSer5 Pol II 3E8,Goat anti-rat Alexa568,1534,510.4292534045612,1.028989913014533
96,260127_ARMC5mAC_PhosphoEU,G19,HCT116 OsTIRF74G,"EU 1 mM, 30 mins",Vehicle,48,48,0.0,pSer5 Pol II 3E8,Goat anti-rat Alexa568,1284,663.9481942242259,1.3384734320457294
97,260127_ARMC5mAC_PhosphoEU,G20,HCT116 OsTIRF74G ARMC5mAC Clone 5A1,"EU 1 mM, 30 mins",Vehicle,48,48,0.0,pSer5 Pol II 3E8,Goat anti-rat Alexa568,697,481.88716615833107,0.971451048075157
98,260127_ARMC5mAC_PhosphoEU,G21,HCT116 OsTIRF74G ARMC5mAC Clone 5F9,"EU 1 mM, 30 mins",Vehicle,48,48,0.0,pSer5 Pol II 3E8,Goat anti-rat Alexa568,1195,637.6077955298127,1.2853730182654677
99,260127_ARMC5mAC_PhosphoEU,G22,HCT116 OsTIRF74G,"EU 1 mM, 30 mins",No addition,No addition,No addition,0.0,pSer5 Pol II 3E8,Goat anti-rat Alexa568,1628,530.9950065030101,1.0704490424643072
100,260127_ARMC5mAC_PhosphoEU,H03,HCT116 OsTIRF74G,"EU 1 mM, 30 mins",No addition,No addition,No addition,0.0,pSer5 Pol II 3E8,Goat anti-rat Alexa568,1408,593.7317828267397,1.196922024922859
101,260127_ARMC5mAC_PhosphoEU,H04,HCT116 OsTIRF74G,"EU 1 mM, 30 mins",10 µM 5PhIAA,48,48,48.0,pSer5 Pol II 3E8,Goat anti-rat Alexa568,1446,552.2634100198261,1.113324666341179
102,260127_ARMC5mAC_PhosphoEU,H05,HCT116 OsTIRF74G ARMC5mAC Clone 5A1,"EU 1 mM, 30 mins",10 µM 5PhIAA,48,48,48.0,pSer5 Pol II 3E8,Goat anti-rat Alexa568,937,441.32321716527713,0.8896769450677694
103,260127_ARMC5mAC_PhosphoEU,H06,HCT116 OsTIRF74G ARMC5mAC Clone 5F9,"EU 1 mM, 30 mins",10 µM 5PhIAA,48,48,48.0,pSer5 Pol II 3E8,Goat anti-rat Alexa568,1722,549.7108053799129,1.1081787927282045
104,260127_ARMC5mAC_PhosphoEU,H07,HCT116 OsTIRF74G,"EU 1 mM, 30 mins",Vehicle,48,48,0.0,pSer5 Pol II 3E8,Goat anti-rat Alexa568,1584,651.1627307638995,1.3126988259741916
105,260127_ARMC5mAC_PhosphoEU,H08,HCT116 OsTIRF74G ARMC5mAC Clone 5A1,"EU 1 mM, 30 mins",Vehicle,48,48,0.0,pSer5 Pol II 3E8,Goat anti-rat Alexa568,959,523.5319121804615,1.055403962805262
106,260127_ARMC5mAC_PhosphoEU,H09,HCT116 OsTIRF74G ARMC5mAC Clone 5F9,"EU 1 mM, 30 mins",Vehicle,48,48,0.0,pSer5 Pol II 3E8,Goat anti-rat Alexa568,1148,622.9169098560917,1.255757213390101
107,260127_ARMC5mAC_PhosphoEU,H10,HCT116 OsTIRF74G,"EU 1 mM, 30 mins",10 µM 5PhIAA,48,48,48.0,pSer5 Pol II 3E8,Goat anti-rat Alexa568,1454,587.7564164479322,1.1848761014391478
108,260127_ARMC5mAC_PhosphoEU,H11,HCT116 OsTIRF74G ARMC5mAC Clone 5A1,"EU 1 mM, 30 mins",10 µM 5PhIAA,48,48,48.0,pSer5 Pol II 3E8,Goat anti-rat Alexa568,946,404.2372458240601,0.8149142033755093
109,260127_ARMC5mAC_PhosphoEU,H12,HCT116 OsTIRF74G ARMC5mAC Clone 5F9,"EU 1 mM, 30 mins",10 µM 5PhIAA,48,48,48.0,pSer5 Pol II 3E8,Goat anti-rat Alexa568,1379,500.00220986273246,1.0079697176484943
110,260127_ARMC5mAC_PhosphoEU,H13,HCT116 OsTIRF74G,"EU 1 mM, 30 mins",Vehicle,48,48,0.0,pSer5 Pol II 3E8,Goat anti-rat Alexa568,1463,619.9913734598842,1.2498595352657078
111,260127_ARMC5mAC_PhosphoEU,H14,HCT116 OsTIRF74G ARMC5mAC Clone 5A1,"EU 1 mM, 30 mins",Vehicle,48,48,0.0,pSer5 Pol II 3E8,Goat anti-rat Alexa568,1114,519.6541920632442,1.0475867484518606
112,260127_ARMC5mAC_PhosphoEU,H15,HCT116 OsTIRF74G ARMC5mAC Clone 5F9,"EU 1 mM, 30 mins",Vehicle,48,48,0.0,pSer5 Pol II 3E8,Goat anti-rat Alexa568,1351,620.4343881611735,1.2507526221252545
113,260127_ARMC5mAC_PhosphoEU,H16,HCT116 OsTIRF74G,"EU 1 mM, 30 mins",10 µM 5PhIAA,48,48,48.0,pSer5 Pol II 3E8,Goat anti-rat Alexa568,1736,540.1908308193395,1.088987185410156
114,260127_ARMC5mAC_PhosphoEU,H17,HCT116 OsTIRF74G ARMC5mAC Clone 5A1,"EU 1 mM, 30 mins",10 µM 5PhIAA,48,48,48.0,pSer5 Pol II 3E8,Goat anti-rat Alexa568,1010,399.95269400074517,0.8062768445670698
115,260127_ARMC5mAC_PhosphoEU,H18,HCT116 OsTIRF74G ARMC5mAC Clone 5F9,"EU 1 mM, 30 mins",10 µM 5PhIAA,48,48,48.0,pSer5 Pol II 3E8,Goat anti-rat Alexa568,1493,522.6555981298087,1.0536373745606813
116,260127_ARMC5mAC_PhosphoEU,H19,HCT116 OsTIRF74G,"EU 1 mM, 30 mins",Vehicle,48,48,0.0,pSer5 Pol II 3E8,Goat anti-rat Alexa568,1489,657.9232617245092,1.3263275867058502
117,260127_ARMC5mAC_PhosphoEU,H20,HCT116 OsTIRF74G ARMC5mAC Clone 5A1,"EU 1 mM, 30 mins",Vehicle,48,48,0.0,pSer5 Pol II 3E8,Goat anti-rat Alexa568,770,486.0427878219392,0.9798284926389941
118,260127_ARMC5mAC_PhosphoEU,H21,HCT116 OsTIRF74G ARMC5mAC Clone 5F9,"EU 1 mM, 30 mins",Vehicle,48,48,0.0,pSer5 Pol II 3E8,Goat anti-rat Alexa568,1295,618.2203648368161,1.2462893049216517
119,260127_ARMC5mAC_PhosphoEU,H22,HCT116 OsTIRF74G,"EU 1 mM, 30 mins",No addition,No addition,No addition,0.0,pSer5 Pol II 3E8,Goat anti-rat Alexa568,1506,433.398179099857,0.8737006189164347
120,260127_ARMC5mAC_PhosphoEU,I03,HCT116 OsTIRF74G,"EU 1 mM, 30 mins",No addition,No addition,No addition,0.0,pSer5 Pol II 3E8,Goat anti-rat Alexa568,1675,616.9596750970209,1.2437478419920927
121,260127_ARMC5mAC_PhosphoEU,I04,HCT116 OsTIRF74G,"EU 1 mM, 30 mins",Vehicle,2,2,0.0,pSer5 Pol II 3E8,Goat anti-rat Alexa568,1249,622.9318768365318,1.2557873857828439
122,260127_ARMC5mAC_PhosphoEU,I05,HCT116 OsTIRF74G ARMC5mAC Clone 5A1,"EU 1 mM, 30 mins",Vehicle,2,2,0.0,pSer5 Pol II 3E8,Goat anti-rat Alexa568,742,489.1121859506443,0.9860161860213714
123,260127_ARMC5mAC_PhosphoEU,I06,HCT116 OsTIRF74G ARMC5mAC Clone 5F9,"EU 1 mM, 30 mins",Vehicle,2,2,0.0,pSer5 Pol II 3E8,Goat anti-rat Alexa568,1097,579.4413520129438,1.1681135092236747
124,260127_ARMC5mAC_PhosphoEU,I07,HCT116 OsTIRF74G,"EU 1 mM, 30 mins",10 µM 5PhIAA,2,2,2.0,pSer5 Pol II 3E8,Goat anti-rat Alexa568,1520,579.5041507603366,1.1682401071355033
125,260127_ARMC5mAC_PhosphoEU,I08,HCT116 OsTIRF74G ARMC5mAC Clone 5A1,"EU 1 mM, 30 mins",10 µM 5PhIAA,2,2,2.0,pSer5 Pol II 3E8,Goat anti-rat Alexa568,964,414.2864399799504,0.8351726806304168
126,260127_ARMC5mAC_PhosphoEU,I09,HCT116 OsTIRF74G ARMC5mAC Clone 5F9,"EU 1 mM, 30 mins",10 µM 5PhIAA,2,2,2.0,pSer5 Pol II 3E8,Goat anti-rat Alexa568,1294,524.4547999093102,1.0572644403493998
127,260127_ARMC5mAC_PhosphoEU,I10,HCT116 OsTIRF74G,"EU 1 mM, 30 mins",Vehicle,2,2,0.0,pSer5 Pol II 3E8,Goat anti-rat Alexa568,1257,585.8995380994429,1.1811327636944042
128,260127_ARMC5mAC_PhosphoEU,I11,HCT116 OsTIRF74G ARMC5mAC Clone 5A1,"EU 1 mM, 30 mins",Vehicle,2,2,0.0,pSer5 Pol II 3E8,Goat anti-rat Alexa568,832,434.4939623915192,0.875909641903361
129,260127_ARMC5mAC_PhosphoEU,I12,HCT116 OsTIRF74G ARMC5mAC Clone 5F9,"EU 1 mM, 30 mins",Vehicle,2,2,0.0,pSer5 Pol II 3E8,Goat anti-rat Alexa568,1096,525.3108547494428,1.0589901874330716
130,260127_ARMC5mAC_PhosphoEU,I13,HCT116 OsTIRF74G,"EU 1 mM, 30 mins",10 µM 5PhIAA,2,2,2.0,pSer5 Pol II 3E8,Goat anti-rat Alexa568,1538,485.5468748240289,0.9788287664885454
131,260127_ARMC5mAC_PhosphoEU,I14,HCT116 OsTIRF74G ARMC5mAC Clone 5A1,"EU 1 mM, 30 mins",10 µM 5PhIAA,2,2,2.0,pSer5 Pol II 3E8,Goat anti-rat Alexa568,1082,388.039517838753,0.7822607090871954
132,260127_ARMC5mAC_PhosphoEU,I15,HCT116 OsTIRF74G ARMC5mAC Clone 5F9,"EU 1 mM, 30 mins",10 µM 5PhIAA,2,2,2.0,pSer5 Pol II 3E8,Goat anti-rat Alexa568,1536,522.714219502708,1.0537555511757521
133,260127_ARMC5mAC_PhosphoEU,I16,HCT116 OsTIRF74G,"EU 1 mM, 30 mins",Vehicle,2,2,0.0,pSer5 Pol II 3E8,Goat anti-rat Alexa568,1521,560.6680843495183,1.1302679058787666
134,260127_ARMC5mAC_PhosphoEU,I17,HCT116 OsTIRF74G ARMC5mAC Clone 5A1,"EU 1 mM, 30 mins",Vehicle,2,2,0.0,pSer5 Pol II 3E8,Goat anti-rat Alexa568,754,460.6742983504927,0.9286873803292649
135,260127_ARMC5mAC_PhosphoEU,I18,HCT116 OsTIRF74G ARMC5mAC Clone 5F9,"EU 1 mM, 30 mins",Vehicle,2,2,0.0,pSer5 Pol II 3E8,Goat anti-rat Alexa568,1244,542.3605681553797,1.093361225138061
136,260127_ARMC5mAC_PhosphoEU,I19,HCT116 OsTIRF74G,"EU 1 mM, 30 mins",10 µM 5PhIAA,2,2,2.0,pSer5 Pol II 3E8,Goat anti-rat Alexa568,1277,525.2503466546005,1.0588682073176432
137,260127_ARMC5mAC_PhosphoEU,I20,HCT116 OsTIRF74G ARMC5mAC Clone 5A1,"EU 1 mM, 30 mins",10 µM 5PhIAA,2,2,2.0,pSer5 Pol II 3E8,Goat anti-rat Alexa568,752,382.07343676199287,0.7702335041273195
138,260127_ARMC5mAC_PhosphoEU,I21,HCT116 OsTIRF74G ARMC5mAC Clone 5F9,"EU 1 mM, 30 mins",10 µM 5PhIAA,2,2,2.0,pSer5 Pol II 3E8,Goat anti-rat Alexa568,1154,527.6144690562269,1.0636341138329524
139,260127_ARMC5mAC_PhosphoEU,I22,HCT116 OsTIRF74G,"EU 1 mM, 30 mins",No addition,No addition,No addition,0.0,pSer5 Pol II 3E8,Goat anti-rat Alexa568,1609,521.1348259195274,1.050571603439738
140,260127_ARMC5mAC_PhosphoEU,J03,HCT116 OsTIRF74G,"EU 1 mM, 30 mins",No addition,No addition,No addition,0.0,pSer5 Pol II 3E8,Goat anti-rat Alexa568,1650,565.7826621010989,1.1405785392929015
141,260127_ARMC5mAC_PhosphoEU,J04,HCT116 OsTIRF74G,"EU 1 mM, 30 mins",Vehicle,8,8,0.0,pSer5 Pol II 3E8,Goat anti-rat Alexa568,932,646.9259412982915,1.3041577527606205
142,260127_ARMC5mAC_PhosphoEU,J05,HCT116 OsTIRF74G ARMC5mAC Clone 5A1,"EU 1 mM, 30 mins",Vehicle,8,8,0.0,pSer5 Pol II 3E8,Goat anti-rat Alexa568,1015,516.1914512555749,1.040606103556002
143,260127_ARMC5mAC_PhosphoEU,J06,HCT116 OsTIRF74G ARMC5mAC Clone 5F9,"EU 1 mM, 30 mins",Vehicle,8,8,0.0,pSer5 Pol II 3E8,Goat anti-rat Alexa568,1272,625.8974559277312,1.261765787198392
144,260127_ARMC5mAC_PhosphoEU,J07,HCT116 OsTIRF74G,"EU 1 mM, 30 mins",10 µM 5PhIAA,8,8,8.0,pSer5 Pol II 3E8,Goat anti-rat Alexa568,1069,492.9733391586743,0.9938000026368301
145,260127_ARMC5mAC_PhosphoEU,J08,HCT116 OsTIRF74G ARMC5mAC Clone 5A1,"EU 1 mM, 30 mins",10 µM 5PhIAA,8,8,8.0,pSer5 Pol II 3E8,Goat anti-rat Alexa568,795,408.04602634019545,0.8225924402826782
146,260127_ARMC5mAC_PhosphoEU,J09,HCT116 OsTIRF74G ARMC5mAC Clone 5F9,"EU 1 mM, 30 mins",10 µM 5PhIAA,8,8,8.0,pSer5 Pol II 3E8,Goat anti-rat Alexa568,1122,546.8921296714718,1.102496538326249
147,260127_ARMC5mAC_PhosphoEU,J10,HCT116 OsTIRF74G,"EU 1 mM, 30 mins",Vehicle,8,8,0.0,pSer5 Pol II 3E8,Goat anti-rat Alexa568,1446,589.4411107024107,1.1882723280127803
148,260127_ARMC5mAC_PhosphoEU,J11,HCT116 OsTIRF74G ARMC5mAC Clone 5A1,"EU 1 mM, 30 mins",Vehicle,8,8,0.0,pSer5 Pol II 3E8,Goat anti-rat Alexa568,746,454.6331865409438,0.9165089186248143
149,260127_ARMC5mAC_PhosphoEU,J12,HCT116 OsTIRF74G ARMC5mAC Clone 5F9,"EU 1 mM, 30 mins",Vehicle,8,8,0.0,pSer5 Pol II 3E8,Goat anti-rat Alexa568,1251,580.1823419175282,1.1696072933913677
150,260127_ARMC5mAC_PhosphoEU,J13,HCT116 OsTIRF74G,"EU 1 mM, 30 mins",10 µM 5PhIAA,8,8,8.0,pSer5 Pol II 3E8,Goat anti-rat Alexa568,1030,555.1194056855226,1.1190821551841736
151,260127_ARMC5mAC_PhosphoEU,J14,HCT116 OsTIRF74G ARMC5mAC Clone 5A1,"EU 1 mM, 30 mins",10 µM 5PhIAA,8,8,8.0,pSer5 Pol II 3E8,Goat anti-rat Alexa568,894,400.65594465985,0.8076945490377933
152,260127_ARMC5mAC_PhosphoEU,J15,HCT116 OsTIRF74G ARMC5mAC Clone 5F9,"EU 1 mM, 30 mins",10 µM 5PhIAA,8,8,8.0,pSer5 Pol II 3E8,Goat anti-rat Alexa568,1324,582.3606951091289,1.1739987020854996
153,260127_ARMC5mAC_PhosphoEU,J16,HCT116 OsTIRF74G,"EU 1 mM, 30 mins",Vehicle,8,8,0.0,pSer5 Pol II 3E8,Goat anti-rat Alexa568,1402,619.7579113170968,1.2493888918055287
154,260127_ARMC5mAC_PhosphoEU,J17,HCT116 OsTIRF74G ARMC5mAC Clone 5A1,"EU 1 mM, 30 mins",Vehicle,8,8,0.0,pSer5 Pol II 3E8,Goat anti-rat Alexa568,846,453.8629752733417,0.9149562262194193
155,260127_ARMC5mAC_PhosphoEU,J18,HCT116 OsTIRF74G ARMC5mAC Clone 5F9,"EU 1 mM, 30 mins",Vehicle,8,8,0.0,pSer5 Pol II 3E8,Goat anti-rat Alexa568,1308,585.7857391564312,1.1809033529314243
156,260127_ARMC5mAC_PhosphoEU,J19,HCT116 OsTIRF74G,"EU 1 mM, 30 mins",10 µM 5PhIAA,8,8,8.0,pSer5 Pol II 3E8,Goat anti-rat Alexa568,1582,562.5302605863678,1.134021923798376
157,260127_ARMC5mAC_PhosphoEU,J20,HCT116 OsTIRF74G ARMC5mAC Clone 5A1,"EU 1 mM, 30 mins",10 µM 5PhIAA,8,8,8.0,pSer5 Pol II 3E8,Goat anti-rat Alexa568,774,400.77985172567855,0.8079443370741145
158,260127_ARMC5mAC_PhosphoEU,J21,HCT116 OsTIRF74G ARMC5mAC Clone 5F9,"EU 1 mM, 30 mins",10 µM 5PhIAA,8,8,8.0,pSer5 Pol II 3E8,Goat anti-rat Alexa568,1324,526.9357501349057,1.0622658636412687
159,260127_ARMC5mAC_PhosphoEU,J22,HCT116 OsTIRF74G,"EU 1 mM, 30 mins",No addition,No addition,No addition,0.0,pSer5 Pol II 3E8,Goat anti-rat Alexa568,1602,463.4516060871963,0.9342862397742195
160,260127_ARMC5mAC_PhosphoEU,K03,HCT116 OsTIRF74G,"EU 1 mM, 30 mins",No addition,No addition,No addition,0.0,pSer5 Pol II 3E8,Goat anti-rat Alexa568,1800,600.2688975186483,1.2101003939785633
161,260127_ARMC5mAC_PhosphoEU,K04,HCT116 OsTIRF74G,"EU 1 mM, 30 mins",Vehicle,24,24,0.0,pSer5 Pol II 3E8,Goat anti-rat Alexa568,1181,603.382995625872,1.216378199412123
162,260127_ARMC5mAC_PhosphoEU,K05,HCT116 OsTIRF74G ARMC5mAC Clone 5A1,"EU 1 mM, 30 mins",Vehicle,24,24,0.0,pSer5 Pol II 3E8,Goat anti-rat Alexa568,696,511.538927561106,1.0312269390200006
163,260127_ARMC5mAC_PhosphoEU,K06,HCT116 OsTIRF74G ARMC5mAC Clone 5F9,"EU 1 mM, 30 mins",Vehicle,24,24,0.0,pSer5 Pol II 3E8,Goat anti-rat Alexa568,1062,597.8307896754748,1.2051853379532014
164,260127_ARMC5mAC_PhosphoEU,K07,HCT116 OsTIRF74G,"EU 1 mM, 30 mins",10 µM 5PhIAA,24,24,24.0,pSer5 Pol II 3E8,Goat anti-rat Alexa568,1535,540.7968054016524,1.0902087880682798
165,260127_ARMC5mAC_PhosphoEU,K08,HCT116 OsTIRF74G ARMC5mAC Clone 5A1,"EU 1 mM, 30 mins",10 µM 5PhIAA,24,24,24.0,pSer5 Pol II 3E8,Goat anti-rat Alexa568,904,416.23182716136535,0.839094446033226
166,260127_ARMC5mAC_PhosphoEU,K09,HCT116 OsTIRF74G ARMC5mAC Clone 5F9,"EU 1 mM, 30 mins",10 µM 5PhIAA,24,24,24.0,pSer5 Pol II 3E8,Goat anti-rat Alexa568,1206,542.9286707014724,1.094506480402308
167,260127_ARMC5mAC_PhosphoEU,K10,HCT116 OsTIRF74G,"EU 1 mM, 30 mins",Vehicle,24,24,0.0,pSer5 Pol II 3E8,Goat anti-rat Alexa568,1628,613.4186970691161,1.236609476295736
168,260127_ARMC5mAC_PhosphoEU,K11,HCT116 OsTIRF74G ARMC5mAC Clone 5A1,"EU 1 mM, 30 mins",Vehicle,24,24,0.0,pSer5 Pol II 3E8,Goat anti-rat Alexa568,526,439.0769719726129,0.8851486708162604
169,260127_ARMC5mAC_PhosphoEU,K12,HCT116 OsTIRF74G ARMC5mAC Clone 5F9,"EU 1 mM, 30 mins",Vehicle,24,24,0.0,pSer5 Pol II 3E8,Goat anti-rat Alexa568,1153,556.5387874589817,1.1219435302285397
170,260127_ARMC5mAC_PhosphoEU,K13,HCT116 OsTIRF74G,"EU 1 mM, 30 mins",10 µM 5PhIAA,24,24,24.0,pSer5 Pol II 3E8,Goat anti-rat Alexa568,1643,532.2885042056358,1.0730566439676137
171,260127_ARMC5mAC_PhosphoEU,K14,HCT116 OsTIRF74G ARMC5mAC Clone 5A1,"EU 1 mM, 30 mins",10 µM 5PhIAA,24,24,24.0,pSer5 Pol II 3E8,Goat anti-rat Alexa568,692,369.0269467305619,0.7439326866231417
172,260127_ARMC5mAC_PhosphoEU,K15,HCT116 OsTIRF74G ARMC5mAC Clone 5F9,"EU 1 mM, 30 mins",10 µM 5PhIAA,24,24,24.0,pSer5 Pol II 3E8,Goat anti-rat Alexa568,1197,515.1872590239016,1.0385817217827644
173,260127_ARMC5mAC_PhosphoEU,K16,HCT116 OsTIRF74G,"EU 1 mM, 30 mins",Vehicle,24,24,0.0,pSer5 Pol II 3E8,Goat anti-rat Alexa568,1764,612.0256351038993,1.2338011601562293
174,260127_ARMC5mAC_PhosphoEU,K17,HCT116 OsTIRF74G ARMC5mAC Clone 5A1,"EU 1 mM, 30 mins",Vehicle,24,24,0.0,pSer5 Pol II 3E8,Goat anti-rat Alexa568,818,440.4839599397278,0.8879850608080906
175,260127_ARMC5mAC_PhosphoEU,K18,HCT116 OsTIRF74G ARMC5mAC Clone 5F9,"EU 1 mM, 30 mins",Vehicle,24,24,0.0,pSer5 Pol II 3E8,Goat anti-rat Alexa568,1479,590.3576161875988,1.1901199393971018
176,260127_ARMC5mAC_PhosphoEU,K19,HCT116 OsTIRF74G,"EU 1 mM, 30 mins",10 µM 5PhIAA,24,24,24.0,pSer5 Pol II 3E8,Goat anti-rat Alexa568,1240,512.4759573122602,1.0331159258985956
177,260127_ARMC5mAC_PhosphoEU,K20,HCT116 OsTIRF74G ARMC5mAC Clone 5A1,"EU 1 mM, 30 mins",10 µM 5PhIAA,24,24,24.0,pSer5 Pol II 3E8,Goat anti-rat Alexa568,909,383.61914313634657,0.7733495407907425
178,260127_ARMC5mAC_PhosphoEU,K21,HCT116 OsTIRF74G ARMC5mAC Clone 5F9,"EU 1 mM, 30 mins",10 µM 5PhIAA,24,24,24.0,pSer5 Pol II 3E8,Goat anti-rat Alexa568,1166,516.6107299337527,1.0414513402420056
179,260127_ARMC5mAC_PhosphoEU,K22,HCT116 OsTIRF74G,"EU 1 mM, 30 mins",No addition,No addition,No addition,0.0,pSer5 Pol II 3E8,Goat anti-rat Alexa568,1632,489.6456755903322,0.9870916640710229
180,260127_ARMC5mAC_PhosphoEU,L03,HCT116 OsTIRF74G,"EU 1 mM, 30 mins",No addition,No addition,No addition,0.0,pSer5 Pol II 3E8,Goat anti-rat Alexa568,1503,582.3865737657991,1.1740508716594384
181,260127_ARMC5mAC_PhosphoEU,L04,HCT116 OsTIRF74G,"EU 1 mM, 30 mins",10 µM 5PhIAA,48,48,48.0,pSer5 Pol II 3E8,Goat anti-rat Alexa568,1323,577.0240640576417,1.163240424645809
182,260127_ARMC5mAC_PhosphoEU,L05,HCT116 OsTIRF74G ARMC5mAC Clone 5A1,"EU 1 mM, 30 mins",10 µM 5PhIAA,48,48,48.0,pSer5 Pol II 3E8,Goat anti-rat Alexa568,755,437.675202457301,0.8823228008607154
183,260127_ARMC5mAC_PhosphoEU,L06,HCT116 OsTIRF74G ARMC5mAC Clone 5F9,"EU 1 mM, 30 mins",10 µM 5PhIAA,48,48,48.0,pSer5 Pol II 3E8,Goat anti-rat Alexa568,1217,541.1668744722818,1.0909548216042821
184,260127_ARMC5mAC_PhosphoEU,L07,HCT116 OsTIRF74G,"EU 1 mM, 30 mins",Vehicle,48,48,0.0,pSer5 Pol II 3E8,Goat anti-rat Alexa568,1139,462.04201640583926,0.9314446049072301
185,260127_ARMC5mAC_PhosphoEU,L08,HCT116 OsTIRF74G ARMC5mAC Clone 5A1,"EU 1 mM, 30 mins",Vehicle,48,48,0.0,pSer5 Pol II 3E8,Goat anti-rat Alexa568,809,417.7363979873239,0.8421275562889586
186,260127_ARMC5mAC_PhosphoEU,L09,HCT116 OsTIRF74G ARMC5mAC Clone 5F9,"EU 1 mM, 30 mins",Vehicle,48,48,0.0,pSer5 Pol II 3E8,Goat anti-rat Alexa568,1301,478.1118220447686,0.9638402166325956
187,260127_ARMC5mAC_PhosphoEU,L10,HCT116 OsTIRF74G,"EU 1 mM, 30 mins",Vehicle,48,48,0.0,pSer5 Pol II 3E8,Goat anti-rat Alexa568,1343,588.7112545173089,1.1868009886500541
188,260127_ARMC5mAC_PhosphoEU,L11,HCT116 OsTIRF74G ARMC5mAC Clone 5A1,"EU 1 mM, 30 mins",Vehicle,48,48,0.0,pSer5 Pol II 3E8,Goat anti-rat Alexa568,749,448.67600045202505,0.9044996453424513
189,260127_ARMC5mAC_PhosphoEU,L12,HCT116 OsTIRF74G ARMC5mAC Clone 5F9,"EU 1 mM, 30 mins",Vehicle,48,48,0.0,pSer5 Pol II 3E8,Goat anti-rat Alexa568,1487,545.7796803309635,1.1002539177427155
190,260127_ARMC5mAC_PhosphoEU,L13,HCT116 OsTIRF74G,"EU 1 mM, 30 mins",10 µM 5PhIAA,48,48,48.0,pSer5 Pol II 3E8,Goat anti-rat Alexa568,1126,434.8656876317996,0.8766590141623177
191,260127_ARMC5mAC_PhosphoEU,L14,HCT116 OsTIRF74G ARMC5mAC Clone 5A1,"EU 1 mM, 30 mins",10 µM 5PhIAA,48,48,48.0,pSer5 Pol II 3E8,Goat anti-rat Alexa568,902,351.00144039446855,0.7075945181637437
192,260127_ARMC5mAC_PhosphoEU,L15,HCT116 OsTIRF74G ARMC5mAC Clone 5F9,"EU 1 mM, 30 mins",10 µM 5PhIAA,48,48,48.0,pSer5 Pol II 3E8,Goat anti-rat Alexa568,1319,469.3798553643891,0.9462371784545153
193,260127_ARMC5mAC_PhosphoEU,L16,HCT116 OsTIRF74G,"EU 1 mM, 30 mins",Vehicle,48,48,0.0,pSer5 Pol II 3E8,Goat anti-rat Alexa568,1454,580.8850578019977,1.1710239197935797
194,260127_ARMC5mAC_PhosphoEU,L17,HCT116 OsTIRF74G ARMC5mAC Clone 5A1,"EU 1 mM, 30 mins",Vehicle,48,48,0.0,pSer5 Pol II 3E8,Goat anti-rat Alexa568,832,439.57506246506307,0.8861527866444209
195,260127_ARMC5mAC_PhosphoEU,L18,HCT116 OsTIRF74G ARMC5mAC Clone 5F9,"EU 1 mM, 30 mins",Vehicle,48,48,0.0,pSer5 Pol II 3E8,Goat anti-rat Alexa568,1211,546.0168555153834,1.100732046436864
196,260127_ARMC5mAC_PhosphoEU,L19,HCT116 OsTIRF74G,"EU 1 mM, 30 mins",10 µM 5PhIAA,48,48,48.0,pSer5 Pol II 3E8,Goat anti-rat Alexa568,1176,437.33499062737746,0.8816369574476576
197,260127_ARMC5mAC_PhosphoEU,L20,HCT116 OsTIRF74G ARMC5mAC Clone 5A1,"EU 1 mM, 30 mins",10 µM 5PhIAA,48,48,48.0,pSer5 Pol II 3E8,Goat anti-rat Alexa568,862,383.31139196276274,0.7727291358056756
198,260127_ARMC5mAC_PhosphoEU,L21,HCT116 OsTIRF74G ARMC5mAC Clone 5F9,"EU 1 mM, 30 mins",10 µM 5PhIAA,48,48,48.0,pSer5 Pol II 3E8,Goat anti-rat Alexa568,1334,469.62680526594363,0.9467350122993129
199,260127_ARMC5mAC_PhosphoEU,L22,HCT116 OsTIRF74G,"EU 1 mM, 30 mins",No addition,No addition,No addition,0.0,pSer5 Pol II 3E8,Goat anti-rat Alexa568,1530,458.08978387507125,0.9234771787048277
200,260127_ARMC5mAC_PhosphoEU,M03,HCT116 OsTIRF74G,"EU 1 mM, 30 mins",No addition,No addition,No addition,0.0,pSer5 Pol II 3E8,Goat anti-rat Alexa568,1173,529.8703370825979,1.068181787048672
201,260127_ARMC5mAC_PhosphoEU,M04,HCT116 OsTIRF74G,"EU 1 mM, 30 mins",Vehicle,48,48,0.0,pSer5 Pol II 3E8,Goat anti-rat Alexa568,1328,635.7651299376197,1.2816583324499924
202,260127_ARMC5mAC_PhosphoEU,M05,HCT116 OsTIRF74G ARMC5mAC Clone 5A1,"EU 1 mM, 30 mins",Vehicle,48,48,0.0,pSer5 Pol II 3E8,Goat anti-rat Alexa568,814,446.17109436706755,0.8994499287024313
203,260127_ARMC5mAC_PhosphoEU,M06,HCT116 OsTIRF74G ARMC5mAC Clone 5F9,"EU 1 mM, 30 mins",Vehicle,48,48,0.0,pSer5 Pol II 3E8,Goat anti-rat Alexa568,951,537.3320134989447,1.0832240083073226
204,260127_ARMC5mAC_PhosphoEU,M07,HCT116 OsTIRF74G,"EU 1 mM, 30 mins",10 µM 5PhIAA,48,48,48.0,pSer5 Pol II 3E8,Goat anti-rat Alexa568,1528,479.4055943121323,0.9664483716393385
205,260127_ARMC5mAC_PhosphoEU,M08,HCT116 OsTIRF74G ARMC5mAC Clone 5A1,"EU 1 mM, 30 mins",10 µM 5PhIAA,48,48,48.0,pSer5 Pol II 3E8,Goat anti-rat Alexa568,571,394.63999454477687,0.795566811561308
206,260127_ARMC5mAC_PhosphoEU,M09,HCT116 OsTIRF74G ARMC5mAC Clone 5F9,"EU 1 mM, 30 mins",10 µM 5PhIAA,48,48,48.0,pSer5 Pol II 3E8,Goat anti-rat Alexa568,1394,451.9197844919586,0.9110388886064803
207,260127_ARMC5mAC_PhosphoEU,M10,HCT116 OsTIRF74G,"EU 1 mM, 30 mins",Vehicle,48,48,0.0,pSer5 Pol II 3E8,Goat anti-rat Alexa568,1411,524.5392335429808,1.05743465268889
208,260127_ARMC5mAC_PhosphoEU,M11,HCT116 OsTIRF74G ARMC5mAC Clone 5A1,"EU 1 mM, 30 mins",Vehicle,48,48,0.0,pSer5 Pol II 3E8,Goat anti-rat Alexa568,653,437.3961183476805,0.8817601866849668
209,260127_ARMC5mAC_PhosphoEU,M12,HCT116 OsTIRF74G ARMC5mAC Clone 5F9,"EU 1 mM, 30 mins",Vehicle,48,48,0.0,pSer5 Pol II 3E8,Goat anti-rat Alexa568,1239,501.8190800296094,1.0116324016786582
210,260127_ARMC5mAC_PhosphoEU,M13,HCT116 OsTIRF74G,"EU 1 mM, 30 mins",10 µM 5PhIAA,48,48,48.0,pSer5 Pol II 3E8,Goat anti-rat Alexa568,1304,413.2828187443338,0.83314944994556
211,260127_ARMC5mAC_PhosphoEU,M14,HCT116 OsTIRF74G ARMC5mAC Clone 5A1,"EU 1 mM, 30 mins",10 µM 5PhIAA,48,48,48.0,pSer5 Pol II 3E8,Goat anti-rat Alexa568,906,325.2702283003356,0.6557221822466743
212,260127_ARMC5mAC_PhosphoEU,M15,HCT116 OsTIRF74G ARMC5mAC Clone 5F9,"EU 1 mM, 30 mins",10 µM 5PhIAA,48,48,48.0,pSer5 Pol II 3E8,Goat anti-rat Alexa568,1225,451.2638436825208,0.9097165575058546
213,260127_ARMC5mAC_PhosphoEU,M16,HCT116 OsTIRF74G,"EU 1 mM, 30 mins",Vehicle,48,48,0.0,pSer5 Pol II 3E8,Goat anti-rat Alexa568,1140,518.6181537736051,1.045498167238255
214,260127_ARMC5mAC_PhosphoEU,M17,HCT116 OsTIRF74G ARMC5mAC Clone 5A1,"EU 1 mM, 30 mins",Vehicle,48,48,0.0,pSer5 Pol II 3E8,Goat anti-rat Alexa568,649,403.51364228806835,0.813455468918989
215,260127_ARMC5mAC_PhosphoEU,M18,HCT116 OsTIRF74G ARMC5mAC Clone 5F9,"EU 1 mM, 30 mins",Vehicle,48,48,0.0,pSer5 Pol II 3E8,Goat anti-rat Alexa568,1056,507.7629736994784,1.023614878367702
216,260127_ARMC5mAC_PhosphoEU,M19,HCT116 OsTIRF74G,"EU 1 mM, 30 mins",10 µM 5PhIAA,48,48,48.0,pSer5 Pol II 3E8,Goat anti-rat Alexa568,1223,480.6042529335509,0.9688647841438353
217,260127_ARMC5mAC_PhosphoEU,M20,HCT116 OsTIRF74G ARMC5mAC Clone 5A1,"EU 1 mM, 30 mins",10 µM 5PhIAA,48,48,48.0,pSer5 Pol II 3E8,Goat anti-rat Alexa568,912,348.36907493612705,0.7022878522821658
218,260127_ARMC5mAC_PhosphoEU,M21,HCT116 OsTIRF74G ARMC5mAC Clone 5F9,"EU 1 mM, 30 mins",10 µM 5PhIAA,48,48,48.0,pSer5 Pol II 3E8,Goat anti-rat Alexa568,1528,477.9546122392952,0.9635232925868437
219,260127_ARMC5mAC_PhosphoEU,M22,HCT116 OsTIRF74G,"EU 1 mM, 30 mins",No addition,No addition,No addition,0.0,pSer5 Pol II 3E8,Goat anti-rat Alexa568,1556,424.6291741811649,0.8560229142231317
